index,_id,ACCNUM,DATE,TIME,STREET1,STREET2,OFFSET,ROAD_CLASS,DISTRICT,ACCLOC,TRAFFCTL,VISIBILITY,LIGHT,RDSFCOND,ACCLASS,IMPACTYPE,INVTYPE,INVAGE,INJURY,FATAL_NO,INITDIR,VEHTYPE,MANOEUVER,DRIVACT,DRIVCOND,PEDTYPE,PEDACT,PEDCOND,CYCLISTYPE,CYCACT,CYCCOND,PEDESTRIAN,CYCLIST,AUTOMOBILE,MOTORCYCLE,TRUCK,TRSN_CITY_VEH,EMERG_VEH,PASSENGER,SPEEDING,AG_DRIV,REDLIGHT,ALCOHOL,DISABILITY,HOOD_158,NEIGHBOURHOOD_158,HOOD_140,NEIGHBOURHOOD_140,DIVISION,geometry,ACCIDENT_YEAR
11692,11693,,2015-07-01,2330,WALSH AVE,WESTON RD,22 m East of,Major Arterial,Etobicoke York,Non Intersection,Traffic Signal,Clear,"Dark, artificial",Dry,Non-Fatal Injury,Rear End,Truck Driver,50 to 54,,,West,"Truck - Closed (Blazer, etc)",Stopped,Driving Properly,Normal,,,,,,,,,Yes,,Yes,,,Yes,,Yes,,Yes,,23,Pelmo Park-Humberlea,23,Pelmo Park-Humberlea (23),D31,"{""coordinates"": [[-79.5372730005896, 43.7169979998711]], ""type"": ""MultiPoint""}",2015
11693,11694,,2015-07-01,2330,WALSH AVE,WESTON RD,22 m East of,Major Arterial,Etobicoke York,Non Intersection,Traffic Signal,Clear,"Dark, artificial",Dry,Non-Fatal Injury,Rear End,Passenger,40 to 44,Minor,,,,,,,,,,,,,,,Yes,,Yes,,,Yes,,Yes,,Yes,,23,Pelmo Park-Humberlea,23,Pelmo Park-Humberlea (23),D31,"{""coordinates"": [[-79.5372730005896, 43.7169979998711]], ""type"": ""MultiPoint""}",2015
11694,11695,,2015-07-01,2330,WALSH AVE,WESTON RD,22 m East of,Major Arterial,Etobicoke York,Non Intersection,Traffic Signal,Clear,"Dark, artificial",Dry,Non-Fatal Injury,Rear End,Passenger,45 to 49,Major,,,,,,,,,,,,,,,Yes,,Yes,,,Yes,,Yes,,Yes,,23,Pelmo Park-Humberlea,23,Pelmo Park-Humberlea (23),D31,"{""coordinates"": [[-79.5372730005896, 43.7169979998711]], ""type"": ""MultiPoint""}",2015
11695,11696,,2015-07-02,2355,LAKE SHORE BLVD W,REMEMBRANCE DR,4 m East of,Major Arterial,Toronto and East York,Intersection Related,Traffic Signal,Clear,"Dark, artificial",Dry,Non-Fatal Injury,Pedestrian Collisions,Driver,35 to 39,,,East,"Automobile, Station Wagon",Going Ahead,Driving Properly,Normal,,,,,,,Yes,,Yes,,,,,Yes,,,,,,163,Fort York-Liberty Village,82,Niagara (82),D14,"{""coordinates"": [[-79.4087399994077, 43.6344250003974]], ""type"": ""MultiPoint""}",2015
11696,11697,,2015-07-02,2355,LAKE SHORE BLVD W,REMEMBRANCE DR,4 m East of,Major Arterial,Toronto and East York,Intersection Related,Traffic Signal,Clear,"Dark, artificial",Dry,Non-Fatal Injury,Pedestrian Collisions,Passenger,30 to 34,,,,,,,,,,,,,,Yes,,Yes,,,,,Yes,,,,,,163,Fort York-Liberty Village,82,Niagara (82),D14,"{""coordinates"": [[-79.4087399994077, 43.6344250003974]], ""type"": ""MultiPoint""}",2015
11697,11698,,2015-07-02,2355,LAKE SHORE BLVD W,REMEMBRANCE DR,4 m East of,Major Arterial,Toronto and East York,Intersection Related,Traffic Signal,Clear,"Dark, artificial",Dry,Non-Fatal Injury,Pedestrian Collisions,Pedestrian,30 to 34,Major,,Unknown,,,,,Vehicle is going straight thru inter.while ped cross without ROW,Crossing without right of way,Unknown,,,,Yes,,Yes,,,,,Yes,,,,,,163,Fort York-Liberty Village,82,Niagara (82),D14,"{""coordinates"": [[-79.4087399994077, 43.6344250003974]], ""type"": ""MultiPoint""}",2015
11698,11699,,2015-07-04,1340,FINCH AVE E,GORDON BAKER RD,10 m West of,Major Arterial,North York,At Intersection,Traffic Signal,Clear,Daylight,Dry,Non-Fatal Injury,Pedestrian Collisions,Driver,80 to 84,,,East,"Automobile, Station Wagon",Going Ahead,Other,Normal,,,,,,,Yes,,Yes,,,,,,,,,,,46,Pleasant View,46,Pleasant View (46),D33,"{""coordinates"": [[-79.3412579998842, 43.7951340001633]], ""type"": ""MultiPoint""}",2015
11699,11700,,2015-07-04,1340,FINCH AVE E,GORDON BAKER RD,10 m West of,Major Arterial,North York,At Intersection,Traffic Signal,Clear,Daylight,Dry,Non-Fatal Injury,Pedestrian Collisions,Pedestrian,70 to 74,Minor,,Unknown,,,,,Vehicle is going straight thru inter.while ped cross with ROW,Other,Normal,,,,Yes,,Yes,,,,,,,,,,,46,Pleasant View,46,Pleasant View (46),D33,"{""coordinates"": [[-79.3412579998842, 43.7951340001633]], ""type"": ""MultiPoint""}",2015
11700,11701,,2015-07-04,1340,FINCH AVE E,GORDON BAKER RD,10 m West of,Major Arterial,North York,At Intersection,Traffic Signal,Clear,Daylight,Dry,Non-Fatal Injury,Pedestrian Collisions,Pedestrian,70 to 74,Major,,Unknown,,,,,Vehicle is going straight thru inter.while ped cross with ROW,Other,Normal,,,,Yes,,Yes,,,,,,,,,,,46,Pleasant View,46,Pleasant View (46),D33,"{""coordinates"": [[-79.3412579998842, 43.7951340001633]], ""type"": ""MultiPoint""}",2015
11701,11702,,2015-07-06,8,KIPLING AVE,JUTLAND RD,,Major Arterial,Etobicoke York,Intersection Related,No Control,Clear,"Dark, artificial",Dry,Fatal,Turning Movement,Driver,50 to 54,Minimal,,South,"Automobile, Station Wagon",Turning Left,Driving Properly,Normal,,,,,,,,,Yes,Yes,,,,Yes,Yes,Yes,,,,159,Etobicoke City Centre,14,Islington-City Centre West (14),D22,"{""coordinates"": [[-79.528834999458, 43.62629199972]], ""type"": ""MultiPoint""}",2015
11702,11703,,2015-07-06,8,KIPLING AVE,JUTLAND RD,,Major Arterial,Etobicoke York,Intersection Related,No Control,Clear,"Dark, artificial",Dry,Fatal,Turning Movement,Motorcycle Driver,25 to 29,Fatal,33.0,North,Motorcycle,Going Ahead,Exceeding Speed Limit,Unknown,,,,,,,,,Yes,Yes,,,,Yes,Yes,Yes,,,,159,Etobicoke City Centre,14,Islington-City Centre West (14),D22,"{""coordinates"": [[-79.528834999458, 43.62629199972]], ""type"": ""MultiPoint""}",2015
11703,11704,,2015-07-06,8,KIPLING AVE,JUTLAND RD,,Major Arterial,Etobicoke York,Intersection Related,No Control,Clear,"Dark, artificial",Dry,Fatal,Turning Movement,Passenger,50 to 54,Minor,,,,,,,,,,,,,,,Yes,Yes,,,,Yes,Yes,Yes,,,,159,Etobicoke City Centre,14,Islington-City Centre West (14),D22,"{""coordinates"": [[-79.528834999458, 43.62629199972]], ""type"": ""MultiPoint""}",2015
11704,11705,,2015-07-09,1407,BAYVIEW AVE,WYCLIFFE CRES,26 m South o,Major Arterial,North York,Non Intersection,No Control,Clear,Daylight,Dry,Non-Fatal Injury,Rear End,Driver,55 to 59,Major,,North,"Automobile, Station Wagon",Going Ahead,Lost control,Inattentive,,,,,,,,,Yes,,,,,,,,,,,52,Bayview Village,52,Bayview Village (52),D33,"{""coordinates"": [[-79.3899720004895, 43.7752329998982]], ""type"": ""MultiPoint""}",2015
11705,11706,,2015-07-09,1407,BAYVIEW AVE,WYCLIFFE CRES,26 m South o,Major Arterial,North York,Non Intersection,No Control,Clear,Daylight,Dry,Non-Fatal Injury,Rear End,Driver,65 to 69,,,North,"Automobile, Station Wagon",Slowing or Stopping,Driving Properly,Normal,,,,,,,,,Yes,,,,,,,,,,,52,Bayview Village,52,Bayview Village (52),D33,"{""coordinates"": [[-79.3899720004895, 43.7752329998982]], ""type"": ""MultiPoint""}",2015
11706,11707,,2015-07-09,1407,BAYVIEW AVE,WYCLIFFE CRES,26 m South o,Major Arterial,North York,Non Intersection,No Control,Clear,Daylight,Dry,Non-Fatal Injury,Rear End,Driver,60 to 64,,,North,"Automobile, Station Wagon",Slowing or Stopping,Driving Properly,Normal,,,,,,,,,Yes,,,,,,,,,,,52,Bayview Village,52,Bayview Village (52),D33,"{""coordinates"": [[-79.3899720004895, 43.7752329998982]], ""type"": ""MultiPoint""}",2015
11707,11708,,2015-07-10,1850,EGLINTON AVE W,ROYAL YORK RD,,Major Arterial,Etobicoke York,At Intersection,Traffic Signal,Clear,Daylight,Dry,Non-Fatal Injury,Turning Movement,Driver,unknown,,,West,,Turning Left,Failed to Yield Right of Way,Unknown,,,,,,,,,,Yes,,,,,,Yes,,,,9,Edenbridge-Humber Valley,9,Edenbridge-Humber Valley (9),D22,"{""coordinates"": [[-79.5265609996283, 43.6822650000299]], ""type"": ""MultiPoint""}",2015
11708,11709,,2015-07-10,1850,EGLINTON AVE W,ROYAL YORK RD,,Major Arterial,Etobicoke York,At Intersection,Traffic Signal,Clear,Daylight,Dry,Non-Fatal Injury,Turning Movement,Motorcycle Driver,55 to 59,Major,,East,Motorcycle,Going Ahead,Driving Properly,Normal,,,,,,,,,,Yes,,,,,,Yes,,,,9,Edenbridge-Humber Valley,9,Edenbridge-Humber Valley (9),D22,"{""coordinates"": [[-79.5265609996283, 43.6822650000299]], ""type"": ""MultiPoint""}",2015
11709,11710,,2015-07-10,2325,KIPLING AVE,BEACONHILL RD,30 m South o,Major Arterial,Etobicoke York,Non Intersection,Traffic Signal,Clear,Dark,Dry,Non-Fatal Injury,Rear End,Driver,35 to 39,,,North,"Automobile, Station Wagon",Changing Lanes,Lost control,"Ability Impaired, Alcohol Over .08",,,,,,,,,Yes,,,Yes,,Yes,Yes,Yes,,Yes,,2,Mount Olive-Silverstone-Jamestown,2,Mount Olive-Silverstone-Jamestown (2),D23,"{""coordinates"": [[-79.5870850004142, 43.7536110003845]], ""type"": ""MultiPoint""}",2015
11710,11711,,2015-07-10,2325,KIPLING AVE,BEACONHILL RD,30 m South o,Major Arterial,Etobicoke York,Non Intersection,Traffic Signal,Clear,Dark,Dry,Non-Fatal Injury,Rear End,Driver,50 to 54,,,North,Municipal Transit Bus (TTC),Slowing or Stopping,Driving Properly,Normal,,,,,,,,,Yes,,,Yes,,Yes,Yes,Yes,,Yes,,2,Mount Olive-Silverstone-Jamestown,2,Mount Olive-Silverstone-Jamestown (2),D23,"{""coordinates"": [[-79.5870850004142, 43.7536110003845]], ""type"": ""MultiPoint""}",2015
11711,11712,,2015-07-10,2325,KIPLING AVE,BEACONHILL RD,30 m South o,Major Arterial,Etobicoke York,Non Intersection,Traffic Signal,Clear,Dark,Dry,Non-Fatal Injury,Rear End,Passenger,50 to 54,Major,,,,,,,,,,,,,,,Yes,,,Yes,,Yes,Yes,Yes,,Yes,,2,Mount Olive-Silverstone-Jamestown,2,Mount Olive-Silverstone-Jamestown (2),D23,"{""coordinates"": [[-79.5870850004142, 43.7536110003845]], ""type"": ""MultiPoint""}",2015
11712,11713,,2015-07-12,2354,LAKE SHORE BLVD W,ONTARIO DR,73 m West of,Major Arterial,Toronto and East York,Intersection Related,Traffic Signal,Clear,"Dark, artificial",Dry,Non-Fatal Injury,SMV Other,Truck Driver,20 to 24,,,North,Truck (other),Turning Left,Driving Properly,Unknown,,,,,,,,,,,Yes,,,Yes,,,,,,163,Fort York-Liberty Village,82,Niagara (82),D14,"{""coordinates"": [[-79.4197719998543, 43.6304159995959]], ""type"": ""MultiPoint""}",2015
11713,11714,,2015-07-12,2354,LAKE SHORE BLVD W,ONTARIO DR,73 m West of,Major Arterial,Toronto and East York,Intersection Related,Traffic Signal,Clear,"Dark, artificial",Dry,Non-Fatal Injury,SMV Other,Passenger,20 to 24,Major,,,,,,,,,,,,,,,,,Yes,,,Yes,,,,,,163,Fort York-Liberty Village,82,Niagara (82),D14,"{""coordinates"": [[-79.4197719998543, 43.6304159995959]], ""type"": ""MultiPoint""}",2015
11714,11715,,2015-07-14,2137,BUCKINGHAM AVE,DINNICK CRES,,Local,North York,,Stop Sign,Other,"Dark, artificial",Other,Fatal,Pedestrian Collisions,Driver,45 to 49,,,West,"Automobile, Station Wagon",Turning Left,Failed to Yield Right of Way,Normal,,,,,,,Yes,,Yes,,,,,,,Yes,,,,103,Lawrence Park South,103,Lawrence Park South (103),D53,"{""coordinates"": [[-79.3944200003693, 43.7257030003471]], ""type"": ""MultiPoint""}",2015
11715,11716,,2015-07-14,2137,BUCKINGHAM AVE,DINNICK CRES,,Local,North York,,Stop Sign,Other,"Dark, artificial",Other,Fatal,Pedestrian Collisions,Pedestrian,70 to 74,Fatal,34.0,North,,,,,Vehicle turns left while ped crosses with ROW at inter.,Crossing with right of way,Normal,,,,Yes,,Yes,,,,,,,Yes,,,,103,Lawrence Park South,103,Lawrence Park South (103),D53,"{""coordinates"": [[-79.3944200003693, 43.7257030003471]], ""type"": ""MultiPoint""}",2015
11716,11717,,2015-07-15,429,1500 EGLINTON AVE W,,,Major Arterial,North York,At/Near Private Drive,No Control,Clear,Dark,Dry,Non-Fatal Injury,Pedestrian Collisions,Driver,35 to 39,,,South,"Automobile, Station Wagon",Going Ahead,Other,Unknown,,,,,,,Yes,,Yes,,,,,,Yes,Yes,,,,107,Oakwood Village,107,Oakwood Village (107),D13,"{""coordinates"": [[-79.4408139995694, 43.6977179996214]], ""type"": ""MultiPoint""}",2015
11717,11718,,2015-07-15,429,1500 EGLINTON AVE W,,,Major Arterial,North York,At/Near Private Drive,No Control,Clear,Dark,Dry,Non-Fatal Injury,Pedestrian Collisions,Pedestrian,30 to 34,Major,,Unknown,,,,,Pedestrian hit at private driveway,Other,Unknown,,,,Yes,,Yes,,,,,,Yes,Yes,,,,107,Oakwood Village,107,Oakwood Village (107),D13,"{""coordinates"": [[-79.4408139995694, 43.6977179996214]], ""type"": ""MultiPoint""}",2015
11718,11719,,2015-07-15,2030,DANFORTH AVE,AUGUST AVE,,Major Arterial,Scarborough,Intersection Related,Stop Sign,Clear,Daylight,Dry,Non-Fatal Injury,Turning Movement,Driver,60 to 64,,,North,"Automobile, Station Wagon",Turning Left,Improper Turn,Normal,,,,,,,,,Yes,Yes,,,,Yes,,,,,,121,Oakridge,121,Oakridge (121),D41,"{""coordinates"": [[-79.2811079995708, 43.6928050000251]], ""type"": ""MultiPoint""}",2015
11719,11720,,2015-07-15,2030,DANFORTH AVE,AUGUST AVE,,Major Arterial,Scarborough,Intersection Related,Stop Sign,Clear,Daylight,Dry,Non-Fatal Injury,Turning Movement,Motorcycle Driver,50 to 54,Major,,West,Motorcycle,Going Ahead,Driving Properly,Normal,,,,,,,,,Yes,Yes,,,,Yes,,,,,,121,Oakridge,121,Oakridge (121),D41,"{""coordinates"": [[-79.2811079995708, 43.6928050000251]], ""type"": ""MultiPoint""}",2015
11720,11721,,2015-07-15,2030,DANFORTH AVE,AUGUST AVE,,Major Arterial,Scarborough,Intersection Related,Stop Sign,Clear,Daylight,Dry,Non-Fatal Injury,Turning Movement,Passenger,45 to 49,,,,,,,,,,,,,,,,Yes,Yes,,,,Yes,,,,,,121,Oakridge,121,Oakridge (121),D41,"{""coordinates"": [[-79.2811079995708, 43.6928050000251]], ""type"": ""MultiPoint""}",2015
11721,11722,,2015-07-15,2030,DANFORTH AVE,AUGUST AVE,,Major Arterial,Scarborough,Intersection Related,Stop Sign,Clear,Daylight,Dry,Non-Fatal Injury,Turning Movement,Passenger,10 to 14,,,,,,,,,,,,,,,,Yes,Yes,,,,Yes,,,,,,121,Oakridge,121,Oakridge (121),D41,"{""coordinates"": [[-79.2811079995708, 43.6928050000251]], ""type"": ""MultiPoint""}",2015
11722,11723,,2015-07-16,1253,EASTDALE AVE,GOODWOOD PARK CRES,35 m North o,Collector,Toronto and East York,Non Intersection,No Control,Clear,Daylight,Dry,Non-Fatal Injury,Pedestrian Collisions,Driver,25 to 29,,,North,"Automobile, Station Wagon",Going Ahead,Driving Properly,Normal,,,,,,,Yes,,Yes,,,,,Yes,,,,,,61,Taylor-Massey,61,Taylor-Massey (61),D55,"{""coordinates"": [[-79.3007690001862, 43.6947619997941]], ""type"": ""MultiPoint""}",2015
11723,11724,,2015-07-16,1253,EASTDALE AVE,GOODWOOD PARK CRES,35 m North o,Collector,Toronto and East York,Non Intersection,No Control,Clear,Daylight,Dry,Non-Fatal Injury,Pedestrian Collisions,Pedestrian,15 to 19,Major,,West,,,,,Vehicle hits the pedestrian walking or running out from between parked vehicles at mid-block,Coming From Behind Parked Vehicle,Inattentive,,,,Yes,,Yes,,,,,Yes,,,,,,61,Taylor-Massey,61,Taylor-Massey (61),D55,"{""coordinates"": [[-79.3007690001862, 43.6947619997941]], ""type"": ""MultiPoint""}",2015
11724,11725,,2015-07-16,1253,EASTDALE AVE,GOODWOOD PARK CRES,35 m North o,Collector,Toronto and East York,Non Intersection,No Control,Clear,Daylight,Dry,Non-Fatal Injury,Pedestrian Collisions,Passenger,5 to 9,,,,,,,,,,,,,,Yes,,Yes,,,,,Yes,,,,,,61,Taylor-Massey,61,Taylor-Massey (61),D55,"{""coordinates"": [[-79.3007690001862, 43.6947619997941]], ""type"": ""MultiPoint""}",2015
11725,11726,,2015-07-16,1253,EASTDALE AVE,GOODWOOD PARK CRES,35 m North o,Collector,Toronto and East York,Non Intersection,No Control,Clear,Daylight,Dry,Non-Fatal Injury,Pedestrian Collisions,Passenger,0 to 4,,,,,,,,,,,,,,Yes,,Yes,,,,,Yes,,,,,,61,Taylor-Massey,61,Taylor-Massey (61),D55,"{""coordinates"": [[-79.3007690001862, 43.6947619997941]], ""type"": ""MultiPoint""}",2015
11726,11727,,2015-07-16,1253,EASTDALE AVE,GOODWOOD PARK CRES,35 m North o,Collector,Toronto and East York,Non Intersection,No Control,Clear,Daylight,Dry,Non-Fatal Injury,Pedestrian Collisions,Passenger,5 to 9,,,,,,,,,,,,,,Yes,,Yes,,,,,Yes,,,,,,61,Taylor-Massey,61,Taylor-Massey (61),D55,"{""coordinates"": [[-79.3007690001862, 43.6947619997941]], ""type"": ""MultiPoint""}",2015
11727,11728,,2015-07-16,1253,EASTDALE AVE,GOODWOOD PARK CRES,35 m North o,Collector,Toronto and East York,Non Intersection,No Control,Clear,Daylight,Dry,Non-Fatal Injury,Pedestrian Collisions,Passenger,0 to 4,,,,,,,,,,,,,,Yes,,Yes,,,,,Yes,,,,,,61,Taylor-Massey,61,Taylor-Massey (61),D55,"{""coordinates"": [[-79.3007690001862, 43.6947619997941]], ""type"": ""MultiPoint""}",2015
11728,11729,,2015-07-17,827,SPADINA RD,DUPONT ST,,Major Arterial,Toronto and East York,Intersection Related,Traffic Signal,Clear,Daylight,Wet,Non-Fatal Injury,Cyclist Collisions,Truck Driver,60 to 64,,,North,Truck - Tank,Turning Right,Improper Turn,Inattentive,,,,,,,,Yes,,,Yes,,,,,,,,,95,Annex,95,Annex (95),D53,"{""coordinates"": [[-79.4071079999298, 43.6748450000579]], ""type"": ""MultiPoint""}",2015
11729,11730,,2015-07-17,827,SPADINA RD,DUPONT ST,,Major Arterial,Toronto and East York,Intersection Related,Traffic Signal,Clear,Daylight,Wet,Non-Fatal Injury,Cyclist Collisions,Cyclist,25 to 29,Major,,North,Bicycle,Stopped,,,,,,Motorist turning right on green or amber at signalized intersection strikes cyclist.,Driving Properly,Normal,,Yes,,,Yes,,,,,,,,,95,Annex,95,Annex (95),D53,"{""coordinates"": [[-79.4071079999298, 43.6748450000579]], ""type"": ""MultiPoint""}",2015
11730,11731,,2015-07-17,1001,BAYVIEW AVE,BAYVIEW MEWS LANE,,Major Arterial,North York,Intersection Related,Traffic Signal,Clear,Daylight,Dry,Non-Fatal Injury,Turning Movement,Driver,75 to 79,Major,,South,"Automobile, Station Wagon",Turning Left,Improper Turn,Inattentive,,,,,,,,,Yes,,,,,,Yes,Yes,,,,52,Bayview Village,52,Bayview Village (52),D33,"{""coordinates"": [[-79.3886520005234, 43.7693699999382]], ""type"": ""MultiPoint""}",2015
11731,11732,,2015-07-17,1001,BAYVIEW AVE,BAYVIEW MEWS LANE,,Major Arterial,North York,Intersection Related,Traffic Signal,Clear,Daylight,Dry,Non-Fatal Injury,Turning Movement,Driver,25 to 29,,,North,Pick Up Truck,Going Ahead,Speed too Fast For Condition,Normal,,,,,,,,,Yes,,,,,,Yes,Yes,,,,52,Bayview Village,52,Bayview Village (52),D33,"{""coordinates"": [[-79.3886520005234, 43.7693699999382]], ""type"": ""MultiPoint""}",2015
11732,11733,,2015-07-17,1714,FINCH AVE E,MANORCREST DR,,Major Arterial,North York,Intersection Related,No Control,Clear,Daylight,Dry,Non-Fatal Injury,Rear End,Driver,25 to 29,,,East,"Automobile, Station Wagon",Going Ahead,Speed too Fast For Condition,Inattentive,,,,,,,,,Yes,,,,,,Yes,Yes,,,,152,East Willowdale,51,Willowdale East (51),D32,"{""coordinates"": [[-79.3946869996796, 43.7843390000279]], ""type"": ""MultiPoint""}",2015
11733,11734,,2015-07-17,1714,FINCH AVE E,MANORCREST DR,,Major Arterial,North York,Intersection Related,No Control,Clear,Daylight,Dry,Non-Fatal Injury,Rear End,Driver,55 to 59,Major,,East,"Automobile, Station Wagon",Stopped,Driving Properly,Normal,,,,,,,,,Yes,,,,,,Yes,Yes,,,,152,East Willowdale,51,Willowdale East (51),D32,"{""coordinates"": [[-79.3946869996796, 43.7843390000279]], ""type"": ""MultiPoint""}",2015
11734,11735,,2015-07-17,1714,FINCH AVE E,MANORCREST DR,,Major Arterial,North York,Intersection Related,No Control,Clear,Daylight,Dry,Non-Fatal Injury,Rear End,Driver,unknown,,,East,"Automobile, Station Wagon",Stopped,Driving Properly,Unknown,,,,,,,,,Yes,,,,,,Yes,Yes,,,,152,East Willowdale,51,Willowdale East (51),D32,"{""coordinates"": [[-79.3946869996796, 43.7843390000279]], ""type"": ""MultiPoint""}",2015
11735,11736,,2015-07-18,1211,STEELES AVE E,MAXOME AVE,,Major Arterial,North York,At Intersection,Traffic Signal,Clear,Daylight,Dry,Non-Fatal Injury,Turning Movement,Driver,75 to 79,Minor,,West,"Automobile, Station Wagon",Turning Left,Failed to Yield Right of Way,Inattentive,,,,,,,,,Yes,,,,,Yes,,Yes,,,,50,Newtonbrook East,50,Newtonbrook East (50),D32,"{""coordinates"": [[-79.4062380001585, 43.8010469996772]], ""type"": ""MultiPoint""}",2015
11736,11737,,2015-07-18,1211,STEELES AVE E,MAXOME AVE,,Major Arterial,North York,At Intersection,Traffic Signal,Clear,Daylight,Dry,Non-Fatal Injury,Turning Movement,Driver,75 to 79,Major,,East,"Automobile, Station Wagon",Going Ahead,Driving Properly,Normal,,,,,,,,,Yes,,,,,Yes,,Yes,,,,50,Newtonbrook East,50,Newtonbrook East (50),D32,"{""coordinates"": [[-79.4062380001585, 43.8010469996772]], ""type"": ""MultiPoint""}",2015
11737,11738,,2015-07-18,1211,STEELES AVE E,MAXOME AVE,,Major Arterial,North York,At Intersection,Traffic Signal,Clear,Daylight,Dry,Non-Fatal Injury,Turning Movement,Driver,40 to 44,Minor,,North,"Automobile, Station Wagon",Stopped,Driving Properly,Normal,,,,,,,,,Yes,,,,,Yes,,Yes,,,,50,Newtonbrook East,50,Newtonbrook East (50),D32,"{""coordinates"": [[-79.4062380001585, 43.8010469996772]], ""type"": ""MultiPoint""}",2015
11738,11739,,2015-07-18,1211,STEELES AVE E,MAXOME AVE,,Major Arterial,North York,At Intersection,Traffic Signal,Clear,Daylight,Dry,Non-Fatal Injury,Turning Movement,Passenger,10 to 14,,,,,,,,,,,,,,,,Yes,,,,,Yes,,Yes,,,,50,Newtonbrook East,50,Newtonbrook East (50),D32,"{""coordinates"": [[-79.4062380001585, 43.8010469996772]], ""type"": ""MultiPoint""}",2015
11739,11740,,2015-07-20,1015,THE QUEENSWAY,SOUTH KINGSWAY,167 m East o,Major Arterial,Toronto and East York,Non Intersection,No Control,Clear,Daylight,Dry,Non-Fatal Injury,Pedestrian Collisions,Truck Driver,35 to 39,,,East,"Truck - Closed (Blazer, etc)",Reversing,Other,Normal,,,,,,,Yes,,,,Yes,,,,,,,,,87,High Park-Swansea,87,High Park-Swansea (87),D11,"{""coordinates"": [[-79.4722929994825, 43.636389000259]], ""type"": ""MultiPoint""}",2015
11740,11741,,2015-07-20,1015,THE QUEENSWAY,SOUTH KINGSWAY,167 m East o,Major Arterial,Toronto and East York,Non Intersection,No Control,Clear,Daylight,Dry,Non-Fatal Injury,Pedestrian Collisions,Pedestrian,55 to 59,Major,,Unknown,,,,,Vehicle is reversing and hits pedestrian,Other,Normal,,,,Yes,,,,Yes,,,,,,,,,87,High Park-Swansea,87,High Park-Swansea (87),D11,"{""coordinates"": [[-79.4722929994825, 43.636389000259]], ""type"": ""MultiPoint""}",2015
11741,11742,,2015-07-21,954,LAWRENCE AVE E,MORNINGSIDE AVE,100 m South ,Minor Arterial,Scarborough,Non Intersection,No Control,Clear,Daylight,Dry,Non-Fatal Injury,Turning Movement,Driver,45 to 49,,,West,Pick Up Truck,Turning Left,Speed too Slow,Normal,,,,,,,,,Yes,Yes,,,,,,,,,,136,West Hill,136,West Hill (136),D43,"{""coordinates"": [[-79.1852299998907, 43.7686029995981]], ""type"": ""MultiPoint""}",2015
11742,11743,,2015-07-21,954,LAWRENCE AVE E,MORNINGSIDE AVE,100 m South ,Minor Arterial,Scarborough,Non Intersection,No Control,Clear,Daylight,Dry,Non-Fatal Injury,Turning Movement,Motorcycle Driver,65 to 69,Major,,East,Motorcycle,Going Ahead,Driving Properly,Normal,,,,,,,,,Yes,Yes,,,,,,,,,,136,West Hill,136,West Hill (136),D43,"{""coordinates"": [[-79.1852299998907, 43.7686029995981]], ""type"": ""MultiPoint""}",2015
11743,11744,,2015-07-21,2135,VICTORIA ST,RICHMOND ST E,,Major Arterial,Toronto and East York,At Intersection,Traffic Signal,Clear,"Dark, artificial",Dry,Non-Fatal Injury,Angle,Motorcycle Driver,20 to 24,Major,,South,Motorcycle,Going Ahead,Disobeyed Traffic Control,Inattentive,,,,,,,,,Yes,Yes,,,,Yes,,Yes,Yes,,,168,Downtown Yonge East,75,Church-Yonge Corridor (75),D51,"{""coordinates"": [[-79.3777499995799, 43.6519460002982]], ""type"": ""MultiPoint""}",2015
11744,11745,,2015-07-21,2135,VICTORIA ST,RICHMOND ST E,,Major Arterial,Toronto and East York,At Intersection,Traffic Signal,Clear,"Dark, artificial",Dry,Non-Fatal Injury,Angle,Driver,30 to 34,,,West,"Automobile, Station Wagon",Going Ahead,Driving Properly,Normal,,,,,,,,,Yes,Yes,,,,Yes,,Yes,Yes,,,168,Downtown Yonge East,75,Church-Yonge Corridor (75),D51,"{""coordinates"": [[-79.3777499995799, 43.6519460002982]], ""type"": ""MultiPoint""}",2015
11745,11746,,2015-07-21,2135,VICTORIA ST,RICHMOND ST E,,Major Arterial,Toronto and East York,At Intersection,Traffic Signal,Clear,"Dark, artificial",Dry,Non-Fatal Injury,Angle,Passenger,30 to 34,,,,,,,,,,,,,,,,Yes,Yes,,,,Yes,,Yes,Yes,,,168,Downtown Yonge East,75,Church-Yonge Corridor (75),D51,"{""coordinates"": [[-79.3777499995799, 43.6519460002982]], ""type"": ""MultiPoint""}",2015
11746,11747,,2015-07-21,2135,VICTORIA ST,RICHMOND ST E,,Major Arterial,Toronto and East York,At Intersection,Traffic Signal,Clear,"Dark, artificial",Dry,Non-Fatal Injury,Angle,Passenger,35 to 39,,,,,,,,,,,,,,,,Yes,Yes,,,,Yes,,Yes,Yes,,,168,Downtown Yonge East,75,Church-Yonge Corridor (75),D51,"{""coordinates"": [[-79.3777499995799, 43.6519460002982]], ""type"": ""MultiPoint""}",2015
11747,11748,,2015-07-21,2135,VICTORIA ST,RICHMOND ST E,,Major Arterial,Toronto and East York,At Intersection,Traffic Signal,Clear,"Dark, artificial",Dry,Non-Fatal Injury,Angle,Passenger,35 to 39,,,,,,,,,,,,,,,,Yes,Yes,,,,Yes,,Yes,Yes,,,168,Downtown Yonge East,75,Church-Yonge Corridor (75),D51,"{""coordinates"": [[-79.3777499995799, 43.6519460002982]], ""type"": ""MultiPoint""}",2015