index,_id,ACCNUM,DATE,TIME,STREET1,STREET2,OFFSET,ROAD_CLASS,DISTRICT,ACCLOC,TRAFFCTL,VISIBILITY,LIGHT,RDSFCOND,ACCLASS,IMPACTYPE,INVTYPE,INVAGE,INJURY,FATAL_NO,INITDIR,VEHTYPE,MANOEUVER,DRIVACT,DRIVCOND,PEDTYPE,PEDACT,PEDCOND,CYCLISTYPE,CYCACT,CYCCOND,PEDESTRIAN,CYCLIST,AUTOMOBILE,MOTORCYCLE,TRUCK,TRSN_CITY_VEH,EMERG_VEH,PASSENGER,SPEEDING,AG_DRIV,REDLIGHT,ALCOHOL,DISABILITY,HOOD_158,NEIGHBOURHOOD_158,HOOD_140,NEIGHBOURHOOD_140,DIVISION,geometry,ACCIDENT_YEAR
11913,11914,,2015-09-26,1718,DANFORTH AVE,ST DUNSTAN DR,,Major Arterial,Scarborough,Intersection Related,No Control,Clear,Daylight,Dry,Non-Fatal Injury,Turning Movement,Driver,50 to 54,Minimal,,East,"Automobile, Station Wagon",Turning Left,Improper Turn,Inattentive,,,,,,,,,Yes,Yes,,,,Yes,,Yes,,,,121,Oakridge,121,Oakridge (121),D41,"{""coordinates"": [[-79.2855100003889, 43.6918470004137]], ""type"": ""MultiPoint""}",2015
11914,11915,,2015-09-26,1718,DANFORTH AVE,ST DUNSTAN DR,,Major Arterial,Scarborough,Intersection Related,No Control,Clear,Daylight,Dry,Non-Fatal Injury,Turning Movement,Motorcycle Driver,30 to 34,Major,,West,Motorcycle,Changing Lanes,Improper Lane Change,Inattentive,,,,,,,,,Yes,Yes,,,,Yes,,Yes,,,,121,Oakridge,121,Oakridge (121),D41,"{""coordinates"": [[-79.2855100003889, 43.6918470004137]], ""type"": ""MultiPoint""}",2015
11915,11916,,2015-09-26,1718,DANFORTH AVE,ST DUNSTAN DR,,Major Arterial,Scarborough,Intersection Related,No Control,Clear,Daylight,Dry,Non-Fatal Injury,Turning Movement,Passenger,50 to 54,Minor,,,,,,,,,,,,,,,Yes,Yes,,,,Yes,,Yes,,,,121,Oakridge,121,Oakridge (121),D41,"{""coordinates"": [[-79.2855100003889, 43.6918470004137]], ""type"": ""MultiPoint""}",2015
11916,11917,,2015-09-27,54,KEELE ST,ANNETTE ST,9 m South of,Major Arterial,Toronto and East York,Intersection Related,Traffic Signal,Clear,"Dark, artificial",Dry,Non-Fatal Injury,Cyclist Collisions,Cyclist,25 to 29,Major,,South,Bicycle,Going Ahead,,,,,,"Cyclist without ROW rides into path of motorist at inter, lnwy, dwy-Cyclist not turn.",Disobeyed Traffic Control,Normal,,Yes,,,,Yes,,,,,,,,90,Junction Area,90,Junction Area (90),D11,"{""coordinates"": [[-79.463794000562, 43.663641999727]], ""type"": ""MultiPoint""}",2015
11917,11918,,2015-09-27,54,KEELE ST,ANNETTE ST,9 m South of,Major Arterial,Toronto and East York,Intersection Related,Traffic Signal,Clear,"Dark, artificial",Dry,Non-Fatal Injury,Cyclist Collisions,Driver,35 to 39,,,South,Municipal Transit Bus (TTC),Turning Right,Driving Properly,Normal,,,,,,,,Yes,,,,Yes,,,,,,,,90,Junction Area,90,Junction Area (90),D11,"{""coordinates"": [[-79.463794000562, 43.663641999727]], ""type"": ""MultiPoint""}",2015
11918,11919,,2015-09-27,1220,HOMEWOOD AVE,WELLESLEY ST E,,Minor Arterial,Toronto and East York,At Intersection,Traffic Signal,Clear,Daylight,Dry,Non-Fatal Injury,Cyclist Collisions,Driver,40 to 44,,,South,"Automobile, Station Wagon",Turning Right,Failed to Yield Right of Way,Inattentive,,,,,,,,Yes,Yes,,,,,,,Yes,,,,71,Cabbagetown-South St.James Town,71,Cabbagetown-South St.James Town (71),D51,"{""coordinates"": [[-79.3758419995423, 43.666475999673]], ""type"": ""MultiPoint""}",2015
11919,11920,,2015-09-27,1220,HOMEWOOD AVE,WELLESLEY ST E,,Minor Arterial,Toronto and East York,At Intersection,Traffic Signal,Clear,Daylight,Dry,Non-Fatal Injury,Cyclist Collisions,Cyclist,25 to 29,Major,,East,Bicycle,Going Ahead,,,,,,Motorist turning right on red at signalized intersection strikes cyclist.,Driving Properly,Normal,,Yes,Yes,,,,,,,Yes,,,,71,Cabbagetown-South St.James Town,71,Cabbagetown-South St.James Town (71),D51,"{""coordinates"": [[-79.3758419995423, 43.666475999673]], ""type"": ""MultiPoint""}",2015
11920,11921,,2015-09-27,2136,336 BIRCHMOUNT RD,,3 m South of,Minor Arterial,Scarborough,Non Intersection,No Control,Clear,"Dark, artificial",Dry,Non-Fatal Injury,Cyclist Collisions,Driver,65 to 69,,,South,"Automobile, Station Wagon",Going Ahead,Following too Close,Inattentive,,,,,,,,Yes,Yes,,,,,,,Yes,,,,122,Birchcliffe-Cliffside,122,Birchcliffe-Cliffside (122),D41,"{""coordinates"": [[-79.2647969993903, 43.6989579998811]], ""type"": ""MultiPoint""}",2015
11921,11922,,2015-09-27,2136,336 BIRCHMOUNT RD,,3 m South of,Minor Arterial,Scarborough,Non Intersection,No Control,Clear,"Dark, artificial",Dry,Non-Fatal Injury,Cyclist Collisions,Cyclist,35 to 39,Major,,South,Bicycle,Stopped,,,,,,Cyclist and Driver travelling in same direction. One vehicle rear-ended the other.,Driving Properly,Normal,,Yes,Yes,,,,,,,Yes,,,,122,Birchcliffe-Cliffside,122,Birchcliffe-Cliffside (122),D41,"{""coordinates"": [[-79.2647969993903, 43.6989579998811]], ""type"": ""MultiPoint""}",2015
11922,11923,,2015-09-28,1755,OSSINGTON AVE,DEWSON ST,42 m South o,Minor Arterial,Toronto and East York,Non Intersection,No Control,Clear,Daylight,Dry,Non-Fatal Injury,Pedestrian Collisions,Driver,40 to 44,,,South,"Automobile, Station Wagon",Going Ahead,Driving Properly,Normal,,,,,,,Yes,,Yes,,,,,,,,,,,80,Palmerston-Little Italy,80,Palmerston-Little Italy (80),D14,"{""coordinates"": [[-79.4235259996611, 43.6565459998078]], ""type"": ""MultiPoint""}",2015
11923,11924,,2015-09-28,1755,OSSINGTON AVE,DEWSON ST,42 m South o,Minor Arterial,Toronto and East York,Non Intersection,No Control,Clear,Daylight,Dry,Non-Fatal Injury,Pedestrian Collisions,Pedestrian,5 to 9,Major,,East,,,,,Pedestrian hit at mid-block,Running onto Roadway,Inattentive,,,,Yes,,Yes,,,,,,,,,,,80,Palmerston-Little Italy,80,Palmerston-Little Italy (80),D14,"{""coordinates"": [[-79.4235259996611, 43.6565459998078]], ""type"": ""MultiPoint""}",2015
11924,11925,,2015-09-29,1325,RIVER ST,QUEEN ST E,33 m East of,Major Arterial,Toronto and East York,At Intersection,Traffic Signal,Other,Daylight,Other,Non-Fatal Injury,Turning Movement,Driver,25 to 29,,,North,"Automobile, Station Wagon",Turning Right,Failed to Yield Right of Way,Unknown,,,,,,,,,Yes,,,,,Yes,,Yes,,,,73,Moss Park,73,Moss Park (73),D51,"{""coordinates"": [[-79.3565400004651, 43.6573630001497]], ""type"": ""MultiPoint""}",2015
11925,11926,,2015-09-29,1325,RIVER ST,QUEEN ST E,33 m East of,Major Arterial,Toronto and East York,At Intersection,Traffic Signal,Other,Daylight,Other,Non-Fatal Injury,Turning Movement,Driver,65 to 69,Major,,Unknown,"Automobile, Station Wagon",Going Ahead,Driving Properly,Unknown,,,,,,,,,Yes,,,,,Yes,,Yes,,,,73,Moss Park,73,Moss Park (73),D51,"{""coordinates"": [[-79.3565400004651, 43.6573630001497]], ""type"": ""MultiPoint""}",2015
11926,11927,,2015-09-29,1325,RIVER ST,QUEEN ST E,33 m East of,Major Arterial,Toronto and East York,At Intersection,Traffic Signal,Other,Daylight,Other,Non-Fatal Injury,Turning Movement,Passenger,55 to 59,Major,,,,,,,,,,,,,,,Yes,,,,,Yes,,Yes,,,,73,Moss Park,73,Moss Park (73),D51,"{""coordinates"": [[-79.3565400004651, 43.6573630001497]], ""type"": ""MultiPoint""}",2015
11927,11928,,2015-09-29,1520,939 PROGRESS AVE,,4 m North of,Minor Arterial,Scarborough,At Intersection,Traffic Signal,Rain,Daylight,Wet,Non-Fatal Injury,Cyclist Collisions,Driver,35 to 39,,,South,"Automobile, Station Wagon",Turning Left,Failed to Yield Right of Way,Inattentive,,,,,,,,Yes,Yes,,,,,,,Yes,,,,142,Woburn North,137,Woburn (137),D43,"{""coordinates"": [[-79.2318989996807, 43.783899999994]], ""type"": ""MultiPoint""}",2015
11928,11929,,2015-09-29,1520,939 PROGRESS AVE,,4 m North of,Minor Arterial,Scarborough,At Intersection,Traffic Signal,Rain,Daylight,Wet,Non-Fatal Injury,Cyclist Collisions,Cyclist,15 to 19,Major,,North,Bicycle,Going Ahead,,,,,,Motorist turned left across cyclists path.,Driving Properly,Normal,,Yes,Yes,,,,,,,Yes,,,,142,Woburn North,137,Woburn (137),D43,"{""coordinates"": [[-79.2318989996807, 43.783899999994]], ""type"": ""MultiPoint""}",2015
11929,11930,,2015-09-30,733,DUNDAS ST W,ROXTON RD,60 m East of,Major Arterial,Toronto and East York,Non Intersection,No Control,Clear,Daylight,Dry,Non-Fatal Injury,Sideswipe,Driver,30 to 34,,,East,"Automobile, Station Wagon",Changing Lanes,Improper Lane Change,Inattentive,,,,,,,,,Yes,Yes,,,,,,,,,,81,Trinity-Bellwoods,81,Trinity-Bellwoods (81),D14,"{""coordinates"": [[-79.4195279995655, 43.649562000176]], ""type"": ""MultiPoint""}",2015
11930,11931,,2015-09-30,733,DUNDAS ST W,ROXTON RD,60 m East of,Major Arterial,Toronto and East York,Non Intersection,No Control,Clear,Daylight,Dry,Non-Fatal Injury,Sideswipe,Motorcycle Driver,35 to 39,Major,,East,Motorcycle,Going Ahead,Driving Properly,Normal,,,,,,,,,Yes,Yes,,,,,,,,,,81,Trinity-Bellwoods,81,Trinity-Bellwoods (81),D14,"{""coordinates"": [[-79.4195279995655, 43.649562000176]], ""type"": ""MultiPoint""}",2015
11931,11932,,2015-09-30,2355,WILSON AVE,MURRAY RD,,Major Arterial,North York,At Intersection,No Control,Clear,"Dark, artificial",Dry,Fatal,Turning Movement,Motorcycle Driver,30 to 34,,,West,Motorcycle,Going Ahead,Exceeding Speed Limit,Unknown,,,,,,,,,Yes,Yes,,,,Yes,Yes,Yes,,,,155,Downsview,26,Downsview-Roding-CFB (26),D32,"{""coordinates"": [[-79.4714620005757, 43.7295899996011]], ""type"": ""MultiPoint""}",2015
11932,11933,,2015-09-30,2355,WILSON AVE,MURRAY RD,,Major Arterial,North York,At Intersection,No Control,Clear,"Dark, artificial",Dry,Fatal,Turning Movement,Driver,50 to 54,Minor,,East,"Automobile, Station Wagon",Turning Left,Driving Properly,Normal,,,,,,,,,Yes,Yes,,,,Yes,Yes,Yes,,,,155,Downsview,26,Downsview-Roding-CFB (26),D32,"{""coordinates"": [[-79.4714620005757, 43.7295899996011]], ""type"": ""MultiPoint""}",2015
11933,11934,,2015-09-30,2355,WILSON AVE,MURRAY RD,,Major Arterial,North York,At Intersection,No Control,Clear,"Dark, artificial",Dry,Fatal,Turning Movement,Motorcycle Passenger,20 to 24,Fatal,46.0,,,,,,,,,,,,,,Yes,Yes,,,,Yes,Yes,Yes,,,,155,Downsview,26,Downsview-Roding-CFB (26),D32,"{""coordinates"": [[-79.4714620005757, 43.7295899996011]], ""type"": ""MultiPoint""}",2015
11934,11935,,2015-10-01,1212,PARLIAMENT ST,SPRUCE ST,500 m North ,Minor Arterial,Toronto and East York,Non Intersection,No Control,Clear,Daylight,Dry,Non-Fatal Injury,Cyclist Collisions,Driver,unknown,,,North,"Automobile, Station Wagon",Stopped,Other,Inattentive,,,,,,,,Yes,Yes,,,,,,,,,,,71,Cabbagetown-South St.James Town,71,Cabbagetown-South St.James Town (71),D51,"{""coordinates"": [[-79.3673810004901, 43.6628560002676]], ""type"": ""MultiPoint""}",2015
11935,11936,,2015-10-01,1212,PARLIAMENT ST,SPRUCE ST,500 m North ,Minor Arterial,Toronto and East York,Non Intersection,No Control,Clear,Daylight,Dry,Non-Fatal Injury,Cyclist Collisions,Cyclist,60 to 64,Major,,North,Bicycle,Overtaking,,,,,,Cyclist struck opened vehicle door,Driving Properly,Normal,,Yes,Yes,,,,,,,,,,,71,Cabbagetown-South St.James Town,71,Cabbagetown-South St.James Town (71),D51,"{""coordinates"": [[-79.3673810004901, 43.6628560002676]], ""type"": ""MultiPoint""}",2015
11936,11937,,2015-10-01,1702,DURIE ST,COLBECK ST,2 m North of,Collector,Toronto and East York,At Intersection,Stop Sign,Clear,Daylight,Dry,Non-Fatal Injury,Pedestrian Collisions,Driver,25 to 29,,,West,Pick Up Truck,Turning Left,Failed to Yield Right of Way,Normal,,,,,,,Yes,,Yes,,,,,,,Yes,,,,89,Runnymede-Bloor West Village,89,Runnymede-Bloor West Village (89),D11,"{""coordinates"": [[-79.4805630002514, 43.6541349998485]], ""type"": ""MultiPoint""}",2015
11937,11938,,2015-10-01,1702,DURIE ST,COLBECK ST,2 m North of,Collector,Toronto and East York,At Intersection,Stop Sign,Clear,Daylight,Dry,Non-Fatal Injury,Pedestrian Collisions,Pedestrian,75 to 79,Major,,North,,,,,Vehicle turns left while ped crosses with ROW at inter.,Crossing with right of way,Normal,,,,Yes,,Yes,,,,,,,Yes,,,,89,Runnymede-Bloor West Village,89,Runnymede-Bloor West Village (89),D11,"{""coordinates"": [[-79.4805630002514, 43.6541349998485]], ""type"": ""MultiPoint""}",2015
11938,11939,,2015-10-03,351,BURNHAMTHORPE RD,PRENNAN AVE,1 m East of,Major Arterial,Etobicoke York,Non Intersection,No Control,Clear,Dark,Dry,Fatal,SMV Other,Driver,35 to 39,Major,,West,"Automobile, Station Wagon",Going Ahead,Speed too Fast For Condition,Had Been Drinking,,,,,,,,,Yes,,,,,Yes,Yes,Yes,,,,158,Islington,14,Islington-City Centre West (14),D22,"{""coordinates"": [[-79.5407589996782, 43.6506950002495]], ""type"": ""MultiPoint""}",2015
11939,11940,,2015-10-03,351,BURNHAMTHORPE RD,PRENNAN AVE,1 m East of,Major Arterial,Etobicoke York,Non Intersection,No Control,Clear,Dark,Dry,Fatal,SMV Other,Passenger,40 to 44,Fatal,48.0,,,,,,,,,,,,,,Yes,,,,,Yes,Yes,Yes,,,,158,Islington,14,Islington-City Centre West (14),D22,"{""coordinates"": [[-79.5407589996782, 43.6506950002495]], ""type"": ""MultiPoint""}",2015
11940,11941,,2015-10-04,910,THE KINGSWAY,ANGLESEY BLVD,,Collector,Etobicoke York,At Intersection,Stop Sign,Clear,Daylight,Dry,Non-Fatal Injury,Cyclist Collisions,Cyclist,45 to 49,Major,,East,Bicycle,Going Ahead,,,,,,"Cyclist without ROW rides into path of motorist at inter, lnwy, dwy-Cyclist not turn.",Disobeyed Traffic Control,Inattentive,,Yes,Yes,,,,,,,,,,,9,Edenbridge-Humber Valley,9,Edenbridge-Humber Valley (9),D22,"{""coordinates"": [[-79.5217849997995, 43.663966000335]], ""type"": ""MultiPoint""}",2015
11941,11942,,2015-10-04,910,THE KINGSWAY,ANGLESEY BLVD,,Collector,Etobicoke York,At Intersection,Stop Sign,Clear,Daylight,Dry,Non-Fatal Injury,Cyclist Collisions,Driver,30 to 34,,,North,"Automobile, Station Wagon",Going Ahead,Driving Properly,Normal,,,,,,,,Yes,Yes,,,,,,,,,,,9,Edenbridge-Humber Valley,9,Edenbridge-Humber Valley (9),D22,"{""coordinates"": [[-79.5217849997995, 43.663966000335]], ""type"": ""MultiPoint""}",2015
11942,11943,,2015-10-04,1453,COLLEGE ST,MARKHAM ST,,Major Arterial,Toronto and East York,At Intersection,Stop Sign,Clear,"Dark, artificial",Dry,Non-Fatal Injury,Cyclist Collisions,Driver,30 to 34,,,East,"Automobile, Station Wagon",Going Ahead,Improper Passing,Unknown,,,,,,,,Yes,Yes,,,,,,Yes,Yes,,,,81,Trinity-Bellwoods,81,Trinity-Bellwoods (81),D14,"{""coordinates"": [[-79.408946000007, 43.6562109998996]], ""type"": ""MultiPoint""}",2015
11943,11944,,2015-10-04,1453,COLLEGE ST,MARKHAM ST,,Major Arterial,Toronto and East York,At Intersection,Stop Sign,Clear,"Dark, artificial",Dry,Non-Fatal Injury,Cyclist Collisions,Cyclist,50 to 54,Major,,East,Bicycle,Going Ahead,,,,,,Cyclist and Driver travelling in same direction. One vehicle rear-ended the other.,Driving Properly,Normal,,Yes,Yes,,,,,,Yes,Yes,,,,81,Trinity-Bellwoods,81,Trinity-Bellwoods (81),D14,"{""coordinates"": [[-79.408946000007, 43.6562109998996]], ""type"": ""MultiPoint""}",2015
11944,11945,,2015-10-06,621,MORNINGSIDE AVE,SHEPPARD AVE E,358 m North ,Major Arterial,Scarborough,Non Intersection,No Control,Clear,"Dawn, artificial",Dry,Fatal,Rear End,Driver,50 to 54,Fatal,49.0,South,"Automobile, Station Wagon",Going Ahead,Lost control,Unknown,,,,,,,,,Yes,,,Yes,,,,,,,,146,Malvern East,132,Malvern (132),D42,"{""coordinates"": [[-79.2008699996173, 43.805159000413]], ""type"": ""MultiPoint""}",2015
11945,11946,,2015-10-06,621,MORNINGSIDE AVE,SHEPPARD AVE E,358 m North ,Major Arterial,Scarborough,Non Intersection,No Control,Clear,"Dawn, artificial",Dry,Fatal,Rear End,Driver,30 to 34,Minimal,,South,Municipal Transit Bus (TTC),Stopped,Driving Properly,Normal,,,,,,,,,Yes,,,Yes,,,,,,,,146,Malvern East,132,Malvern (132),D42,"{""coordinates"": [[-79.2008699996173, 43.805159000413]], ""type"": ""MultiPoint""}",2015
11946,11947,,2015-10-06,753,DAVISVILLE AVE,MOUNT PLEASANT RD,64 m West of,Minor Arterial,Toronto and East York,Intersection Related,No Control,Clear,Daylight,Dry,Non-Fatal Injury,Pedestrian Collisions,Driver,25 to 29,,,East,"Automobile, Station Wagon",Overtaking,Improper Passing,Normal,,,,,,,Yes,,Yes,,,,,,,Yes,,,,174,South Eglinton-Davisville,104,Mount Pleasant West (104),D53,"{""coordinates"": [[-79.3878050004785, 43.7001250003362]], ""type"": ""MultiPoint""}",2015
11947,11948,,2015-10-06,753,DAVISVILLE AVE,MOUNT PLEASANT RD,64 m West of,Minor Arterial,Toronto and East York,Intersection Related,No Control,Clear,Daylight,Dry,Non-Fatal Injury,Pedestrian Collisions,Pedestrian,45 to 49,Major,,North,,,,,Pedestrian hit at mid-block,Running onto Roadway,Normal,,,,Yes,,Yes,,,,,,,Yes,,,,174,South Eglinton-Davisville,104,Mount Pleasant West (104),D53,"{""coordinates"": [[-79.3878050004785, 43.7001250003362]], ""type"": ""MultiPoint""}",2015
11948,11949,,2015-10-06,810,COXWELL AVE,EARL HAIG AVE,,Minor Arterial,Toronto and East York,Intersection Related,Pedestrian Crossover,Clear,Daylight,Dry,Non-Fatal Injury,Pedestrian Collisions,Driver,35 to 39,,,South,"Automobile, Station Wagon",Going Ahead,Failed to Yield Right of Way,Inattentive,,,,,,,Yes,,Yes,,,,,,,Yes,,,,64,Woodbine Corridor,64,Woodbine Corridor (64),D55,"{""coordinates"": [[-79.3226959994184, 43.6811320001949]], ""type"": ""MultiPoint""}",2015
11949,11950,,2015-10-06,810,COXWELL AVE,EARL HAIG AVE,,Minor Arterial,Toronto and East York,Intersection Related,Pedestrian Crossover,Clear,Daylight,Dry,Non-Fatal Injury,Pedestrian Collisions,Pedestrian,10 to 14,Major,,East,,,,,Pedestrian hit a PXO/ped. Mid-block signal,"Crossing, Pedestrian Crossover",Normal,,,,Yes,,Yes,,,,,,,Yes,,,,64,Woodbine Corridor,64,Woodbine Corridor (64),D55,"{""coordinates"": [[-79.3226959994184, 43.6811320001949]], ""type"": ""MultiPoint""}",2015
11950,11951,,2015-10-06,813,KING ST W,SUDBURY ST,15 m West of,Major Arterial,Toronto and East York,Non Intersection,Traffic Signal,Clear,Daylight,Dry,Non-Fatal Injury,Cyclist Collisions,Cyclist,20 to 24,Major,,East,Bicycle,Changing Lanes,,,,,,Cyclist and Driver travelling in same direction. One vehicle sideswipes the other.,Improper Lane Change,Inattentive,,Yes,Yes,,,,,,,,,,,162,West Queen West,82,Niagara (82),D14,"{""coordinates"": [[-79.4172319994369, 43.6409750002356]], ""type"": ""MultiPoint""}",2015
11951,11952,,2015-10-06,813,KING ST W,SUDBURY ST,15 m West of,Major Arterial,Toronto and East York,Non Intersection,Traffic Signal,Clear,Daylight,Dry,Non-Fatal Injury,Cyclist Collisions,Driver,55 to 59,,,East,"Automobile, Station Wagon",Going Ahead,Driving Properly,Normal,,,,,,,,Yes,Yes,,,,,,,,,,,162,West Queen West,82,Niagara (82),D14,"{""coordinates"": [[-79.4172319994369, 43.6409750002356]], ""type"": ""MultiPoint""}",2015
11952,11953,,2015-10-06,1107,ROYAL YORK RD,BRAECREST AVE,51 m South o,Minor Arterial,Etobicoke York,Non Intersection,No Control,Clear,Daylight,Dry,Non-Fatal Injury,SMV Other,Driver,60 to 64,Major,,South,"Automobile, Station Wagon",Changing Lanes,Lost control,Medical or Physical Disability,,,,,,,,,Yes,,,,,,,Yes,,,Yes,8,Humber Heights-Westmount,8,Humber Heights-Westmount (8),D23,"{""coordinates"": [[-79.5321310000134, 43.6948270002827]], ""type"": ""MultiPoint""}",2015
11953,11954,,2015-10-07,2250,STEELES AVE W,MARTIN GROVE RD,64 m East of,Major Arterial,Etobicoke York,Intersection Related,No Control,Clear,"Dark, artificial",Dry,Non-Fatal Injury,SMV Other,Driver,25 to 29,,,West,"Automobile, Station Wagon",Other,Other,Normal,,,,,,,,,Yes,,,,,Yes,,,,,,2,Mount Olive-Silverstone-Jamestown,2,Mount Olive-Silverstone-Jamestown (2),D23,"{""coordinates"": [[-79.6025499995811, 43.7580359997793]], ""type"": ""MultiPoint""}",2015
11954,11955,,2015-10-07,2250,STEELES AVE W,MARTIN GROVE RD,64 m East of,Major Arterial,Etobicoke York,Intersection Related,No Control,Clear,"Dark, artificial",Dry,Non-Fatal Injury,SMV Other,Driver,20 to 24,Minor,,West,"Automobile, Station Wagon",Other,Other,Normal,,,,,,,,,Yes,,,,,Yes,,,,,,2,Mount Olive-Silverstone-Jamestown,2,Mount Olive-Silverstone-Jamestown (2),D23,"{""coordinates"": [[-79.6025499995811, 43.7580359997793]], ""type"": ""MultiPoint""}",2015
11955,11956,,2015-10-07,2250,STEELES AVE W,MARTIN GROVE RD,64 m East of,Major Arterial,Etobicoke York,Intersection Related,No Control,Clear,"Dark, artificial",Dry,Non-Fatal Injury,SMV Other,Driver,25 to 29,Minor,,East,"Automobile, Station Wagon",Going Ahead,Driving Properly,Normal,,,,,,,,,Yes,,,,,Yes,,,,,,2,Mount Olive-Silverstone-Jamestown,2,Mount Olive-Silverstone-Jamestown (2),D23,"{""coordinates"": [[-79.6025499995811, 43.7580359997793]], ""type"": ""MultiPoint""}",2015
11956,11957,,2015-10-07,2250,STEELES AVE W,MARTIN GROVE RD,64 m East of,Major Arterial,Etobicoke York,Intersection Related,No Control,Clear,"Dark, artificial",Dry,Non-Fatal Injury,SMV Other,Passenger,25 to 29,Major,,,,,,,,,,,,,,,Yes,,,,,Yes,,,,,,2,Mount Olive-Silverstone-Jamestown,2,Mount Olive-Silverstone-Jamestown (2),D23,"{""coordinates"": [[-79.6025499995811, 43.7580359997793]], ""type"": ""MultiPoint""}",2015
11957,11958,,2015-10-08,2227,EGLINTON AVE W,MENIN RD,16 m West of,Major Arterial,North York,Intersection Related,No Control,Rain,"Dark, artificial",Wet,Non-Fatal Injury,Pedestrian Collisions,Driver,35 to 39,,,West,Municipal Transit Bus (TTC),Going Ahead,Speed too Fast For Condition,Normal,,,,,,,Yes,,,,,Yes,,,Yes,Yes,,,,106,Humewood-Cedarvale,106,Humewood-Cedarvale (106),D13,"{""coordinates"": [[-79.4318799997339, 43.6996330002266]], ""type"": ""MultiPoint""}",2015
11958,11959,,2015-10-08,2227,EGLINTON AVE W,MENIN RD,16 m West of,Major Arterial,North York,Intersection Related,No Control,Rain,"Dark, artificial",Wet,Non-Fatal Injury,Pedestrian Collisions,Pedestrian,85 to 89,Major,,Unknown,,,,,Pedestrian involved in a collision with transit vehicle anywhere along roadway,"Crossing, no Traffic Control",Normal,,,,Yes,,,,,Yes,,,Yes,Yes,,,,106,Humewood-Cedarvale,106,Humewood-Cedarvale (106),D13,"{""coordinates"": [[-79.4318799997339, 43.6996330002266]], ""type"": ""MultiPoint""}",2015
11959,11960,,2015-10-09,15,1244 LAWRENCE,,,Major Arterial,North York,At/Near Private Drive,No Control,Rain,"Dark, artificial",Wet,Non-Fatal Injury,Pedestrian Collisions,Driver,20 to 24,Minimal,,West,"Automobile, Station Wagon",Going Ahead,Exceeding Speed Limit,Inattentive,,,,,,,Yes,,Yes,,,,,Yes,Yes,Yes,,,,43,Victoria Village,43,Victoria Village (43),D33,"{""coordinates"": [[-79.3192479996965, 43.7411030002868]], ""type"": ""MultiPoint""}",2015
11960,11961,,2015-10-09,15,1244 LAWRENCE,,,Major Arterial,North York,At/Near Private Drive,No Control,Rain,"Dark, artificial",Wet,Non-Fatal Injury,Pedestrian Collisions,Driver,40 to 44,,,South,"Automobile, Station Wagon",Turning Right,Failed to Yield Right of Way,Inattentive,,,,,,,Yes,,Yes,,,,,Yes,Yes,Yes,,,,43,Victoria Village,43,Victoria Village (43),D33,"{""coordinates"": [[-79.3192479996965, 43.7411030002868]], ""type"": ""MultiPoint""}",2015
11961,11962,,2015-10-09,15,1244 LAWRENCE,,,Major Arterial,North York,At/Near Private Drive,No Control,Rain,"Dark, artificial",Wet,Non-Fatal Injury,Pedestrian Collisions,Driver,15 to 19,,,West,"Automobile, Station Wagon",Going Ahead,Exceeding Speed Limit,Inattentive,,,,,,,Yes,,Yes,,,,,Yes,Yes,Yes,,,,43,Victoria Village,43,Victoria Village (43),D33,"{""coordinates"": [[-79.3192479996965, 43.7411030002868]], ""type"": ""MultiPoint""}",2015
11962,11963,,2015-10-09,15,1244 LAWRENCE,,,Major Arterial,North York,At/Near Private Drive,No Control,Rain,"Dark, artificial",Wet,Non-Fatal Injury,Pedestrian Collisions,Passenger,20 to 24,Minimal,,,,,,,,,,,,,Yes,,Yes,,,,,Yes,Yes,Yes,,,,43,Victoria Village,43,Victoria Village (43),D33,"{""coordinates"": [[-79.3192479996965, 43.7411030002868]], ""type"": ""MultiPoint""}",2015
11963,11964,,2015-10-09,15,1244 LAWRENCE,,,Major Arterial,North York,At/Near Private Drive,No Control,Rain,"Dark, artificial",Wet,Non-Fatal Injury,Pedestrian Collisions,Passenger,15 to 19,Minor,,,,,,,,,,,,,Yes,,Yes,,,,,Yes,Yes,Yes,,,,43,Victoria Village,43,Victoria Village (43),D33,"{""coordinates"": [[-79.3192479996965, 43.7411030002868]], ""type"": ""MultiPoint""}",2015
11964,11965,,2015-10-09,15,1244 LAWRENCE,,,Major Arterial,North York,At/Near Private Drive,No Control,Rain,"Dark, artificial",Wet,Non-Fatal Injury,Pedestrian Collisions,Passenger,15 to 19,Minimal,,,,,,,,,,,,,Yes,,Yes,,,,,Yes,Yes,Yes,,,,43,Victoria Village,43,Victoria Village (43),D33,"{""coordinates"": [[-79.3192479996965, 43.7411030002868]], ""type"": ""MultiPoint""}",2015