index,_id,ACCNUM,DATE,TIME,STREET1,STREET2,OFFSET,ROAD_CLASS,DISTRICT,ACCLOC,TRAFFCTL,VISIBILITY,LIGHT,RDSFCOND,ACCLASS,IMPACTYPE,INVTYPE,INVAGE,INJURY,FATAL_NO,INITDIR,VEHTYPE,MANOEUVER,DRIVACT,DRIVCOND,PEDTYPE,PEDACT,PEDCOND,CYCLISTYPE,CYCACT,CYCCOND,PEDESTRIAN,CYCLIST,AUTOMOBILE,MOTORCYCLE,TRUCK,TRSN_CITY_VEH,EMERG_VEH,PASSENGER,SPEEDING,AG_DRIV,REDLIGHT,ALCOHOL,DISABILITY,HOOD_158,NEIGHBOURHOOD_158,HOOD_140,NEIGHBOURHOOD_140,DIVISION,geometry,ACCIDENT_YEAR
12238,12239,,2016-01-03,1915,1400 KENNEDY RD,,196 m North ,Major Arterial,Scarborough,Non Intersection,No Control,Clear,"Dark, artificial",Dry,Fatal,Pedestrian Collisions,Pedestrian,35 to 39,Fatal,1.0,Unknown,,,,,Pedestrian hit at mid-block,Crossing without right of way,Had Been Drinking,,,,Yes,,Yes,,,,,Yes,,Yes,,,,126,Dorset Park,126,Dorset Park (126),D41,"{""coordinates"": [[-79.2806810005421, 43.7644980003896]], ""type"": ""MultiPoint""}",2016
12239,12240,,2016-01-04,1520,FENSIDE DR,VERSEND DR,,Collector,North York,At Intersection,Stop Sign,Clear,Daylight,Dry,Non-Fatal Injury,Angle,Driver,50 to 54,,,East,"Automobile, Station Wagon",Going Ahead,Disobeyed Traffic Control,Normal,,,,,,,,,Yes,,,,,Yes,,Yes,,,,150,Fenside-Parkwoods,45,Parkwoods-Donalda (45),D33,"{""coordinates"": [[-79.3286999997086, 43.7627889997083]], ""type"": ""MultiPoint""}",2016
12240,12241,,2016-01-04,1520,FENSIDE DR,VERSEND DR,,Collector,North York,At Intersection,Stop Sign,Clear,Daylight,Dry,Non-Fatal Injury,Angle,Driver,35 to 39,,,South,School Bus,Going Ahead,Driving Properly,Normal,,,,,,,,,Yes,,,,,Yes,,Yes,,,,150,Fenside-Parkwoods,45,Parkwoods-Donalda (45),D33,"{""coordinates"": [[-79.3286999997086, 43.7627889997083]], ""type"": ""MultiPoint""}",2016
12241,12242,,2016-01-04,1520,FENSIDE DR,VERSEND DR,,Collector,North York,At Intersection,Stop Sign,Clear,Daylight,Dry,Non-Fatal Injury,Angle,Passenger,20 to 24,,,,,,,,,,,,,,,,Yes,,,,,Yes,,Yes,,,,150,Fenside-Parkwoods,45,Parkwoods-Donalda (45),D33,"{""coordinates"": [[-79.3286999997086, 43.7627889997083]], ""type"": ""MultiPoint""}",2016
12242,12243,,2016-01-04,1520,FENSIDE DR,VERSEND DR,,Collector,North York,At Intersection,Stop Sign,Clear,Daylight,Dry,Non-Fatal Injury,Angle,Passenger,10 to 14,,,,,,,,,,,,,,,,Yes,,,,,Yes,,Yes,,,,150,Fenside-Parkwoods,45,Parkwoods-Donalda (45),D33,"{""coordinates"": [[-79.3286999997086, 43.7627889997083]], ""type"": ""MultiPoint""}",2016
12243,12244,,2016-01-04,1520,FENSIDE DR,VERSEND DR,,Collector,North York,At Intersection,Stop Sign,Clear,Daylight,Dry,Non-Fatal Injury,Angle,Passenger,10 to 14,Major,,,,,,,,,,,,,,,Yes,,,,,Yes,,Yes,,,,150,Fenside-Parkwoods,45,Parkwoods-Donalda (45),D33,"{""coordinates"": [[-79.3286999997086, 43.7627889997083]], ""type"": ""MultiPoint""}",2016
12244,12245,,2016-01-05,640,STEELES AVE E,WAGGONERS WELL LN,60 m West of,Major Arterial,North York,Non Intersection,No Control,Clear,"Dark, artificial",Dry,Non-Fatal Injury,Pedestrian Collisions,Driver,70 to 74,,,East,Pick Up Truck,Going Ahead,Driving Properly,Normal,,,,,,,Yes,,Yes,,,,,,,,,,,48,Hillcrest Village,48,Hillcrest Village (48),D33,"{""coordinates"": [[-79.3667939996808, 43.8097939999186]], ""type"": ""MultiPoint""}",2016
12245,12246,,2016-01-05,640,STEELES AVE E,WAGGONERS WELL LN,60 m West of,Major Arterial,North York,Non Intersection,No Control,Clear,"Dark, artificial",Dry,Non-Fatal Injury,Pedestrian Collisions,Pedestrian,60 to 64,Major,,North,,,,,Pedestrian hit at mid-block,"Crossing, no Traffic Control",Normal,,,,Yes,,Yes,,,,,,,,,,,48,Hillcrest Village,48,Hillcrest Village (48),D33,"{""coordinates"": [[-79.3667939996808, 43.8097939999186]], ""type"": ""MultiPoint""}",2016
12246,12247,,2016-01-05,1628,EGLINTON AVE E,PHARMACY AVE,265 m East o,Major Arterial,Scarborough,Non Intersection,No Control,Clear,Daylight,Dry,Non-Fatal Injury,Pedestrian Collisions,Driver,25 to 29,,,West,"Automobile, Station Wagon",Going Ahead,Driving Properly,Normal,,,,,,,Yes,,Yes,,,,,,,,,,,120,Clairlea-Birchmount,120,Clairlea-Birchmount (120),D41,"{""coordinates"": [[-79.2946959995508, 43.726217999551]], ""type"": ""MultiPoint""}",2016
12247,12248,,2016-01-05,1628,EGLINTON AVE E,PHARMACY AVE,265 m East o,Major Arterial,Scarborough,Non Intersection,No Control,Clear,Daylight,Dry,Non-Fatal Injury,Pedestrian Collisions,Pedestrian,10 to 14,Major,,North,,,,,Pedestrian hit at mid-block,Running onto Roadway,Normal,,,,Yes,,Yes,,,,,,,,,,,120,Clairlea-Birchmount,120,Clairlea-Birchmount (120),D41,"{""coordinates"": [[-79.2946959995508, 43.726217999551]], ""type"": ""MultiPoint""}",2016
12248,12249,,2016-01-06,1429,BLACK CREEK DR,EGLINTON AVE W,13 m West of,Major Arterial,Etobicoke York,Intersection Related,Traffic Signal,Clear,Daylight,Dry,Fatal,Turning Movement,Driver,40 to 44,Minimal,,East,"Automobile, Station Wagon",Turning Left,Improper Turn,Normal,,,,,,,,,Yes,,,,,,,,,,,110,Keelesdale-Eglinton West,110,Keelesdale-Eglinton West (110),D12,"{""coordinates"": [[-79.482867999575, 43.6883569999727]], ""type"": ""MultiPoint""}",2016
12249,12250,,2016-01-06,1429,BLACK CREEK DR,EGLINTON AVE W,13 m West of,Major Arterial,Etobicoke York,Intersection Related,Traffic Signal,Clear,Daylight,Dry,Fatal,Turning Movement,Driver,90 to 94,Fatal,5.0,West,"Automobile, Station Wagon",Going Ahead,Driving Properly,Normal,,,,,,,,,Yes,,,,,,,,,,,110,Keelesdale-Eglinton West,110,Keelesdale-Eglinton West (110),D12,"{""coordinates"": [[-79.482867999575, 43.6883569999727]], ""type"": ""MultiPoint""}",2016
12250,12251,,2016-01-08,520,BROWN S LINE,LAKE SHORE BLVD W,30 m North o,Major Arterial,Etobicoke York,Non Intersection,No Control,Clear,"Dark, artificial",Wet,Fatal,SMV Other,Driver,40 to 44,Fatal,2.0,South,"Automobile, Station Wagon",Going Ahead,Speed too Fast For Condition,Unknown,,,,,,,,,Yes,,,,,,Yes,Yes,,,,19,Long Branch,19,Long Branch (19),D22,"{""coordinates"": [[-79.5415599999992, 43.5930390003262]], ""type"": ""MultiPoint""}",2016
12251,12252,,2016-01-08,1330,BAYVIEW AVE,PARKHURST BLVD,6 m North of,Major Arterial,North York,Intersection Related,Pedestrian Crossover,Clear,Daylight,Wet,Non-Fatal Injury,Pedestrian Collisions,Driver,25 to 29,,,North,"Automobile, Station Wagon",Going Ahead,Driving Properly,Normal,,,,,,,Yes,,Yes,,,,,,,,,,,56,Leaside-Bennington,56,Leaside-Bennington (56),D53,"{""coordinates"": [[-79.3763540000823, 43.7087620002316]], ""type"": ""MultiPoint""}",2016
12252,12253,,2016-01-08,1330,BAYVIEW AVE,PARKHURST BLVD,6 m North of,Major Arterial,North York,Intersection Related,Pedestrian Crossover,Clear,Daylight,Wet,Non-Fatal Injury,Pedestrian Collisions,Pedestrian,20 to 24,Major,,West,,,,,Vehicle is going straight thru inter.while ped cross without ROW,Crossing without right of way,Inattentive,,,,Yes,,Yes,,,,,,,,,,,56,Leaside-Bennington,56,Leaside-Bennington (56),D53,"{""coordinates"": [[-79.3763540000823, 43.7087620002316]], ""type"": ""MultiPoint""}",2016
12253,12254,,2016-01-09,420,80 PROGRESS AVE,,40 m East of,Minor Arterial,Scarborough,Non Intersection,No Control,Rain,"Dark, artificial",Wet,Non-Fatal Injury,SMV Other,Driver,20 to 24,Major,,West,"Automobile, Station Wagon",Going Ahead,Lost control,Unknown,,,,,,,,,Yes,,,,,,Yes,Yes,,,,126,Dorset Park,126,Dorset Park (126),D41,"{""coordinates"": [[-79.2773389994806, 43.7707540003433]], ""type"": ""MultiPoint""}",2016
12254,12255,,2016-01-09,1750,OSSINGTON AVE,PENDRITH ST,130 m South ,Minor Arterial,Toronto and East York,Non Intersection,No Control,Clear,"Dark, artificial",Wet,Non-Fatal Injury,Other,Driver,30 to 34,,,South,Municipal Transit Bus (TTC),Going Ahead,Driving Properly,Normal,,,,,,,,,,,,Yes,,Yes,,,,,,172,Dovercourt Village,93,Dovercourt-Wallace Emerson-Junction (93),D14,"{""coordinates"": [[-79.4269139995837, 43.6649730003579]], ""type"": ""MultiPoint""}",2016
12255,12256,,2016-01-09,1750,OSSINGTON AVE,PENDRITH ST,130 m South ,Minor Arterial,Toronto and East York,Non Intersection,No Control,Clear,"Dark, artificial",Wet,Non-Fatal Injury,Other,Passenger,80 to 84,Major,,,,,,,,,,,,,,,,,,Yes,,Yes,,,,,,172,Dovercourt Village,93,Dovercourt-Wallace Emerson-Junction (93),D14,"{""coordinates"": [[-79.4269139995837, 43.6649730003579]], ""type"": ""MultiPoint""}",2016
12256,12257,,2016-01-11,1618,MCNICOLL AVE,MARKHAM RD,,Major Arterial,Scarborough,At Intersection,No Control,Clear,Dark,Dry,Non-Fatal Injury,Pedestrian Collisions,Driver,55 to 59,,,West,"Automobile, Station Wagon",Going Ahead,Driving Properly,Normal,,,,,,,Yes,,Yes,,,,,,,,,,,144,Morningside Heights,131,Rouge (131),D42,"{""coordinates"": [[-79.2478059999997, 43.823988999968]], ""type"": ""MultiPoint""}",2016
12257,12258,,2016-01-11,1618,MCNICOLL AVE,MARKHAM RD,,Major Arterial,Scarborough,At Intersection,No Control,Clear,Dark,Dry,Non-Fatal Injury,Pedestrian Collisions,Pedestrian,30 to 34,Major,,North,,,,,Vehicle is going straight thru inter.while ped cross without ROW,Crossing without right of way,Normal,,,,Yes,,Yes,,,,,,,,,,,144,Morningside Heights,131,Rouge (131),D42,"{""coordinates"": [[-79.2478059999997, 43.823988999968]], ""type"": ""MultiPoint""}",2016
12258,12259,,2016-01-12,545,TRETHEWEY DR,BLACK CREEK DR,,Major Arterial,Etobicoke York,At Intersection,Traffic Signal,Snow,"Dark, artificial",Loose Snow,Non-Fatal Injury,Turning Movement,Driver,65 to 69,,,South,"Automobile, Station Wagon",Turning Left,Disobeyed Traffic Control,Inattentive,,,,,,,,,Yes,,,,,Yes,,Yes,Yes,,,112,Beechborough-Greenbrook,112,Beechborough-Greenbrook (112),D12,"{""coordinates"": [[-79.4860950001966, 43.6946019999698]], ""type"": ""MultiPoint""}",2016
12259,12260,,2016-01-12,545,TRETHEWEY DR,BLACK CREEK DR,,Major Arterial,Etobicoke York,At Intersection,Traffic Signal,Snow,"Dark, artificial",Loose Snow,Non-Fatal Injury,Turning Movement,Driver,40 to 44,Major,,North,"Automobile, Station Wagon",Going Ahead,Driving Properly,Normal,,,,,,,,,Yes,,,,,Yes,,Yes,Yes,,,112,Beechborough-Greenbrook,112,Beechborough-Greenbrook (112),D12,"{""coordinates"": [[-79.4860950001966, 43.6946019999698]], ""type"": ""MultiPoint""}",2016
12260,12261,,2016-01-12,545,TRETHEWEY DR,BLACK CREEK DR,,Major Arterial,Etobicoke York,At Intersection,Traffic Signal,Snow,"Dark, artificial",Loose Snow,Non-Fatal Injury,Turning Movement,Passenger,60 to 64,Minor,,,,,,,,,,,,,,,Yes,,,,,Yes,,Yes,Yes,,,112,Beechborough-Greenbrook,112,Beechborough-Greenbrook (112),D12,"{""coordinates"": [[-79.4860950001966, 43.6946019999698]], ""type"": ""MultiPoint""}",2016
12261,12262,,2016-01-12,2117,WARDEN AVE,BAMBURGH CRCL,,Major Arterial,Scarborough,At Intersection,Traffic Signal,Strong wind,Dark,Slush,Non-Fatal Injury,Pedestrian Collisions,Driver,65 to 69,,,North,"Automobile, Station Wagon",Going Ahead,Driving Properly,Normal,,,,,,,Yes,,Yes,,,,,,,,,,,116,Steeles,116,Steeles (116),D42,"{""coordinates"": [[-79.3245420005596, 43.8161910002736]], ""type"": ""MultiPoint""}",2016
12262,12263,,2016-01-12,2117,WARDEN AVE,BAMBURGH CRCL,,Major Arterial,Scarborough,At Intersection,Traffic Signal,Strong wind,Dark,Slush,Non-Fatal Injury,Pedestrian Collisions,Pedestrian,45 to 49,Major,,East,,,,,Vehicle is going straight thru inter.while ped cross without ROW,Crossing without right of way,Normal,,,,Yes,,Yes,,,,,,,,,,,116,Steeles,116,Steeles (116),D42,"{""coordinates"": [[-79.3245420005596, 43.8161910002736]], ""type"": ""MultiPoint""}",2016
12263,12264,,2016-01-13,1320,EGLINTON AVE E,CREDIT UNION DR,,Major Arterial,North York,At Intersection,Traffic Signal,Clear,Daylight,Dry,Non-Fatal Injury,Turning Movement,Driver,75 to 79,Major,,West,"Automobile, Station Wagon",Turning Left,Failed to Yield Right of Way,Inattentive,,,,,,,,,Yes,,,,,Yes,,Yes,,,,43,Victoria Village,43,Victoria Village (43),D55,"{""coordinates"": [[-79.3182860000904, 43.7261259999798]], ""type"": ""MultiPoint""}",2016
12264,12265,,2016-01-13,1320,EGLINTON AVE E,CREDIT UNION DR,,Major Arterial,North York,At Intersection,Traffic Signal,Clear,Daylight,Dry,Non-Fatal Injury,Turning Movement,Driver,40 to 44,Minimal,,East,"Automobile, Station Wagon",Going Ahead,Driving Properly,Normal,,,,,,,,,Yes,,,,,Yes,,Yes,,,,43,Victoria Village,43,Victoria Village (43),D55,"{""coordinates"": [[-79.3182860000904, 43.7261259999798]], ""type"": ""MultiPoint""}",2016
12265,12266,,2016-01-13,1320,EGLINTON AVE E,CREDIT UNION DR,,Major Arterial,North York,At Intersection,Traffic Signal,Clear,Daylight,Dry,Non-Fatal Injury,Turning Movement,Passenger,45 to 49,,,,,,,,,,,,,,,,Yes,,,,,Yes,,Yes,,,,43,Victoria Village,43,Victoria Village (43),D55,"{""coordinates"": [[-79.3182860000904, 43.7261259999798]], ""type"": ""MultiPoint""}",2016
12266,12267,,2016-01-14,1129,STEELES AVE E,PHARMACY AVE,,Major Arterial,Scarborough,At Intersection,Traffic Signal,Clear,Daylight,Wet,Fatal,Turning Movement,Driver,35 to 39,Fatal,3.0,West,"Automobile, Station Wagon",Turning Left,Failed to Yield Right of Way,Unknown,,,,,,,,,Yes,,Yes,,,,,Yes,,,,116,Steeles,116,Steeles (116),D42,"{""coordinates"": [[-79.3364669996674, 43.8168440001029]], ""type"": ""MultiPoint""}",2016
12267,12268,,2016-01-14,1129,STEELES AVE E,PHARMACY AVE,,Major Arterial,Scarborough,At Intersection,Traffic Signal,Clear,Daylight,Wet,Fatal,Turning Movement,Truck Driver,55 to 59,,,East,"Truck - Closed (Blazer, etc)",Going Ahead,Driving Properly,Unknown,,,,,,,,,Yes,,Yes,,,,,Yes,,,,116,Steeles,116,Steeles (116),D42,"{""coordinates"": [[-79.3364669996674, 43.8168440001029]], ""type"": ""MultiPoint""}",2016
12268,12269,,2016-01-14,1336,TECUMSETH ST,QUEEN ST W,,Major Arterial,Toronto and East York,At Intersection,Traffic Signal,Clear,Daylight,Dry,Non-Fatal Injury,Pedestrian Collisions,Driver,60 to 64,,,West,"Automobile, Station Wagon",Turning Left,Failed to Yield Right of Way,Inattentive,,,,,,,Yes,,Yes,,,,,,,Yes,,,,162,West Queen West,82,Niagara (82),D14,"{""coordinates"": [[-79.406566000498, 43.6466700002032]], ""type"": ""MultiPoint""}",2016
12269,12270,,2016-01-14,1336,TECUMSETH ST,QUEEN ST W,,Major Arterial,Toronto and East York,At Intersection,Traffic Signal,Clear,Daylight,Dry,Non-Fatal Injury,Pedestrian Collisions,Pedestrian,30 to 34,Major,,East,,,,,Vehicle turns left while ped crosses with ROW at inter.,Crossing with right of way,Normal,,,,Yes,,Yes,,,,,,,Yes,,,,162,West Queen West,82,Niagara (82),D14,"{""coordinates"": [[-79.406566000498, 43.6466700002032]], ""type"": ""MultiPoint""}",2016
12270,12271,,2016-01-15,1435,BAYVIEW AVE,EGLINTON AVE E,6 m North of,Major Arterial,North York,Intersection Related,Traffic Signal,Clear,Daylight,Wet,Fatal,Pedestrian Collisions,Driver,20 to 24,,,South,"Automobile, Station Wagon",Turning Right,Improper Turn,Inattentive,,,,,,,Yes,,Yes,,,,,Yes,,,,,,56,Leaside-Bennington,56,Leaside-Bennington (56),D53,"{""coordinates"": [[-79.3771470000354, 43.7110280002522]], ""type"": ""MultiPoint""}",2016
12271,12272,,2016-01-15,1435,BAYVIEW AVE,EGLINTON AVE E,6 m North of,Major Arterial,North York,Intersection Related,Traffic Signal,Clear,Daylight,Wet,Fatal,Pedestrian Collisions,Passenger,20 to 24,,,,,,,,,,,,,,Yes,,Yes,,,,,Yes,,,,,,56,Leaside-Bennington,56,Leaside-Bennington (56),D53,"{""coordinates"": [[-79.3771470000354, 43.7110280002522]], ""type"": ""MultiPoint""}",2016
12272,12273,,2016-01-15,1435,BAYVIEW AVE,EGLINTON AVE E,6 m North of,Major Arterial,North York,Intersection Related,Traffic Signal,Clear,Daylight,Wet,Fatal,Pedestrian Collisions,Pedestrian,80 to 84,Fatal,6.0,East,,,,,Vehicle turns right while ped crosses with ROW at inter.,Crossing with right of way,Normal,,,,Yes,,Yes,,,,,Yes,,,,,,56,Leaside-Bennington,56,Leaside-Bennington (56),D53,"{""coordinates"": [[-79.3771470000354, 43.7110280002522]], ""type"": ""MultiPoint""}",2016
12273,12274,,2016-01-15,1858,CHAMBERS AVE,ROCKWELL AVE,,Collector,Toronto and East York,Intersection Related,No Control,Rain,Dark,Wet,Non-Fatal Injury,Pedestrian Collisions,Driver,unknown,,,North,"Automobile, Station Wagon",Turning Left,Failed to Yield Right of Way,Unknown,,,,,,,Yes,,Yes,,,,,,,Yes,,,,91,Weston-Pelham Park,91,Weston-Pellam Park (91),D12,"{""coordinates"": [[-79.4631069997728, 43.6767410003707]], ""type"": ""MultiPoint""}",2016
12274,12275,,2016-01-15,1858,CHAMBERS AVE,ROCKWELL AVE,,Collector,Toronto and East York,Intersection Related,No Control,Rain,Dark,Wet,Non-Fatal Injury,Pedestrian Collisions,Pedestrian,60 to 64,Major,,East,,,,,Vehicle turns left while ped crosses with ROW at inter.,Crossing with right of way,Normal,,,,Yes,,Yes,,,,,,,Yes,,,,91,Weston-Pelham Park,91,Weston-Pellam Park (91),D12,"{""coordinates"": [[-79.4631069997728, 43.6767410003707]], ""type"": ""MultiPoint""}",2016
12275,12276,,2016-01-16,748,STEELES AVE W,ALCIDE ST,70 m East of,Major Arterial,Etobicoke York,Non Intersection,No Control,Clear,Daylight,Wet,Non-Fatal Injury,Approaching,Driver,25 to 29,Minor,,West,"Automobile, Station Wagon",Going Ahead,Lost control,Unknown,,,,,,,,,Yes,,,,,,,,,,,1,West Humber-Clairville,1,West Humber-Clairville (1),D23,"{""coordinates"": [[-79.6335020003551, 43.7512650002945]], ""type"": ""MultiPoint""}",2016
12276,12277,,2016-01-16,748,STEELES AVE W,ALCIDE ST,70 m East of,Major Arterial,Etobicoke York,Non Intersection,No Control,Clear,Daylight,Wet,Non-Fatal Injury,Approaching,Driver,25 to 29,Major,,East,"Automobile, Station Wagon",Going Ahead,Driving Properly,Normal,,,,,,,,,Yes,,,,,,,,,,,1,West Humber-Clairville,1,West Humber-Clairville (1),D23,"{""coordinates"": [[-79.6335020003551, 43.7512650002945]], ""type"": ""MultiPoint""}",2016
12277,12278,,2016-01-16,1137,BATHURST ST,DUNDAS ST W,57 m North o,Major Arterial,Toronto and East York,Non Intersection,No Control,Clear,Daylight,Dry,Non-Fatal Injury,Turning Movement,Driver,35 to 39,Minimal,,North,"Automobile, Station Wagon",Making U Turn,Improper Turn,Inattentive,,,,,,,,,Yes,,,,,Yes,,,,,,81,Trinity-Bellwoods,81,Trinity-Bellwoods (81),D14,"{""coordinates"": [[-79.4062760002959, 43.6529150003143]], ""type"": ""MultiPoint""}",2016
12278,12279,,2016-01-16,1137,BATHURST ST,DUNDAS ST W,57 m North o,Major Arterial,Toronto and East York,Non Intersection,No Control,Clear,Daylight,Dry,Non-Fatal Injury,Turning Movement,Driver,35 to 39,,,North,Pick Up Truck,Going Ahead,Driving Properly,Normal,,,,,,,,,Yes,,,,,Yes,,,,,,81,Trinity-Bellwoods,81,Trinity-Bellwoods (81),D14,"{""coordinates"": [[-79.4062760002959, 43.6529150003143]], ""type"": ""MultiPoint""}",2016
12279,12280,,2016-01-16,1137,BATHURST ST,DUNDAS ST W,57 m North o,Major Arterial,Toronto and East York,Non Intersection,No Control,Clear,Daylight,Dry,Non-Fatal Injury,Turning Movement,Passenger,25 to 29,Major,,,,,,,,,,,,,,,Yes,,,,,Yes,,,,,,81,Trinity-Bellwoods,81,Trinity-Bellwoods (81),D14,"{""coordinates"": [[-79.4062760002959, 43.6529150003143]], ""type"": ""MultiPoint""}",2016
12280,12281,,2016-01-16,1137,BATHURST ST,DUNDAS ST W,57 m North o,Major Arterial,Toronto and East York,Non Intersection,No Control,Clear,Daylight,Dry,Non-Fatal Injury,Turning Movement,Passenger,20 to 24,Minor,,,,,,,,,,,,,,,Yes,,,,,Yes,,,,,,81,Trinity-Bellwoods,81,Trinity-Bellwoods (81),D14,"{""coordinates"": [[-79.4062760002959, 43.6529150003143]], ""type"": ""MultiPoint""}",2016
12281,12282,,2016-01-16,1137,BATHURST ST,DUNDAS ST W,57 m North o,Major Arterial,Toronto and East York,Non Intersection,No Control,Clear,Daylight,Dry,Non-Fatal Injury,Turning Movement,Passenger,5 to 9,,,,,,,,,,,,,,,,Yes,,,,,Yes,,,,,,81,Trinity-Bellwoods,81,Trinity-Bellwoods (81),D14,"{""coordinates"": [[-79.4062760002959, 43.6529150003143]], ""type"": ""MultiPoint""}",2016
12282,12283,,2016-01-16,1137,BATHURST ST,DUNDAS ST W,57 m North o,Major Arterial,Toronto and East York,Non Intersection,No Control,Clear,Daylight,Dry,Non-Fatal Injury,Turning Movement,Passenger,5 to 9,,,,,,,,,,,,,,,,Yes,,,,,Yes,,,,,,81,Trinity-Bellwoods,81,Trinity-Bellwoods (81),D14,"{""coordinates"": [[-79.4062760002959, 43.6529150003143]], ""type"": ""MultiPoint""}",2016
12283,12284,,2016-01-16,1536,OSSINGTON AVE,DAVENPORT RD,41 m South o,Minor Arterial,Toronto and East York,Non Intersection,No Control,Clear,Daylight,Dry,Non-Fatal Injury,Pedestrian Collisions,Driver,50 to 54,,,South,"Automobile, Station Wagon",Going Ahead,Driving Properly,Normal,,,,,,,Yes,,Yes,,,,,,,,,,,94,Wychwood,94,Wychwood (94),D13,"{""coordinates"": [[-79.4308050002258, 43.6743110002788]], ""type"": ""MultiPoint""}",2016
12284,12285,,2016-01-16,1536,OSSINGTON AVE,DAVENPORT RD,41 m South o,Minor Arterial,Toronto and East York,Non Intersection,No Control,Clear,Daylight,Dry,Non-Fatal Injury,Pedestrian Collisions,Pedestrian,20 to 24,Major,,North,,,,,Pedestrian hit at mid-block,Running onto Roadway,Normal,,,,Yes,,Yes,,,,,,,,,,,94,Wychwood,94,Wychwood (94),D13,"{""coordinates"": [[-79.4308050002258, 43.6743110002788]], ""type"": ""MultiPoint""}",2016
12285,12286,,2016-01-17,1935,SHEPPARD AVE E,CHICHESTER PL,,Major Arterial,Scarborough,At Intersection,No Control,Clear,"Dark, artificial",Dry,Fatal,Pedestrian Collisions,Driver,35 to 39,,,West,"Automobile, Station Wagon",Going Ahead,Driving Properly,Normal,,,,,,,Yes,,Yes,,,,,,,,,,,118,Tam O'Shanter-Sullivan,118,Tam O'Shanter-Sullivan (118),D42,"{""coordinates"": [[-79.3203160005509, 43.7758930004586]], ""type"": ""MultiPoint""}",2016
12286,12287,,2016-01-17,1935,SHEPPARD AVE E,CHICHESTER PL,,Major Arterial,Scarborough,At Intersection,No Control,Clear,"Dark, artificial",Dry,Fatal,Pedestrian Collisions,Pedestrian,75 to 79,Fatal,4.0,North,,,,,Vehicle is going straight thru inter.while ped cross without ROW,"Crossing, no Traffic Control",Inattentive,,,,Yes,,Yes,,,,,,,,,,,118,Tam O'Shanter-Sullivan,118,Tam O'Shanter-Sullivan (118),D42,"{""coordinates"": [[-79.3203160005509, 43.7758930004586]], ""type"": ""MultiPoint""}",2016
12287,12288,,2016-01-19,1300,COMBE AVE,WILMINGTON AVE,,Minor Arterial,North York,At Intersection,Stop Sign,Clear,Daylight,Dry,Non-Fatal Injury,Angle,Driver,20 to 24,Major,,West,"Automobile, Station Wagon",Going Ahead,Exceeding Speed Limit,Inattentive,,,,,,,,,Yes,,Yes,,,,Yes,Yes,,,,34,Bathurst Manor,34,Bathurst Manor (34),D32,"{""coordinates"": [[-79.4556000003698, 43.7596349999249]], ""type"": ""MultiPoint""}",2016
12288,12289,,2016-01-19,1300,COMBE AVE,WILMINGTON AVE,,Minor Arterial,North York,At Intersection,Stop Sign,Clear,Daylight,Dry,Non-Fatal Injury,Angle,Truck Driver,45 to 49,Major,,South,"Truck - Closed (Blazer, etc)",Going Ahead,Driving Properly,Normal,,,,,,,,,Yes,,Yes,,,,Yes,Yes,,,,34,Bathurst Manor,34,Bathurst Manor (34),D32,"{""coordinates"": [[-79.4556000003698, 43.7596349999249]], ""type"": ""MultiPoint""}",2016
12289,12290,,2016-01-21,1917,FINCH AVE W,WESTON RD,90 m West of,Major Arterial,Etobicoke York,Non Intersection,No Control,Clear,"Dark, artificial",Dry,Non-Fatal Injury,Pedestrian Collisions,Driver,65 to 69,,,East,"Automobile, Station Wagon",Going Ahead,Driving Properly,Normal,,,,,,,Yes,,Yes,,Yes,,,Yes,,,,,,22,Humbermede,22,Humbermede (22),D31,"{""coordinates"": [[-79.5435290003266, 43.7518450002126]], ""type"": ""MultiPoint""}",2016
12290,12291,,2016-01-21,1917,FINCH AVE W,WESTON RD,90 m West of,Major Arterial,Etobicoke York,Non Intersection,No Control,Clear,"Dark, artificial",Dry,Non-Fatal Injury,Pedestrian Collisions,Driver - Not Hit,35 to 39,,,East,"Truck - Closed (Blazer, etc)",,,,,,,,,,Yes,,Yes,,Yes,,,Yes,,,,,,22,Humbermede,22,Humbermede (22),D31,"{""coordinates"": [[-79.5435290003266, 43.7518450002126]], ""type"": ""MultiPoint""}",2016
12291,12292,,2016-01-21,1917,FINCH AVE W,WESTON RD,90 m West of,Major Arterial,Etobicoke York,Non Intersection,No Control,Clear,"Dark, artificial",Dry,Non-Fatal Injury,Pedestrian Collisions,Passenger,55 to 59,,,,,,,,,,,,,,Yes,,Yes,,Yes,,,Yes,,,,,,22,Humbermede,22,Humbermede (22),D31,"{""coordinates"": [[-79.5435290003266, 43.7518450002126]], ""type"": ""MultiPoint""}",2016
12292,12293,,2016-01-21,1917,FINCH AVE W,WESTON RD,90 m West of,Major Arterial,Etobicoke York,Non Intersection,No Control,Clear,"Dark, artificial",Dry,Non-Fatal Injury,Pedestrian Collisions,Pedestrian,45 to 49,Major,,Unknown,,,,,Pedestrian hit at mid-block,Other,Inattentive,,,,Yes,,Yes,,Yes,,,Yes,,,,,,22,Humbermede,22,Humbermede (22),D31,"{""coordinates"": [[-79.5435290003266, 43.7518450002126]], ""type"": ""MultiPoint""}",2016
12293,12294,,2016-01-22,1811,135 TYNDALL AVE,,85 m South o,Local,Toronto and East York,At/Near Private Drive,No Control,Clear,"Dark, artificial",Dry,Non-Fatal Injury,Cyclist Collisions,Driver,40 to 44,,,South,"Automobile, Station Wagon",Turning Left,Improper Turn,Inattentive,,,,,,,,Yes,Yes,,,,,,,,,,,85,South Parkdale,85,South Parkdale (85),D14,"{""coordinates"": [[-79.4286839995119, 43.6374190000103]], ""type"": ""MultiPoint""}",2016