index,_id,ACCNUM,DATE,TIME,STREET1,STREET2,OFFSET,ROAD_CLASS,DISTRICT,ACCLOC,TRAFFCTL,VISIBILITY,LIGHT,RDSFCOND,ACCLASS,IMPACTYPE,INVTYPE,INVAGE,INJURY,FATAL_NO,INITDIR,VEHTYPE,MANOEUVER,DRIVACT,DRIVCOND,PEDTYPE,PEDACT,PEDCOND,CYCLISTYPE,CYCACT,CYCCOND,PEDESTRIAN,CYCLIST,AUTOMOBILE,MOTORCYCLE,TRUCK,TRSN_CITY_VEH,EMERG_VEH,PASSENGER,SPEEDING,AG_DRIV,REDLIGHT,ALCOHOL,DISABILITY,HOOD_158,NEIGHBOURHOOD_158,HOOD_140,NEIGHBOURHOOD_140,DIVISION,geometry,ACCIDENT_YEAR
13066,13067,,2016-10-31,257,F G GARDINER XY  E,JAMESON AVE,,,Toronto and East York,Non Intersection,No Control,Clear,Dark,Dry,Fatal,SMV Other,Driver,25 to 29,Fatal,68.0,East,"Automobile, Station Wagon",Going Ahead,Lost control,Unknown,,,,,,,,,Yes,,,,,,Yes,Yes,,,,85,South Parkdale,85,South Parkdale (85),D14,"{""coordinates"": [[-79.4352219997335, 43.6330779996881]], ""type"": ""MultiPoint""}",2016
13067,13068,,2016-10-31,2035,LAWRENCE AVE E,DON MILLS RD,45 m West of,Major Arterial,North York,Non Intersection,No Control,Clear,"Dark, artificial",Dry,Non-Fatal Injury,Pedestrian Collisions,Driver,40 to 44,Minimal,,West,"Automobile, Station Wagon",Going Ahead,Exceeding Speed Limit,Inattentive,,,,,,,Yes,,Yes,,,,,Yes,Yes,Yes,,Yes,,42,Banbury-Don Mills,42,Banbury-Don Mills (42),D33,"{""coordinates"": [[-79.3442110003575, 43.7369300004466]], ""type"": ""MultiPoint""}",2016
13068,13069,,2016-10-31,2035,LAWRENCE AVE E,DON MILLS RD,45 m West of,Major Arterial,North York,Non Intersection,No Control,Clear,"Dark, artificial",Dry,Non-Fatal Injury,Pedestrian Collisions,Driver,35 to 39,Minimal,,West,"Automobile, Station Wagon",Going Ahead,Driving Properly,"Ability Impaired, Alcohol Over .08",,,,,,,Yes,,Yes,,,,,Yes,Yes,Yes,,Yes,,42,Banbury-Don Mills,42,Banbury-Don Mills (42),D33,"{""coordinates"": [[-79.3442110003575, 43.7369300004466]], ""type"": ""MultiPoint""}",2016
13069,13070,,2016-10-31,2035,LAWRENCE AVE E,DON MILLS RD,45 m West of,Major Arterial,North York,Non Intersection,No Control,Clear,"Dark, artificial",Dry,Non-Fatal Injury,Pedestrian Collisions,Driver,40 to 44,Minimal,,West,"Automobile, Station Wagon",Going Ahead,Driving Properly,Normal,,,,,,,Yes,,Yes,,,,,Yes,Yes,Yes,,Yes,,42,Banbury-Don Mills,42,Banbury-Don Mills (42),D33,"{""coordinates"": [[-79.3442110003575, 43.7369300004466]], ""type"": ""MultiPoint""}",2016
13070,13071,,2016-10-31,2035,LAWRENCE AVE E,DON MILLS RD,45 m West of,Major Arterial,North York,Non Intersection,No Control,Clear,"Dark, artificial",Dry,Non-Fatal Injury,Pedestrian Collisions,Passenger,5 to 9,Minimal,,,,,,,,,,,,,Yes,,Yes,,,,,Yes,Yes,Yes,,Yes,,42,Banbury-Don Mills,42,Banbury-Don Mills (42),D33,"{""coordinates"": [[-79.3442110003575, 43.7369300004466]], ""type"": ""MultiPoint""}",2016
13071,13072,,2016-10-31,2035,LAWRENCE AVE E,DON MILLS RD,45 m West of,Major Arterial,North York,Non Intersection,No Control,Clear,"Dark, artificial",Dry,Non-Fatal Injury,Pedestrian Collisions,Passenger,5 to 9,Minimal,,,,,,,,,,,,,Yes,,Yes,,,,,Yes,Yes,Yes,,Yes,,42,Banbury-Don Mills,42,Banbury-Don Mills (42),D33,"{""coordinates"": [[-79.3442110003575, 43.7369300004466]], ""type"": ""MultiPoint""}",2016
13072,13073,,2016-10-31,2035,LAWRENCE AVE E,DON MILLS RD,45 m West of,Major Arterial,North York,Non Intersection,No Control,Clear,"Dark, artificial",Dry,Non-Fatal Injury,Pedestrian Collisions,Pedestrian,10 to 14,Major,,Unknown,,,,,Pedestrian hit on sidewalk or shoulder,On Sidewalk or Shoulder,Normal,,,,Yes,,Yes,,,,,Yes,Yes,Yes,,Yes,,42,Banbury-Don Mills,42,Banbury-Don Mills (42),D33,"{""coordinates"": [[-79.3442110003575, 43.7369300004466]], ""type"": ""MultiPoint""}",2016
13073,13074,,2016-10-31,2035,LAWRENCE AVE E,DON MILLS RD,45 m West of,Major Arterial,North York,Non Intersection,No Control,Clear,"Dark, artificial",Dry,Non-Fatal Injury,Pedestrian Collisions,Pedestrian,10 to 14,Major,,Unknown,,,,,Pedestrian hit on sidewalk or shoulder,On Sidewalk or Shoulder,Normal,,,,Yes,,Yes,,,,,Yes,Yes,Yes,,Yes,,42,Banbury-Don Mills,42,Banbury-Don Mills (42),D33,"{""coordinates"": [[-79.3442110003575, 43.7369300004466]], ""type"": ""MultiPoint""}",2016
13074,13075,,2016-10-31,2035,LAWRENCE AVE E,DON MILLS RD,45 m West of,Major Arterial,North York,Non Intersection,No Control,Clear,"Dark, artificial",Dry,Non-Fatal Injury,Pedestrian Collisions,Pedestrian,10 to 14,Minor,,Unknown,,,,,Pedestrian hit on sidewalk or shoulder,On Sidewalk or Shoulder,Normal,,,,Yes,,Yes,,,,,Yes,Yes,Yes,,Yes,,42,Banbury-Don Mills,42,Banbury-Don Mills (42),D33,"{""coordinates"": [[-79.3442110003575, 43.7369300004466]], ""type"": ""MultiPoint""}",2016
13075,13076,,2016-11-01,1300,KIPLING AVE,JUTLAND RD,,Major Arterial,Etobicoke York,At Intersection,Stop Sign,Clear,Daylight,Dry,Non-Fatal Injury,Turning Movement,Driver,40 to 44,,,West,"Automobile, Station Wagon",Turning Left,Failed to Yield Right of Way,Inattentive,,,,,,,,,Yes,Yes,,,,,,Yes,,,,159,Etobicoke City Centre,14,Islington-City Centre West (14),D22,"{""coordinates"": [[-79.5288039998798, 43.6262309995781]], ""type"": ""MultiPoint""}",2016
13076,13077,,2016-11-01,1300,KIPLING AVE,JUTLAND RD,,Major Arterial,Etobicoke York,At Intersection,Stop Sign,Clear,Daylight,Dry,Non-Fatal Injury,Turning Movement,Motorcycle Driver,50 to 54,Major,,North,Motorcycle,Going Ahead,Driving Properly,Normal,,,,,,,,,Yes,Yes,,,,,,Yes,,,,159,Etobicoke City Centre,14,Islington-City Centre West (14),D22,"{""coordinates"": [[-79.5288039998798, 43.6262309995781]], ""type"": ""MultiPoint""}",2016
13077,13078,,2016-11-01,2100,BAYVIEW AVE,HEATHCOTE AVE,100 m North ,Major Arterial,North York,Non Intersection,No Control,Clear,"Dark, artificial",Dry,Non-Fatal Injury,Turning Movement,Driver,20 to 24,Major,,South,"Automobile, Station Wagon",Turning Left,Improper Turn,Unknown,,,,,,,,,Yes,,,,,,,,,,,40,St.Andrew-Windfields,40,St.Andrew-Windfields (40),D33,"{""coordinates"": [[-79.3851350000084, 43.7530619999655]], ""type"": ""MultiPoint""}",2016
13078,13079,,2016-11-01,2100,BAYVIEW AVE,HEATHCOTE AVE,100 m North ,Major Arterial,North York,Non Intersection,No Control,Clear,"Dark, artificial",Dry,Non-Fatal Injury,Turning Movement,Driver,50 to 54,Minor,,North,"Automobile, Station Wagon",Going Ahead,Driving Properly,Normal,,,,,,,,,Yes,,,,,,,,,,,40,St.Andrew-Windfields,40,St.Andrew-Windfields (40),D33,"{""coordinates"": [[-79.3851350000084, 43.7530619999655]], ""type"": ""MultiPoint""}",2016
13079,13080,,2016-11-02,1948,486 COLLEGE ST,,,Major Arterial,Toronto and East York,Non Intersection,No Control,Rain,"Dark, artificial",Wet,Fatal,Pedestrian Collisions,Pedestrian,65 to 69,Fatal,69.0,North,,,,,Pedestrian hit at mid-block,"Crossing, no Traffic Control",Inattentive,,,,Yes,,Yes,,,,,,,,,,,81,Trinity-Bellwoods,81,Trinity-Bellwoods (81),D14,"{""coordinates"": [[-79.4094880001959, 43.6560960004323]], ""type"": ""MultiPoint""}",2016
13080,13081,,2016-11-02,1948,486 COLLEGE ST,,,Major Arterial,Toronto and East York,Non Intersection,No Control,Rain,"Dark, artificial",Wet,Fatal,Pedestrian Collisions,Driver,30 to 34,,,East,"Automobile, Station Wagon",Going Ahead,Driving Properly,Normal,,,,,,,Yes,,Yes,,,,,,,,,,,81,Trinity-Bellwoods,81,Trinity-Bellwoods (81),D14,"{""coordinates"": [[-79.4094880001959, 43.6560960004323]], ""type"": ""MultiPoint""}",2016
13081,13082,,2016-11-02,1948,486 COLLEGE ST,,,Major Arterial,Toronto and East York,Non Intersection,No Control,Rain,"Dark, artificial",Wet,Fatal,Pedestrian Collisions,Pedestrian,60 to 64,Minor,,North,,,,,Pedestrian hit at mid-block,"Crossing, no Traffic Control",Normal,,,,Yes,,Yes,,,,,,,,,,,81,Trinity-Bellwoods,81,Trinity-Bellwoods (81),D14,"{""coordinates"": [[-79.4094880001959, 43.6560960004323]], ""type"": ""MultiPoint""}",2016
13082,13083,,2016-11-02,1948,486 COLLEGE ST,,,Major Arterial,Toronto and East York,Non Intersection,No Control,Rain,"Dark, artificial",Wet,Fatal,Pedestrian Collisions,Driver,45 to 49,,,West,Passenger Van,Going Ahead,Driving Properly,Normal,,,,,,,Yes,,Yes,,,,,,,,,,,81,Trinity-Bellwoods,81,Trinity-Bellwoods (81),D14,"{""coordinates"": [[-79.4094880001959, 43.6560960004323]], ""type"": ""MultiPoint""}",2016
13083,13084,,2016-11-03,226,F G GARDINER XY  E,CHERRY ST,,,Toronto and East York,Non Intersection,No Control,Clear,"Dark, artificial",Dry,Non-Fatal Injury,SMV Other,Motorcycle Driver,20 to 24,Major,,East,Motorcycle,Going Ahead,Lost control,Inattentive,,,,,,,,,,Yes,,,,Yes,,,,,,166,St Lawrence-East Bayfront-The Islands,77,Waterfront Communities-The Island (77),D51,"{""coordinates"": [[-79.3549000002068, 43.6489089997076]], ""type"": ""MultiPoint""}",2016
13084,13085,,2016-11-03,226,F G GARDINER XY  E,CHERRY ST,,,Toronto and East York,Non Intersection,No Control,Clear,"Dark, artificial",Dry,Non-Fatal Injury,SMV Other,Motorcycle Passenger,20 to 24,Minor,,,,,,,,,,,,,,,,Yes,,,,Yes,,,,,,166,St Lawrence-East Bayfront-The Islands,77,Waterfront Communities-The Island (77),D51,"{""coordinates"": [[-79.3549000002068, 43.6489089997076]], ""type"": ""MultiPoint""}",2016
13085,13086,,2016-11-03,1507,PARLIAMENT ST,WELLESLEY ST E,,Minor Arterial,Toronto and East York,At Intersection,Traffic Signal,Clear,Daylight,Dry,Non-Fatal Injury,Cyclist Collisions,Truck Driver,40 to 44,,,South,Truck - Dump,Turning Right,Improper Turn,Inattentive,,,,,,,,Yes,,,Yes,,,,,,,,,71,Cabbagetown-South St.James Town,71,Cabbagetown-South St.James Town (71),D51,"{""coordinates"": [[-79.3695250005048, 43.668101000051]], ""type"": ""MultiPoint""}",2016
13086,13087,,2016-11-03,1507,PARLIAMENT ST,WELLESLEY ST E,,Minor Arterial,Toronto and East York,At Intersection,Traffic Signal,Clear,Daylight,Dry,Non-Fatal Injury,Cyclist Collisions,Cyclist,25 to 29,Major,,South,Bicycle,Stopped,,,,,,Motorist turning right on red at signalized intersection strikes cyclist.,Other,Inattentive,,Yes,,,Yes,,,,,,,,,71,Cabbagetown-South St.James Town,71,Cabbagetown-South St.James Town (71),D51,"{""coordinates"": [[-79.3695250005048, 43.668101000051]], ""type"": ""MultiPoint""}",2016
13087,13088,,2016-11-03,1815,LAWRENCE AVE E,GREENHOLM CRCT,,Major Arterial,Scarborough,At Intersection,No Control,Clear,"Dusk, artificial",Dry,Non-Fatal Injury,Pedestrian Collisions,Driver,70 to 74,,,East,"Automobile, Station Wagon",Going Ahead,Driving Properly,Normal,,,,,,,Yes,,Yes,,,,,,,,,,,141,Golfdale-Cedarbrae-Woburn,137,Woburn (137),D43,"{""coordinates"": [[-79.2229489999838, 43.7602410000484]], ""type"": ""MultiPoint""}",2016
13088,13089,,2016-11-03,1815,LAWRENCE AVE E,GREENHOLM CRCT,,Major Arterial,Scarborough,At Intersection,No Control,Clear,"Dusk, artificial",Dry,Non-Fatal Injury,Pedestrian Collisions,Pedestrian,60 to 64,Major,,South,,,,,Pedestrian hit at mid-block,Crossing marked crosswalk without ROW,Had Been Drinking,,,,Yes,,Yes,,,,,,,,,,,141,Golfdale-Cedarbrae-Woburn,137,Woburn (137),D43,"{""coordinates"": [[-79.2229489999838, 43.7602410000484]], ""type"": ""MultiPoint""}",2016
13089,13090,,2016-11-03,2201,401 W ALLEN YORKDALE RAMP,YORKDALE RD,20 m East of,Minor Arterial,North York,Intersection Related,Traffic Signal,Clear,Dark,Dry,Non-Fatal Injury,SMV Other,Driver,20 to 24,Major,,South,"Automobile, Station Wagon",Going Ahead,Lost control,Unknown,,,,,,,,,Yes,,,,,,,,,,,31,Yorkdale-Glen Park,31,Yorkdale-Glen Park (31),D32,"{""coordinates"": [[-79.4494739999365, 43.7274960003248]], ""type"": ""MultiPoint""}",2016
13090,13091,,2016-11-05,32,BRUYERES  MEWS,IANNUZZI  ST,40 m West of,Pending,Toronto and East York,Non Intersection,No Control,Clear,Dark,Dry,Non-Fatal Injury,Turning Movement,Driver,20 to 24,,,West,"Automobile, Station Wagon",Going Ahead,Disobeyed Traffic Control,Unknown,,,,,,,,,Yes,,,,,Yes,Yes,Yes,,,,163,Fort York-Liberty Village,82,Niagara (82),D14,"{""coordinates"": [[-79.4018970005329, 43.6373769997395]], ""type"": ""MultiPoint""}",2016
13091,13092,,2016-11-05,32,BRUYERES  MEWS,IANNUZZI  ST,40 m West of,Pending,Toronto and East York,Non Intersection,No Control,Clear,Dark,Dry,Non-Fatal Injury,Turning Movement,Driver,30 to 34,,,West,Pick Up Truck,Making U Turn,Driving Properly,Normal,,,,,,,,,Yes,,,,,Yes,Yes,Yes,,,,163,Fort York-Liberty Village,82,Niagara (82),D14,"{""coordinates"": [[-79.4018970005329, 43.6373769997395]], ""type"": ""MultiPoint""}",2016
13092,13093,,2016-11-05,32,BRUYERES  MEWS,IANNUZZI  ST,40 m West of,Pending,Toronto and East York,Non Intersection,No Control,Clear,Dark,Dry,Non-Fatal Injury,Turning Movement,Driver,50 to 54,,,East,"Automobile, Station Wagon",Stopped,Driving Properly,Normal,,,,,,,,,Yes,,,,,Yes,Yes,Yes,,,,163,Fort York-Liberty Village,82,Niagara (82),D14,"{""coordinates"": [[-79.4018970005329, 43.6373769997395]], ""type"": ""MultiPoint""}",2016
13093,13094,,2016-11-05,32,BRUYERES  MEWS,IANNUZZI  ST,40 m West of,Pending,Toronto and East York,Non Intersection,No Control,Clear,Dark,Dry,Non-Fatal Injury,Turning Movement,Passenger,20 to 24,Major,,,,,,,,,,,,,,,Yes,,,,,Yes,Yes,Yes,,,,163,Fort York-Liberty Village,82,Niagara (82),D14,"{""coordinates"": [[-79.4018970005329, 43.6373769997395]], ""type"": ""MultiPoint""}",2016
13094,13095,,2016-11-06,1155,BLOOR ST W,GRENVIEW BLVD N,,Major Arterial,Etobicoke York,At Intersection,Stop Sign,Clear,Daylight,Dry,Fatal,Pedestrian Collisions,Pedestrian,Over 95,Fatal,70.0,East,,,,,Vehicle turns right while ped crosses with ROW at inter.,Crossing with right of way,Other,,,,Yes,,Yes,,,,,,,Yes,,,,16,Stonegate-Queensway,16,Stonegate-Queensway (16),D22,"{""coordinates"": [[-79.5077469996024, 43.6481580004092]], ""type"": ""MultiPoint""}",2016
13095,13096,,2016-11-06,1155,BLOOR ST W,GRENVIEW BLVD N,,Major Arterial,Etobicoke York,At Intersection,Stop Sign,Clear,Daylight,Dry,Fatal,Pedestrian Collisions,Driver,25 to 29,,,South,Pick Up Truck,Turning Right,Failed to Yield Right of Way,Normal,,,,,,,Yes,,Yes,,,,,,,Yes,,,,16,Stonegate-Queensway,16,Stonegate-Queensway (16),D22,"{""coordinates"": [[-79.5077469996024, 43.6481580004092]], ""type"": ""MultiPoint""}",2016
13096,13097,,2016-11-06,1900,MARKHAM RD,ROSEBANK DR,25 m West of,Major Arterial,Scarborough,Intersection Related,No Control,Clear,"Dark, artificial",Dry,Non-Fatal Injury,Pedestrian Collisions,Driver,75 to 79,,,South,Passenger Van,Going Ahead,Driving Properly,Normal,,,,,,,Yes,,Yes,,,,,,,,,,,146,Malvern East,132,Malvern (132),D42,"{""coordinates"": [[-79.2377879997925, 43.791438000048]], ""type"": ""MultiPoint""}",2016
13097,13098,,2016-11-06,1900,MARKHAM RD,ROSEBANK DR,25 m West of,Major Arterial,Scarborough,Intersection Related,No Control,Clear,"Dark, artificial",Dry,Non-Fatal Injury,Pedestrian Collisions,Other,50 to 54,,,,,,,,,,,,,,Yes,,Yes,,,,,,,,,,,146,Malvern East,132,Malvern (132),D42,"{""coordinates"": [[-79.2377879997925, 43.791438000048]], ""type"": ""MultiPoint""}",2016
13098,13099,,2016-11-06,1900,MARKHAM RD,ROSEBANK DR,25 m West of,Major Arterial,Scarborough,Intersection Related,No Control,Clear,"Dark, artificial",Dry,Non-Fatal Injury,Pedestrian Collisions,Pedestrian,70 to 74,Major,,West,,,,,Pedestrian hit at mid-block,"Crossing, no Traffic Control",Inattentive,,,,Yes,,Yes,,,,,,,,,,,146,Malvern East,132,Malvern (132),D42,"{""coordinates"": [[-79.2377879997925, 43.791438000048]], ""type"": ""MultiPoint""}",2016
13099,13100,,2016-11-07,805,ANCASTER RD,REGENT RD,,Local,North York,At Intersection,No Control,Clear,Daylight,Dry,Non-Fatal Injury,Turning Movement,Driver,35 to 39,Minor,,South,"Automobile, Station Wagon",Turning Left,Failed to Yield Right of Way,Inattentive,,,,,,,,,Yes,,,,,Yes,,Yes,,,,155,Downsview,26,Downsview-Roding-CFB (26),D32,"{""coordinates"": [[-79.4658460003868, 43.7317380000555]], ""type"": ""MultiPoint""}",2016
13100,13101,,2016-11-07,805,ANCASTER RD,REGENT RD,,Local,North York,At Intersection,No Control,Clear,Daylight,Dry,Non-Fatal Injury,Turning Movement,Driver,30 to 34,Minor,,North,"Automobile, Station Wagon",Going Ahead,Driving Properly,Normal,,,,,,,,,Yes,,,,,Yes,,Yes,,,,155,Downsview,26,Downsview-Roding-CFB (26),D32,"{""coordinates"": [[-79.4658460003868, 43.7317380000555]], ""type"": ""MultiPoint""}",2016
13101,13102,,2016-11-07,805,ANCASTER RD,REGENT RD,,Local,North York,At Intersection,No Control,Clear,Daylight,Dry,Non-Fatal Injury,Turning Movement,Passenger,0 to 4,Major,,,,,,,,,,,,,,,Yes,,,,,Yes,,Yes,,,,155,Downsview,26,Downsview-Roding-CFB (26),D32,"{""coordinates"": [[-79.4658460003868, 43.7317380000555]], ""type"": ""MultiPoint""}",2016
13102,13103,,2016-11-07,935,AVENUE RD,ROXBOROUGH ST W,,Major Arterial,Toronto and East York,At Intersection,No Control,Clear,Daylight,Dry,Non-Fatal Injury,Pedestrian Collisions,Driver,55 to 59,,,South,"Automobile, Station Wagon",Turning Left,Failed to Yield Right of Way,Inattentive,,,,,,,Yes,,Yes,,,,,Yes,,Yes,,,,95,Annex,95,Annex (95),D53,"{""coordinates"": [[-79.3973880005541, 43.6766879999207]], ""type"": ""MultiPoint""}",2016
13103,13104,,2016-11-07,935,AVENUE RD,ROXBOROUGH ST W,,Major Arterial,Toronto and East York,At Intersection,No Control,Clear,Daylight,Dry,Non-Fatal Injury,Pedestrian Collisions,Driver,50 to 54,Minor,,North,"Automobile, Station Wagon",Going Ahead,Driving Properly,Normal,,,,,,,Yes,,Yes,,,,,Yes,,Yes,,,,95,Annex,95,Annex (95),D53,"{""coordinates"": [[-79.3973880005541, 43.6766879999207]], ""type"": ""MultiPoint""}",2016
13104,13105,,2016-11-07,935,AVENUE RD,ROXBOROUGH ST W,,Major Arterial,Toronto and East York,At Intersection,No Control,Clear,Daylight,Dry,Non-Fatal Injury,Pedestrian Collisions,Passenger,55 to 59,Minor,,,"Automobile, Station Wagon",,,,,,,,,,Yes,,Yes,,,,,Yes,,Yes,,,,95,Annex,95,Annex (95),D53,"{""coordinates"": [[-79.3973880005541, 43.6766879999207]], ""type"": ""MultiPoint""}",2016
13105,13106,,2016-11-07,935,AVENUE RD,ROXBOROUGH ST W,,Major Arterial,Toronto and East York,At Intersection,No Control,Clear,Daylight,Dry,Non-Fatal Injury,Pedestrian Collisions,Pedestrian,25 to 29,Major,,Unknown,,,,,Pedestrian hit on sidewalk or shoulder,,Unknown,,,,Yes,,Yes,,,,,Yes,,Yes,,,,95,Annex,95,Annex (95),D53,"{""coordinates"": [[-79.3973880005541, 43.6766879999207]], ""type"": ""MultiPoint""}",2016
13106,13107,,2016-11-07,1911,ISLINGTON AVE,CORDOVA AVE,50 m South o,Major Arterial,Etobicoke York,Non Intersection,No Control,Clear,Dark,Dry,Non-Fatal Injury,Pedestrian Collisions,Driver,40 to 44,,,North,"Automobile, Station Wagon",Going Ahead,Driving Properly,Normal,,,,,,,Yes,,Yes,,,,,Yes,,,,,,158,Islington,14,Islington-City Centre West (14),D22,"{""coordinates"": [[-79.524828999621, 43.6478179998956]], ""type"": ""MultiPoint""}",2016
13107,13108,,2016-11-07,1911,ISLINGTON AVE,CORDOVA AVE,50 m South o,Major Arterial,Etobicoke York,Non Intersection,No Control,Clear,Dark,Dry,Non-Fatal Injury,Pedestrian Collisions,Driver,50 to 54,,,South,Pick Up Truck,Going Ahead,Driving Properly,Normal,,,,,,,Yes,,Yes,,,,,Yes,,,,,,158,Islington,14,Islington-City Centre West (14),D22,"{""coordinates"": [[-79.524828999621, 43.6478179998956]], ""type"": ""MultiPoint""}",2016
13108,13109,,2016-11-07,1911,ISLINGTON AVE,CORDOVA AVE,50 m South o,Major Arterial,Etobicoke York,Non Intersection,No Control,Clear,Dark,Dry,Non-Fatal Injury,Pedestrian Collisions,Driver,45 to 49,,,North,"Automobile, Station Wagon",Going Ahead,Driving Properly,Normal,,,,,,,Yes,,Yes,,,,,Yes,,,,,,158,Islington,14,Islington-City Centre West (14),D22,"{""coordinates"": [[-79.524828999621, 43.6478179998956]], ""type"": ""MultiPoint""}",2016
13109,13110,,2016-11-07,1911,ISLINGTON AVE,CORDOVA AVE,50 m South o,Major Arterial,Etobicoke York,Non Intersection,No Control,Clear,Dark,Dry,Non-Fatal Injury,Pedestrian Collisions,Driver,30 to 34,,,North,"Automobile, Station Wagon",Going Ahead,Driving Properly,Normal,,,,,,,Yes,,Yes,,,,,Yes,,,,,,158,Islington,14,Islington-City Centre West (14),D22,"{""coordinates"": [[-79.524828999621, 43.6478179998956]], ""type"": ""MultiPoint""}",2016
13110,13111,,2016-11-07,1911,ISLINGTON AVE,CORDOVA AVE,50 m South o,Major Arterial,Etobicoke York,Non Intersection,No Control,Clear,Dark,Dry,Non-Fatal Injury,Pedestrian Collisions,Pedestrian,50 to 54,Major,,Unknown,,,,,Pedestrian hit at mid-block,"Crossing, no Traffic Control",Normal,,,,Yes,,Yes,,,,,Yes,,,,,,158,Islington,14,Islington-City Centre West (14),D22,"{""coordinates"": [[-79.524828999621, 43.6478179998956]], ""type"": ""MultiPoint""}",2016
13111,13112,,2016-11-07,1911,ISLINGTON AVE,CORDOVA AVE,50 m South o,Major Arterial,Etobicoke York,Non Intersection,No Control,Clear,Dark,Dry,Non-Fatal Injury,Pedestrian Collisions,Passenger,10 to 14,,,,,,,,,,,,,,Yes,,Yes,,,,,Yes,,,,,,158,Islington,14,Islington-City Centre West (14),D22,"{""coordinates"": [[-79.524828999621, 43.6478179998956]], ""type"": ""MultiPoint""}",2016
13112,13113,,2016-11-07,1911,ISLINGTON AVE,CORDOVA AVE,50 m South o,Major Arterial,Etobicoke York,Non Intersection,No Control,Clear,Dark,Dry,Non-Fatal Injury,Pedestrian Collisions,Passenger,5 to 9,,,,,,,,,,,,,,Yes,,Yes,,,,,Yes,,,,,,158,Islington,14,Islington-City Centre West (14),D22,"{""coordinates"": [[-79.524828999621, 43.6478179998956]], ""type"": ""MultiPoint""}",2016
13113,13114,,2016-11-08,1833,ISLINGTON AVE,SUMMITCREST DR,,Major Arterial,Etobicoke York,At Intersection,Traffic Signal,Rain,"Dark, artificial",Wet,Non-Fatal Injury,Pedestrian Collisions,Driver,65 to 69,,,East,"Automobile, Station Wagon",Turning Left,Failed to Yield Right of Way,Inattentive,,,,,,,Yes,,Yes,,,,,,,Yes,,,,7,Willowridge-Martingrove-Richview,7,Willowridge-Martingrove-Richview (7),D23,"{""coordinates"": [[-79.5404619999568, 43.6831879995749]], ""type"": ""MultiPoint""}",2016
13114,13115,,2016-11-08,1833,ISLINGTON AVE,SUMMITCREST DR,,Major Arterial,Etobicoke York,At Intersection,Traffic Signal,Rain,"Dark, artificial",Wet,Non-Fatal Injury,Pedestrian Collisions,Pedestrian,15 to 19,Major,,East,,,,,Vehicle turns left while ped crosses with ROW at inter.,Crossing with right of way,Normal,,,,Yes,,Yes,,,,,,,Yes,,,,7,Willowridge-Martingrove-Richview,7,Willowridge-Martingrove-Richview (7),D23,"{""coordinates"": [[-79.5404619999568, 43.6831879995749]], ""type"": ""MultiPoint""}",2016
13115,13116,,2016-11-10,1732,BRIMLEY RD,GAGE AVE,,Major Arterial,Scarborough,Non Intersection,No Control,Clear,"Dark, artificial",Dry,Fatal,Pedestrian Collisions,Driver,70 to 74,Minimal,,South,Passenger Van,Going Ahead,Driving Properly,Normal,,,,,,,Yes,,Yes,,,,,,,,,,,157,Bendale South,127,Bendale (127),D41,"{""coordinates"": [[-79.254107999894, 43.7504910000729]], ""type"": ""MultiPoint""}",2016
13116,13117,,2016-11-10,1732,BRIMLEY RD,GAGE AVE,,Major Arterial,Scarborough,Non Intersection,No Control,Clear,"Dark, artificial",Dry,Fatal,Pedestrian Collisions,Pedestrian,60 to 64,Fatal,71.0,West,,,,,Pedestrian hit at mid-block,"Crossing, no Traffic Control",Inattentive,,,,Yes,,Yes,,,,,,,,,,,157,Bendale South,127,Bendale (127),D41,"{""coordinates"": [[-79.254107999894, 43.7504910000729]], ""type"": ""MultiPoint""}",2016
13117,13118,,2016-11-10,1732,BRIMLEY RD,GAGE AVE,,Major Arterial,Scarborough,Non Intersection,No Control,Clear,"Dark, artificial",Dry,Fatal,Pedestrian Collisions,Pedestrian,65 to 69,Major,,West,,,,,Pedestrian hit at mid-block,"Crossing, no Traffic Control",Unknown,,,,Yes,,Yes,,,,,,,,,,,157,Bendale South,127,Bendale (127),D41,"{""coordinates"": [[-79.254107999894, 43.7504910000729]], ""type"": ""MultiPoint""}",2016
13118,13119,,2016-11-12,1241,WILLOWDALE AVE,ABITIBI AVE,,Minor Arterial,North York,At Intersection,Traffic Signal,Clear,Daylight,Dry,Non-Fatal Injury,Turning Movement,Driver,50 to 54,,,South,"Automobile, Station Wagon",Turning Left,Failed to Yield Right of Way,Inattentive,,,,,,,,,Yes,Yes,,,,,,Yes,,,,50,Newtonbrook East,50,Newtonbrook East (50),D32,"{""coordinates"": [[-79.4137449996523, 43.7975260000715]], ""type"": ""MultiPoint""}",2016
13119,13120,,2016-11-12,1241,WILLOWDALE AVE,ABITIBI AVE,,Minor Arterial,North York,At Intersection,Traffic Signal,Clear,Daylight,Dry,Non-Fatal Injury,Turning Movement,Motorcycle Driver,55 to 59,Major,,North,Motorcycle,Going Ahead,Driving Properly,Normal,,,,,,,,,Yes,Yes,,,,,,Yes,,,,50,Newtonbrook East,50,Newtonbrook East (50),D32,"{""coordinates"": [[-79.4137449996523, 43.7975260000715]], ""type"": ""MultiPoint""}",2016
13120,13121,,2016-11-13,2225,SHEPPARD AVE W,ARLETA AVE,,Major Arterial,Etobicoke York,At Intersection,Traffic Signal,Clear,"Dark, artificial",Dry,Non-Fatal Injury,Turning Movement,Driver,25 to 29,,,North,"Automobile, Station Wagon",Turning Left,Failed to Yield Right of Way,Inattentive,,,,,,,,,Yes,Yes,,,,,Yes,Yes,,,,25,Glenfield-Jane Heights,25,Glenfield-Jane Heights (25),D31,"{""coordinates"": [[-79.5014600004707, 43.7414269996058]], ""type"": ""MultiPoint""}",2016