index,_id,ACCNUM,DATE,TIME,STREET1,STREET2,OFFSET,ROAD_CLASS,DISTRICT,ACCLOC,TRAFFCTL,VISIBILITY,LIGHT,RDSFCOND,ACCLASS,IMPACTYPE,INVTYPE,INVAGE,INJURY,FATAL_NO,INITDIR,VEHTYPE,MANOEUVER,DRIVACT,DRIVCOND,PEDTYPE,PEDACT,PEDCOND,CYCLISTYPE,CYCACT,CYCCOND,PEDESTRIAN,CYCLIST,AUTOMOBILE,MOTORCYCLE,TRUCK,TRSN_CITY_VEH,EMERG_VEH,PASSENGER,SPEEDING,AG_DRIV,REDLIGHT,ALCOHOL,DISABILITY,HOOD_158,NEIGHBOURHOOD_158,HOOD_140,NEIGHBOURHOOD_140,DIVISION,geometry,ACCIDENT_YEAR
13778,13779,,2017-07-22,2305,SCARBOROUGH GOLF CLUB RD,LAWRENCE AVE E,95 m South o,Minor Arterial,Scarborough,Non Intersection,No Control,Clear,"Dark, artificial",Dry,Fatal,Pedestrian Collisions,Passenger,20 to 24,,,,,,,,,,,,,,Yes,,Yes,,,,,Yes,,,,,,141,Golfdale-Cedarbrae-Woburn,137,Woburn (137),D43,"{""coordinates"": [[-79.2157620002053, 43.7608019998197]], ""type"": ""MultiPoint""}",2017
13779,13780,,2017-07-23,620,114 TORYORK  DR,,20 m East of,Collector,Etobicoke York,Non Intersection,No Control,Clear,Dawn,Dry,Non-Fatal Injury,SMV Other,Driver,30 to 34,Major,,East,"Automobile, Station Wagon",Going Ahead,Lost control,Unknown,,,,,,,,,Yes,,,,,,Yes,Yes,,,,21,Humber Summit,21,Humber Summit (21),D31,"{""coordinates"": [[-79.5513570000331, 43.7565029996176]], ""type"": ""MultiPoint""}",2017
13780,13781,,2017-07-26,746,LAWRENCE AVE E,CARNFORTH RD,20 m East of,Major Arterial,North York,At Intersection,Traffic Signal,Clear,Daylight,Dry,Non-Fatal Injury,Rear End,Motorcycle Driver,50 to 54,Major,,West,Motorcycle,Going Ahead,Following too Close,Normal,,,,,,,,,Yes,Yes,,,,,,Yes,,,,43,Victoria Village,43,Victoria Village (43),D33,"{""coordinates"": [[-79.3142039997052, 43.7414270001002]], ""type"": ""MultiPoint""}",2017
13781,13782,,2017-07-26,746,LAWRENCE AVE E,CARNFORTH RD,20 m East of,Major Arterial,North York,At Intersection,Traffic Signal,Clear,Daylight,Dry,Non-Fatal Injury,Rear End,Driver,20 to 24,,,West,"Automobile, Station Wagon",Slowing or Stopping,Driving Properly,Normal,,,,,,,,,Yes,Yes,,,,,,Yes,,,,43,Victoria Village,43,Victoria Village (43),D33,"{""coordinates"": [[-79.3142039997052, 43.7414270001002]], ""type"": ""MultiPoint""}",2017
13782,13783,,2017-07-26,1751,DUNDAS ST W,CARLYLE ST,,Major Arterial,Toronto and East York,At Intersection,No Control,Clear,Daylight,Dry,Non-Fatal Injury,Cyclist Collisions,Cyclist,60 to 64,Major,,West,Bicycle,Going Ahead,,,,,,Motorist turned left across cyclists path.,Driving Properly,Normal,,Yes,Yes,,,,,,,,,,,78,Kensington-Chinatown,78,Kensington-Chinatown (78),D14,"{""coordinates"": [[-79.4048039995914, 43.6520829996355]], ""type"": ""MultiPoint""}",2017
13783,13784,,2017-07-26,1751,DUNDAS ST W,CARLYLE ST,,Major Arterial,Toronto and East York,At Intersection,No Control,Clear,Daylight,Dry,Non-Fatal Injury,Cyclist Collisions,Driver,50 to 54,,,East,"Automobile, Station Wagon",Turning Left,Improper Turn,Inattentive,,,,,,,,Yes,Yes,,,,,,,,,,,78,Kensington-Chinatown,78,Kensington-Chinatown (78),D14,"{""coordinates"": [[-79.4048039995914, 43.6520829996355]], ""type"": ""MultiPoint""}",2017
13784,13785,,2017-07-26,2100,EGLINTON AVE E,VICTORIA PARK AVE,,Major Arterial,North York,At Intersection,Traffic Signal,Rain,"Dark, artificial",Wet,Non-Fatal Injury,Pedestrian Collisions,Pedestrian,65 to 69,Major,,West,,,,,Vehicle turns left while ped crosses with ROW at inter.,Crossing with right of way,Normal,,,,Yes,,Yes,,,,,,,Yes,,,,120,Clairlea-Birchmount,120,Clairlea-Birchmount (120),D41,"{""coordinates"": [[-79.302608000198, 43.7246500003792]], ""type"": ""MultiPoint""}",2017
13785,13786,,2017-07-26,2100,EGLINTON AVE E,VICTORIA PARK AVE,,Major Arterial,North York,At Intersection,Traffic Signal,Rain,"Dark, artificial",Wet,Non-Fatal Injury,Pedestrian Collisions,Driver,55 to 59,,,East,"Automobile, Station Wagon",Turning Left,Failed to Yield Right of Way,Inattentive,,,,,,,Yes,,Yes,,,,,,,Yes,,,,120,Clairlea-Birchmount,120,Clairlea-Birchmount (120),D41,"{""coordinates"": [[-79.302608000198, 43.7246500003792]], ""type"": ""MultiPoint""}",2017
13786,13787,,2017-07-27,1540,QUEEN ST W,YONGE  ST,11 m West of,Major Arterial,Toronto and East York,At Intersection,Traffic Signal,Clear,Daylight,Dry,Non-Fatal Injury,Other,Passenger,65 to 69,Major,,,,,,,,,,,,,,,,,,Yes,,Yes,,,,,,168,Downtown Yonge East,75,Church-Yonge Corridor (75),D51,"{""coordinates"": [[-79.3792219996679, 43.652369000049]], ""type"": ""MultiPoint""}",2017
13787,13788,,2017-07-27,1540,QUEEN ST W,YONGE  ST,11 m West of,Major Arterial,Toronto and East York,At Intersection,Traffic Signal,Clear,Daylight,Dry,Non-Fatal Injury,Other,Driver,40 to 44,,,East,Municipal Transit Bus (TTC),Pulling Away from Shoulder or Curb,Driving Properly,Normal,,,,,,,,,,,,Yes,,Yes,,,,,,168,Downtown Yonge East,75,Church-Yonge Corridor (75),D51,"{""coordinates"": [[-79.3792219996679, 43.652369000049]], ""type"": ""MultiPoint""}",2017
13788,13789,,2017-07-28,1830,YONGE ST,BOGERT AVE,7 m North of,Major Arterial,North York,At Intersection,No Control,Clear,Daylight,Dry,Non-Fatal Injury,Sideswipe,Driver,55 to 59,,,South,"Automobile, Station Wagon",Changing Lanes,Improper Lane Change,Inattentive,,,,,,,,,Yes,Yes,,,,Yes,,,,,,153,Avondale,51,Willowdale East (51),D32,"{""coordinates"": [[-79.410709000152, 43.7606420001438]], ""type"": ""MultiPoint""}",2017
13789,13790,,2017-07-28,1830,YONGE ST,BOGERT AVE,7 m North of,Major Arterial,North York,At Intersection,No Control,Clear,Daylight,Dry,Non-Fatal Injury,Sideswipe,Motorcycle Driver,50 to 54,Major,,South,Motorcycle,Going Ahead,Driving Properly,Normal,,,,,,,,,Yes,Yes,,,,Yes,,,,,,153,Avondale,51,Willowdale East (51),D32,"{""coordinates"": [[-79.410709000152, 43.7606420001438]], ""type"": ""MultiPoint""}",2017
13790,13791,,2017-07-28,1830,YONGE ST,BOGERT AVE,7 m North of,Major Arterial,North York,At Intersection,No Control,Clear,Daylight,Dry,Non-Fatal Injury,Sideswipe,Passenger,55 to 59,,,,,,,,,,,,,,,,Yes,Yes,,,,Yes,,,,,,153,Avondale,51,Willowdale East (51),D32,"{""coordinates"": [[-79.410709000152, 43.7606420001438]], ""type"": ""MultiPoint""}",2017
13791,13792,,2017-07-28,1830,YONGE ST,BOGERT AVE,7 m North of,Major Arterial,North York,At Intersection,No Control,Clear,Daylight,Dry,Non-Fatal Injury,Sideswipe,Passenger,25 to 29,,,,,,,,,,,,,,,,Yes,Yes,,,,Yes,,,,,,153,Avondale,51,Willowdale East (51),D32,"{""coordinates"": [[-79.410709000152, 43.7606420001438]], ""type"": ""MultiPoint""}",2017
13792,13793,,2017-07-28,1830,YONGE ST,BOGERT AVE,7 m North of,Major Arterial,North York,At Intersection,No Control,Clear,Daylight,Dry,Non-Fatal Injury,Sideswipe,Passenger,15 to 19,,,,,,,,,,,,,,,,Yes,Yes,,,,Yes,,,,,,153,Avondale,51,Willowdale East (51),D32,"{""coordinates"": [[-79.410709000152, 43.7606420001438]], ""type"": ""MultiPoint""}",2017
13793,13794,,2017-07-28,1830,YONGE ST,BOGERT AVE,7 m North of,Major Arterial,North York,At Intersection,No Control,Clear,Daylight,Dry,Non-Fatal Injury,Sideswipe,Passenger,15 to 19,,,,,,,,,,,,,,,,Yes,Yes,,,,Yes,,,,,,153,Avondale,51,Willowdale East (51),D32,"{""coordinates"": [[-79.410709000152, 43.7606420001438]], ""type"": ""MultiPoint""}",2017
13794,13795,,2017-07-30,237,DUNDAS ST W,KEELE ST,,Major Arterial,Toronto and East York,At Intersection,Traffic Signal,Clear,Dark,Dry,Non-Fatal Injury,Angle,Driver,55 to 59,Minimal,,North,"Automobile, Station Wagon",Going Ahead,Other,"Ability Impaired, Alcohol Over .08",,,,,,,,,Yes,,,,,,Yes,Yes,,Yes,,90,Junction Area,90,Junction Area (90),D11,"{""coordinates"": [[-79.4645190004975, 43.6653320002122]], ""type"": ""MultiPoint""}",2017
13795,13796,,2017-07-30,237,DUNDAS ST W,KEELE ST,,Major Arterial,Toronto and East York,At Intersection,Traffic Signal,Clear,Dark,Dry,Non-Fatal Injury,Angle,Driver,60 to 64,Major,,East,"Automobile, Station Wagon",Going Ahead,Driving Properly,Normal,,,,,,,,,Yes,,,,,,Yes,Yes,,Yes,,90,Junction Area,90,Junction Area (90),D11,"{""coordinates"": [[-79.4645190004975, 43.6653320002122]], ""type"": ""MultiPoint""}",2017
13796,13797,,2017-07-31,139,BATHURST ST,FINCH AVE W,,Major Arterial,,At Intersection,Traffic Signal,Clear,"Daylight, artificial",Dry,Non-Fatal Injury,Angle,Passenger,70 to 74,Major,,,,,,,,,,,,,,,Yes,,,,,Yes,,Yes,Yes,,,37,Willowdale West,37,Willowdale West (37),D32,"{""coordinates"": [[-79.4429660003194, 43.7737870003115]], ""type"": ""MultiPoint""}",2017
13797,13798,,2017-07-31,139,BATHURST ST,FINCH AVE W,,Major Arterial,,At Intersection,Traffic Signal,Clear,"Daylight, artificial",Dry,Non-Fatal Injury,Angle,Passenger,25 to 29,,,,,,,,,,,,,,,,Yes,,,,,Yes,,Yes,Yes,,,37,Willowdale West,37,Willowdale West (37),D32,"{""coordinates"": [[-79.4429660003194, 43.7737870003115]], ""type"": ""MultiPoint""}",2017
13798,13799,,2017-07-31,139,BATHURST ST,FINCH AVE W,,Major Arterial,,At Intersection,Traffic Signal,Clear,"Daylight, artificial",Dry,Non-Fatal Injury,Angle,Driver,75 to 79,Major,,South,"Automobile, Station Wagon",Going Ahead,Driving Properly,Normal,,,,,,,,,Yes,,,,,Yes,,Yes,Yes,,,37,Willowdale West,37,Willowdale West (37),D32,"{""coordinates"": [[-79.4429660003194, 43.7737870003115]], ""type"": ""MultiPoint""}",2017
13799,13800,,2017-07-31,139,BATHURST ST,FINCH AVE W,,Major Arterial,,At Intersection,Traffic Signal,Clear,"Daylight, artificial",Dry,Non-Fatal Injury,Angle,Driver,30 to 34,,,West,"Automobile, Station Wagon",Going Ahead,Disobeyed Traffic Control,Normal,,,,,,,,,Yes,,,,,Yes,,Yes,Yes,,,37,Willowdale West,37,Willowdale West (37),D32,"{""coordinates"": [[-79.4429660003194, 43.7737870003115]], ""type"": ""MultiPoint""}",2017
13800,13801,,2017-07-31,713,SHERBOURNE ST,DUNDAS ST E,,Major Arterial,Toronto and East York,At Intersection,Traffic Signal,Clear,Daylight,Dry,Fatal,Pedestrian Collisions,Pedestrian,45 to 49,Major,,Unknown,,,,,Other / Undefined,Crossing with right of way,Normal,,,,Yes,,Yes,,,,,,Yes,Yes,,,,73,Moss Park,73,Moss Park (73),D51,"{""coordinates"": [[-79.3709899997577, 43.6582209997492]], ""type"": ""MultiPoint""}",2017
13801,13802,,2017-07-31,713,SHERBOURNE ST,DUNDAS ST E,,Major Arterial,Toronto and East York,At Intersection,Traffic Signal,Clear,Daylight,Dry,Fatal,Pedestrian Collisions,Pedestrian,70 to 74,Fatal,33.0,Unknown,,,,,Pedestrian hit on sidewalk or shoulder,On Sidewalk or Shoulder,Normal,,,,Yes,,Yes,,,,,,Yes,Yes,,,,73,Moss Park,73,Moss Park (73),D51,"{""coordinates"": [[-79.3709899997577, 43.6582209997492]], ""type"": ""MultiPoint""}",2017
13802,13803,,2017-07-31,713,SHERBOURNE ST,DUNDAS ST E,,Major Arterial,Toronto and East York,At Intersection,Traffic Signal,Clear,Daylight,Dry,Fatal,Pedestrian Collisions,Driver,25 to 29,,,South,"Automobile, Station Wagon",Going Ahead,Lost control,Fatigue,,,,,,,Yes,,Yes,,,,,,Yes,Yes,,,,73,Moss Park,73,Moss Park (73),D51,"{""coordinates"": [[-79.3709899997577, 43.6582209997492]], ""type"": ""MultiPoint""}",2017
13803,13804,,2017-07-31,1345,MARTIN GROVE RD,WESTHUMBER  BLVD,,Major Arterial,Etobicoke York,At Intersection,Traffic Signal,Clear,Daylight,Dry,Non-Fatal Injury,Turning Movement,Passenger,65 to 69,Minimal,,,,,,,,,,,,,,,Yes,,,Yes,,Yes,,,,,,1,West Humber-Clairville,1,West Humber-Clairville (1),D23,"{""coordinates"": [[-79.586672999423, 43.725954999952]], ""type"": ""MultiPoint""}",2017
13804,13805,,2017-07-31,1345,MARTIN GROVE RD,WESTHUMBER  BLVD,,Major Arterial,Etobicoke York,At Intersection,Traffic Signal,Clear,Daylight,Dry,Non-Fatal Injury,Turning Movement,Driver,25 to 29,Major,,North,"Automobile, Station Wagon",Going Ahead,Driving Properly,Normal,,,,,,,,,Yes,,,Yes,,Yes,,,,,,1,West Humber-Clairville,1,West Humber-Clairville (1),D23,"{""coordinates"": [[-79.586672999423, 43.725954999952]], ""type"": ""MultiPoint""}",2017
13805,13806,,2017-07-31,1345,MARTIN GROVE RD,WESTHUMBER  BLVD,,Major Arterial,Etobicoke York,At Intersection,Traffic Signal,Clear,Daylight,Dry,Non-Fatal Injury,Turning Movement,Driver,45 to 49,,,South,Municipal Transit Bus (TTC),Turning Left,Improper Turn,Normal,,,,,,,,,Yes,,,Yes,,Yes,,,,,,1,West Humber-Clairville,1,West Humber-Clairville (1),D23,"{""coordinates"": [[-79.586672999423, 43.725954999952]], ""type"": ""MultiPoint""}",2017
13806,13807,,2017-08-01,1648,YONGE  ST,WEDGEWOOD  DR,,Major Arterial,North York,At Intersection,No Control,Clear,Daylight,Dry,Non-Fatal Injury,Turning Movement,Driver,20 to 24,,,South,"Automobile, Station Wagon",Turning Left,Failed to Yield Right of Way,Normal,,,,,,,,,Yes,,,,,Yes,,Yes,,,,50,Newtonbrook East,50,Newtonbrook East (50),D32,"{""coordinates"": [[-79.4177810001883, 43.7889050001447]], ""type"": ""MultiPoint""}",2017
13807,13808,,2017-08-01,1648,YONGE  ST,WEDGEWOOD  DR,,Major Arterial,North York,At Intersection,No Control,Clear,Daylight,Dry,Non-Fatal Injury,Turning Movement,Driver,60 to 64,,,North,"Automobile, Station Wagon",Going Ahead,Driving Properly,Normal,,,,,,,,,Yes,,,,,Yes,,Yes,,,,50,Newtonbrook East,50,Newtonbrook East (50),D32,"{""coordinates"": [[-79.4177810001883, 43.7889050001447]], ""type"": ""MultiPoint""}",2017
13808,13809,,2017-08-01,1648,YONGE  ST,WEDGEWOOD  DR,,Major Arterial,North York,At Intersection,No Control,Clear,Daylight,Dry,Non-Fatal Injury,Turning Movement,Passenger,35 to 39,Major,,,,,,,,,,,,,,,Yes,,,,,Yes,,Yes,,,,50,Newtonbrook East,50,Newtonbrook East (50),D32,"{""coordinates"": [[-79.4177810001883, 43.7889050001447]], ""type"": ""MultiPoint""}",2017
13809,13810,,2017-08-01,1735,GRANGE AVE,LARCH ST,3 m West of,Local,Toronto and East York,At Intersection,No Control,Clear,Daylight,Dry,Non-Fatal Injury,Cyclist Collisions,Cyclist,30 to 34,Major,,East,Bicycle,Going Ahead,,,,,,Cyclist and Driver travelling in same direction. One vehicle rear-ended the other.,Failed to Yield Right of Way,Inattentive,,Yes,Yes,,,,,,,,,,,78,Kensington-Chinatown,78,Kensington-Chinatown (78),D52,"{""coordinates"": [[-79.396526000437, 43.6520069996029]], ""type"": ""MultiPoint""}",2017
13810,13811,,2017-08-01,1735,GRANGE AVE,LARCH ST,3 m West of,Local,Toronto and East York,At Intersection,No Control,Clear,Daylight,Dry,Non-Fatal Injury,Cyclist Collisions,Driver,60 to 64,,,East,"Automobile, Station Wagon",Slowing or Stopping,Driving Properly,Normal,,,,,,,,Yes,Yes,,,,,,,,,,,78,Kensington-Chinatown,78,Kensington-Chinatown (78),D52,"{""coordinates"": [[-79.396526000437, 43.6520069996029]], ""type"": ""MultiPoint""}",2017
13811,13812,,2017-08-02,123,BRIMLEY RD,SHEPPARD AVE E,,Major Arterial,Scarborough,At Intersection,Traffic Signal,Clear,"Dark, artificial",Dry,Non-Fatal Injury,Turning Movement,Driver,20 to 24,,,North,"Automobile, Station Wagon",Going Ahead,Driving Properly,Normal,,,,,,,,,Yes,,,,,,,Yes,,,,128,Agincourt South-Malvern West,128,Agincourt South-Malvern West (128),D42,"{""coordinates"": [[-79.2682759996764, 43.7875050001895]], ""type"": ""MultiPoint""}",2017
13812,13813,,2017-08-02,123,BRIMLEY RD,SHEPPARD AVE E,,Major Arterial,Scarborough,At Intersection,Traffic Signal,Clear,"Dark, artificial",Dry,Non-Fatal Injury,Turning Movement,Driver,55 to 59,Major,,South,"Automobile, Station Wagon",Turning Left,Improper Turn,Inattentive,,,,,,,,,Yes,,,,,,,Yes,,,,128,Agincourt South-Malvern West,128,Agincourt South-Malvern West (128),D42,"{""coordinates"": [[-79.2682759996764, 43.7875050001895]], ""type"": ""MultiPoint""}",2017
13813,13814,,2017-08-05,225,BAY ST,FRONT ST W,40 m South o,Major Arterial,Toronto and East York,At/Near Private Drive,No Control,Clear,"Dark, artificial",Dry,Non-Fatal Injury,Pedestrian Collisions,Driver,50 to 54,,,North,"Automobile, Station Wagon",Going Ahead,Driving Properly,Inattentive,,,,,,,Yes,,Yes,,,,,,,,,,,166,St Lawrence-East Bayfront-The Islands,77,Waterfront Communities-The Island (77),D52,"{""coordinates"": [[-79.378894000246, 43.6454840004099]], ""type"": ""MultiPoint""}",2017
13814,13815,,2017-08-05,225,BAY ST,FRONT ST W,40 m South o,Major Arterial,Toronto and East York,At/Near Private Drive,No Control,Clear,"Dark, artificial",Dry,Non-Fatal Injury,Pedestrian Collisions,Pedestrian,20 to 24,Major,,East,,,,,Pedestrian hit at mid-block,"Crossing, no Traffic Control",Had Been Drinking,,,,Yes,,Yes,,,,,,,,,,,166,St Lawrence-East Bayfront-The Islands,77,Waterfront Communities-The Island (77),D52,"{""coordinates"": [[-79.378894000246, 43.6454840004099]], ""type"": ""MultiPoint""}",2017
13815,13816,,2017-08-05,2245,YORK MILLS RD,YONGE ST,,Major Arterial,North York,At Intersection,Traffic Signal,Clear,"Dark, artificial",Dry,Non-Fatal Injury,Pedestrian Collisions,Pedestrian,70 to 74,Major,,South,,,,,Vehicle turns right while ped crosses with ROW at inter.,Crossing with right of way,Normal,,,,Yes,,Yes,,,,,,,Yes,,,,40,St.Andrew-Windfields,40,St.Andrew-Windfields (40),D32,"{""coordinates"": [[-79.4066800004111, 43.7440780000648]], ""type"": ""MultiPoint""}",2017
13816,13817,,2017-08-05,2245,YORK MILLS RD,YONGE ST,,Major Arterial,North York,At Intersection,Traffic Signal,Clear,"Dark, artificial",Dry,Non-Fatal Injury,Pedestrian Collisions,Driver,15 to 19,,,West,"Automobile, Station Wagon",Turning Right,Failed to Yield Right of Way,Inattentive,,,,,,,Yes,,Yes,,,,,,,Yes,,,,40,St.Andrew-Windfields,40,St.Andrew-Windfields (40),D32,"{""coordinates"": [[-79.4066800004111, 43.7440780000648]], ""type"": ""MultiPoint""}",2017
13817,13818,,2017-08-06,1125,KEELE ST,ANNETTE ST,7 m South of,Major Arterial,Toronto and East York,Intersection Related,Traffic Signal,Clear,Daylight,Dry,Non-Fatal Injury,Pedestrian Collisions,Driver,50 to 54,,,North,"Automobile, Station Wagon",Going Ahead,Disobeyed Traffic Control,Normal,,,,,,,Yes,,Yes,,,,,Yes,,Yes,Yes,,,90,Junction Area,90,Junction Area (90),D11,"{""coordinates"": [[-79.4637630003434, 43.6635810003695]], ""type"": ""MultiPoint""}",2017
13818,13819,,2017-08-06,1125,KEELE ST,ANNETTE ST,7 m South of,Major Arterial,Toronto and East York,Intersection Related,Traffic Signal,Clear,Daylight,Dry,Non-Fatal Injury,Pedestrian Collisions,Driver,50 to 54,Minor,,East,"Automobile, Station Wagon",Going Ahead,Driving Properly,Normal,,,,,,,Yes,,Yes,,,,,Yes,,Yes,Yes,,,90,Junction Area,90,Junction Area (90),D11,"{""coordinates"": [[-79.4637630003434, 43.6635810003695]], ""type"": ""MultiPoint""}",2017
13819,13820,,2017-08-06,1125,KEELE ST,ANNETTE ST,7 m South of,Major Arterial,Toronto and East York,Intersection Related,Traffic Signal,Clear,Daylight,Dry,Non-Fatal Injury,Pedestrian Collisions,Passenger,50 to 54,,,,,,,,,,,,,,Yes,,Yes,,,,,Yes,,Yes,Yes,,,90,Junction Area,90,Junction Area (90),D11,"{""coordinates"": [[-79.4637630003434, 43.6635810003695]], ""type"": ""MultiPoint""}",2017
13820,13821,,2017-08-06,1125,KEELE ST,ANNETTE ST,7 m South of,Major Arterial,Toronto and East York,Intersection Related,Traffic Signal,Clear,Daylight,Dry,Non-Fatal Injury,Pedestrian Collisions,Passenger,5 to 9,,,,,,,,,,,,,,Yes,,Yes,,,,,Yes,,Yes,Yes,,,90,Junction Area,90,Junction Area (90),D11,"{""coordinates"": [[-79.4637630003434, 43.6635810003695]], ""type"": ""MultiPoint""}",2017
13821,13822,,2017-08-06,1125,KEELE ST,ANNETTE ST,7 m South of,Major Arterial,Toronto and East York,Intersection Related,Traffic Signal,Clear,Daylight,Dry,Non-Fatal Injury,Pedestrian Collisions,Passenger,10 to 14,,,,,,,,,,,,,,Yes,,Yes,,,,,Yes,,Yes,Yes,,,90,Junction Area,90,Junction Area (90),D11,"{""coordinates"": [[-79.4637630003434, 43.6635810003695]], ""type"": ""MultiPoint""}",2017
13822,13823,,2017-08-06,1125,KEELE ST,ANNETTE ST,7 m South of,Major Arterial,Toronto and East York,Intersection Related,Traffic Signal,Clear,Daylight,Dry,Non-Fatal Injury,Pedestrian Collisions,Pedestrian,60 to 64,Major,,Unknown,,,,,Vehicle is going straight thru inter.while ped cross with ROW,Walking on Roadway Against Traffic,Normal,,,,Yes,,Yes,,,,,Yes,,Yes,Yes,,,90,Junction Area,90,Junction Area (90),D11,"{""coordinates"": [[-79.4637630003434, 43.6635810003695]], ""type"": ""MultiPoint""}",2017
13823,13824,,2017-08-06,1255,DUFFERIN ST,BRANDON AVE,18 m South o,Major Arterial,Toronto and East York,Intersection Related,No Control,Clear,Daylight,Dry,Non-Fatal Injury,Turning Movement,Driver,55 to 59,,,South,"Automobile, Station Wagon",Turning Left,Failed to Yield Right of Way,Normal,,,,,,,,,Yes,Yes,,,,,,Yes,,,,171,Junction-Wallace Emerson,93,Dovercourt-Wallace Emerson-Junction (93),D13,"{""coordinates"": [[-79.4398449996257, 43.6703709996084]], ""type"": ""MultiPoint""}",2017
13824,13825,,2017-08-06,1255,DUFFERIN ST,BRANDON AVE,18 m South o,Major Arterial,Toronto and East York,Intersection Related,No Control,Clear,Daylight,Dry,Non-Fatal Injury,Turning Movement,Motorcycle Driver,40 to 44,Major,,North,Motorcycle,Going Ahead,Driving Properly,Normal,,,,,,,,,Yes,Yes,,,,,,Yes,,,,171,Junction-Wallace Emerson,93,Dovercourt-Wallace Emerson-Junction (93),D13,"{""coordinates"": [[-79.4398449996257, 43.6703709996084]], ""type"": ""MultiPoint""}",2017
13825,13826,,2017-08-08,555,JANE ST,ALLIANCE AVE,,Major Arterial,Etobicoke York,At Intersection,Traffic Signal,Clear,Dark,Dry,Non-Fatal Injury,Turning Movement,Driver,20 to 24,Minimal,,North,"Automobile, Station Wagon",Going Ahead,Exceeding Speed Limit,Normal,,,,,,,,,Yes,,,,,,Yes,Yes,,,,111,Rockcliffe-Smythe,111,Rockcliffe-Smythe (111),D12,"{""coordinates"": [[-79.4956699997232, 43.6761309997791]], ""type"": ""MultiPoint""}",2017
13826,13827,,2017-08-08,555,JANE ST,ALLIANCE AVE,,Major Arterial,Etobicoke York,At Intersection,Traffic Signal,Clear,Dark,Dry,Non-Fatal Injury,Turning Movement,Driver,55 to 59,Major,,South,"Automobile, Station Wagon",Turning Left,Failed to Yield Right of Way,Inattentive,,,,,,,,,Yes,,,,,,Yes,Yes,,,,111,Rockcliffe-Smythe,111,Rockcliffe-Smythe (111),D12,"{""coordinates"": [[-79.4956699997232, 43.6761309997791]], ""type"": ""MultiPoint""}",2017
13827,13828,,2017-08-08,801,MILLIKEN BLVD,FINCH  AVE E,,Major Arterial,Scarborough,At Intersection,Traffic Signal,Clear,Daylight,Dry,Non-Fatal Injury,Pedestrian Collisions,Driver,50 to 54,,,South,Pick Up Truck,Turning Left,Failed to Yield Right of Way,Normal,,,,,,,Yes,,Yes,,,,,,,Yes,,,,148,East L'Amoreaux,117,L'Amoreaux (117),D42,"{""coordinates"": [[-79.2942540000254, 43.8017409997463]], ""type"": ""MultiPoint""}",2017
13828,13829,,2017-08-08,801,MILLIKEN BLVD,FINCH  AVE E,,Major Arterial,Scarborough,At Intersection,Traffic Signal,Clear,Daylight,Dry,Non-Fatal Injury,Pedestrian Collisions,Pedestrian,75 to 79,Major,,North,,,,,Vehicle turns left while ped crosses with ROW at inter.,Crossing with right of way,Normal,,,,Yes,,Yes,,,,,,,Yes,,,,148,East L'Amoreaux,117,L'Amoreaux (117),D42,"{""coordinates"": [[-79.2942540000254, 43.8017409997463]], ""type"": ""MultiPoint""}",2017
13829,13830,,2017-08-09,923,DON VALLEY PARKWAY  S,DUNDAS ST E,100 m South ,,Toronto and East York,Non Intersection,No Control,Clear,Daylight,Dry,Non-Fatal Injury,Rear End,Driver,25 to 29,Major,,South,"Automobile, Station Wagon",Going Ahead,Following too Close,Normal,,,,,,,,,Yes,,,,,,,Yes,,,,70,South Riverdale,70,South Riverdale (70),D55,"{""coordinates"": [[-79.3546859998346, 43.6606430004194]], ""type"": ""MultiPoint""}",2017
13830,13831,,2017-08-09,923,DON VALLEY PARKWAY  S,DUNDAS ST E,100 m South ,,Toronto and East York,Non Intersection,No Control,Clear,Daylight,Dry,Non-Fatal Injury,Rear End,Driver,30 to 34,,,South,"Automobile, Station Wagon",Going Ahead,Following too Close,Normal,,,,,,,,,Yes,,,,,,,Yes,,,,70,South Riverdale,70,South Riverdale (70),D55,"{""coordinates"": [[-79.3546859998346, 43.6606430004194]], ""type"": ""MultiPoint""}",2017
13831,13832,,2017-08-09,923,DON VALLEY PARKWAY  S,DUNDAS ST E,100 m South ,,Toronto and East York,Non Intersection,No Control,Clear,Daylight,Dry,Non-Fatal Injury,Rear End,Truck Driver,25 to 29,Minor,,South,Tow Truck,Stopped,Driving Properly,Normal,,,,,,,,,Yes,,,,,,,Yes,,,,70,South Riverdale,70,South Riverdale (70),D55,"{""coordinates"": [[-79.3546859998346, 43.6606430004194]], ""type"": ""MultiPoint""}",2017
13832,13833,,2017-08-10,1810,SHEPPARD AVE E,WATER TOWER GT,30  m East o,Major Arterial,Scarborough,At Intersection,Traffic Signal,Clear,Daylight,Dry,Fatal,Rear End,Driver,50 to 54,Fatal,34.0,West,"Automobile, Station Wagon",Going Ahead,Lost control,Unknown,,,,,,,,,Yes,,,Yes,,,,,,,,144,Morningside Heights,131,Rouge (131),D42,"{""coordinates"": [[-79.1948430002205, 43.803003999782]], ""type"": ""MultiPoint""}",2017