index,_id,ACCNUM,DATE,TIME,STREET1,STREET2,OFFSET,ROAD_CLASS,DISTRICT,ACCLOC,TRAFFCTL,VISIBILITY,LIGHT,RDSFCOND,ACCLASS,IMPACTYPE,INVTYPE,INVAGE,INJURY,FATAL_NO,INITDIR,VEHTYPE,MANOEUVER,DRIVACT,DRIVCOND,PEDTYPE,PEDACT,PEDCOND,CYCLISTYPE,CYCACT,CYCCOND,PEDESTRIAN,CYCLIST,AUTOMOBILE,MOTORCYCLE,TRUCK,TRSN_CITY_VEH,EMERG_VEH,PASSENGER,SPEEDING,AG_DRIV,REDLIGHT,ALCOHOL,DISABILITY,HOOD_158,NEIGHBOURHOOD_158,HOOD_140,NEIGHBOURHOOD_140,DIVISION,geometry,ACCIDENT_YEAR
13888,13889,,2017-08-25,1204,EGLINTON AVE E,TORRANCE RD,12 m East of,Major Arterial,Scarborough,At Intersection,Traffic Signal,Clear,Daylight,Dry,Non-Fatal Injury,SMV Other,Driver,55 to 59,Major,,East,"Automobile, Station Wagon",Going Ahead,Lost control,Medical or Physical Disability,,,,,,,,,Yes,,,,,,,,,,Yes,138,Eglinton East,138,Eglinton East (138),D43,"{""coordinates"": [[-79.235217000052, 43.7394590000901]], ""type"": ""MultiPoint""}",2017
13889,13890,,2017-08-26,1055,3738 ST CLAIR AVE E,,,Minor Arterial,Scarborough,Non Intersection,No Control,Clear,Daylight,Dry,Fatal,SMV Other,Driver,30 to 34,Fatal,37.0,East,"Automobile, Station Wagon",Going Ahead,Lost control,"Ability Impaired, Drugs",,,,,,,,,Yes,,,,,,Yes,Yes,,,,123,Cliffcrest,123,Cliffcrest (123),D41,"{""coordinates"": [[-79.2430449996984, 43.7204419997125]], ""type"": ""MultiPoint""}",2017
13890,13891,,2017-08-27,1105,LESWYN  RD,CALEDONIA  RD,8 m East of,Minor Arterial,North York,Intersection Related,Stop Sign,Clear,Daylight,Dry,Non-Fatal Injury,Pedestrian Collisions,Pedestrian,25 to 29,Major,,Unknown,,,,,Unknown,Other,Normal,,,,Yes,,Yes,,,,,,,,,,,31,Yorkdale-Glen Park,31,Yorkdale-Glen Park (31),D32,"{""coordinates"": [[-79.4675859997306, 43.7156589999202]], ""type"": ""MultiPoint""}",2017
13891,13892,,2017-08-27,1105,LESWYN  RD,CALEDONIA  RD,8 m East of,Minor Arterial,North York,Intersection Related,Stop Sign,Clear,Daylight,Dry,Non-Fatal Injury,Pedestrian Collisions,Driver,unknown,,,West,"Automobile, Station Wagon",Going Ahead,Other,Unknown,,,,,,,Yes,,Yes,,,,,,,,,,,31,Yorkdale-Glen Park,31,Yorkdale-Glen Park (31),D32,"{""coordinates"": [[-79.4675859997306, 43.7156589999202]], ""type"": ""MultiPoint""}",2017
13892,13893,,2017-08-27,2054,6065 STEELES AVE E,,,Major Arterial,Scarborough,Non Intersection,No Control,Clear,Dark,Dry,Fatal,Pedestrian Collisions,Driver,45 to 49,,,West,"Automobile, Station Wagon",Going Ahead,Driving Properly,Normal,,,,,,,Yes,,Yes,,,,,,,Yes,,,,144,Morningside Heights,131,Rouge (131),D42,"{""coordinates"": [[-79.2490190002152, 43.8370499997241]], ""type"": ""MultiPoint""}",2017
13893,13894,,2017-08-27,2054,6065 STEELES AVE E,,,Major Arterial,Scarborough,Non Intersection,No Control,Clear,Dark,Dry,Fatal,Pedestrian Collisions,Pedestrian,75 to 79,Fatal,38.0,North,,,,,Pedestrian hit at mid-block,Running onto Roadway,Inattentive,,,,Yes,,Yes,,,,,,,Yes,,,,144,Morningside Heights,131,Rouge (131),D42,"{""coordinates"": [[-79.2490190002152, 43.8370499997241]], ""type"": ""MultiPoint""}",2017
13894,13895,,2017-08-28,849,5450 DUNDAS ST W,,5 m South of,Major Arterial,Etobicoke York,At/Near Private Drive,No Control,Clear,Daylight,Dry,Non-Fatal Injury,Pedestrian Collisions,Driver,30 to 34,,,South,"Automobile, Station Wagon",Turning Left,Driving Properly,Inattentive,,,,,,,Yes,,Yes,,,,,,,,,,,159,Etobicoke City Centre,14,Islington-City Centre West (14),D22,"{""coordinates"": [[-79.5434449996186, 43.6327309996447]], ""type"": ""MultiPoint""}",2017
13895,13896,,2017-08-28,849,5450 DUNDAS ST W,,5 m South of,Major Arterial,Etobicoke York,At/Near Private Drive,No Control,Clear,Daylight,Dry,Non-Fatal Injury,Pedestrian Collisions,Pedestrian,25 to 29,Major,,,,,,,Pedestrian hit at mid-block,"Crossing, no Traffic Control",Other,,,,Yes,,Yes,,,,,,,,,,,159,Etobicoke City Centre,14,Islington-City Centre West (14),D22,"{""coordinates"": [[-79.5434449996186, 43.6327309996447]], ""type"": ""MultiPoint""}",2017
13896,13897,,2017-08-28,935,SHEPPARD  AVE W,CANYON AVE,6 m West of,Major Arterial,North York,At Intersection,No Control,Clear,Daylight,Dry,Non-Fatal Injury,Rear End,Passenger,35 to 39,Major,,,,,,,,,,,,,,,Yes,,,,,Yes,,Yes,,,,38,Lansing-Westgate,38,Lansing-Westgate (38),D32,"{""coordinates"": [[-79.4369460003812, 43.7556180003458]], ""type"": ""MultiPoint""}",2017
13897,13898,,2017-08-28,935,SHEPPARD  AVE W,CANYON AVE,6 m West of,Major Arterial,North York,At Intersection,No Control,Clear,Daylight,Dry,Non-Fatal Injury,Rear End,Passenger,10 to 14,,,,,,,,,,,,,,,,Yes,,,,,Yes,,Yes,,,,38,Lansing-Westgate,38,Lansing-Westgate (38),D32,"{""coordinates"": [[-79.4369460003812, 43.7556180003458]], ""type"": ""MultiPoint""}",2017
13898,13899,,2017-08-28,935,SHEPPARD  AVE W,CANYON AVE,6 m West of,Major Arterial,North York,At Intersection,No Control,Clear,Daylight,Dry,Non-Fatal Injury,Rear End,Driver,70 to 74,Minimal,,East,"Automobile, Station Wagon",Going Ahead,Driving Properly,Normal,,,,,,,,,Yes,,,,,Yes,,Yes,,,,38,Lansing-Westgate,38,Lansing-Westgate (38),D32,"{""coordinates"": [[-79.4369460003812, 43.7556180003458]], ""type"": ""MultiPoint""}",2017
13899,13900,,2017-08-28,935,SHEPPARD  AVE W,CANYON AVE,6 m West of,Major Arterial,North York,At Intersection,No Control,Clear,Daylight,Dry,Non-Fatal Injury,Rear End,Driver,45 to 49,,,East,Pick Up Truck,Going Ahead,Following too Close,Normal,,,,,,,,,Yes,,,,,Yes,,Yes,,,,38,Lansing-Westgate,38,Lansing-Westgate (38),D32,"{""coordinates"": [[-79.4369460003812, 43.7556180003458]], ""type"": ""MultiPoint""}",2017
13900,13901,,2017-08-28,1135,215 LONSDALE  RD,,51 m West of,Minor Arterial,Toronto and East York,Non Intersection,No Control,Clear,Daylight,Dry,Non-Fatal Injury,Sideswipe,Motorcycle Driver,75 to 79,Major,,East,Motorcycle,Going Ahead,Driving Properly,Normal,,,,,,,,,Yes,Yes,,,,,,Yes,,,,96,Casa Loma,96,Casa Loma (96),D53,"{""coordinates"": [[-79.403643999677, 43.6905660000695]], ""type"": ""MultiPoint""}",2017
13901,13902,,2017-08-28,1135,215 LONSDALE  RD,,51 m West of,Minor Arterial,Toronto and East York,Non Intersection,No Control,Clear,Daylight,Dry,Non-Fatal Injury,Sideswipe,Driver,55 to 59,,,East,"Automobile, Station Wagon",Going Ahead,Improper Passing,Normal,,,,,,,,,Yes,Yes,,,,,,Yes,,,,96,Casa Loma,96,Casa Loma (96),D53,"{""coordinates"": [[-79.403643999677, 43.6905660000695]], ""type"": ""MultiPoint""}",2017
13902,13903,,2017-08-28,1845,OSSINGTON  AVE,HARBORD ST,30 m North o,Minor Arterial,Toronto and East York,Intersection Related,No Control,Clear,Daylight,Dry,Non-Fatal Injury,Turning Movement,Motorcycle Driver,30 to 34,Major,,North,Motorcycle,Going Ahead,Driving Properly,Normal,,,,,,,,,Yes,Yes,,,,,,,,,,80,Palmerston-Little Italy,80,Palmerston-Little Italy (80),D14,"{""coordinates"": [[-79.4242739997329, 43.6584730000372]], ""type"": ""MultiPoint""}",2017
13903,13904,,2017-08-28,1845,OSSINGTON  AVE,HARBORD ST,30 m North o,Minor Arterial,Toronto and East York,Intersection Related,No Control,Clear,Daylight,Dry,Non-Fatal Injury,Turning Movement,Driver,25 to 29,,,South,"Automobile, Station Wagon",Making U Turn,Improper Turn,Inattentive,,,,,,,,,Yes,Yes,,,,,,,,,,80,Palmerston-Little Italy,80,Palmerston-Little Italy (80),D14,"{""coordinates"": [[-79.4242739997329, 43.6584730000372]], ""type"": ""MultiPoint""}",2017
13904,13905,,2017-08-28,2010,RENFORTH DR,SILVER DART DR,3 m South of,Major Arterial,Etobicoke York,At Intersection,Traffic Signal,Clear,"Dark, artificial",Dry,Non-Fatal Injury,SMV Other,Driver,25 to 29,Major,,East,"Automobile, Station Wagon",Going Ahead,Lost control,Unknown,,,,,,,,,Yes,,,,,,,Yes,,,,1,West Humber-Clairville,1,West Humber-Clairville (1),D23,"{""coordinates"": [[-79.59319599989, 43.6763559999082]], ""type"": ""MultiPoint""}",2017
13905,13906,,2017-08-30,846,FINCH AVE W,HUMBER COLLEGE BLVD,23 m West of,Major Arterial,Etobicoke York,Intersection Related,No Control,Clear,Daylight,Dry,Non-Fatal Injury,Rear End,Passenger,60 to 64,Minor,,,,,,,,,,,,,,,Yes,,,Yes,,Yes,,,,,,1,West Humber-Clairville,1,West Humber-Clairville (1),D23,"{""coordinates"": [[-79.6098660004231, 43.7340270004142]], ""type"": ""MultiPoint""}",2017
13906,13907,,2017-08-30,846,FINCH AVE W,HUMBER COLLEGE BLVD,23 m West of,Major Arterial,Etobicoke York,Intersection Related,No Control,Clear,Daylight,Dry,Non-Fatal Injury,Rear End,Driver,55 to 59,,,West,Municipal Transit Bus (TTC),Stopped,Driving Properly,Normal,,,,,,,,,Yes,,,Yes,,Yes,,,,,,1,West Humber-Clairville,1,West Humber-Clairville (1),D23,"{""coordinates"": [[-79.6098660004231, 43.7340270004142]], ""type"": ""MultiPoint""}",2017
13907,13908,,2017-08-30,846,FINCH AVE W,HUMBER COLLEGE BLVD,23 m West of,Major Arterial,Etobicoke York,Intersection Related,No Control,Clear,Daylight,Dry,Non-Fatal Injury,Rear End,Driver,25 to 29,Major,,West,Pick Up Truck,Going Ahead,Lost control,Inattentive,,,,,,,,,Yes,,,Yes,,Yes,,,,,,1,West Humber-Clairville,1,West Humber-Clairville (1),D23,"{""coordinates"": [[-79.6098660004231, 43.7340270004142]], ""type"": ""MultiPoint""}",2017
13908,13909,,2017-08-30,1703,WELLESLEY ST W,QUEENS PARK CRES E,3 m East of,Major Arterial,Toronto and East York,At Intersection,Traffic Signal,Clear,Daylight,Dry,Non-Fatal Injury,Cyclist Collisions,Cyclist,40 to 44,Major,,West,Bicycle,Going Ahead,,,,,,Motorist turning right on green or amber at signalized intersection strikes cyclist.,Driving Properly,Normal,,Yes,,,Yes,,,,,,,,,169,Bay-Cloverhill,76,Bay Street Corridor (76),D52,"{""coordinates"": [[-79.3906049998523, 43.6635120002545]], ""type"": ""MultiPoint""}",2017
13909,13910,,2017-08-30,1703,WELLESLEY ST W,QUEENS PARK CRES E,3 m East of,Major Arterial,Toronto and East York,At Intersection,Traffic Signal,Clear,Daylight,Dry,Non-Fatal Injury,Cyclist Collisions,Truck Driver,55 to 59,,,West,Truck - Dump,Turning Right,Improper Turn,Inattentive,,,,,,,,Yes,,,Yes,,,,,,,,,169,Bay-Cloverhill,76,Bay Street Corridor (76),D52,"{""coordinates"": [[-79.3906049998523, 43.6635120002545]], ""type"": ""MultiPoint""}",2017
13910,13911,,2017-08-31,2141,YONGE ST,YONGE BLVD,,Major Arterial,North York,At Intersection,Traffic Controller,Clear,"Daylight, artificial",Dry,Non-Fatal Injury,Cyclist Collisions,Driver,20 to 24,,,East,Pick Up Truck,Turning Right,Improper Turn,Normal,,,,,,,,Yes,Yes,,,,,,,,,,,41,Bridle Path-Sunnybrook-York Mills,41,Bridle Path-Sunnybrook-York Mills (41),D32,"{""coordinates"": [[-79.4045290005209, 43.7342899999758]], ""type"": ""MultiPoint""}",2017
13911,13912,,2017-08-31,2141,YONGE ST,YONGE BLVD,,Major Arterial,North York,At Intersection,Traffic Controller,Clear,"Daylight, artificial",Dry,Non-Fatal Injury,Cyclist Collisions,Cyclist,20 to 24,Major,,North,Bicycle,Going Ahead,,,,,,Motorist turning right on red at signalized intersection strikes cyclist.,Improper Passing,Normal,,Yes,Yes,,,,,,,,,,,41,Bridle Path-Sunnybrook-York Mills,41,Bridle Path-Sunnybrook-York Mills (41),D32,"{""coordinates"": [[-79.4045290005209, 43.7342899999758]], ""type"": ""MultiPoint""}",2017
13912,13913,,2017-09-05,30,715 MILNER AVE,,30 m East of,Minor Arterial,Scarborough,At/Near Private Drive,No Control,Clear,"Dark, artificial",Dry,Non-Fatal Injury,SMV Other,Passenger,30 to 34,Major,,,,,,,,,,,,,,,Yes,,,,,Yes,,,,,,146,Malvern East,132,Malvern (132),D42,"{""coordinates"": [[-79.2101550002049, 43.7960340003287]], ""type"": ""MultiPoint""}",2017
13913,13914,,2017-09-05,30,715 MILNER AVE,,30 m East of,Minor Arterial,Scarborough,At/Near Private Drive,No Control,Clear,"Dark, artificial",Dry,Non-Fatal Injury,SMV Other,Driver,15 to 19,Minor,,East,"Automobile, Station Wagon",Going Ahead,Lost control,Unknown,,,,,,,,,Yes,,,,,Yes,,,,,,146,Malvern East,132,Malvern (132),D42,"{""coordinates"": [[-79.2101550002049, 43.7960340003287]], ""type"": ""MultiPoint""}",2017
13914,13915,,2017-09-05,1735,MILLWOOD RD,YONGE  ST,297 m East o,Local,Toronto and East York,Non Intersection,No Control,Clear,Daylight,Dry,Non-Fatal Injury,Pedestrian Collisions,Driver,35 to 39,,,East,"Automobile, Station Wagon",Going Ahead,Driving Properly,Normal,,,,,,,Yes,,Yes,,,,,Yes,,,,,,174,South Eglinton-Davisville,104,Mount Pleasant West (104),D53,"{""coordinates"": [[-79.3937030001217, 43.6999000001325]], ""type"": ""MultiPoint""}",2017
13915,13916,,2017-09-05,1735,MILLWOOD RD,YONGE  ST,297 m East o,Local,Toronto and East York,Non Intersection,No Control,Clear,Daylight,Dry,Non-Fatal Injury,Pedestrian Collisions,Passenger,40 to 44,,,,,,,,,,,,,,Yes,,Yes,,,,,Yes,,,,,,174,South Eglinton-Davisville,104,Mount Pleasant West (104),D53,"{""coordinates"": [[-79.3937030001217, 43.6999000001325]], ""type"": ""MultiPoint""}",2017
13916,13917,,2017-09-05,1735,MILLWOOD RD,YONGE  ST,297 m East o,Local,Toronto and East York,Non Intersection,No Control,Clear,Daylight,Dry,Non-Fatal Injury,Pedestrian Collisions,Passenger,0 to 4,,,,,,,,,,,,,,Yes,,Yes,,,,,Yes,,,,,,174,South Eglinton-Davisville,104,Mount Pleasant West (104),D53,"{""coordinates"": [[-79.3937030001217, 43.6999000001325]], ""type"": ""MultiPoint""}",2017
13917,13918,,2017-09-05,1735,MILLWOOD RD,YONGE  ST,297 m East o,Local,Toronto and East York,Non Intersection,No Control,Clear,Daylight,Dry,Non-Fatal Injury,Pedestrian Collisions,Pedestrian,5 to 9,Major,,North,,,,,Pedestrian hit at mid-block,"Crossing, no Traffic Control",Inattentive,,,,Yes,,Yes,,,,,Yes,,,,,,174,South Eglinton-Davisville,104,Mount Pleasant West (104),D53,"{""coordinates"": [[-79.3937030001217, 43.6999000001325]], ""type"": ""MultiPoint""}",2017
13918,13919,,2017-09-05,1832,CODSELL AVE,MAXWELL ST,,Local,North York,At Intersection,Stop Sign,Clear,Daylight,Dry,Fatal,Pedestrian Collisions,Pedestrian,70 to 74,Fatal,40.0,South,,,,,Vehicle is going straight thru inter.while ped cross with ROW,Crossing with right of way,Unknown,,,,Yes,,Yes,,,,,,,Yes,,,,34,Bathurst Manor,34,Bathurst Manor (34),D32,"{""coordinates"": [[-79.4466890001019, 43.7563120001915]], ""type"": ""MultiPoint""}",2017
13919,13920,,2017-09-05,1832,CODSELL AVE,MAXWELL ST,,Local,North York,At Intersection,Stop Sign,Clear,Daylight,Dry,Fatal,Pedestrian Collisions,Driver,70 to 74,,,West,"Automobile, Station Wagon",Going Ahead,Failed to Yield Right of Way,Unknown,,,,,,,Yes,,Yes,,,,,,,Yes,,,,34,Bathurst Manor,34,Bathurst Manor (34),D32,"{""coordinates"": [[-79.4466890001019, 43.7563120001915]], ""type"": ""MultiPoint""}",2017
13920,13921,,2017-09-06,2040,GERRARD ST E,HANNAFORD ST,,Minor Arterial,Toronto and East York,At Intersection,No Control,Clear,"Dark, artificial",Dry,Non-Fatal Injury,Cyclist Collisions,Driver,55 to 59,,,West,"Automobile, Station Wagon",Turning Left,Improper Turn,Normal,,,,,,,,Yes,Yes,,,,,,,,,,,62,East End-Danforth,62,East End-Danforth (62),D55,"{""coordinates"": [[-79.2934070000967, 43.6853279996795]], ""type"": ""MultiPoint""}",2017
13921,13922,,2017-09-06,2040,GERRARD ST E,HANNAFORD ST,,Minor Arterial,Toronto and East York,At Intersection,No Control,Clear,"Dark, artificial",Dry,Non-Fatal Injury,Cyclist Collisions,Cyclist,30 to 34,Major,,East,Bicycle,Going Ahead,,,,,,Motorist turned left across cyclists path.,Driving Properly,Normal,,Yes,Yes,,,,,,,,,,,62,East End-Danforth,62,East End-Danforth (62),D55,"{""coordinates"": [[-79.2934070000967, 43.6853279996795]], ""type"": ""MultiPoint""}",2017
13922,13923,,2017-09-06,2217,JARVIS ST,DUNDAS ST E,45 m South o,Major Arterial,Toronto and East York,Non Intersection,No Control,Clear,"Dark, artificial",Dry,Non-Fatal Injury,Pedestrian Collisions,Driver,50 to 54,,,South,"Automobile, Station Wagon",Going Ahead,Driving Properly,Normal,,,,,,,Yes,,Yes,,,,,,,,,,,73,Moss Park,73,Moss Park (73),D51,"{""coordinates"": [[-79.3743929997199, 43.6566380001184]], ""type"": ""MultiPoint""}",2017
13923,13924,,2017-09-06,2217,JARVIS ST,DUNDAS ST E,45 m South o,Major Arterial,Toronto and East York,Non Intersection,No Control,Clear,"Dark, artificial",Dry,Non-Fatal Injury,Pedestrian Collisions,Pedestrian,25 to 29,Major,,West,,,,,Pedestrian hit at mid-block,"Crossing, no Traffic Control",Had Been Drinking,,,,Yes,,Yes,,,,,,,,,,,73,Moss Park,73,Moss Park (73),D51,"{""coordinates"": [[-79.3743929997199, 43.6566380001184]], ""type"": ""MultiPoint""}",2017
13924,13925,,2017-09-07,1538,EGLINTON AVE E,BIMBROK RD,,Major Arterial,Scarborough,At Intersection,No Control,Clear,Daylight,Dry,Non-Fatal Injury,Turning Movement,Passenger,25 to 29,Major,,,,,,,,,,,,,,,Yes,,Yes,,,Yes,,Yes,,,,124,Kennedy Park,124,Kennedy Park (124),D41,"{""coordinates"": [[-79.2520169998115, 43.7357780003477]], ""type"": ""MultiPoint""}",2017
13925,13926,,2017-09-07,1538,EGLINTON AVE E,BIMBROK RD,,Major Arterial,Scarborough,At Intersection,No Control,Clear,Daylight,Dry,Non-Fatal Injury,Turning Movement,Truck Driver,60 to 64,,,West,"Truck - Closed (Blazer, etc)",Going Ahead,Driving Properly,Normal,,,,,,,,,Yes,,Yes,,,Yes,,Yes,,,,124,Kennedy Park,124,Kennedy Park (124),D41,"{""coordinates"": [[-79.2520169998115, 43.7357780003477]], ""type"": ""MultiPoint""}",2017
13926,13927,,2017-09-07,1538,EGLINTON AVE E,BIMBROK RD,,Major Arterial,Scarborough,At Intersection,No Control,Clear,Daylight,Dry,Non-Fatal Injury,Turning Movement,Driver,30 to 34,Major,,East,"Automobile, Station Wagon",Turning Left,Failed to Yield Right of Way,Normal,,,,,,,,,Yes,,Yes,,,Yes,,Yes,,,,124,Kennedy Park,124,Kennedy Park (124),D41,"{""coordinates"": [[-79.2520169998115, 43.7357780003477]], ""type"": ""MultiPoint""}",2017
13927,13928,,2017-09-08,1505,BALLIOL ST,BAYVIEW AVE,,Major Arterial,North York,At Intersection,Stop Sign,Clear,Daylight,Dry,Non-Fatal Injury,Cyclist Collisions,Driver,35 to 39,,,East,Passenger Van,Turning Right,Failed to Yield Right of Way,Inattentive,,,,,,,,Yes,Yes,,,,,,,Yes,,,,56,Leaside-Bennington,56,Leaside-Bennington (56),D53,"{""coordinates"": [[-79.3737519999024, 43.7019909998693]], ""type"": ""MultiPoint""}",2017
13928,13929,,2017-09-08,1505,BALLIOL ST,BAYVIEW AVE,,Major Arterial,North York,At Intersection,Stop Sign,Clear,Daylight,Dry,Non-Fatal Injury,Cyclist Collisions,Cyclist,50 to 54,Major,,North,Bicycle,Going Ahead,,,,,,"Motorist turns right at non-signal Inter.(stop, yield, no cont.,and dwy) and strikes cyclist.",Driving Properly,Normal,,Yes,Yes,,,,,,,Yes,,,,56,Leaside-Bennington,56,Leaside-Bennington (56),D53,"{""coordinates"": [[-79.3737519999024, 43.7019909998693]], ""type"": ""MultiPoint""}",2017
13929,13930,,2017-09-09,1221,MC CAUL ST,QUEEN ST W,,Major Arterial,Toronto and East York,At Intersection,Traffic Controller,Clear,Daylight,Dry,Non-Fatal Injury,Turning Movement,Motorcycle Driver,45 to 49,Major,,South,Motorcycle,Going Ahead,Lost control,Normal,,,,,,,,,Yes,Yes,,,,,,,,,,164,Wellington Place,77,Waterfront Communities-The Island (77),D52,"{""coordinates"": [[-79.3897130001531, 43.6501219998855]], ""type"": ""MultiPoint""}",2017
13930,13931,,2017-09-09,1221,MC CAUL ST,QUEEN ST W,,Major Arterial,Toronto and East York,At Intersection,Traffic Controller,Clear,Daylight,Dry,Non-Fatal Injury,Turning Movement,Driver,15 to 19,,,West,"Automobile, Station Wagon",Turning Left,Driving Properly,Normal,,,,,,,,,Yes,Yes,,,,,,,,,,164,Wellington Place,77,Waterfront Communities-The Island (77),D52,"{""coordinates"": [[-79.3897130001531, 43.6501219998855]], ""type"": ""MultiPoint""}",2017
13931,13932,,2017-09-12,844,COSBURN AVE,LESMOUNT AVE,,Minor Arterial,Toronto and East York,At Intersection,No Control,Clear,Daylight,Dry,Non-Fatal Injury,Cyclist Collisions,Truck Driver,45 to 49,,,West,"Truck - Closed (Blazer, etc)",Turning Right,Improper Turn,Normal,,,,,,,,Yes,,,Yes,,,,,,,,,59,Danforth East York,59,Danforth East York (59),D55,"{""coordinates"": [[-79.3406169997592, 43.691331999815]], ""type"": ""MultiPoint""}",2017
13932,13933,,2017-09-12,844,COSBURN AVE,LESMOUNT AVE,,Minor Arterial,Toronto and East York,At Intersection,No Control,Clear,Daylight,Dry,Non-Fatal Injury,Cyclist Collisions,Cyclist,35 to 39,Major,,West,Bicycle,Going Ahead,,,,,,"Motorist turns right at non-signal Inter.(stop, yield, no cont.,and dwy) and strikes cyclist.",Driving Properly,Normal,,Yes,,,Yes,,,,,,,,,59,Danforth East York,59,Danforth East York (59),D55,"{""coordinates"": [[-79.3406169997592, 43.691331999815]], ""type"": ""MultiPoint""}",2017
13933,13934,,2017-09-12,1426,BIRCHMOUNT RD,WINTERMUTE BLVD,88 m North o,Major Arterial,Scarborough,Non Intersection,No Control,Clear,Daylight,Dry,Non-Fatal Injury,Approaching,Driver,35 to 39,Minimal,,South,"Automobile, Station Wagon",Going Ahead,Driving Properly,Normal,,,,,,,,,Yes,,,,,,,,,,,116,Steeles,116,Steeles (116),D42,"{""coordinates"": [[-79.3149290003701, 43.8171340004442]], ""type"": ""MultiPoint""}",2017
13934,13935,,2017-09-12,1426,BIRCHMOUNT RD,WINTERMUTE BLVD,88 m North o,Major Arterial,Scarborough,Non Intersection,No Control,Clear,Daylight,Dry,Non-Fatal Injury,Approaching,Driver,60 to 64,Major,,North,"Automobile, Station Wagon",Going Ahead,Lost control,Unknown,,,,,,,,,Yes,,,,,,,,,,,116,Steeles,116,Steeles (116),D42,"{""coordinates"": [[-79.3149290003701, 43.8171340004442]], ""type"": ""MultiPoint""}",2017
13935,13936,,2017-09-13,105,BLOOR ST W,BRUNSWICK AVE,,Major Arterial,Toronto and East York,At Intersection,Traffic Signal,Clear,"Dark, artificial",Dry,Non-Fatal Injury,Cyclist Collisions,Cyclist,20 to 24,Major,,West,Bicycle,Making U Turn,,,,,,Cyclist makes u-turn in-front of driver.,Improper Turn,Had Been Drinking,,Yes,,Yes,,,,,,,,,,79,University,79,University (79),D14,"{""coordinates"": [[-79.4074360001095, 43.6659079998495]], ""type"": ""MultiPoint""}",2017
13936,13937,,2017-09-13,105,BLOOR ST W,BRUNSWICK AVE,,Major Arterial,Toronto and East York,At Intersection,Traffic Signal,Clear,"Dark, artificial",Dry,Non-Fatal Injury,Cyclist Collisions,Motorcycle Driver,20 to 24,,,East,Motorcycle,Going Ahead,Driving Properly,Normal,,,,,,,,Yes,,Yes,,,,,,,,,,79,University,79,University (79),D14,"{""coordinates"": [[-79.4074360001095, 43.6659079998495]], ""type"": ""MultiPoint""}",2017
13937,13938,,2017-09-14,1601,DON MILLS RD,GATEWAY BLVD,,Major Arterial,North York,At Intersection,Traffic Signal,Clear,Daylight,Dry,Non-Fatal Injury,Turning Movement,Driver,30 to 34,,,South,"Automobile, Station Wagon",Going Ahead,Driving Properly,Normal,,,,,,,,,Yes,Yes,,,,,,,,,,44,Flemingdon Park,44,Flemingdon Park (44),D55,"{""coordinates"": [[-79.3363370005431, 43.7143919998389]], ""type"": ""MultiPoint""}",2017
13938,13939,,2017-09-14,1601,DON MILLS RD,GATEWAY BLVD,,Major Arterial,North York,At Intersection,Traffic Signal,Clear,Daylight,Dry,Non-Fatal Injury,Turning Movement,Motorcycle Driver,15 to 19,Major,,East,Motorcycle,Turning Right,Improper Turn,Inattentive,,,,,,,,,Yes,Yes,,,,,,,,,,44,Flemingdon Park,44,Flemingdon Park (44),D55,"{""coordinates"": [[-79.3363370005431, 43.7143919998389]], ""type"": ""MultiPoint""}",2017
13939,13940,,2017-09-15,652,STEELES AVE W,HIGHWAY 27  N,200 m East o,Major Arterial,Etobicoke York,Non Intersection,No Control,Clear,Daylight,Dry,Fatal,Turning Movement,Truck Driver,30 to 34,Minimal,,East,Truck - Dump,Turning Left,Failed to Yield Right of Way,Normal,,,,,,,,,Yes,,Yes,,,Yes,Yes,Yes,,,,1,West Humber-Clairville,1,West Humber-Clairville (1),D23,"{""coordinates"": [[-79.6128799995798, 43.755640999939]], ""type"": ""MultiPoint""}",2017
13940,13941,,2017-09-15,652,STEELES AVE W,HIGHWAY 27  N,200 m East o,Major Arterial,Etobicoke York,Non Intersection,No Control,Clear,Daylight,Dry,Fatal,Turning Movement,Passenger,55 to 59,Fatal,41.0,,,,,,,,,,,,,,Yes,,Yes,,,Yes,Yes,Yes,,,,1,West Humber-Clairville,1,West Humber-Clairville (1),D23,"{""coordinates"": [[-79.6128799995798, 43.755640999939]], ""type"": ""MultiPoint""}",2017
13941,13942,,2017-09-15,652,STEELES AVE W,HIGHWAY 27  N,200 m East o,Major Arterial,Etobicoke York,Non Intersection,No Control,Clear,Daylight,Dry,Fatal,Turning Movement,Driver,50 to 54,Minor,,East,"Automobile, Station Wagon",Going Ahead,Driving Properly,Normal,,,,,,,,,Yes,,Yes,,,Yes,Yes,Yes,,,,1,West Humber-Clairville,1,West Humber-Clairville (1),D23,"{""coordinates"": [[-79.6128799995798, 43.755640999939]], ""type"": ""MultiPoint""}",2017
13942,13943,,2017-09-15,652,STEELES AVE W,HIGHWAY 27  N,200 m East o,Major Arterial,Etobicoke York,Non Intersection,No Control,Clear,Daylight,Dry,Fatal,Turning Movement,Driver,20 to 24,Major,,West,"Automobile, Station Wagon",Going Ahead,Exceeding Speed Limit,Had Been Drinking,,,,,,,,,Yes,,Yes,,,Yes,Yes,Yes,,,,1,West Humber-Clairville,1,West Humber-Clairville (1),D23,"{""coordinates"": [[-79.6128799995798, 43.755640999939]], ""type"": ""MultiPoint""}",2017