index,_id,ACCNUM,DATE,TIME,STREET1,STREET2,OFFSET,ROAD_CLASS,DISTRICT,ACCLOC,TRAFFCTL,VISIBILITY,LIGHT,RDSFCOND,ACCLASS,IMPACTYPE,INVTYPE,INVAGE,INJURY,FATAL_NO,INITDIR,VEHTYPE,MANOEUVER,DRIVACT,DRIVCOND,PEDTYPE,PEDACT,PEDCOND,CYCLISTYPE,CYCACT,CYCCOND,PEDESTRIAN,CYCLIST,AUTOMOBILE,MOTORCYCLE,TRUCK,TRSN_CITY_VEH,EMERG_VEH,PASSENGER,SPEEDING,AG_DRIV,REDLIGHT,ALCOHOL,DISABILITY,HOOD_158,NEIGHBOURHOOD_158,HOOD_140,NEIGHBOURHOOD_140,DIVISION,geometry,ACCIDENT_YEAR
14159,14160,,2017-11-30,1825,LAWRENCE  AVE W,GLENMOUNT AVE,,Major Arterial,North York,At Intersection,Traffic Signal,Clear,"Dark, artificial",Dry,Non-Fatal Injury,Pedestrian Collisions,Pedestrian,65 to 69,Major,,South,,,,,Vehicle turns left while ped crosses with ROW at inter.,Crossing with right of way,Normal,,,,Yes,,Yes,,,,,,,Yes,,,,32,Englemount-Lawrence,32,Englemount-Lawrence (32),D13,"{""coordinates"": [[-79.4329330002345, 43.7184209998425]], ""type"": ""MultiPoint""}",2017
14160,14161,,2017-11-30,1825,LAWRENCE  AVE W,GLENMOUNT AVE,,Major Arterial,North York,At Intersection,Traffic Signal,Clear,"Dark, artificial",Dry,Non-Fatal Injury,Pedestrian Collisions,Driver,70 to 74,,,North,"Automobile, Station Wagon",Turning Left,Failed to Yield Right of Way,Inattentive,,,,,,,Yes,,Yes,,,,,,,Yes,,,,32,Englemount-Lawrence,32,Englemount-Lawrence (32),D13,"{""coordinates"": [[-79.4329330002345, 43.7184209998425]], ""type"": ""MultiPoint""}",2017
14161,14162,,2017-12-01,2330,BIRCHMOUNT RD,MERRYFIELD DR,,Major Arterial,Scarborough,At Intersection,No Control,Clear,Dark,Dry,Fatal,Pedestrian Collisions,Driver,55 to 59,,,North,Passenger Van,Going Ahead,Driving Properly,Normal,,,,,,,Yes,,Yes,,,,,,,,,,,126,Dorset Park,126,Dorset Park (126),D41,"{""coordinates"": [[-79.2866009998514, 43.7518680003277]], ""type"": ""MultiPoint""}",2017
14162,14163,,2017-12-01,2330,BIRCHMOUNT RD,MERRYFIELD DR,,Major Arterial,Scarborough,At Intersection,No Control,Clear,Dark,Dry,Fatal,Pedestrian Collisions,Pedestrian,65 to 69,Fatal,55.0,East,,,,,Vehicle is going straight thru inter.while ped cross without ROW,"Crossing, no Traffic Control",Normal,,,,Yes,,Yes,,,,,,,,,,,126,Dorset Park,126,Dorset Park (126),D41,"{""coordinates"": [[-79.2866009998514, 43.7518680003277]], ""type"": ""MultiPoint""}",2017
14163,14164,,2017-12-03,1253,PRICE ST,YONGE ST,75 m East,Local,Toronto and East York,Non Intersection,No Control,Clear,Daylight,Dry,Fatal,Pedestrian Collisions,Pedestrian,75 to 79,Fatal,63.0,South,,,,,Vehicle is reversing and hits pedestrian,Other,Normal,,,,Yes,,Yes,,,,,,,,,,,98,Rosedale-Moore Park,98,Rosedale-Moore Park (98),D53,"{""coordinates"": [[-79.3898579997699, 43.6799609997007]], ""type"": ""MultiPoint""}",2017
14164,14165,,2017-12-03,1253,PRICE ST,YONGE ST,75 m East,Local,Toronto and East York,Non Intersection,No Control,Clear,Daylight,Dry,Fatal,Pedestrian Collisions,Driver,45 to 49,,,North,"Automobile, Station Wagon",Reversing,Other,Normal,,,,,,,Yes,,Yes,,,,,,,,,,,98,Rosedale-Moore Park,98,Rosedale-Moore Park (98),D53,"{""coordinates"": [[-79.3898579997699, 43.6799609997007]], ""type"": ""MultiPoint""}",2017
14165,14166,,2017-12-05,557,DUFFERIN ST,COLLEGE ST,,Major Arterial,Toronto and East York,At Intersection,Traffic Signal,Rain,"Dark, artificial",Wet,Non-Fatal Injury,Angle,Passenger,55 to 59,Major,,,,,,,,,,,,,,,Yes,,,,,Yes,,Yes,,,,84,Little Portugal,84,Little Portugal (84),D14,"{""coordinates"": [[-79.4325209994244, 43.6524950003221]], ""type"": ""MultiPoint""}",2017
14166,14167,,2017-12-05,557,DUFFERIN ST,COLLEGE ST,,Major Arterial,Toronto and East York,At Intersection,Traffic Signal,Rain,"Dark, artificial",Wet,Non-Fatal Injury,Angle,Driver,35 to 39,,,East,"Automobile, Station Wagon",Going Ahead,Driving Properly,Normal,,,,,,,,,Yes,,,,,Yes,,Yes,,,,84,Little Portugal,84,Little Portugal (84),D14,"{""coordinates"": [[-79.4325209994244, 43.6524950003221]], ""type"": ""MultiPoint""}",2017
14167,14168,,2017-12-05,557,DUFFERIN ST,COLLEGE ST,,Major Arterial,Toronto and East York,At Intersection,Traffic Signal,Rain,"Dark, artificial",Wet,Non-Fatal Injury,Angle,Driver,20 to 24,,,North,"Automobile, Station Wagon",Going Ahead,Failed to Yield Right of Way,Normal,,,,,,,,,Yes,,,,,Yes,,Yes,,,,84,Little Portugal,84,Little Portugal (84),D14,"{""coordinates"": [[-79.4325209994244, 43.6524950003221]], ""type"": ""MultiPoint""}",2017
14168,14169,,2017-12-05,1232,SHEPPARD AVE E,LESLIE ST,31 m East of,Major Arterial,North York,At Intersection,Traffic Signal,Clear,Daylight,Dry,Non-Fatal Injury,Pedestrian Collisions,Pedestrian,55 to 59,Major,,Unknown,,,,,Pedestrian hit on sidewalk or shoulder,On Sidewalk or Shoulder,Normal,,,,Yes,,Yes,,,,,Yes,Yes,Yes,,,,52,Bayview Village,52,Bayview Village (52),D33,"{""coordinates"": [[-79.3640930001419, 43.7715709999016]], ""type"": ""MultiPoint""}",2017
14169,14170,,2017-12-05,1232,SHEPPARD AVE E,LESLIE ST,31 m East of,Major Arterial,North York,At Intersection,Traffic Signal,Clear,Daylight,Dry,Non-Fatal Injury,Pedestrian Collisions,Passenger,50 to 54,,,,,,,,,,,,,,Yes,,Yes,,,,,Yes,Yes,Yes,,,,52,Bayview Village,52,Bayview Village (52),D33,"{""coordinates"": [[-79.3640930001419, 43.7715709999016]], ""type"": ""MultiPoint""}",2017
14170,14171,,2017-12-05,1232,SHEPPARD AVE E,LESLIE ST,31 m East of,Major Arterial,North York,At Intersection,Traffic Signal,Clear,Daylight,Dry,Non-Fatal Injury,Pedestrian Collisions,Passenger,15 to 19,,,,,,,,,,,,,,Yes,,Yes,,,,,Yes,Yes,Yes,,,,52,Bayview Village,52,Bayview Village (52),D33,"{""coordinates"": [[-79.3640930001419, 43.7715709999016]], ""type"": ""MultiPoint""}",2017
14171,14172,,2017-12-05,1232,SHEPPARD AVE E,LESLIE ST,31 m East of,Major Arterial,North York,At Intersection,Traffic Signal,Clear,Daylight,Dry,Non-Fatal Injury,Pedestrian Collisions,Driver,35 to 39,Minor,,West,Delivery Van,Stopped,Driving Properly,Normal,,,,,,,Yes,,Yes,,,,,Yes,Yes,Yes,,,,52,Bayview Village,52,Bayview Village (52),D33,"{""coordinates"": [[-79.3640930001419, 43.7715709999016]], ""type"": ""MultiPoint""}",2017
14172,14173,,2017-12-05,1232,SHEPPARD AVE E,LESLIE ST,31 m East of,Major Arterial,North York,At Intersection,Traffic Signal,Clear,Daylight,Dry,Non-Fatal Injury,Pedestrian Collisions,Driver,50 to 54,,,West,Passenger Van,Stopped,Driving Properly,Normal,,,,,,,Yes,,Yes,,,,,Yes,Yes,Yes,,,,52,Bayview Village,52,Bayview Village (52),D33,"{""coordinates"": [[-79.3640930001419, 43.7715709999016]], ""type"": ""MultiPoint""}",2017
14173,14174,,2017-12-05,1232,SHEPPARD AVE E,LESLIE ST,31 m East of,Major Arterial,North York,At Intersection,Traffic Signal,Clear,Daylight,Dry,Non-Fatal Injury,Pedestrian Collisions,Driver,15 to 19,,,East,"Automobile, Station Wagon",Going Ahead,Speed too Fast For Condition,Inattentive,,,,,,,Yes,,Yes,,,,,Yes,Yes,Yes,,,,52,Bayview Village,52,Bayview Village (52),D33,"{""coordinates"": [[-79.3640930001419, 43.7715709999016]], ""type"": ""MultiPoint""}",2017
14174,14175,,2017-12-05,1646,BIRCHMOUNT RD,SHEPPARD AVE E,200 m North ,Major Arterial,Scarborough,At/Near Private Drive,Traffic Signal,Clear,"Dark, artificial",Dry,Non-Fatal Injury,Turning Movement,Driver,35 to 39,,,North,"Automobile, Station Wagon",Turning Left,Improper Turn,Normal,,,,,,,,,Yes,Yes,,,,,,,,,,118,Tam O'Shanter-Sullivan,118,Tam O'Shanter-Sullivan (118),D42,"{""coordinates"": [[-79.2989079999611, 43.7825570001494]], ""type"": ""MultiPoint""}",2017
14175,14176,,2017-12-05,1646,BIRCHMOUNT RD,SHEPPARD AVE E,200 m North ,Major Arterial,Scarborough,At/Near Private Drive,Traffic Signal,Clear,"Dark, artificial",Dry,Non-Fatal Injury,Turning Movement,Motorcycle Driver,50 to 54,Major,,South,Motorcycle,Going Ahead,Driving Properly,Normal,,,,,,,,,Yes,Yes,,,,,,,,,,118,Tam O'Shanter-Sullivan,118,Tam O'Shanter-Sullivan (118),D42,"{""coordinates"": [[-79.2989079999611, 43.7825570001494]], ""type"": ""MultiPoint""}",2017
14176,14177,,2017-12-07,700,WESTON RD,TORYORK  DR,,Major Arterial,Etobicoke York,At Intersection,Traffic Signal,Clear,Dawn,Dry,Non-Fatal Injury,Pedestrian Collisions,Driver,unknown,,,South,,Going Ahead,Failed to Yield Right of Way,Unknown,,,,,,,Yes,,,,,,,,,Yes,,,,21,Humber Summit,21,Humber Summit (21),D31,"{""coordinates"": [[-79.5426669996796, 43.7532640001209]], ""type"": ""MultiPoint""}",2017
14177,14178,,2017-12-07,700,WESTON RD,TORYORK  DR,,Major Arterial,Etobicoke York,At Intersection,Traffic Signal,Clear,Dawn,Dry,Non-Fatal Injury,Pedestrian Collisions,Pedestrian,15 to 19,Major,,East,,,,,Vehicle is going straight thru inter.while ped cross with ROW,Crossing with right of way,Normal,,,,Yes,,,,,,,,,Yes,,,,21,Humber Summit,21,Humber Summit (21),D31,"{""coordinates"": [[-79.5426669996796, 43.7532640001209]], ""type"": ""MultiPoint""}",2017
14178,14179,,2017-12-07,705,PARLIAMENT ST,HOWARD ST,37 m South o,Minor Arterial,Toronto and East York,Non Intersection,No Control,Clear,"Dark, artificial",Dry,Non-Fatal Injury,Pedestrian Collisions,Pedestrian,40 to 44,Major,,West,,,,,Pedestrian hit at mid-block,"Crossing, no Traffic Control",Inattentive,,,,Yes,,Yes,,,,,,,,,,,71,Cabbagetown-South St.James Town,71,Cabbagetown-South St.James Town (71),D51,"{""coordinates"": [[-79.3706540003497, 43.6708779995631]], ""type"": ""MultiPoint""}",2017
14179,14180,,2017-12-07,705,PARLIAMENT ST,HOWARD ST,37 m South o,Minor Arterial,Toronto and East York,Non Intersection,No Control,Clear,"Dark, artificial",Dry,Non-Fatal Injury,Pedestrian Collisions,Driver,50 to 54,,,North,"Automobile, Station Wagon",Going Ahead,Driving Properly,Normal,,,,,,,Yes,,Yes,,,,,,,,,,,71,Cabbagetown-South St.James Town,71,Cabbagetown-South St.James Town (71),D51,"{""coordinates"": [[-79.3706540003497, 43.6708779995631]], ""type"": ""MultiPoint""}",2017
14180,14181,,2017-12-11,854,4975 DUNDAS ST W,,92 m East of,Major Arterial,Etobicoke York,At/Near Private Drive,No Control,Clear,Daylight,Dry,Non-Fatal Injury,Pedestrian Collisions,Pedestrian,70 to 74,Major,,South,,,,,Pedestrian hit at private driveway,"Crossing, no Traffic Control",Normal,,,,Yes,,Yes,,,,,,,,,,,159,Etobicoke City Centre,14,Islington-City Centre West (14),D22,"{""coordinates"": [[-79.5297350001221, 43.6475469996616]], ""type"": ""MultiPoint""}",2017
14181,14182,,2017-12-11,854,4975 DUNDAS ST W,,92 m East of,Major Arterial,Etobicoke York,At/Near Private Drive,No Control,Clear,Daylight,Dry,Non-Fatal Injury,Pedestrian Collisions,Driver,35 to 39,,,North,"Automobile, Station Wagon",Turning Left,Driving Properly,Normal,,,,,,,Yes,,Yes,,,,,,,,,,,159,Etobicoke City Centre,14,Islington-City Centre West (14),D22,"{""coordinates"": [[-79.5297350001221, 43.6475469996616]], ""type"": ""MultiPoint""}",2017
14182,14183,,2017-12-14,2307,ST CLAIR  AVE W,MONDOVI  GT,41 m West of,Major Arterial,Etobicoke York,Non Intersection,No Control,Clear,"Dark, artificial",Wet,Non-Fatal Injury,Pedestrian Collisions,Pedestrian,15 to 19,Major,,South,,,,,Pedestrian hit at mid-block,"Crossing, no Traffic Control",Inattentive,,,,Yes,,Yes,,,,,,,,,,,90,Junction Area,90,Junction Area (90),D11,"{""coordinates"": [[-79.4756729999025, 43.670656999974]], ""type"": ""MultiPoint""}",2017
14183,14184,,2017-12-14,2307,ST CLAIR  AVE W,MONDOVI  GT,41 m West of,Major Arterial,Etobicoke York,Non Intersection,No Control,Clear,"Dark, artificial",Wet,Non-Fatal Injury,Pedestrian Collisions,Driver,unknown,,,West,"Automobile, Station Wagon",Going Ahead,Driving Properly,Unknown,,,,,,,Yes,,Yes,,,,,,,,,,,90,Junction Area,90,Junction Area (90),D11,"{""coordinates"": [[-79.4756729999025, 43.670656999974]], ""type"": ""MultiPoint""}",2017
14184,14185,,2017-12-15,757,BAMBURGH CRCL,FUNDY BAY  BLVD,50 m East of,Collector,Scarborough,Non Intersection,No Control,Clear,Daylight,Wet,Non-Fatal Injury,Cyclist Collisions,Driver,85 to 89,,,North,"Automobile, Station Wagon",Going Ahead,Other,Normal,,,,,,,,Yes,Yes,,,,,,,,,,,116,Steeles,116,Steeles (116),D42,"{""coordinates"": [[-79.3213459999862, 43.8127120001186]], ""type"": ""MultiPoint""}",2017
14185,14186,,2017-12-15,757,BAMBURGH CRCL,FUNDY BAY  BLVD,50 m East of,Collector,Scarborough,Non Intersection,No Control,Clear,Daylight,Wet,Non-Fatal Injury,Cyclist Collisions,Cyclist,65 to 69,Major,,North,Bicycle,Going Ahead,,,,,,Cyclist and Driver travelling in same direction. One vehicle sideswipes the other.,Driving Properly,Unknown,,Yes,Yes,,,,,,,,,,,116,Steeles,116,Steeles (116),D42,"{""coordinates"": [[-79.3213459999862, 43.8127120001186]], ""type"": ""MultiPoint""}",2017
14186,14187,,2017-12-15,1237,CHURCH ST,WELLINGTON ST E,,Minor Arterial,Toronto and East York,At Intersection,Traffic Signal,Other,Daylight,Other,Fatal,Pedestrian Collisions,Truck Driver,55 to 59,,,South,Truck (other),Turning Right,Failed to Yield Right of Way,Unknown,,,,,,,Yes,,,,Yes,,,,,Yes,,,,166,St Lawrence-East Bayfront-The Islands,77,Waterfront Communities-The Island (77),D51,"{""coordinates"": [[-79.3738210004997, 43.648543000189]], ""type"": ""MultiPoint""}",2017
14187,14188,,2017-12-15,1237,CHURCH ST,WELLINGTON ST E,,Minor Arterial,Toronto and East York,At Intersection,Traffic Signal,Other,Daylight,Other,Fatal,Pedestrian Collisions,Pedestrian,20 to 24,Fatal,57.0,South,,,,,Vehicle turns right while ped crosses with ROW at inter.,Crossing with right of way,Unknown,,,,Yes,,,,Yes,,,,,Yes,,,,166,St Lawrence-East Bayfront-The Islands,77,Waterfront Communities-The Island (77),D51,"{""coordinates"": [[-79.3738210004997, 43.648543000189]], ""type"": ""MultiPoint""}",2017
14188,14189,,2017-12-15,1605,COSBURN  AVE,LOGAN AVE,8 m East of,Minor Arterial,Toronto and East York,At Intersection,Pedestrian Crossover,Snow,"Dusk, artificial",Loose Snow,Non-Fatal Injury,Pedestrian Collisions,Pedestrian,35 to 39,Major,,South,,,,,Pedestrian hit a PXO/ped. Mid-block signal,"Crossing, Pedestrian Crossover",Normal,,,,Yes,,Yes,,,,,,,,,,,57,Broadview North,57,Broadview North (57),D55,"{""coordinates"": [[-79.3532750003858, 43.6884789998055]], ""type"": ""MultiPoint""}",2017
14189,14190,,2017-12-15,1605,COSBURN  AVE,LOGAN AVE,8 m East of,Minor Arterial,Toronto and East York,At Intersection,Pedestrian Crossover,Snow,"Dusk, artificial",Loose Snow,Non-Fatal Injury,Pedestrian Collisions,Driver,45 to 49,,,West,"Automobile, Station Wagon",Slowing or Stopping,Lost control,Normal,,,,,,,Yes,,Yes,,,,,,,,,,,57,Broadview North,57,Broadview North (57),D55,"{""coordinates"": [[-79.3532750003858, 43.6884789998055]], ""type"": ""MultiPoint""}",2017
14190,14191,,2017-12-15,2005,ADELAIDE ST W,YORK ST,,Major Arterial,Toronto and East York,At Intersection,Traffic Signal,Clear,"Dark, artificial",Wet,Non-Fatal Injury,Pedestrian Collisions,Pedestrian,55 to 59,Major,,East,,,,,Vehicle turns left while ped crosses with ROW at inter.,Crossing with right of way,Normal,,,,Yes,,Yes,,,,,,,,,,,170,Yonge-Bay Corridor,76,Bay Street Corridor (76),D52,"{""coordinates"": [[-79.3840670004307, 43.6491149999086]], ""type"": ""MultiPoint""}",2017
14191,14192,,2017-12-15,2005,ADELAIDE ST W,YORK ST,,Major Arterial,Toronto and East York,At Intersection,Traffic Signal,Clear,"Dark, artificial",Wet,Non-Fatal Injury,Pedestrian Collisions,Driver,40 to 44,,,East,"Automobile, Station Wagon",Turning Left,Driving Properly,Normal,,,,,,,Yes,,Yes,,,,,,,,,,,170,Yonge-Bay Corridor,76,Bay Street Corridor (76),D52,"{""coordinates"": [[-79.3840670004307, 43.6491149999086]], ""type"": ""MultiPoint""}",2017
14192,14193,,2017-12-17,41,KINGSTON RD,GUILDWOOD PKWY,,Major Arterial,Scarborough,At Intersection,Traffic Signal,Other,Dark,Other,Fatal,SMV Other,Driver,50 to 54,Fatal,58.0,East,"Automobile, Station Wagon",Going Ahead,Exceeding Speed Limit,Unknown,,,,,,,,,Yes,,,,,,Yes,Yes,,,,140,Guildwood,140,Guildwood (140),D43,"{""coordinates"": [[-79.2059199994987, 43.7495829997088]], ""type"": ""MultiPoint""}",2017
14193,14194,,2017-12-18,1735,EGLINTON AVE W,WESTON RD,,Major Arterial,Etobicoke York,Non Intersection,No Control,Clear,Daylight,Wet,Fatal,Pedestrian Collisions,Pedestrian,85 to 89,Fatal,59.0,South,,,,,Pedestrian hit at mid-block,"Crossing, no Traffic Control",Inattentive,,,,Yes,,Yes,,,,,,,,,,,115,Mount Dennis,115,Mount Dennis (115),D12,"{""coordinates"": [[-79.495135999614, 43.6854270001812]], ""type"": ""MultiPoint""}",2017
14194,14195,,2017-12-18,1735,EGLINTON AVE W,WESTON RD,,Major Arterial,Etobicoke York,Non Intersection,No Control,Clear,Daylight,Wet,Fatal,Pedestrian Collisions,Driver,65 to 69,,,West,"Automobile, Station Wagon",Going Ahead,Driving Properly,Normal,,,,,,,Yes,,Yes,,,,,,,,,,,115,Mount Dennis,115,Mount Dennis (115),D12,"{""coordinates"": [[-79.495135999614, 43.6854270001812]], ""type"": ""MultiPoint""}",2017
14195,14196,,2017-12-18,2151,FINCH AVE W,SIGNET  DR,,Major Arterial,Etobicoke York,At Intersection,Traffic Signal,Clear,"Dark, artificial",Dry,Non-Fatal Injury,Pedestrian Collisions,Pedestrian,35 to 39,Major,,West,,,,,Vehicle is going straight thru inter.while ped cross with ROW,Crossing with right of way,Normal,,,,Yes,,Yes,,,,,,,Yes,Yes,,,22,Humbermede,22,Humbermede (22),D31,"{""coordinates"": [[-79.5362199998113, 43.7532179999495]], ""type"": ""MultiPoint""}",2017
14196,14197,,2017-12-18,2151,FINCH AVE W,SIGNET  DR,,Major Arterial,Etobicoke York,At Intersection,Traffic Signal,Clear,"Dark, artificial",Dry,Non-Fatal Injury,Pedestrian Collisions,Driver,70 to 74,,,South,"Automobile, Station Wagon",Going Ahead,Disobeyed Traffic Control,Inattentive,,,,,,,Yes,,Yes,,,,,,,Yes,Yes,,,22,Humbermede,22,Humbermede (22),D31,"{""coordinates"": [[-79.5362199998113, 43.7532179999495]], ""type"": ""MultiPoint""}",2017
14197,14198,,2017-12-19,603,COXWELL AVE,QUEEN ST E,,Minor Arterial,Toronto and East York,At Intersection,Traffic Signal,Clear,Dark,Wet,Non-Fatal Injury,Pedestrian Collisions,Pedestrian,70 to 74,Major,,South,,,,,Vehicle turns left while ped crosses with ROW at inter.,Crossing with right of way,Normal,,,,Yes,,,,Yes,,,,,Yes,,,,65,Greenwood-Coxwell,65,Greenwood-Coxwell (65),D55,"{""coordinates"": [[-79.3165620004792, 43.6662850004291]], ""type"": ""MultiPoint""}",2017
14198,14199,,2017-12-19,603,COXWELL AVE,QUEEN ST E,,Minor Arterial,Toronto and East York,At Intersection,Traffic Signal,Clear,Dark,Wet,Non-Fatal Injury,Pedestrian Collisions,Truck Driver,30 to 34,,,South,"Truck - Closed (Blazer, etc)",Turning Left,Failed to Yield Right of Way,Inattentive,,,,,,,Yes,,,,Yes,,,,,Yes,,,,65,Greenwood-Coxwell,65,Greenwood-Coxwell (65),D55,"{""coordinates"": [[-79.3165620004792, 43.6662850004291]], ""type"": ""MultiPoint""}",2017
14199,14200,,2017-12-19,1651,MARTIN GROVE RD,BETHRIDGE RD,,Major Arterial,Etobicoke York,At Intersection,Traffic Signal,Clear,"Dark, artificial",Dry,Non-Fatal Injury,Angle,Passenger,0 to 4,Minimal,,,,,,,,,,,,,,,Yes,,,,,Yes,,Yes,Yes,,,1,West Humber-Clairville,1,West Humber-Clairville (1),D23,"{""coordinates"": [[-79.5781970001648, 43.7074759996448]], ""type"": ""MultiPoint""}",2017
14200,14201,,2017-12-19,1651,MARTIN GROVE RD,BETHRIDGE RD,,Major Arterial,Etobicoke York,At Intersection,Traffic Signal,Clear,"Dark, artificial",Dry,Non-Fatal Injury,Angle,Driver,30 to 34,Major,,North,"Automobile, Station Wagon",Going Ahead,Driving Properly,Normal,,,,,,,,,Yes,,,,,Yes,,Yes,Yes,,,1,West Humber-Clairville,1,West Humber-Clairville (1),D23,"{""coordinates"": [[-79.5781970001648, 43.7074759996448]], ""type"": ""MultiPoint""}",2017
14201,14202,,2017-12-19,1651,MARTIN GROVE RD,BETHRIDGE RD,,Major Arterial,Etobicoke York,At Intersection,Traffic Signal,Clear,"Dark, artificial",Dry,Non-Fatal Injury,Angle,Driver,40 to 44,,,East,"Automobile, Station Wagon",Going Ahead,Disobeyed Traffic Control,Inattentive,,,,,,,,,Yes,,,,,Yes,,Yes,Yes,,,1,West Humber-Clairville,1,West Humber-Clairville (1),D23,"{""coordinates"": [[-79.5781970001648, 43.7074759996448]], ""type"": ""MultiPoint""}",2017
14202,14203,,2017-12-20,1139,COLLEGE ST,OSSINGTON AVE,,Major Arterial,Toronto and East York,At Intersection,Traffic Signal,Other,Daylight,Other,Fatal,Cyclist Collisions,Cyclist,45 to 49,Fatal,60.0,West,Bicycle,Other,,,,,,Insufficient information (to determine cyclist crash type).,Driving Properly,Other,,Yes,,,Yes,,,,,,,,,81,Trinity-Bellwoods,81,Trinity-Bellwoods (81),D14,"{""coordinates"": [[-79.4226640003206, 43.6543259999494]], ""type"": ""MultiPoint""}",2017
14203,14204,,2017-12-20,1139,COLLEGE ST,OSSINGTON AVE,,Major Arterial,Toronto and East York,At Intersection,Traffic Signal,Other,Daylight,Other,Fatal,Cyclist Collisions,Truck Driver,50 to 54,,,West,Truck (other),Going Ahead,Driving Properly,Unknown,,,,,,,,Yes,,,Yes,,,,,,,,,81,Trinity-Bellwoods,81,Trinity-Bellwoods (81),D14,"{""coordinates"": [[-79.4226640003206, 43.6543259999494]], ""type"": ""MultiPoint""}",2017
14204,14205,,2017-12-20,1845,PASSMORE AVE,MAYBROOK DR,,Collector,Scarborough,Non Intersection,No Control,Other,Daylight,Other,Fatal,Pedestrian Collisions,Pedestrian,55 to 59,Fatal,61.0,South,,,,,Pedestrian hit at mid-block,"Crossing, no Traffic Control",Unknown,,,,Yes,,Yes,,,,,,,,,,,130,Milliken,130,Milliken (130),D42,"{""coordinates"": [[-79.2627670002737, 43.8278110004248]], ""type"": ""MultiPoint""}",2017
14205,14206,,2017-12-20,1845,PASSMORE AVE,MAYBROOK DR,,Collector,Scarborough,Non Intersection,No Control,Other,Daylight,Other,Fatal,Pedestrian Collisions,Driver,50 to 54,,,East,"Automobile, Station Wagon",Going Ahead,Driving Properly,Unknown,,,,,,,Yes,,Yes,,,,,,,,,,,130,Milliken,130,Milliken (130),D42,"{""coordinates"": [[-79.2627670002737, 43.8278110004248]], ""type"": ""MultiPoint""}",2017
14206,14207,,2017-12-21,1528,KINGSTON RD,WARDEN AVE,,Major Arterial,Scarborough,At Intersection,Traffic Signal,Clear,Daylight,Dry,Fatal,Pedestrian Collisions,Pedestrian,40 to 44,Fatal,62.0,South,,,,,Vehicle is going straight thru inter.while ped cross with ROW,Crossing with right of way,Unknown,,,,Yes,,Yes,,,,,,Yes,Yes,Yes,Yes,,122,Birchcliffe-Cliffside,122,Birchcliffe-Cliffside (122),D41,"{""coordinates"": [[-79.2708849998774, 43.6876859998453]], ""type"": ""MultiPoint""}",2017
14207,14208,,2017-12-21,1528,KINGSTON RD,WARDEN AVE,,Major Arterial,Scarborough,At Intersection,Traffic Signal,Clear,Daylight,Dry,Fatal,Pedestrian Collisions,Driver,25 to 29,,,West,Passenger Van,Going Ahead,Disobeyed Traffic Control,"Ability Impaired, Alcohol",,,,,,,Yes,,Yes,,,,,,Yes,Yes,Yes,Yes,,122,Birchcliffe-Cliffside,122,Birchcliffe-Cliffside (122),D41,"{""coordinates"": [[-79.2708849998774, 43.6876859998453]], ""type"": ""MultiPoint""}",2017
14208,14209,,2017-12-28,1138,DUNDAS ST W,CORDOVA AVE,,Major Arterial,Etobicoke York,At Intersection,Traffic Signal,Clear,Daylight,Wet,Non-Fatal Injury,Pedestrian Collisions,Pedestrian,unknown,Major,,Unknown,,,,,Vehicle turns left while ped crosses with ROW at inter.,Crossing with right of way,Normal,,,,Yes,,Yes,,,,,,,Yes,,,,159,Etobicoke City Centre,14,Islington-City Centre West (14),D22,"{""coordinates"": [[-79.5287050002301, 43.6486990001509]], ""type"": ""MultiPoint""}",2017
14209,14210,,2017-12-28,1138,DUNDAS ST W,CORDOVA AVE,,Major Arterial,Etobicoke York,At Intersection,Traffic Signal,Clear,Daylight,Wet,Non-Fatal Injury,Pedestrian Collisions,Driver,70 to 74,,,West,"Automobile, Station Wagon",Turning Left,Failed to Yield Right of Way,Normal,,,,,,,Yes,,Yes,,,,,,,Yes,,,,159,Etobicoke City Centre,14,Islington-City Centre West (14),D22,"{""coordinates"": [[-79.5287050002301, 43.6486990001509]], ""type"": ""MultiPoint""}",2017
14210,14211,,2017-12-28,1418,KING  ST W,COWAN AVE,4 m East of,Major Arterial,Toronto and East York,At Intersection,No Control,Clear,Daylight,Dry,Non-Fatal Injury,Pedestrian Collisions,Pedestrian,25 to 29,Major,,North,,,,,Pedestrian involved in a collision with transit vehicle anywhere along roadway,Running onto Roadway,Had Been Drinking,,,,Yes,,,,,Yes,,,,,,,,85,South Parkdale,85,South Parkdale (85),D14,"{""coordinates"": [[-79.431827000501, 43.637950000068]], ""type"": ""MultiPoint""}",2017
14211,14212,,2017-12-28,1418,KING  ST W,COWAN AVE,4 m East of,Major Arterial,Toronto and East York,At Intersection,No Control,Clear,Daylight,Dry,Non-Fatal Injury,Pedestrian Collisions,Driver,40 to 44,,,West,Street Car,Going Ahead,Driving Properly,Normal,,,,,,,Yes,,,,,Yes,,,,,,,,85,South Parkdale,85,South Parkdale (85),D14,"{""coordinates"": [[-79.431827000501, 43.637950000068]], ""type"": ""MultiPoint""}",2017
14212,14213,,2017-12-29,1515,ST CLAIR AVE E,KENNEDY  RD,2 m East of,Major Arterial,Scarborough,At Intersection,Traffic Signal,Snow,Daylight,Loose Snow,Non-Fatal Injury,Other,Passenger,65 to 69,Major,,,,,,,,,,,,,,,Yes,,,Yes,,Yes,,Yes,,,,120,Clairlea-Birchmount,120,Clairlea-Birchmount (120),D41,"{""coordinates"": [[-79.2613020005625, 43.7164520004194]], ""type"": ""MultiPoint""}",2017