index,_id,ACCNUM,DATE,TIME,STREET1,STREET2,OFFSET,ROAD_CLASS,DISTRICT,ACCLOC,TRAFFCTL,VISIBILITY,LIGHT,RDSFCOND,ACCLASS,IMPACTYPE,INVTYPE,INVAGE,INJURY,FATAL_NO,INITDIR,VEHTYPE,MANOEUVER,DRIVACT,DRIVCOND,PEDTYPE,PEDACT,PEDCOND,CYCLISTYPE,CYCACT,CYCCOND,PEDESTRIAN,CYCLIST,AUTOMOBILE,MOTORCYCLE,TRUCK,TRSN_CITY_VEH,EMERG_VEH,PASSENGER,SPEEDING,AG_DRIV,REDLIGHT,ALCOHOL,DISABILITY,HOOD_158,NEIGHBOURHOOD_158,HOOD_140,NEIGHBOURHOOD_140,DIVISION,geometry,ACCIDENT_YEAR
14378,14379,,2018-03-02,1914,GREENCEDAR CRCT,DAPHNE RD,,Collector,Scarborough,At Intersection,No Control,Other,Dark,Other,Fatal,Pedestrian Collisions,Driver,65 to 69,,,West,"Automobile, Station Wagon",Going Ahead,Driving Properly,Unknown,,,,,,,Yes,,Yes,,,,,,,,,,,141,Golfdale-Cedarbrae-Woburn,137,Woburn (137),D43,"{""coordinates"": [[-79.2293199999612, 43.7568270002286]], ""type"": ""MultiPoint""}",2018
14379,14380,,2018-03-03,1111,WELLINGTON ST W,YORK ST,52 m East of,Minor Arterial,Toronto and East York,Non Intersection,No Control,Clear,Daylight,Dry,Non-Fatal Injury,Turning Movement,Driver,15 to 19,Major,,West,"Automobile, Station Wagon",Making U Turn,Improper Turn,Inattentive,,,,,,,,,Yes,,Yes,,,Yes,,,,,,170,Yonge-Bay Corridor,76,Bay Street Corridor (76),D52,"{""coordinates"": [[-79.3822360004986, 43.6466970001066]], ""type"": ""MultiPoint""}",2018
14380,14381,,2018-03-03,1111,WELLINGTON ST W,YORK ST,52 m East of,Minor Arterial,Toronto and East York,Non Intersection,No Control,Clear,Daylight,Dry,Non-Fatal Injury,Turning Movement,Truck Driver,35 to 39,,,West,"Truck - Closed (Blazer, etc)",Going Ahead,Driving Properly,Normal,,,,,,,,,Yes,,Yes,,,Yes,,,,,,170,Yonge-Bay Corridor,76,Bay Street Corridor (76),D52,"{""coordinates"": [[-79.3822360004986, 43.6466970001066]], ""type"": ""MultiPoint""}",2018
14381,14382,,2018-03-03,1111,WELLINGTON ST W,YORK ST,52 m East of,Minor Arterial,Toronto and East York,Non Intersection,No Control,Clear,Daylight,Dry,Non-Fatal Injury,Turning Movement,Passenger,20 to 24,,,,,,,,,,,,,,,,Yes,,Yes,,,Yes,,,,,,170,Yonge-Bay Corridor,76,Bay Street Corridor (76),D52,"{""coordinates"": [[-79.3822360004986, 43.6466970001066]], ""type"": ""MultiPoint""}",2018
14382,14383,,2018-03-03,1515,BATHURST ST,STEELES AVE W,10 m South o,Major Arterial,North York,Intersection Related,Traffic Signal,Clear,Daylight,Dry,Non-Fatal Injury,Angle,Driver,45 to 49,,,West,Passenger Van,Going Ahead,Failed to Yield Right of Way,Normal,,,,,,,,,Yes,,,,,Yes,,Yes,,,,36,Newtonbrook West,36,Newtonbrook West (36),D32,"{""coordinates"": [[-79.4457120000348, 43.7923380002467]], ""type"": ""MultiPoint""}",2018
14383,14384,,2018-03-03,1515,BATHURST ST,STEELES AVE W,10 m South o,Major Arterial,North York,Intersection Related,Traffic Signal,Clear,Daylight,Dry,Non-Fatal Injury,Angle,Driver,80 to 84,Minimal,,North,"Automobile, Station Wagon",Going Ahead,Driving Properly,Normal,,,,,,,,,Yes,,,,,Yes,,Yes,,,,36,Newtonbrook West,36,Newtonbrook West (36),D32,"{""coordinates"": [[-79.4457120000348, 43.7923380002467]], ""type"": ""MultiPoint""}",2018
14384,14385,,2018-03-03,1515,BATHURST ST,STEELES AVE W,10 m South o,Major Arterial,North York,Intersection Related,Traffic Signal,Clear,Daylight,Dry,Non-Fatal Injury,Angle,Passenger,75 to 79,Major,,,,,,,,,,,,,,,Yes,,,,,Yes,,Yes,,,,36,Newtonbrook West,36,Newtonbrook West (36),D32,"{""coordinates"": [[-79.4457120000348, 43.7923380002467]], ""type"": ""MultiPoint""}",2018
14385,14386,,2018-03-05,820,DUFFERIN ST,CASTLEFIELD AVE,28 m North o,Major Arterial,North York,Intersection Related,Traffic Signal,Clear,Daylight,Dry,Non-Fatal Injury,Pedestrian Collisions,Pedestrian,75 to 79,Major,,East,,,,,Pedestrian hit at mid-block,"Crossing, no Traffic Control",Normal,,,,Yes,,Yes,,,,,Yes,,,,,,108,Briar Hill-Belgravia,108,Briar Hill-Belgravia (108),D13,"{""coordinates"": [[-79.4517239994064, 43.7006859999118]], ""type"": ""MultiPoint""}",2018
14386,14387,,2018-03-05,820,DUFFERIN ST,CASTLEFIELD AVE,28 m North o,Major Arterial,North York,Intersection Related,Traffic Signal,Clear,Daylight,Dry,Non-Fatal Injury,Pedestrian Collisions,Passenger,50 to 54,,,,,,,,,,,,,,Yes,,Yes,,,,,Yes,,,,,,108,Briar Hill-Belgravia,108,Briar Hill-Belgravia (108),D13,"{""coordinates"": [[-79.4517239994064, 43.7006859999118]], ""type"": ""MultiPoint""}",2018
14387,14388,,2018-03-05,820,DUFFERIN ST,CASTLEFIELD AVE,28 m North o,Major Arterial,North York,Intersection Related,Traffic Signal,Clear,Daylight,Dry,Non-Fatal Injury,Pedestrian Collisions,Passenger,20 to 24,,,,,,,,,,,,,,Yes,,Yes,,,,,Yes,,,,,,108,Briar Hill-Belgravia,108,Briar Hill-Belgravia (108),D13,"{""coordinates"": [[-79.4517239994064, 43.7006859999118]], ""type"": ""MultiPoint""}",2018
14388,14389,,2018-03-05,820,DUFFERIN ST,CASTLEFIELD AVE,28 m North o,Major Arterial,North York,Intersection Related,Traffic Signal,Clear,Daylight,Dry,Non-Fatal Injury,Pedestrian Collisions,Driver,50 to 54,,,South,"Automobile, Station Wagon",Slowing or Stopping,Driving Properly,Normal,,,,,,,Yes,,Yes,,,,,Yes,,,,,,108,Briar Hill-Belgravia,108,Briar Hill-Belgravia (108),D13,"{""coordinates"": [[-79.4517239994064, 43.7006859999118]], ""type"": ""MultiPoint""}",2018
14389,14390,,2018-03-05,1505,BATHURST ST,DEWBOURNE AVE,45 m  of,Major Arterial,Toronto and East York,Non Intersection,No Control,Clear,Daylight,Dry,Non-Fatal Injury,Rear End,Driver,70 to 74,Minimal,,North,"Automobile, Station Wagon",Going Ahead,Following too Close,Normal,,,,,,,,,Yes,,,,,Yes,,Yes,,,,101,Forest Hill South,101,Forest Hill South (101),D13,"{""coordinates"": [[-79.424472000169, 43.6983589997069]], ""type"": ""MultiPoint""}",2018
14390,14391,,2018-03-05,1505,BATHURST ST,DEWBOURNE AVE,45 m  of,Major Arterial,Toronto and East York,Non Intersection,No Control,Clear,Daylight,Dry,Non-Fatal Injury,Rear End,Driver,25 to 29,,,North,"Automobile, Station Wagon",Going Ahead,Driving Properly,Normal,,,,,,,,,Yes,,,,,Yes,,Yes,,,,101,Forest Hill South,101,Forest Hill South (101),D13,"{""coordinates"": [[-79.424472000169, 43.6983589997069]], ""type"": ""MultiPoint""}",2018
14391,14392,,2018-03-05,1505,BATHURST ST,DEWBOURNE AVE,45 m  of,Major Arterial,Toronto and East York,Non Intersection,No Control,Clear,Daylight,Dry,Non-Fatal Injury,Rear End,Driver,45 to 49,,,North,"Automobile, Station Wagon",Going Ahead,Driving Properly,Normal,,,,,,,,,Yes,,,,,Yes,,Yes,,,,101,Forest Hill South,101,Forest Hill South (101),D13,"{""coordinates"": [[-79.424472000169, 43.6983589997069]], ""type"": ""MultiPoint""}",2018
14392,14393,,2018-03-05,1505,BATHURST ST,DEWBOURNE AVE,45 m  of,Major Arterial,Toronto and East York,Non Intersection,No Control,Clear,Daylight,Dry,Non-Fatal Injury,Rear End,Passenger,20 to 24,,,,,,,,,,,,,,,,Yes,,,,,Yes,,Yes,,,,101,Forest Hill South,101,Forest Hill South (101),D13,"{""coordinates"": [[-79.424472000169, 43.6983589997069]], ""type"": ""MultiPoint""}",2018
14393,14394,,2018-03-05,1505,BATHURST ST,DEWBOURNE AVE,45 m  of,Major Arterial,Toronto and East York,Non Intersection,No Control,Clear,Daylight,Dry,Non-Fatal Injury,Rear End,Passenger,50 to 54,Major,,,,,,,,,,,,,,,Yes,,,,,Yes,,Yes,,,,101,Forest Hill South,101,Forest Hill South (101),D13,"{""coordinates"": [[-79.424472000169, 43.6983589997069]], ""type"": ""MultiPoint""}",2018
14394,14395,,2018-03-05,1505,BATHURST ST,DEWBOURNE AVE,45 m  of,Major Arterial,Toronto and East York,Non Intersection,No Control,Clear,Daylight,Dry,Non-Fatal Injury,Rear End,Passenger,10 to 14,,,,,,,,,,,,,,,,Yes,,,,,Yes,,Yes,,,,101,Forest Hill South,101,Forest Hill South (101),D13,"{""coordinates"": [[-79.424472000169, 43.6983589997069]], ""type"": ""MultiPoint""}",2018
14395,14396,,2018-03-05,1505,BATHURST ST,DEWBOURNE AVE,45 m  of,Major Arterial,Toronto and East York,Non Intersection,No Control,Clear,Daylight,Dry,Non-Fatal Injury,Rear End,Passenger,15 to 19,,,,,,,,,,,,,,,,Yes,,,,,Yes,,Yes,,,,101,Forest Hill South,101,Forest Hill South (101),D13,"{""coordinates"": [[-79.424472000169, 43.6983589997069]], ""type"": ""MultiPoint""}",2018
14396,14397,,2018-03-05,1525,EGLINTON AVE W,KIPLING AVE,192 m West o,Major Arterial,Etobicoke York,Non Intersection,No Control,Clear,Daylight,Dry,Non-Fatal Injury,Approaching,Driver,20 to 24,Major,,West,"Automobile, Station Wagon",Going Ahead,Lost control,Inattentive,,,,,,,,,Yes,,,,,,Yes,Yes,,,,10,Princess-Rosethorn,7,Willowridge-Martingrove-Richview (7),D22,"{""coordinates"": [[-79.5531419996533, 43.6766619999873]], ""type"": ""MultiPoint""}",2018
14397,14398,,2018-03-05,1525,EGLINTON AVE W,KIPLING AVE,192 m West o,Major Arterial,Etobicoke York,Non Intersection,No Control,Clear,Daylight,Dry,Non-Fatal Injury,Approaching,Driver,55 to 59,Major,,East,Passenger Van,Going Ahead,Driving Properly,Normal,,,,,,,,,Yes,,,,,,Yes,Yes,,,,10,Princess-Rosethorn,7,Willowridge-Martingrove-Richview (7),D22,"{""coordinates"": [[-79.5531419996533, 43.6766619999873]], ""type"": ""MultiPoint""}",2018
14398,14399,,2018-03-05,1525,EGLINTON AVE W,KIPLING AVE,192 m West o,Major Arterial,Etobicoke York,Non Intersection,No Control,Clear,Daylight,Dry,Non-Fatal Injury,Approaching,Driver,60 to 64,Minor,,East,"Automobile, Station Wagon",Going Ahead,Driving Properly,Normal,,,,,,,,,Yes,,,,,,Yes,Yes,,,,10,Princess-Rosethorn,7,Willowridge-Martingrove-Richview (7),D22,"{""coordinates"": [[-79.5531419996533, 43.6766619999873]], ""type"": ""MultiPoint""}",2018
14399,14400,,2018-03-05,1525,EGLINTON AVE W,KIPLING AVE,192 m West o,Major Arterial,Etobicoke York,Non Intersection,No Control,Clear,Daylight,Dry,Non-Fatal Injury,Approaching,Driver,25 to 29,,,East,"Automobile, Station Wagon",Going Ahead,Driving Properly,Normal,,,,,,,,,Yes,,,,,,Yes,Yes,,,,10,Princess-Rosethorn,7,Willowridge-Martingrove-Richview (7),D22,"{""coordinates"": [[-79.5531419996533, 43.6766619999873]], ""type"": ""MultiPoint""}",2018
14400,14401,,2018-03-08,2240,STEELES AVE E,FOUNDERS RD,185 m East o,Major Arterial,Etobicoke York,Non Intersection,No Control,Clear,"Dark, artificial",Dry,Non-Fatal Injury,Pedestrian Collisions,Pedestrian,20 to 24,Major,,South,,,,,Pedestrian hit at mid-block,Running onto Roadway,"Ability Impaired, Alcohol",,,,Yes,,Yes,,,,,,,Yes,,,,27,York University Heights,27,York University Heights (27),D31,"{""coordinates"": [[-79.5021159995199, 43.7796810003168]], ""type"": ""MultiPoint""}",2018
14401,14402,,2018-03-08,2240,STEELES AVE E,FOUNDERS RD,185 m East o,Major Arterial,Etobicoke York,Non Intersection,No Control,Clear,"Dark, artificial",Dry,Non-Fatal Injury,Pedestrian Collisions,Driver,20 to 24,,,West,"Automobile, Station Wagon",Going Ahead,Driving Properly,Normal,,,,,,,Yes,,Yes,,,,,,,Yes,,,,27,York University Heights,27,York University Heights (27),D31,"{""coordinates"": [[-79.5021159995199, 43.7796810003168]], ""type"": ""MultiPoint""}",2018
14402,14403,,2018-03-09,1745,WESTON RD,DENISON RD W,3 m East of,Minor Arterial,Etobicoke York,At Intersection,Traffic Signal,Clear,Daylight,Dry,Non-Fatal Injury,Turning Movement,Driver,20 to 24,,,North,"Automobile, Station Wagon",Turning Left,Improper Turn,Normal,,,,,,,,,Yes,Yes,,,,,,,,,,113,Weston,113,Weston (113),D12,"{""coordinates"": [[-79.5081589995391, 43.6961659996469]], ""type"": ""MultiPoint""}",2018
14403,14404,,2018-03-09,1745,WESTON RD,DENISON RD W,3 m East of,Minor Arterial,Etobicoke York,At Intersection,Traffic Signal,Clear,Daylight,Dry,Non-Fatal Injury,Turning Movement,Motorcycle Driver,35 to 39,Major,,South,Motorcycle,Going Ahead,Driving Properly,Normal,,,,,,,,,Yes,Yes,,,,,,,,,,113,Weston,113,Weston (113),D12,"{""coordinates"": [[-79.5081589995391, 43.6961659996469]], ""type"": ""MultiPoint""}",2018
14404,14405,,2018-03-10,1555,COXWELL AVE,EASTWOOD RD,107 m North ,Minor Arterial,Scarborough,Non Intersection,No Control,Clear,Daylight,Dry,Non-Fatal Injury,Pedestrian Collisions,Pedestrian,40 to 44,Major,,East,,,,,Pedestrian involved in a collision with transit vehicle anywhere along roadway,"Crossing, no Traffic Control",Inattentive,,,,Yes,,,,,Yes,,,,,,,,64,Woodbine Corridor,64,Woodbine Corridor (64),D55,"{""coordinates"": [[-79.3196519998437, 43.673753999555]], ""type"": ""MultiPoint""}",2018
14405,14406,,2018-03-10,1555,COXWELL AVE,EASTWOOD RD,107 m North ,Minor Arterial,Scarborough,Non Intersection,No Control,Clear,Daylight,Dry,Non-Fatal Injury,Pedestrian Collisions,Driver,50 to 54,,,South,Municipal Transit Bus (TTC),Going Ahead,Driving Properly,Normal,,,,,,,Yes,,,,,Yes,,,,,,,,64,Woodbine Corridor,64,Woodbine Corridor (64),D55,"{""coordinates"": [[-79.3196519998437, 43.673753999555]], ""type"": ""MultiPoint""}",2018
14406,14407,,2018-03-13,1130,DUNDAS ST W,HURON ST,20 m West of,Major Arterial,North York,Intersection Related,No Control,Clear,Daylight,Dry,Non-Fatal Injury,Pedestrian Collisions,Pedestrian,70 to 74,Major,,South,,,,,Vehicle hits the pedestrian walking or running out from between parked vehicles at mid-block,Coming From Behind Parked Vehicle,Inattentive,,,,Yes,,Yes,,,,,,,,,,,78,Kensington-Chinatown,78,Kensington-Chinatown (78),D52,"{""coordinates"": [[-79.3961209999249, 43.6532729997381]], ""type"": ""MultiPoint""}",2018
14407,14408,,2018-03-13,1130,DUNDAS ST W,HURON ST,20 m West of,Major Arterial,North York,Intersection Related,No Control,Clear,Daylight,Dry,Non-Fatal Injury,Pedestrian Collisions,Driver,30 to 34,,,East,"Automobile, Station Wagon",Going Ahead,Driving Properly,Normal,,,,,,,Yes,,Yes,,,,,,,,,,,78,Kensington-Chinatown,78,Kensington-Chinatown (78),D52,"{""coordinates"": [[-79.3961209999249, 43.6532729997381]], ""type"": ""MultiPoint""}",2018
14408,14409,,2018-03-15,226,COLLEGE ST,HURON ST,,Major Arterial,Toronto and East York,At Intersection,Traffic Signal,Clear,"Dark, artificial",Dry,Fatal,Pedestrian Collisions,Driver,15 to 19,,,North,"Automobile, Station Wagon",Going Ahead,Failed to Yield Right of Way,"Ability Impaired, Alcohol Over .08",,,,,,,Yes,,Yes,,,,,,Yes,Yes,,Yes,,78,Kensington-Chinatown,78,Kensington-Chinatown (78),D52,"{""coordinates"": [[-79.3981579994145, 43.6581870003479]], ""type"": ""MultiPoint""}",2018
14409,14410,,2018-03-15,226,COLLEGE ST,HURON ST,,Major Arterial,Toronto and East York,At Intersection,Traffic Signal,Clear,"Dark, artificial",Dry,Fatal,Pedestrian Collisions,Pedestrian,20 to 24,Fatal,15.0,West,,,,,Vehicle is going straight thru inter.while ped cross with ROW,Crossing with right of way,Normal,,,,Yes,,Yes,,,,,,Yes,Yes,,Yes,,78,Kensington-Chinatown,78,Kensington-Chinatown (78),D52,"{""coordinates"": [[-79.3981579994145, 43.6581870003479]], ""type"": ""MultiPoint""}",2018
14410,14411,,2018-03-15,2150,DOVERCOURT RD,DUPONT ST,,Major Arterial,Etobicoke York,At Intersection,Traffic Signal,Clear,"Dark, artificial",Dry,Non-Fatal Injury,Pedestrian Collisions,Pedestrian,20 to 24,Major,,West,,,,,Vehicle is going straight thru inter.while ped cross without ROW,Crossing without right of way,Medical or Physical Disability,,,,Yes,,Yes,,,,,,,,,,,172,Dovercourt Village,93,Dovercourt-Wallace Emerson-Junction (93),D14,"{""coordinates"": [[-79.4327190005579, 43.6696309996621]], ""type"": ""MultiPoint""}",2018
14411,14412,,2018-03-15,2150,DOVERCOURT RD,DUPONT ST,,Major Arterial,Etobicoke York,At Intersection,Traffic Signal,Clear,"Dark, artificial",Dry,Non-Fatal Injury,Pedestrian Collisions,Driver,50 to 54,,,South,"Automobile, Station Wagon",Going Ahead,Driving Properly,Normal,,,,,,,Yes,,Yes,,,,,,,,,,,172,Dovercourt Village,93,Dovercourt-Wallace Emerson-Junction (93),D14,"{""coordinates"": [[-79.4327190005579, 43.6696309996621]], ""type"": ""MultiPoint""}",2018
14412,14413,,2018-03-16,907,RUNNYMEDE RD,DEFOREST RD,,Collector,Etobicoke York,At Intersection,Stop Sign,Clear,"Daylight, artificial",Dry,Non-Fatal Injury,Pedestrian Collisions,Pedestrian,70 to 74,Major,,North,,,,,Vehicle turns left while ped crosses with ROW at inter.,Crossing with right of way,Normal,,,,Yes,,Yes,,,,,,,Yes,,,,87,High Park-Swansea,87,High Park-Swansea (87),D11,"{""coordinates"": [[-79.4753530000906, 43.6486879998635]], ""type"": ""MultiPoint""}",2018
14413,14414,,2018-03-16,907,RUNNYMEDE RD,DEFOREST RD,,Collector,Etobicoke York,At Intersection,Stop Sign,Clear,"Daylight, artificial",Dry,Non-Fatal Injury,Pedestrian Collisions,Driver,55 to 59,,,South,"Automobile, Station Wagon",Turning Left,Failed to Yield Right of Way,Normal,,,,,,,Yes,,Yes,,,,,,,Yes,,,,87,High Park-Swansea,87,High Park-Swansea (87),D11,"{""coordinates"": [[-79.4753530000906, 43.6486879998635]], ""type"": ""MultiPoint""}",2018
14414,14415,,2018-03-19,1032,GEORGE ST,DUNDAS ST E,,Major Arterial,Toronto and East York,At Intersection,Stop Sign,Clear,Daylight,Dry,Non-Fatal Injury,Pedestrian Collisions,Driver,70 to 74,,,North,Pick Up Truck,Turning Left,Failed to Yield Right of Way,Normal,,,,,,,Yes,,Yes,,,,,,,Yes,,,,73,Moss Park,73,Moss Park (73),D51,"{""coordinates"": [[-79.3734159998297, 43.6572290000229]], ""type"": ""MultiPoint""}",2018
14415,14416,,2018-03-19,1032,GEORGE ST,DUNDAS ST E,,Major Arterial,Toronto and East York,At Intersection,Stop Sign,Clear,Daylight,Dry,Non-Fatal Injury,Pedestrian Collisions,Pedestrian,0 to 4,Major,,South,,,,,Vehicle turns left while ped crosses with ROW at inter.,Crossing with right of way,Normal,,,,Yes,,Yes,,,,,,,Yes,,,,73,Moss Park,73,Moss Park (73),D51,"{""coordinates"": [[-79.3734159998297, 43.6572290000229]], ""type"": ""MultiPoint""}",2018
14416,14417,,2018-03-19,1741,RENFORTH DR,EGLINTON AVE W,10 m South o,Minor Arterial,Etobicoke York,Intersection Related,No Control,Clear,Daylight,Dry,Non-Fatal Injury,Rear End,Driver,50 to 54,,,South,Passenger Van,Going Ahead,Following too Close,Normal,,,,,,,,,Yes,,,,,Yes,,Yes,,,,11,Eringate-Centennial-West Deane,11,Eringate-Centennial-West Deane (11),D22,"{""coordinates"": [[-79.5876270006231, 43.6660299997185]], ""type"": ""MultiPoint""}",2018
14417,14418,,2018-03-19,1741,RENFORTH DR,EGLINTON AVE W,10 m South o,Minor Arterial,Etobicoke York,Intersection Related,No Control,Clear,Daylight,Dry,Non-Fatal Injury,Rear End,Driver,65 to 69,Major,,South,"Automobile, Station Wagon",Stopped,Driving Properly,Normal,,,,,,,,,Yes,,,,,Yes,,Yes,,,,11,Eringate-Centennial-West Deane,11,Eringate-Centennial-West Deane (11),D22,"{""coordinates"": [[-79.5876270006231, 43.6660299997185]], ""type"": ""MultiPoint""}",2018
14418,14419,,2018-03-19,1741,RENFORTH DR,EGLINTON AVE W,10 m South o,Minor Arterial,Etobicoke York,Intersection Related,No Control,Clear,Daylight,Dry,Non-Fatal Injury,Rear End,Driver,55 to 59,,,South,"Automobile, Station Wagon",Stopped,Driving Properly,Normal,,,,,,,,,Yes,,,,,Yes,,Yes,,,,11,Eringate-Centennial-West Deane,11,Eringate-Centennial-West Deane (11),D22,"{""coordinates"": [[-79.5876270006231, 43.6660299997185]], ""type"": ""MultiPoint""}",2018
14419,14420,,2018-03-19,1741,RENFORTH DR,EGLINTON AVE W,10 m South o,Minor Arterial,Etobicoke York,Intersection Related,No Control,Clear,Daylight,Dry,Non-Fatal Injury,Rear End,Passenger,40 to 44,,,,,,,,,,,,,,,,Yes,,,,,Yes,,Yes,,,,11,Eringate-Centennial-West Deane,11,Eringate-Centennial-West Deane (11),D22,"{""coordinates"": [[-79.5876270006231, 43.6660299997185]], ""type"": ""MultiPoint""}",2018
14420,14421,,2018-03-21,232,KEELE ST,WANDLE AVE,45 m North o,Major Arterial,North York,Non Intersection,No Control,Clear,"Dark, artificial",Dry,Non-Fatal Injury,Sideswipe,Driver,35 to 39,Major,,North,"Automobile, Station Wagon",Going Ahead,Lost control,"Ability Impaired, Alcohol",,,,,,,,,Yes,,,,,,Yes,Yes,,Yes,,155,Downsview,26,Downsview-Roding-CFB (26),D31,"{""coordinates"": [[-79.4832570004071, 43.7317759999432]], ""type"": ""MultiPoint""}",2018
14421,14422,,2018-03-21,232,KEELE ST,WANDLE AVE,45 m North o,Major Arterial,North York,Non Intersection,No Control,Clear,"Dark, artificial",Dry,Non-Fatal Injury,Sideswipe,Driver,35 to 39,,,North,"Automobile, Station Wagon",Going Ahead,Driving Properly,Normal,,,,,,,,,Yes,,,,,,Yes,Yes,,Yes,,155,Downsview,26,Downsview-Roding-CFB (26),D31,"{""coordinates"": [[-79.4832570004071, 43.7317759999432]], ""type"": ""MultiPoint""}",2018
14422,14423,,2018-03-21,331,F G GARDINER XY  W,ROYAL YORK RD,,,Etobicoke York,Non Intersection,No Control,Clear,"Dark, artificial",Dry,Fatal,Rear End,Passenger,25 to 29,Minimal,,,,,,,,,,,,,,,Yes,,,,,Yes,Yes,Yes,,,,160,Mimico-Queensway,17,Mimico (includes Humber Bay Shores) (17),D22,"{""coordinates"": [[-79.4999569998662, 43.6231070004317]], ""type"": ""MultiPoint""}",2018
14423,14424,,2018-03-21,331,F G GARDINER XY  W,ROYAL YORK RD,,,Etobicoke York,Non Intersection,No Control,Clear,"Dark, artificial",Dry,Fatal,Rear End,Passenger,25 to 29,Fatal,16.0,,,,,,,,,,,,,,Yes,,,,,Yes,Yes,Yes,,,,160,Mimico-Queensway,17,Mimico (includes Humber Bay Shores) (17),D22,"{""coordinates"": [[-79.4999569998662, 43.6231070004317]], ""type"": ""MultiPoint""}",2018
14424,14425,,2018-03-21,331,F G GARDINER XY  W,ROYAL YORK RD,,,Etobicoke York,Non Intersection,No Control,Clear,"Dark, artificial",Dry,Fatal,Rear End,Driver,30 to 34,Minor,,West,"Automobile, Station Wagon",Going Ahead,Exceeding Speed Limit,Normal,,,,,,,,,Yes,,,,,Yes,Yes,Yes,,,,160,Mimico-Queensway,17,Mimico (includes Humber Bay Shores) (17),D22,"{""coordinates"": [[-79.4999569998662, 43.6231070004317]], ""type"": ""MultiPoint""}",2018
14425,14426,,2018-03-21,331,F G GARDINER XY  W,ROYAL YORK RD,,,Etobicoke York,Non Intersection,No Control,Clear,"Dark, artificial",Dry,Fatal,Rear End,Driver,20 to 24,Minor,,West,"Automobile, Station Wagon",Pulling Away from Shoulder or Curb,Improper Lane Change,Inattentive,,,,,,,,,Yes,,,,,Yes,Yes,Yes,,,,160,Mimico-Queensway,17,Mimico (includes Humber Bay Shores) (17),D22,"{""coordinates"": [[-79.4999569998662, 43.6231070004317]], ""type"": ""MultiPoint""}",2018
14426,14427,,2018-03-21,1720,LAWRENCE AVE W,BENTON RD,10 m East of,Major Arterial,Etobicoke York,At Intersection,Traffic Signal,Clear,Daylight,Dry,Non-Fatal Injury,Angle,Driver,40 to 44,,,East,"Automobile, Station Wagon",Going Ahead,Disobeyed Traffic Control,Normal,,,,,,,,,Yes,,,,,,,Yes,Yes,,,30,Brookhaven-Amesbury,30,Brookhaven-Amesbury (30),D12,"{""coordinates"": [[-79.471865999875, 43.7102309999128]], ""type"": ""MultiPoint""}",2018
14427,14428,,2018-03-21,1720,LAWRENCE AVE W,BENTON RD,10 m East of,Major Arterial,Etobicoke York,At Intersection,Traffic Signal,Clear,Daylight,Dry,Non-Fatal Injury,Angle,Driver,55 to 59,Major,,North,Passenger Van,Going Ahead,Driving Properly,Normal,,,,,,,,,Yes,,,,,,,Yes,Yes,,,30,Brookhaven-Amesbury,30,Brookhaven-Amesbury (30),D12,"{""coordinates"": [[-79.471865999875, 43.7102309999128]], ""type"": ""MultiPoint""}",2018
14428,14429,,2018-03-21,2305,QUEENS QUAY W,YORK ST,60 m West of,Minor Arterial,Toronto and East York,Non Intersection,No Control,Clear,"Dark, artificial",Dry,Non-Fatal Injury,Pedestrian Collisions,Pedestrian,45 to 49,Major,,South,,,,,Pedestrian hit at mid-block,Running onto Roadway,Inattentive,,,,Yes,,Yes,,,,,,,,,,,165,Harbourfront-CityPlace,77,Waterfront Communities-The Island (77),D52,"{""coordinates"": [[-79.3810680000967, 43.6397119995951]], ""type"": ""MultiPoint""}",2018
14429,14430,,2018-03-21,2305,QUEENS QUAY W,YORK ST,60 m West of,Minor Arterial,Toronto and East York,Non Intersection,No Control,Clear,"Dark, artificial",Dry,Non-Fatal Injury,Pedestrian Collisions,Driver,65 to 69,,,East,"Automobile, Station Wagon",Going Ahead,Driving Properly,Normal,,,,,,,Yes,,Yes,,,,,,,,,,,165,Harbourfront-CityPlace,77,Waterfront Communities-The Island (77),D52,"{""coordinates"": [[-79.3810680000967, 43.6397119995951]], ""type"": ""MultiPoint""}",2018
14430,14431,188016123.0,2018-03-24,1700,BAYVIEW AVE,THE BRIDLE PATH,,Major Arterial,North York,Non Intersection,No Control,Clear,Daylight,Dry,Non-Fatal Injury,Pedestrian Collisions,Driver,unknown,,,North,"Automobile, Station Wagon",Changing Lanes,Driving Properly,Unknown,,,,,,,Yes,,Yes,,,,,,,,,,,41,Bridle Path-Sunnybrook-York Mills,41,Bridle Path-Sunnybrook-York Mills (41),D33,"{""coordinates"": [[-79.3824039993967, 43.739215000361]], ""type"": ""MultiPoint""}",2018