index,_id,ACCNUM,DATE,TIME,STREET1,STREET2,OFFSET,ROAD_CLASS,DISTRICT,ACCLOC,TRAFFCTL,VISIBILITY,LIGHT,RDSFCOND,ACCLASS,IMPACTYPE,INVTYPE,INVAGE,INJURY,FATAL_NO,INITDIR,VEHTYPE,MANOEUVER,DRIVACT,DRIVCOND,PEDTYPE,PEDACT,PEDCOND,CYCLISTYPE,CYCACT,CYCCOND,PEDESTRIAN,CYCLIST,AUTOMOBILE,MOTORCYCLE,TRUCK,TRSN_CITY_VEH,EMERG_VEH,PASSENGER,SPEEDING,AG_DRIV,REDLIGHT,ALCOHOL,DISABILITY,HOOD_158,NEIGHBOURHOOD_158,HOOD_140,NEIGHBOURHOOD_140,DIVISION,geometry,ACCIDENT_YEAR
14431,14432,188016123.0,2018-03-24,1700,BAYVIEW AVE,THE BRIDLE PATH,,Major Arterial,North York,Non Intersection,No Control,Clear,Daylight,Dry,Non-Fatal Injury,Pedestrian Collisions,Pedestrian,25 to 29,Major,,Unknown,,,,,Pedestrian hit at mid-block,Other,Unknown,,,,Yes,,Yes,,,,,,,,,,,41,Bridle Path-Sunnybrook-York Mills,41,Bridle Path-Sunnybrook-York Mills (41),D33,"{""coordinates"": [[-79.3824039993967, 43.739215000361]], ""type"": ""MultiPoint""}",2018
14432,14433,,2018-03-24,1914,JANE ST,SHOREHAM DR,70 m South o,Major Arterial,North York,Non Intersection,No Control,Clear,Daylight,Dry,Non-Fatal Injury,Approaching,Driver,35 to 39,Major,,South,"Automobile, Station Wagon",Going Ahead,Driving Properly,Normal,,,,,,,,,Yes,,,,,,Yes,Yes,,,,24,Black Creek,24,Black Creek (24),D31,"{""coordinates"": [[-79.5201070001329, 43.7677139999872]], ""type"": ""MultiPoint""}",2018
14433,14434,,2018-03-24,1914,JANE ST,SHOREHAM DR,70 m South o,Major Arterial,North York,Non Intersection,No Control,Clear,Daylight,Dry,Non-Fatal Injury,Approaching,Driver,20 to 24,Major,,North,"Automobile, Station Wagon",Going Ahead,Exceeding Speed Limit,Unknown,,,,,,,,,Yes,,,,,,Yes,Yes,,,,24,Black Creek,24,Black Creek (24),D31,"{""coordinates"": [[-79.5201070001329, 43.7677139999872]], ""type"": ""MultiPoint""}",2018
14434,14435,,2018-03-26,1604,BRIDLETOWNE CRCL,BEVERLY GLEN BLVD,,Minor Arterial,Scarborough,At Intersection,Traffic Signal,Clear,Daylight,Dry,Non-Fatal Injury,Pedestrian Collisions,Pedestrian,80 to 84,Major,,East,,,,,Vehicle turns left while ped crosses with ROW at inter.,Crossing with right of way,Normal,,,,Yes,,Yes,,,,,,,Yes,,,,147,L'Amoreaux West,117,L'Amoreaux (117),D42,"{""coordinates"": [[-79.3200559995256, 43.7994179999413]], ""type"": ""MultiPoint""}",2018
14435,14436,,2018-03-26,1604,BRIDLETOWNE CRCL,BEVERLY GLEN BLVD,,Minor Arterial,Scarborough,At Intersection,Traffic Signal,Clear,Daylight,Dry,Non-Fatal Injury,Pedestrian Collisions,Driver,40 to 44,,,West,"Automobile, Station Wagon",Turning Left,Failed to Yield Right of Way,Inattentive,,,,,,,Yes,,Yes,,,,,,,Yes,,,,147,L'Amoreaux West,117,L'Amoreaux (117),D42,"{""coordinates"": [[-79.3200559995256, 43.7994179999413]], ""type"": ""MultiPoint""}",2018
14436,14437,,2018-03-28,1749,MOUNT PLEASANT RD,CARSTOWE RD,,Major Arterial,Toronto and East York,Non Intersection,No Control,Clear,Daylight,Dry,Fatal,Turning Movement,Driver,15 to 19,,,North,"Automobile, Station Wagon",Making U Turn,Improper Turn,Normal,,,,,,,,,Yes,Yes,,,,,Yes,Yes,,,,98,Rosedale-Moore Park,98,Rosedale-Moore Park (98),D53,"{""coordinates"": [[-79.383662000561, 43.6843900002221]], ""type"": ""MultiPoint""}",2018
14437,14438,,2018-03-28,1749,MOUNT PLEASANT RD,CARSTOWE RD,,Major Arterial,Toronto and East York,Non Intersection,No Control,Clear,Daylight,Dry,Fatal,Turning Movement,Motorcycle Driver,35 to 39,Fatal,17.0,North,Motorcycle,Going Ahead,Improper Passing,Normal,,,,,,,,,Yes,Yes,,,,,Yes,Yes,,,,98,Rosedale-Moore Park,98,Rosedale-Moore Park (98),D53,"{""coordinates"": [[-79.383662000561, 43.6843900002221]], ""type"": ""MultiPoint""}",2018
14438,14439,,2018-03-29,1221,WILSON AVE,JULIAN RD,,Major Arterial,North York,Intersection Related,Traffic Signal,Rain,Daylight,Wet,Fatal,Pedestrian Collisions,Passenger,90 to 94,,,,,,,,,,,,,,Yes,,Yes,,,,,Yes,,,,,,154,Oakdale-Beverley Heights,26,Downsview-Roding-CFB (26),D31,"{""coordinates"": [[-79.4910920003851, 43.7245320004019]], ""type"": ""MultiPoint""}",2018
14439,14440,,2018-03-29,1221,WILSON AVE,JULIAN RD,,Major Arterial,North York,Intersection Related,Traffic Signal,Rain,Daylight,Wet,Fatal,Pedestrian Collisions,Pedestrian,75 to 79,Fatal,18.0,North,,,,,Vehicle is going straight thru inter.while ped cross without ROW,"Crossing, no Traffic Control",Inattentive,,,,Yes,,Yes,,,,,Yes,,,,,,154,Oakdale-Beverley Heights,26,Downsview-Roding-CFB (26),D31,"{""coordinates"": [[-79.4910920003851, 43.7245320004019]], ""type"": ""MultiPoint""}",2018
14440,14441,,2018-03-29,1221,WILSON AVE,JULIAN RD,,Major Arterial,North York,Intersection Related,Traffic Signal,Rain,Daylight,Wet,Fatal,Pedestrian Collisions,Driver,50 to 54,,,West,Passenger Van,Going Ahead,Driving Properly,Normal,,,,,,,Yes,,Yes,,,,,Yes,,,,,,154,Oakdale-Beverley Heights,26,Downsview-Roding-CFB (26),D31,"{""coordinates"": [[-79.4910920003851, 43.7245320004019]], ""type"": ""MultiPoint""}",2018
14441,14442,,2018-03-29,2226,DON MILLS RD,SHEPPARD AVE E,,Major Arterial,North York,At Intersection,Traffic Controller,Rain,"Daylight, artificial",Wet,Non-Fatal Injury,Pedestrian Collisions,Pedestrian,35 to 39,Major,,East,,,,,Vehicle turns right while ped crosses with ROW at inter.,Crossing with right of way,Normal,,,,Yes,,Yes,,,,,,,Yes,,,,53,Henry Farm,53,Henry Farm (53),D33,"{""coordinates"": [[-79.3470029996369, 43.7750350002861]], ""type"": ""MultiPoint""}",2018
14442,14443,,2018-03-29,2226,DON MILLS RD,SHEPPARD AVE E,,Major Arterial,North York,At Intersection,Traffic Controller,Rain,"Daylight, artificial",Wet,Non-Fatal Injury,Pedestrian Collisions,Driver,45 to 49,,,West,"Automobile, Station Wagon",Turning Right,Failed to Yield Right of Way,Normal,,,,,,,Yes,,Yes,,,,,,,Yes,,,,53,Henry Farm,53,Henry Farm (53),D33,"{""coordinates"": [[-79.3470029996369, 43.7750350002861]], ""type"": ""MultiPoint""}",2018
14443,14444,,2018-04-02,1310,STEELES AVE E,DUMONT ST,13 m West of,Major Arterial,North York,Intersection Related,No Control,Clear,Daylight,Dry,Non-Fatal Injury,Pedestrian Collisions,Pedestrian,50 to 54,Major,,North,,,,,Pedestrian hit at mid-block,"Crossing, no Traffic Control",Inattentive,,,,Yes,,Yes,,,,,,,,,,,50,Newtonbrook East,50,Newtonbrook East (50),D32,"{""coordinates"": [[-79.4170490000909, 43.7986019999794]], ""type"": ""MultiPoint""}",2018
14444,14445,,2018-04-02,1310,STEELES AVE E,DUMONT ST,13 m West of,Major Arterial,North York,Intersection Related,No Control,Clear,Daylight,Dry,Non-Fatal Injury,Pedestrian Collisions,Driver,50 to 54,,,West,"Automobile, Station Wagon",Going Ahead,Driving Properly,Normal,,,,,,,Yes,,Yes,,,,,,,,,,,50,Newtonbrook East,50,Newtonbrook East (50),D32,"{""coordinates"": [[-79.4170490000909, 43.7986019999794]], ""type"": ""MultiPoint""}",2018
14445,14446,,2018-04-03,2220,FLEET ST,BATHURST ST,80 m West of,Major Arterial,Toronto and East York,Non Intersection,No Control,Rain,"Dark, artificial",Wet,Non-Fatal Injury,Pedestrian Collisions,Pedestrian,40 to 44,Major,,Unknown,,,,,Pedestrian involved in a collision with transit vehicle anywhere along roadway,"Crossing, no Traffic Control",Had Been Drinking,,,,Yes,,,,,Yes,,,,,,,,163,Fort York-Liberty Village,82,Niagara (82),D14,"{""coordinates"": [[-79.4004090001626, 43.6361299996606]], ""type"": ""MultiPoint""}",2018
14446,14447,,2018-04-03,2220,FLEET ST,BATHURST ST,80 m West of,Major Arterial,Toronto and East York,Non Intersection,No Control,Rain,"Dark, artificial",Wet,Non-Fatal Injury,Pedestrian Collisions,Driver,20 to 24,,,East,Street Car,Going Ahead,Driving Properly,Normal,,,,,,,Yes,,,,,Yes,,,,,,,,163,Fort York-Liberty Village,82,Niagara (82),D14,"{""coordinates"": [[-79.4004090001626, 43.6361299996606]], ""type"": ""MultiPoint""}",2018
14447,14448,,2018-04-04,1630,BATHURST ST,CEDARCROFT BLVD,80 m South o,Major Arterial,North York,Non Intersection,No Control,Clear,Daylight,Dry,Non-Fatal Injury,SMV Other,Motorcycle Driver,30 to 34,Major,,South,Motorcycle,Going Ahead,Lost control,Normal,,,,,,,,,,Yes,,,,,,,,,,36,Newtonbrook West,36,Newtonbrook West (36),D32,"{""coordinates"": [[-79.4452160005272, 43.7826790003437]], ""type"": ""MultiPoint""}",2018
14448,14449,,2018-04-08,2030,FINCH AVE W,ARROW RD,10 m West of,Major Arterial,Etobicoke York,At Intersection,Traffic Signal,Clear,"Dark, artificial",Dry,Non-Fatal Injury,Rear End,Passenger,10 to 14,Major,,,,,,,,,,,,,,,Yes,,,,,Yes,,Yes,,,,22,Humbermede,22,Humbermede (22),D31,"{""coordinates"": [[-79.5362199998113, 43.7532179999495]], ""type"": ""MultiPoint""}",2018
14449,14450,,2018-04-08,2030,FINCH AVE W,ARROW RD,10 m West of,Major Arterial,Etobicoke York,At Intersection,Traffic Signal,Clear,"Dark, artificial",Dry,Non-Fatal Injury,Rear End,Passenger,45 to 49,Minor,,,,,,,,,,,,,,,Yes,,,,,Yes,,Yes,,,,22,Humbermede,22,Humbermede (22),D31,"{""coordinates"": [[-79.5362199998113, 43.7532179999495]], ""type"": ""MultiPoint""}",2018
14450,14451,,2018-04-08,2030,FINCH AVE W,ARROW RD,10 m West of,Major Arterial,Etobicoke York,At Intersection,Traffic Signal,Clear,"Dark, artificial",Dry,Non-Fatal Injury,Rear End,Passenger,40 to 44,Minor,,,,,,,,,,,,,,,Yes,,,,,Yes,,Yes,,,,22,Humbermede,22,Humbermede (22),D31,"{""coordinates"": [[-79.5362199998113, 43.7532179999495]], ""type"": ""MultiPoint""}",2018
14451,14452,,2018-04-08,2030,FINCH AVE W,ARROW RD,10 m West of,Major Arterial,Etobicoke York,At Intersection,Traffic Signal,Clear,"Dark, artificial",Dry,Non-Fatal Injury,Rear End,Driver,60 to 64,Minor,,East,"Automobile, Station Wagon",Stopped,Driving Properly,Normal,,,,,,,,,Yes,,,,,Yes,,Yes,,,,22,Humbermede,22,Humbermede (22),D31,"{""coordinates"": [[-79.5362199998113, 43.7532179999495]], ""type"": ""MultiPoint""}",2018
14452,14453,,2018-04-08,2030,FINCH AVE W,ARROW RD,10 m West of,Major Arterial,Etobicoke York,At Intersection,Traffic Signal,Clear,"Dark, artificial",Dry,Non-Fatal Injury,Rear End,Driver,40 to 44,Minor,,East,"Automobile, Station Wagon",Stopped,Driving Properly,Normal,,,,,,,,,Yes,,,,,Yes,,Yes,,,,22,Humbermede,22,Humbermede (22),D31,"{""coordinates"": [[-79.5362199998113, 43.7532179999495]], ""type"": ""MultiPoint""}",2018
14453,14454,,2018-04-08,2030,FINCH AVE W,ARROW RD,10 m West of,Major Arterial,Etobicoke York,At Intersection,Traffic Signal,Clear,"Dark, artificial",Dry,Non-Fatal Injury,Rear End,Driver,30 to 34,,,East,"Automobile, Station Wagon",Going Ahead,Following too Close,Inattentive,,,,,,,,,Yes,,,,,Yes,,Yes,,,,22,Humbermede,22,Humbermede (22),D31,"{""coordinates"": [[-79.5362199998113, 43.7532179999495]], ""type"": ""MultiPoint""}",2018
14454,14455,,2018-04-10,2256,DUNDAS ST W,GOOCH AVE,1 m West of,Major Arterial,Etobicoke York,At Intersection,No Control,Clear,"Dark, artificial",Dry,Non-Fatal Injury,Pedestrian Collisions,Driver,60 to 64,,,East,"Automobile, Station Wagon",Going Ahead,Driving Properly,Normal,,,,,,,Yes,,Yes,,,,,,,,,,,89,Runnymede-Bloor West Village,89,Runnymede-Bloor West Village (89),D11,"{""coordinates"": [[-79.4985690004862, 43.6655340000995]], ""type"": ""MultiPoint""}",2018
14455,14456,,2018-04-10,2256,DUNDAS ST W,GOOCH AVE,1 m West of,Major Arterial,Etobicoke York,At Intersection,No Control,Clear,"Dark, artificial",Dry,Non-Fatal Injury,Pedestrian Collisions,Pedestrian,60 to 64,Major,,South,,,,,Vehicle is going straight thru inter.while ped cross without ROW,Crossing without right of way,"Ability Impaired, Alcohol Over .80",,,,Yes,,Yes,,,,,,,,,,,89,Runnymede-Bloor West Village,89,Runnymede-Bloor West Village (89),D11,"{""coordinates"": [[-79.4985690004862, 43.6655340000995]], ""type"": ""MultiPoint""}",2018
14456,14457,,2018-04-12,1425,625 FINCH AVE W,,,Major Arterial,North York,At Intersection,Traffic Signal,Clear,Daylight,Wet,Non-Fatal Injury,Pedestrian Collisions,Pedestrian,10 to 14,Minor,,North,,,,,Vehicle is going straight thru inter.while ped cross with ROW,Crossing with right of way,Normal,,,,Yes,,Yes,,,,,,,Yes,Yes,,,35,Westminster-Branson,35,Westminster-Branson (35),D32,"{""coordinates"": [[-79.4543339999614, 43.7715100002739]], ""type"": ""MultiPoint""}",2018
14457,14458,,2018-04-12,1425,625 FINCH AVE W,,,Major Arterial,North York,At Intersection,Traffic Signal,Clear,Daylight,Wet,Non-Fatal Injury,Pedestrian Collisions,Driver,35 to 39,,,North,"Automobile, Station Wagon",Turning Left,Driving Properly,Normal,,,,,,,Yes,,Yes,,,,,,,Yes,Yes,,,35,Westminster-Branson,35,Westminster-Branson (35),D32,"{""coordinates"": [[-79.4543339999614, 43.7715100002739]], ""type"": ""MultiPoint""}",2018
14458,14459,,2018-04-12,1425,625 FINCH AVE W,,,Major Arterial,North York,At Intersection,Traffic Signal,Clear,Daylight,Wet,Non-Fatal Injury,Pedestrian Collisions,Driver,80 to 84,Major,,East,"Automobile, Station Wagon",Going Ahead,Disobeyed Traffic Control,Inattentive,,,,,,,Yes,,Yes,,,,,,,Yes,Yes,,,35,Westminster-Branson,35,Westminster-Branson (35),D32,"{""coordinates"": [[-79.4543339999614, 43.7715100002739]], ""type"": ""MultiPoint""}",2018
14459,14460,,2018-04-12,2000,WILSON AVE,LEXFIELD AVE,,Major Arterial,North York,At Intersection,Traffic Signal,Clear,Dark,Dry,Non-Fatal Injury,Turning Movement,Passenger,20 to 24,,,,,,,,,,,,,,,,Yes,,,,,Yes,,Yes,Yes,,,154,Oakdale-Beverley Heights,26,Downsview-Roding-CFB (26),D31,"{""coordinates"": [[-79.4967299999262, 43.723284000375]], ""type"": ""MultiPoint""}",2018
14460,14461,,2018-04-12,2000,WILSON AVE,LEXFIELD AVE,,Major Arterial,North York,At Intersection,Traffic Signal,Clear,Dark,Dry,Non-Fatal Injury,Turning Movement,Driver,20 to 24,,,East,"Automobile, Station Wagon",Turning Left,Driving Properly,Normal,,,,,,,,,Yes,,,,,Yes,,Yes,Yes,,,154,Oakdale-Beverley Heights,26,Downsview-Roding-CFB (26),D31,"{""coordinates"": [[-79.4967299999262, 43.723284000375]], ""type"": ""MultiPoint""}",2018
14461,14462,,2018-04-12,2000,WILSON AVE,LEXFIELD AVE,,Major Arterial,North York,At Intersection,Traffic Signal,Clear,Dark,Dry,Non-Fatal Injury,Turning Movement,Driver,20 to 24,Major,,West,"Automobile, Station Wagon",Going Ahead,Disobeyed Traffic Control,Inattentive,,,,,,,,,Yes,,,,,Yes,,Yes,Yes,,,154,Oakdale-Beverley Heights,26,Downsview-Roding-CFB (26),D31,"{""coordinates"": [[-79.4967299999262, 43.723284000375]], ""type"": ""MultiPoint""}",2018
14462,14463,,2018-04-13,1512,JANE ST,BEVERLY HILLS DR,,Major Arterial,Etobicoke York,At Intersection,Traffic Signal,,Daylight,,Fatal,Pedestrian Collisions,Driver,55 to 59,Minor,,North,Passenger Van,Turning Left,Failed to Yield Right of Way,Unknown,,,,,,,Yes,,Yes,,,,,,Yes,Yes,,,,154,Oakdale-Beverley Heights,26,Downsview-Roding-CFB (26),D31,"{""coordinates"": [[-79.5081130001725, 43.7190079999774]], ""type"": ""MultiPoint""}",2018
14463,14464,,2018-04-13,1512,JANE ST,BEVERLY HILLS DR,,Major Arterial,Etobicoke York,At Intersection,Traffic Signal,,Daylight,,Fatal,Pedestrian Collisions,Pedestrian,40 to 44,Fatal,19.0,South,,,,,Vehicle turns left while ped crosses with ROW at inter.,Crossing with right of way,Normal,,,,Yes,,Yes,,,,,,Yes,Yes,,,,154,Oakdale-Beverley Heights,26,Downsview-Roding-CFB (26),D31,"{""coordinates"": [[-79.5081130001725, 43.7190079999774]], ""type"": ""MultiPoint""}",2018
14464,14465,,2018-04-13,1918,THE WESTWAY,KIPLING AVE,11 m South o,Major Arterial,Etobicoke York,At Intersection,Traffic Signal,Rain,"Dark, artificial",Wet,Non-Fatal Injury,Cyclist Collisions,Driver,50 to 54,,,North,"Automobile, Station Wagon",Going Ahead,Driving Properly,Normal,,,,,,,,Yes,Yes,,,,,,,,,,,7,Willowridge-Martingrove-Richview,7,Willowridge-Martingrove-Richview (7),D23,"{""coordinates"": [[-79.5546599995384, 43.6855529998377]], ""type"": ""MultiPoint""}",2018
14465,14466,,2018-04-13,1918,THE WESTWAY,KIPLING AVE,11 m South o,Major Arterial,Etobicoke York,At Intersection,Traffic Signal,Rain,"Dark, artificial",Wet,Non-Fatal Injury,Cyclist Collisions,Cyclist,20 to 24,Major,,East,Bicycle,Turning Left,,,,,,Cyclist turned left across motorists path.,Disobeyed Traffic Control,Normal,,Yes,Yes,,,,,,,,,,,7,Willowridge-Martingrove-Richview,7,Willowridge-Martingrove-Richview (7),D23,"{""coordinates"": [[-79.5546599995384, 43.6855529998377]], ""type"": ""MultiPoint""}",2018
14466,14467,,2018-04-21,1,HIGHWAY 2A  E,LAWSON RD,400 m East o,Expressway,Scarborough,Non Intersection,No Control,Clear,Dark,Dry,Non-Fatal Injury,Rear End,Passenger,50 to 54,,,,,,,,,,,,,,,,Yes,,,,,Yes,Yes,Yes,,,,133,Centennial Scarborough,133,Centennial Scarborough (133),D43,"{""coordinates"": [[-79.1640889996314, 43.7851320002123]], ""type"": ""MultiPoint""}",2018
14467,14468,,2018-04-21,1,HIGHWAY 2A  E,LAWSON RD,400 m East o,Expressway,Scarborough,Non Intersection,No Control,Clear,Dark,Dry,Non-Fatal Injury,Rear End,Passenger,60 to 64,Minimal,,,,,,,,,,,,,,,Yes,,,,,Yes,Yes,Yes,,,,133,Centennial Scarborough,133,Centennial Scarborough (133),D43,"{""coordinates"": [[-79.1640889996314, 43.7851320002123]], ""type"": ""MultiPoint""}",2018
14468,14469,,2018-04-21,1,HIGHWAY 2A  E,LAWSON RD,400 m East o,Expressway,Scarborough,Non Intersection,No Control,Clear,Dark,Dry,Non-Fatal Injury,Rear End,Passenger,60 to 64,,,,,,,,,,,,,,,,Yes,,,,,Yes,Yes,Yes,,,,133,Centennial Scarborough,133,Centennial Scarborough (133),D43,"{""coordinates"": [[-79.1640889996314, 43.7851320002123]], ""type"": ""MultiPoint""}",2018
14469,14470,,2018-04-21,1,HIGHWAY 2A  E,LAWSON RD,400 m East o,Expressway,Scarborough,Non Intersection,No Control,Clear,Dark,Dry,Non-Fatal Injury,Rear End,Passenger,70 to 74,Major,,,,,,,,,,,,,,,Yes,,,,,Yes,Yes,Yes,,,,133,Centennial Scarborough,133,Centennial Scarborough (133),D43,"{""coordinates"": [[-79.1640889996314, 43.7851320002123]], ""type"": ""MultiPoint""}",2018
14470,14471,,2018-04-21,1,HIGHWAY 2A  E,LAWSON RD,400 m East o,Expressway,Scarborough,Non Intersection,No Control,Clear,Dark,Dry,Non-Fatal Injury,Rear End,Driver,70 to 74,,,East,"Automobile, Station Wagon",Going Ahead,Driving Properly,Normal,,,,,,,,,Yes,,,,,Yes,Yes,Yes,,,,133,Centennial Scarborough,133,Centennial Scarborough (133),D43,"{""coordinates"": [[-79.1640889996314, 43.7851320002123]], ""type"": ""MultiPoint""}",2018
14471,14472,,2018-04-21,1,HIGHWAY 2A  E,LAWSON RD,400 m East o,Expressway,Scarborough,Non Intersection,No Control,Clear,Dark,Dry,Non-Fatal Injury,Rear End,Driver,20 to 24,Minimal,,East,"Automobile, Station Wagon",Going Ahead,Exceeding Speed Limit,Had Been Drinking,,,,,,,,,Yes,,,,,Yes,Yes,Yes,,,,133,Centennial Scarborough,133,Centennial Scarborough (133),D43,"{""coordinates"": [[-79.1640889996314, 43.7851320002123]], ""type"": ""MultiPoint""}",2018
14472,14473,,2018-04-21,2341,SEWELLS RD,HUPFIELD TRL,,Minor Arterial,Scarborough,Non Intersection,No Control,Clear,"Dark, artificial",Dry,Fatal,SMV Other,Driver,25 to 29,Fatal,20.0,East,"Automobile, Station Wagon",Going Ahead,Lost control,Unknown,,,,,,,,,Yes,,,,,,Yes,Yes,,,,146,Malvern East,132,Malvern (132),D42,"{""coordinates"": [[-79.2135350000981, 43.8141050004192]], ""type"": ""MultiPoint""}",2018
14473,14474,,2018-04-22,1706,1854 KEELE ST,,,Major Arterial,North York,Non Intersection,No Control,Clear,"Dark, artificial",Dry,Non-Fatal Injury,Pedestrian Collisions,Pedestrian,60 to 64,Major,,West,,,,,Pedestrian hit at mid-block,"Crossing, no Traffic Control",Other,,,,Yes,,,Yes,,,,,Yes,Yes,,,,110,Keelesdale-Eglinton West,110,Keelesdale-Eglinton West (110),D12,"{""coordinates"": [[-79.4748030002085, 43.689554999596]], ""type"": ""MultiPoint""}",2018
14474,14475,,2018-04-22,1706,1854 KEELE ST,,,Major Arterial,North York,Non Intersection,No Control,Clear,"Dark, artificial",Dry,Non-Fatal Injury,Pedestrian Collisions,Motorcycle Driver,unknown,,,South,Motorcycle,Going Ahead,Exceeding Speed Limit,Other,,,,,,,Yes,,,Yes,,,,,Yes,Yes,,,,110,Keelesdale-Eglinton West,110,Keelesdale-Eglinton West (110),D12,"{""coordinates"": [[-79.4748030002085, 43.689554999596]], ""type"": ""MultiPoint""}",2018
14475,14476,,2018-04-23,20,FINCH AVE W,SIGNET DR,,Major Arterial,Etobicoke York,At Intersection,Traffic Signal,Clear,"Dark, artificial",Dry,Fatal,Angle,Driver,15 to 19,Minor,,South,"Automobile, Station Wagon",Going Ahead,Driving Properly,Normal,,,,,,,,,Yes,,,,,,Yes,Yes,Yes,,,22,Humbermede,22,Humbermede (22),D31,"{""coordinates"": [[-79.5362199998113, 43.7532179999495]], ""type"": ""MultiPoint""}",2018
14476,14477,,2018-04-23,20,FINCH AVE W,SIGNET DR,,Major Arterial,Etobicoke York,At Intersection,Traffic Signal,Clear,"Dark, artificial",Dry,Fatal,Angle,Driver,55 to 59,,,Unknown,"Automobile, Station Wagon",,,,,,,,,,,,Yes,,,,,,Yes,Yes,Yes,,,22,Humbermede,22,Humbermede (22),D31,"{""coordinates"": [[-79.5362199998113, 43.7532179999495]], ""type"": ""MultiPoint""}",2018
14477,14478,,2018-04-23,20,FINCH AVE W,SIGNET DR,,Major Arterial,Etobicoke York,At Intersection,Traffic Signal,Clear,"Dark, artificial",Dry,Fatal,Angle,Driver,40 to 44,Fatal,21.0,West,"Automobile, Station Wagon",Going Ahead,Disobeyed Traffic Control,Normal,,,,,,,,,Yes,,,,,,Yes,Yes,Yes,,,22,Humbermede,22,Humbermede (22),D31,"{""coordinates"": [[-79.5362199998113, 43.7532179999495]], ""type"": ""MultiPoint""}",2018
14478,14479,,2018-04-23,801,HORNER AVE,BETA ST,25 m West of,Minor Arterial,Etobicoke York,At Intersection,No Control,Clear,Daylight,Dry,Non-Fatal Injury,Pedestrian Collisions,Driver,25 to 29,,,East,"Automobile, Station Wagon",Slowing or Stopping,Driving Properly,Normal,,,,,,,Yes,,Yes,,,,,,,,,,,20,Alderwood,20,Alderwood (20),D22,"{""coordinates"": [[-79.5384930004206, 43.603136999992]], ""type"": ""MultiPoint""}",2018
14479,14480,,2018-04-23,801,HORNER AVE,BETA ST,25 m West of,Minor Arterial,Etobicoke York,At Intersection,No Control,Clear,Daylight,Dry,Non-Fatal Injury,Pedestrian Collisions,Pedestrian,20 to 24,Major,,South,,,,,Pedestrian hit at mid-block,"Crossing, no Traffic Control",Inattentive,,,,Yes,,Yes,,,,,,,,,,,20,Alderwood,20,Alderwood (20),D22,"{""coordinates"": [[-79.5384930004206, 43.603136999992]], ""type"": ""MultiPoint""}",2018
14480,14481,,2018-04-23,1220,BAY ST,GROSVENOR ST,,Major Arterial,Toronto and East York,At Intersection,Traffic Signal,Clear,Daylight,Dry,Non-Fatal Injury,Pedestrian Collisions,Driver,35 to 39,,,East,"Automobile, Station Wagon",Turning Left,Failed to Yield Right of Way,Normal,,,,,,,Yes,,Yes,,,,,,,Yes,,,,169,Bay-Cloverhill,76,Bay Street Corridor (76),D52,"{""coordinates"": [[-79.3863399996832, 43.6623979995491]], ""type"": ""MultiPoint""}",2018
14481,14482,,2018-04-23,1220,BAY ST,GROSVENOR ST,,Major Arterial,Toronto and East York,At Intersection,Traffic Signal,Clear,Daylight,Dry,Non-Fatal Injury,Pedestrian Collisions,Pedestrian,85 to 89,Major,,West,,,,,Vehicle turns left while ped crosses with ROW at inter.,Crossing with right of way,Normal,,,,Yes,,Yes,,,,,,,Yes,,,,169,Bay-Cloverhill,76,Bay Street Corridor (76),D52,"{""coordinates"": [[-79.3863399996832, 43.6623979995491]], ""type"": ""MultiPoint""}",2018
14482,14483,,2018-04-23,2358,BLOOR ST W,STERLING RD,2 m North of,Major Arterial,Toronto and East York,At Intersection,Traffic Signal,Rain,"Dark, artificial",Wet,Non-Fatal Injury,Pedestrian Collisions,Pedestrian,60 to 64,Major,,East,,,,,Vehicle turns left while ped crosses with ROW at inter.,Crossing with right of way,Medical or Physical Disability,,,,Yes,,Yes,,,,,,,Yes,,,,83,Dufferin Grove,83,Dufferin Grove (83),D11,"{""coordinates"": [[-79.4477339996154, 43.6572329997137]], ""type"": ""MultiPoint""}",2018
14483,14484,,2018-04-23,2358,BLOOR ST W,STERLING RD,2 m North of,Major Arterial,Toronto and East York,At Intersection,Traffic Signal,Rain,"Dark, artificial",Wet,Non-Fatal Injury,Pedestrian Collisions,Driver,70 to 74,,,East,"Automobile, Station Wagon",Turning Left,Failed to Yield Right of Way,Normal,,,,,,,Yes,,Yes,,,,,,,Yes,,,,83,Dufferin Grove,83,Dufferin Grove (83),D11,"{""coordinates"": [[-79.4477339996154, 43.6572329997137]], ""type"": ""MultiPoint""}",2018
14484,14485,,2018-04-24,1401,VICTORIA PARK AVE,JONESVILLE CRES,,Major Arterial,North York,At Intersection,Traffic Signal,Clear,Daylight,Dry,Non-Fatal Injury,Turning Movement,Driver,45 to 49,,,South,"Automobile, Station Wagon",Going Ahead,Driving Properly,Normal,,,,,,,,,Yes,,,,,,,Yes,,,,119,Wexford/Maryvale,119,Wexford/Maryvale (119),D41,"{""coordinates"": [[-79.3034319996879, 43.7266149996682]], ""type"": ""MultiPoint""}",2018
14485,14486,,2018-04-24,1401,VICTORIA PARK AVE,JONESVILLE CRES,,Major Arterial,North York,At Intersection,Traffic Signal,Clear,Daylight,Dry,Non-Fatal Injury,Turning Movement,Driver,40 to 44,Major,,North,"Automobile, Station Wagon",Turning Left,Failed to Yield Right of Way,Normal,,,,,,,,,Yes,,,,,,,Yes,,,,119,Wexford/Maryvale,119,Wexford/Maryvale (119),D41,"{""coordinates"": [[-79.3034319996879, 43.7266149996682]], ""type"": ""MultiPoint""}",2018