index,_id,ACCNUM,DATE,TIME,STREET1,STREET2,OFFSET,ROAD_CLASS,DISTRICT,ACCLOC,TRAFFCTL,VISIBILITY,LIGHT,RDSFCOND,ACCLASS,IMPACTYPE,INVTYPE,INVAGE,INJURY,FATAL_NO,INITDIR,VEHTYPE,MANOEUVER,DRIVACT,DRIVCOND,PEDTYPE,PEDACT,PEDCOND,CYCLISTYPE,CYCACT,CYCCOND,PEDESTRIAN,CYCLIST,AUTOMOBILE,MOTORCYCLE,TRUCK,TRSN_CITY_VEH,EMERG_VEH,PASSENGER,SPEEDING,AG_DRIV,REDLIGHT,ALCOHOL,DISABILITY,HOOD_158,NEIGHBOURHOOD_158,HOOD_140,NEIGHBOURHOOD_140,DIVISION,geometry,ACCIDENT_YEAR
14486,14487,,2018-04-25,1100,BATHURST ST,VERWOOD AVE,,Major Arterial,North York,At Intersection,Stop Sign,Rain,Daylight,Wet,Non-Fatal Injury,Pedestrian Collisions,Pedestrian,75 to 79,Major,,South,,,,,Vehicle turns right while ped crosses with ROW at inter.,Crossing with right of way,Normal,,,,Yes,,Yes,,,,,,,Yes,,,,38,Lansing-Westgate,38,Lansing-Westgate (38),D32,"{""coordinates"": [[-79.4374799995194, 43.7514219999909]], ""type"": ""MultiPoint""}",2018
14487,14488,,2018-04-25,1100,BATHURST ST,VERWOOD AVE,,Major Arterial,North York,At Intersection,Stop Sign,Rain,Daylight,Wet,Non-Fatal Injury,Pedestrian Collisions,Driver,unknown,,,East,Delivery Van,Turning Right,Failed to Yield Right of Way,Unknown,,,,,,,Yes,,Yes,,,,,,,Yes,,,,38,Lansing-Westgate,38,Lansing-Westgate (38),D32,"{""coordinates"": [[-79.4374799995194, 43.7514219999909]], ""type"": ""MultiPoint""}",2018
14488,14489,,2018-04-26,105,SCARLETT RD,LAWRENCE AVE W,,Major Arterial,Etobicoke York,At Intersection,Traffic Signal,Rain,"Dark, artificial",Wet,Non-Fatal Injury,Turning Movement,Driver,20 to 24,Major,,North,"Automobile, Station Wagon",Going Ahead,Exceeding Speed Limit,Inattentive,,,,,,,,,Yes,,,Yes,,Yes,Yes,Yes,,,,8,Humber Heights-Westmount,8,Humber Heights-Westmount (8),D23,"{""coordinates"": [[-79.5232499994668, 43.6981069997917]], ""type"": ""MultiPoint""}",2018
14489,14490,,2018-04-26,105,SCARLETT RD,LAWRENCE AVE W,,Major Arterial,Etobicoke York,At Intersection,Traffic Signal,Rain,"Dark, artificial",Wet,Non-Fatal Injury,Turning Movement,Driver,50 to 54,,,South,Municipal Transit Bus (TTC),Turning Left,Driving Properly,Normal,,,,,,,,,Yes,,,Yes,,Yes,Yes,Yes,,,,8,Humber Heights-Westmount,8,Humber Heights-Westmount (8),D23,"{""coordinates"": [[-79.5232499994668, 43.6981069997917]], ""type"": ""MultiPoint""}",2018
14490,14491,,2018-04-26,105,SCARLETT RD,LAWRENCE AVE W,,Major Arterial,Etobicoke York,At Intersection,Traffic Signal,Rain,"Dark, artificial",Wet,Non-Fatal Injury,Turning Movement,Passenger,unknown,Minor,,,,,,,,,,,,,,,Yes,,,Yes,,Yes,Yes,Yes,,,,8,Humber Heights-Westmount,8,Humber Heights-Westmount (8),D23,"{""coordinates"": [[-79.5232499994668, 43.6981069997917]], ""type"": ""MultiPoint""}",2018
14491,14492,,2018-04-26,105,SCARLETT RD,LAWRENCE AVE W,,Major Arterial,Etobicoke York,At Intersection,Traffic Signal,Rain,"Dark, artificial",Wet,Non-Fatal Injury,Turning Movement,Passenger,20 to 24,Minor,,,,,,,,,,,,,,,Yes,,,Yes,,Yes,Yes,Yes,,,,8,Humber Heights-Westmount,8,Humber Heights-Westmount (8),D23,"{""coordinates"": [[-79.5232499994668, 43.6981069997917]], ""type"": ""MultiPoint""}",2018
14492,14493,,2018-04-26,105,SCARLETT RD,LAWRENCE AVE W,,Major Arterial,Etobicoke York,At Intersection,Traffic Signal,Rain,"Dark, artificial",Wet,Non-Fatal Injury,Turning Movement,Passenger,60 to 64,Minor,,,,,,,,,,,,,,,Yes,,,Yes,,Yes,Yes,Yes,,,,8,Humber Heights-Westmount,8,Humber Heights-Westmount (8),D23,"{""coordinates"": [[-79.5232499994668, 43.6981069997917]], ""type"": ""MultiPoint""}",2018
14493,14494,,2018-04-26,1942,ISLINGTON AVE,ALBION RD,,Major Arterial,Etobicoke York,At Intersection,Traffic Signal,Clear,"Dusk, artificial",Dry,Non-Fatal Injury,Turning Movement,Driver,25 to 29,,,South,"Automobile, Station Wagon",Turning Left,Failed to Yield Right of Way,Inattentive,,,,,,,,,Yes,,,,,Yes,,Yes,,,,3,Thistletown-Beaumond Heights,3,Thistletown-Beaumond Heights (3),D23,"{""coordinates"": [[-79.5652569997351, 43.7371660000758]], ""type"": ""MultiPoint""}",2018
14494,14495,,2018-04-26,1942,ISLINGTON AVE,ALBION RD,,Major Arterial,Etobicoke York,At Intersection,Traffic Signal,Clear,"Dusk, artificial",Dry,Non-Fatal Injury,Turning Movement,Driver,20 to 24,Major,,North,"Automobile, Station Wagon",Going Ahead,Driving Properly,Normal,,,,,,,,,Yes,,,,,Yes,,Yes,,,,3,Thistletown-Beaumond Heights,3,Thistletown-Beaumond Heights (3),D23,"{""coordinates"": [[-79.5652569997351, 43.7371660000758]], ""type"": ""MultiPoint""}",2018
14495,14496,,2018-04-26,1942,ISLINGTON AVE,ALBION RD,,Major Arterial,Etobicoke York,At Intersection,Traffic Signal,Clear,"Dusk, artificial",Dry,Non-Fatal Injury,Turning Movement,Passenger,25 to 29,,,,,,,,,,,,,,,,Yes,,,,,Yes,,Yes,,,,3,Thistletown-Beaumond Heights,3,Thistletown-Beaumond Heights (3),D23,"{""coordinates"": [[-79.5652569997351, 43.7371660000758]], ""type"": ""MultiPoint""}",2018
14496,14497,,2018-04-26,1942,ISLINGTON AVE,ALBION RD,,Major Arterial,Etobicoke York,At Intersection,Traffic Signal,Clear,"Dusk, artificial",Dry,Non-Fatal Injury,Turning Movement,Passenger,0 to 4,Minor,,,,,,,,,,,,,,,Yes,,,,,Yes,,Yes,,,,3,Thistletown-Beaumond Heights,3,Thistletown-Beaumond Heights (3),D23,"{""coordinates"": [[-79.5652569997351, 43.7371660000758]], ""type"": ""MultiPoint""}",2018
14497,14498,,2018-04-26,1942,ISLINGTON AVE,ALBION RD,,Major Arterial,Etobicoke York,At Intersection,Traffic Signal,Clear,"Dusk, artificial",Dry,Non-Fatal Injury,Turning Movement,Passenger,5 to 9,,,,,,,,,,,,,,,,Yes,,,,,Yes,,Yes,,,,3,Thistletown-Beaumond Heights,3,Thistletown-Beaumond Heights (3),D23,"{""coordinates"": [[-79.5652569997351, 43.7371660000758]], ""type"": ""MultiPoint""}",2018
14498,14499,,2018-04-26,1942,ISLINGTON AVE,ALBION RD,,Major Arterial,Etobicoke York,At Intersection,Traffic Signal,Clear,"Dusk, artificial",Dry,Non-Fatal Injury,Turning Movement,Passenger,5 to 9,,,,,,,,,,,,,,,,Yes,,,,,Yes,,Yes,,,,3,Thistletown-Beaumond Heights,3,Thistletown-Beaumond Heights (3),D23,"{""coordinates"": [[-79.5652569997351, 43.7371660000758]], ""type"": ""MultiPoint""}",2018
14499,14500,,2018-04-26,1942,ISLINGTON AVE,ALBION RD,,Major Arterial,Etobicoke York,At Intersection,Traffic Signal,Clear,"Dusk, artificial",Dry,Non-Fatal Injury,Turning Movement,Passenger,20 to 24,,,,,,,,,,,,,,,,Yes,,,,,Yes,,Yes,,,,3,Thistletown-Beaumond Heights,3,Thistletown-Beaumond Heights (3),D23,"{""coordinates"": [[-79.5652569997351, 43.7371660000758]], ""type"": ""MultiPoint""}",2018
14500,14501,,2018-04-27,2300,STEELES AVE W,ROSSDEAN DR,,Major Arterial,Etobicoke York,At Intersection,Traffic Signal,Rain,"Dark, artificial",Wet,Non-Fatal Injury,Pedestrian Collisions,Passenger,10 to 14,,,,,,,,,,,,,,Yes,,Yes,,,,,Yes,,,,,,21,Humber Summit,21,Humber Summit (21),D31,"{""coordinates"": [[-79.5406140005774, 43.7714220002888]], ""type"": ""MultiPoint""}",2018
14501,14502,,2018-04-27,2300,STEELES AVE W,ROSSDEAN DR,,Major Arterial,Etobicoke York,At Intersection,Traffic Signal,Rain,"Dark, artificial",Wet,Non-Fatal Injury,Pedestrian Collisions,Passenger,10 to 14,,,,,,,,,,,,,,Yes,,Yes,,,,,Yes,,,,,,21,Humber Summit,21,Humber Summit (21),D31,"{""coordinates"": [[-79.5406140005774, 43.7714220002888]], ""type"": ""MultiPoint""}",2018
14502,14503,,2018-04-27,2300,STEELES AVE W,ROSSDEAN DR,,Major Arterial,Etobicoke York,At Intersection,Traffic Signal,Rain,"Dark, artificial",Wet,Non-Fatal Injury,Pedestrian Collisions,Pedestrian,60 to 64,Major,,South,,,,,Vehicle turns left while ped crosses without ROW at inter.,Crossing without right of way,Normal,,,,Yes,,Yes,,,,,Yes,,,,,,21,Humber Summit,21,Humber Summit (21),D31,"{""coordinates"": [[-79.5406140005774, 43.7714220002888]], ""type"": ""MultiPoint""}",2018
14503,14504,,2018-04-27,2300,STEELES AVE W,ROSSDEAN DR,,Major Arterial,Etobicoke York,At Intersection,Traffic Signal,Rain,"Dark, artificial",Wet,Non-Fatal Injury,Pedestrian Collisions,Driver,35 to 39,,,West,"Automobile, Station Wagon",Going Ahead,Driving Properly,Normal,,,,,,,Yes,,Yes,,,,,Yes,,,,,,21,Humber Summit,21,Humber Summit (21),D31,"{""coordinates"": [[-79.5406140005774, 43.7714220002888]], ""type"": ""MultiPoint""}",2018
14504,14505,,2018-05-01,1905,DANFORTH AVE,BIRCHMOUNT RD,180 m East o,Minor Arterial,Scarborough,Non Intersection,No Control,Clear,Daylight,Dry,Non-Fatal Injury,Rear End,Motorcycle Driver,50 to 54,,,East,Motorcycle,Going Ahead,Driving Properly,Normal,,,,,,,,,,Yes,,,,,Yes,Yes,,,,122,Birchcliffe-Cliffside,122,Birchcliffe-Cliffside (122),D41,"{""coordinates"": [[-79.2618060001298, 43.6977340003367]], ""type"": ""MultiPoint""}",2018
14505,14506,,2018-05-01,1905,DANFORTH AVE,BIRCHMOUNT RD,180 m East o,Minor Arterial,Scarborough,Non Intersection,No Control,Clear,Daylight,Dry,Non-Fatal Injury,Rear End,Motorcycle Driver,25 to 29,Major,,East,Motorcycle,Going Ahead,Exceeding Speed Limit,Inattentive,,,,,,,,,,Yes,,,,,Yes,Yes,,,,122,Birchcliffe-Cliffside,122,Birchcliffe-Cliffside (122),D41,"{""coordinates"": [[-79.2618060001298, 43.6977340003367]], ""type"": ""MultiPoint""}",2018
14506,14507,,2018-05-02,1616,KINGSTON RD,RYLANDER BLVD,,Major Arterial,Scarborough,At Intersection,Traffic Signal,Clear,Daylight,Dry,Non-Fatal Injury,Turning Movement,Motorcycle Driver,15 to 19,Major,,West,Motorcycle,Going Ahead,Driving Properly,Normal,,,,,,,,,Yes,Yes,,,,,,Yes,,,,133,Centennial Scarborough,133,Centennial Scarborough (133),D42,"{""coordinates"": [[-79.1491350004524, 43.7969810003105]], ""type"": ""MultiPoint""}",2018
14507,14508,,2018-05-02,1616,KINGSTON RD,RYLANDER BLVD,,Major Arterial,Scarborough,At Intersection,Traffic Signal,Clear,Daylight,Dry,Non-Fatal Injury,Turning Movement,Driver,55 to 59,,,North,"Automobile, Station Wagon",Turning Left,Failed to Yield Right of Way,Inattentive,,,,,,,,,Yes,Yes,,,,,,Yes,,,,133,Centennial Scarborough,133,Centennial Scarborough (133),D42,"{""coordinates"": [[-79.1491350004524, 43.7969810003105]], ""type"": ""MultiPoint""}",2018
14508,14509,,2018-05-04,2354,DIXON RD,27 S DIXON W RAMP,,Major Arterial,Etobicoke York,Overpass or Bridge,No Control,,Dark,,Fatal,Pedestrian Collisions,Pedestrian,60 to 64,Fatal,22.0,North,,,,,Pedestrian hit at mid-block,"Crossing, no Traffic Control",Unknown,,,,Yes,,Yes,,,,,,,,,,,1,West Humber-Clairville,1,West Humber-Clairville (1),D23,"{""coordinates"": [[-79.5839870004201, 43.6884790003107]], ""type"": ""MultiPoint""}",2018
14509,14510,,2018-05-04,2354,DIXON RD,27 S DIXON W RAMP,,Major Arterial,Etobicoke York,Overpass or Bridge,No Control,,Dark,,Fatal,Pedestrian Collisions,Driver,25 to 29,,,West,"Automobile, Station Wagon",Going Ahead,Driving Properly,Unknown,,,,,,,Yes,,Yes,,,,,,,,,,,1,West Humber-Clairville,1,West Humber-Clairville (1),D23,"{""coordinates"": [[-79.5839870004201, 43.6884790003107]], ""type"": ""MultiPoint""}",2018
14510,14511,,2018-05-05,407,LAWRENCE AVE E,KENNEDY RD,,Major Arterial,Scarborough,At Intersection,Traffic Signal,Clear,"Dark, artificial",Dry,Non-Fatal Injury,Angle,Driver,20 to 24,Minimal,,West,"Automobile, Station Wagon",Going Ahead,Failed to Yield Right of Way,Normal,,,,,,,,,Yes,,,,,Yes,,Yes,,,,126,Dorset Park,126,Dorset Park (126),D41,"{""coordinates"": [[-79.2748980004453, 43.7494269996392]], ""type"": ""MultiPoint""}",2018
14511,14512,,2018-05-05,407,LAWRENCE AVE E,KENNEDY RD,,Major Arterial,Scarborough,At Intersection,Traffic Signal,Clear,"Dark, artificial",Dry,Non-Fatal Injury,Angle,Driver,25 to 29,Minimal,,North,"Automobile, Station Wagon",Going Ahead,Driving Properly,Normal,,,,,,,,,Yes,,,,,Yes,,Yes,,,,126,Dorset Park,126,Dorset Park (126),D41,"{""coordinates"": [[-79.2748980004453, 43.7494269996392]], ""type"": ""MultiPoint""}",2018
14512,14513,,2018-05-05,407,LAWRENCE AVE E,KENNEDY RD,,Major Arterial,Scarborough,At Intersection,Traffic Signal,Clear,"Dark, artificial",Dry,Non-Fatal Injury,Angle,Passenger,25 to 29,Major,,,,,,,,,,,,,,,Yes,,,,,Yes,,Yes,,,,126,Dorset Park,126,Dorset Park (126),D41,"{""coordinates"": [[-79.2748980004453, 43.7494269996392]], ""type"": ""MultiPoint""}",2018
14513,14514,,2018-05-05,1803,KEELE ST,COLVILLE RD,77 m South o,Major Arterial,Etobicoke York,Non Intersection,Stop Sign,Clear,Daylight,Dry,Non-Fatal Injury,Pedestrian Collisions,Pedestrian,80 to 84,Major,,East,,,,,Pedestrian hit at mid-block,"Crossing, no Traffic Control",Normal,,,,Yes,,Yes,,,,,,,,,,,30,Brookhaven-Amesbury,30,Brookhaven-Amesbury (30),D12,"{""coordinates"": [[-79.477846999765, 43.7078879999297]], ""type"": ""MultiPoint""}",2018
14514,14515,,2018-05-05,1803,KEELE ST,COLVILLE RD,77 m South o,Major Arterial,Etobicoke York,Non Intersection,Stop Sign,Clear,Daylight,Dry,Non-Fatal Injury,Pedestrian Collisions,Driver,40 to 44,,,South,"Automobile, Station Wagon",Going Ahead,Driving Properly,Normal,,,,,,,Yes,,Yes,,,,,,,,,,,30,Brookhaven-Amesbury,30,Brookhaven-Amesbury (30),D12,"{""coordinates"": [[-79.477846999765, 43.7078879999297]], ""type"": ""MultiPoint""}",2018
14515,14516,,2018-05-05,2215,MARKHAM RD,ELLESMERE RD,7 m West of,Major Arterial,Scarborough,At Intersection,Traffic Signal,Clear,"Dark, artificial",Dry,Non-Fatal Injury,Turning Movement,Passenger,5 to 9,Major,,,,,,,,,,,,,,,Yes,,,,,Yes,,Yes,,,,141,Golfdale-Cedarbrae-Woburn,137,Woburn (137),D43,"{""coordinates"": [[-79.2317229995328, 43.7763619996863]], ""type"": ""MultiPoint""}",2018
14516,14517,,2018-05-05,2215,MARKHAM RD,ELLESMERE RD,7 m West of,Major Arterial,Scarborough,At Intersection,Traffic Signal,Clear,"Dark, artificial",Dry,Non-Fatal Injury,Turning Movement,Passenger,0 to 4,Major,,,,,,,,,,,,,,,Yes,,,,,Yes,,Yes,,,,141,Golfdale-Cedarbrae-Woburn,137,Woburn (137),D43,"{""coordinates"": [[-79.2317229995328, 43.7763619996863]], ""type"": ""MultiPoint""}",2018
14517,14518,,2018-05-05,2215,MARKHAM RD,ELLESMERE RD,7 m West of,Major Arterial,Scarborough,At Intersection,Traffic Signal,Clear,"Dark, artificial",Dry,Non-Fatal Injury,Turning Movement,Passenger,0 to 4,,,,,,,,,,,,,,,,Yes,,,,,Yes,,Yes,,,,141,Golfdale-Cedarbrae-Woburn,137,Woburn (137),D43,"{""coordinates"": [[-79.2317229995328, 43.7763619996863]], ""type"": ""MultiPoint""}",2018
14518,14519,,2018-05-05,2215,MARKHAM RD,ELLESMERE RD,7 m West of,Major Arterial,Scarborough,At Intersection,Traffic Signal,Clear,"Dark, artificial",Dry,Non-Fatal Injury,Turning Movement,Passenger,30 to 34,,,,,,,,,,,,,,,,Yes,,,,,Yes,,Yes,,,,141,Golfdale-Cedarbrae-Woburn,137,Woburn (137),D43,"{""coordinates"": [[-79.2317229995328, 43.7763619996863]], ""type"": ""MultiPoint""}",2018
14519,14520,,2018-05-05,2215,MARKHAM RD,ELLESMERE RD,7 m West of,Major Arterial,Scarborough,At Intersection,Traffic Signal,Clear,"Dark, artificial",Dry,Non-Fatal Injury,Turning Movement,Passenger,55 to 59,,,,,,,,,,,,,,,,Yes,,,,,Yes,,Yes,,,,141,Golfdale-Cedarbrae-Woburn,137,Woburn (137),D43,"{""coordinates"": [[-79.2317229995328, 43.7763619996863]], ""type"": ""MultiPoint""}",2018
14520,14521,,2018-05-05,2215,MARKHAM RD,ELLESMERE RD,7 m West of,Major Arterial,Scarborough,At Intersection,Traffic Signal,Clear,"Dark, artificial",Dry,Non-Fatal Injury,Turning Movement,Passenger,60 to 64,,,,,,,,,,,,,,,,Yes,,,,,Yes,,Yes,,,,141,Golfdale-Cedarbrae-Woburn,137,Woburn (137),D43,"{""coordinates"": [[-79.2317229995328, 43.7763619996863]], ""type"": ""MultiPoint""}",2018
14521,14522,,2018-05-05,2215,MARKHAM RD,ELLESMERE RD,7 m West of,Major Arterial,Scarborough,At Intersection,Traffic Signal,Clear,"Dark, artificial",Dry,Non-Fatal Injury,Turning Movement,Driver,40 to 44,,,North,"Automobile, Station Wagon",Going Ahead,Driving Properly,Normal,,,,,,,,,Yes,,,,,Yes,,Yes,,,,141,Golfdale-Cedarbrae-Woburn,137,Woburn (137),D43,"{""coordinates"": [[-79.2317229995328, 43.7763619996863]], ""type"": ""MultiPoint""}",2018
14522,14523,,2018-05-05,2215,MARKHAM RD,ELLESMERE RD,7 m West of,Major Arterial,Scarborough,At Intersection,Traffic Signal,Clear,"Dark, artificial",Dry,Non-Fatal Injury,Turning Movement,Driver,80 to 84,Minor,,South,"Automobile, Station Wagon",Turning Left,Failed to Yield Right of Way,Unknown,,,,,,,,,Yes,,,,,Yes,,Yes,,,,141,Golfdale-Cedarbrae-Woburn,137,Woburn (137),D43,"{""coordinates"": [[-79.2317229995328, 43.7763619996863]], ""type"": ""MultiPoint""}",2018
14523,14524,,2018-05-07,1746,DANFORTH AVE,WOODINGTON AVE,1 m West of,Major Arterial,Toronto and East York,At Intersection,Traffic Signal,Clear,Daylight,Dry,Non-Fatal Injury,Pedestrian Collisions,Driver,50 to 54,,,South,"Automobile, Station Wagon",Turning Right,Failed to Yield Right of Way,Normal,,,,,,,Yes,,Yes,,,,,,,Yes,,,,64,Woodbine Corridor,64,Woodbine Corridor (64),D55,"{""coordinates"": [[-79.3208499994202, 43.6838710003662]], ""type"": ""MultiPoint""}",2018
14524,14525,,2018-05-07,1746,DANFORTH AVE,WOODINGTON AVE,1 m West of,Major Arterial,Toronto and East York,At Intersection,Traffic Signal,Clear,Daylight,Dry,Non-Fatal Injury,Pedestrian Collisions,Wheelchair,75 to 79,Major,,North,,,,,Vehicle turns right while ped crosses with ROW at inter.,Crossing with right of way,Inattentive,,,,Yes,,Yes,,,,,,,Yes,,,,64,Woodbine Corridor,64,Woodbine Corridor (64),D55,"{""coordinates"": [[-79.3208499994202, 43.6838710003662]], ""type"": ""MultiPoint""}",2018
14525,14526,,2018-05-07,2050,JARVIS ST,RICHMOND ST E,30 m North o,Major Arterial,Toronto and East York,Intersection Related,No Control,Clear,"Dark, artificial",Dry,Non-Fatal Injury,Pedestrian Collisions,Pedestrian,60 to 64,Major,,Unknown,,,,,Pedestrian hit at mid-block,Walking on Roadway with Traffic,Inattentive,,,,Yes,,Yes,,,,,,,,,,,73,Moss Park,73,Moss Park (73),D51,"{""coordinates"": [[-79.3727910005387, 43.6526319997393]], ""type"": ""MultiPoint""}",2018
14526,14527,,2018-05-07,2050,JARVIS ST,RICHMOND ST E,30 m North o,Major Arterial,Toronto and East York,Intersection Related,No Control,Clear,"Dark, artificial",Dry,Non-Fatal Injury,Pedestrian Collisions,Driver,unknown,,,South,"Automobile, Station Wagon",Going Ahead,Other,Unknown,,,,,,,Yes,,Yes,,,,,,,,,,,73,Moss Park,73,Moss Park (73),D51,"{""coordinates"": [[-79.3727910005387, 43.6526319997393]], ""type"": ""MultiPoint""}",2018
14527,14528,,2018-05-08,2140,YONGE ST,ANNDALE DR,,Major Arterial,North York,At Intersection,Traffic Signal,Clear,"Dark, artificial",Dry,Non-Fatal Injury,Sideswipe,Driver,55 to 59,Major,,North,"Automobile, Station Wagon",Going Ahead,Driving Properly,Normal,,,,,,,,,Yes,,,,,,,,,,,153,Avondale,51,Willowdale East (51),D32,"{""coordinates"": [[-79.4105100002369, 43.7599020000574]], ""type"": ""MultiPoint""}",2018
14528,14529,,2018-05-08,2140,YONGE ST,ANNDALE DR,,Major Arterial,North York,At Intersection,Traffic Signal,Clear,"Dark, artificial",Dry,Non-Fatal Injury,Sideswipe,Driver,25 to 29,Minimal,,North,"Automobile, Station Wagon",Changing Lanes,Improper Lane Change,Inattentive,,,,,,,,,Yes,,,,,,,,,,,153,Avondale,51,Willowdale East (51),D32,"{""coordinates"": [[-79.4105100002369, 43.7599020000574]], ""type"": ""MultiPoint""}",2018
14529,14530,,2018-05-10,955,111 BOND ST,,75 m North o,Local,Toronto and East York,Non Intersection,No Control,Clear,Daylight,Dry,Non-Fatal Injury,Pedestrian Collisions,Driver,55 to 59,,,North,"Automobile, Station Wagon",Reversing,Other,Inattentive,,,,,,,Yes,,Yes,,,,,,,,,,,168,Downtown Yonge East,75,Church-Yonge Corridor (75),D51,"{""coordinates"": [[-79.3785810002759, 43.656859000057]], ""type"": ""MultiPoint""}",2018
14530,14531,,2018-05-10,955,111 BOND ST,,75 m North o,Local,Toronto and East York,Non Intersection,No Control,Clear,Daylight,Dry,Non-Fatal Injury,Pedestrian Collisions,Pedestrian,55 to 59,Major,,East,,,,,Vehicle is reversing and hits pedestrian,Other,Normal,,,,Yes,,Yes,,,,,,,,,,,168,Downtown Yonge East,75,Church-Yonge Corridor (75),D51,"{""coordinates"": [[-79.3785810002759, 43.656859000057]], ""type"": ""MultiPoint""}",2018
14531,14532,,2018-05-10,1845,EASTERN AVE,COXWELL AVE,,Minor Arterial,Toronto and East York,At Intersection,Traffic Signal,Clear,Daylight,Dry,Non-Fatal Injury,Turning Movement,Driver,25 to 29,,,West,"Automobile, Station Wagon",Turning Left,Failed to Yield Right of Way,Inattentive,,,,,,,,,Yes,Yes,,,,,,Yes,,,,63,The Beaches,63,The Beaches (63),D55,"{""coordinates"": [[-79.3161800001173, 43.6654189995648]], ""type"": ""MultiPoint""}",2018
14532,14533,,2018-05-10,1845,EASTERN AVE,COXWELL AVE,,Minor Arterial,Toronto and East York,At Intersection,Traffic Signal,Clear,Daylight,Dry,Non-Fatal Injury,Turning Movement,Motorcycle Driver,40 to 44,Major,,East,Motorcycle,Going Ahead,Driving Properly,Normal,,,,,,,,,Yes,Yes,,,,,,Yes,,,,63,The Beaches,63,The Beaches (63),D55,"{""coordinates"": [[-79.3161800001173, 43.6654189995648]], ""type"": ""MultiPoint""}",2018
14533,14534,,2018-05-11,209,2955 KIPLING AVE,,23 m North o,Local,Etobicoke York,At/Near Private Drive,No Control,Clear,Dark,Dry,Non-Fatal Injury,SMV Other,Passenger,25 to 29,Minor,,,,,,,,,,,,,,,Yes,,,,,Yes,Yes,Yes,,,,2,Mount Olive-Silverstone-Jamestown,2,Mount Olive-Silverstone-Jamestown (2),D23,"{""coordinates"": [[-79.5901219999009, 43.7601380001313]], ""type"": ""MultiPoint""}",2018
14534,14535,,2018-05-11,209,2955 KIPLING AVE,,23 m North o,Local,Etobicoke York,At/Near Private Drive,No Control,Clear,Dark,Dry,Non-Fatal Injury,SMV Other,Driver,35 to 39,Major,,North,"Automobile, Station Wagon",Going Ahead,Exceeding Speed Limit,Unknown,,,,,,,,,Yes,,,,,Yes,Yes,Yes,,,,2,Mount Olive-Silverstone-Jamestown,2,Mount Olive-Silverstone-Jamestown (2),D23,"{""coordinates"": [[-79.5901219999009, 43.7601380001313]], ""type"": ""MultiPoint""}",2018
14535,14536,,2018-05-15,935,YONGE ST,LAWRENCE AVE E,,Major Arterial,North York,At Intersection,Traffic Signal,,Daylight,,Fatal,Pedestrian Collisions,Driver,85 to 89,,,North,"Automobile, Station Wagon",Turning Right,Failed to Yield Right of Way,,,,,,,,Yes,,Yes,,,,,,,Yes,,,,103,Lawrence Park South,103,Lawrence Park South (103),D53,"{""coordinates"": [[-79.4021560004488, 43.7250319999832]], ""type"": ""MultiPoint""}",2018
14536,14537,,2018-05-15,935,YONGE ST,LAWRENCE AVE E,,Major Arterial,North York,At Intersection,Traffic Signal,,Daylight,,Fatal,Pedestrian Collisions,Pedestrian,70 to 74,Fatal,24.0,Unknown,,,,,Vehicle turns right while ped crosses with ROW at inter.,Crossing with right of way,,,,,Yes,,Yes,,,,,,,Yes,,,,103,Lawrence Park South,103,Lawrence Park South (103),D53,"{""coordinates"": [[-79.4021560004488, 43.7250319999832]], ""type"": ""MultiPoint""}",2018
14537,14538,,2018-05-15,1558,LAKE SHORE BV W,COLBORNE LODGE DR,,Major Arterial,Toronto and East York,At Intersection,Traffic Signal,Clear,Daylight,Dry,Fatal,Cyclist Collisions,Driver,25 to 29,,,East,"Automobile, Station Wagon",Going Ahead,Disobeyed Traffic Control,Inattentive,,,,,,,,Yes,Yes,,,,,,,Yes,Yes,,,85,South Parkdale,85,South Parkdale (85),D11,"{""coordinates"": [[-79.4588809996212, 43.6377089999225]], ""type"": ""MultiPoint""}",2018
14538,14539,,2018-05-15,1558,LAKE SHORE BV W,COLBORNE LODGE DR,,Major Arterial,Toronto and East York,At Intersection,Traffic Signal,Clear,Daylight,Dry,Fatal,Cyclist Collisions,Cyclist,35 to 39,Fatal,30.0,South,Bicycle,Going Ahead,,,,,,"Motorist without ROW drives into path of cyclist at inter, lnwy, dwy-Driver not turn.",Driving Properly,Normal,,Yes,Yes,,,,,,,Yes,Yes,,,85,South Parkdale,85,South Parkdale (85),D11,"{""coordinates"": [[-79.4588809996212, 43.6377089999225]], ""type"": ""MultiPoint""}",2018
14539,14540,,2018-05-15,2237,LAKE SHORE BLVD W,THIRTEENTH ST,,Major Arterial,Etobicoke York,Intersection Related,No Control,,Dark,,Fatal,Sideswipe,Driver,20 to 24,,,East,"Automobile, Station Wagon",Changing Lanes,Improper Lane Change,"Ability Impaired, Alcohol Over .08",,,,,,,,,Yes,,,,,Yes,Yes,Yes,,Yes,,18,New Toronto,18,New Toronto (18),D22,"{""coordinates"": [[-79.5128739998814, 43.5990049999887]], ""type"": ""MultiPoint""}",2018
14540,14541,,2018-05-15,2237,LAKE SHORE BLVD W,THIRTEENTH ST,,Major Arterial,Etobicoke York,Intersection Related,No Control,,Dark,,Fatal,Sideswipe,Passenger,25 to 29,Fatal,23.0,,,,,,,,,,,,,,Yes,,,,,Yes,Yes,Yes,,Yes,,18,New Toronto,18,New Toronto (18),D22,"{""coordinates"": [[-79.5128739998814, 43.5990049999887]], ""type"": ""MultiPoint""}",2018
14541,14542,,2018-05-15,2237,LAKE SHORE BLVD W,THIRTEENTH ST,,Major Arterial,Etobicoke York,Intersection Related,No Control,,Dark,,Fatal,Sideswipe,Other,unknown,,,East,School Bus,Parked,,,,,,,,,,,Yes,,,,,Yes,Yes,Yes,,Yes,,18,New Toronto,18,New Toronto (18),D22,"{""coordinates"": [[-79.5128739998814, 43.5990049999887]], ""type"": ""MultiPoint""}",2018