index,_id,ACCNUM,DATE,TIME,STREET1,STREET2,OFFSET,ROAD_CLASS,DISTRICT,ACCLOC,TRAFFCTL,VISIBILITY,LIGHT,RDSFCOND,ACCLASS,IMPACTYPE,INVTYPE,INVAGE,INJURY,FATAL_NO,INITDIR,VEHTYPE,MANOEUVER,DRIVACT,DRIVCOND,PEDTYPE,PEDACT,PEDCOND,CYCLISTYPE,CYCACT,CYCCOND,PEDESTRIAN,CYCLIST,AUTOMOBILE,MOTORCYCLE,TRUCK,TRSN_CITY_VEH,EMERG_VEH,PASSENGER,SPEEDING,AG_DRIV,REDLIGHT,ALCOHOL,DISABILITY,HOOD_158,NEIGHBOURHOOD_158,HOOD_140,NEIGHBOURHOOD_140,DIVISION,geometry,ACCIDENT_YEAR
14542,14543,,2018-05-16,55,QUEEN ST E,JARVIS ST,,Major Arterial,Toronto and East York,At Intersection,Traffic Signal,Clear,"Dark, artificial",Dry,Non-Fatal Injury,Cyclist Collisions,Driver,55 to 59,,,East,Intercity Bus,Turning Right,Driving Properly,Normal,,,,,,,,Yes,,,,Yes,,,,,,,,73,Moss Park,73,Moss Park (73),D51,"{""coordinates"": [[-79.3732180001367, 43.653654999778]], ""type"": ""MultiPoint""}",2018
14543,14544,,2018-05-16,55,QUEEN ST E,JARVIS ST,,Major Arterial,Toronto and East York,At Intersection,Traffic Signal,Clear,"Dark, artificial",Dry,Non-Fatal Injury,Cyclist Collisions,Cyclist,30 to 34,Major,,West,Bicycle,Going Ahead,,,,,,"Cyclist without ROW rides into path of motorist at inter, lnwy, dwy-Cyclist not turn.",Disobeyed Traffic Control,Unknown,,Yes,,,,Yes,,,,,,,,73,Moss Park,73,Moss Park (73),D51,"{""coordinates"": [[-79.3732180001367, 43.653654999778]], ""type"": ""MultiPoint""}",2018
14544,14545,,2018-05-16,800,JONES AVE,DUNDAS ST E,,Minor Arterial,Toronto and East York,At Intersection,Traffic Signal,Clear,Daylight,Dry,Fatal,Cyclist Collisions,Truck Driver,25 to 29,,,West,"Truck - Closed (Blazer, etc)",Turning Right,Failed to Yield Right of Way,Normal,,,,,,,,Yes,,,Yes,,,,,Yes,,,,70,South Riverdale,70,South Riverdale (70),D55,"{""coordinates"": [[-79.3342769998589, 43.6660980004379]], ""type"": ""MultiPoint""}",2018
14545,14546,,2018-05-16,800,JONES AVE,DUNDAS ST E,,Minor Arterial,Toronto and East York,At Intersection,Traffic Signal,Clear,Daylight,Dry,Fatal,Cyclist Collisions,Cyclist,50 to 54,Fatal,25.0,West,Bicycle,Going Ahead,,,,,,Motorist turning right on green or amber at signalized intersection strikes cyclist.,Driving Properly,Normal,,Yes,,,Yes,,,,,Yes,,,,70,South Riverdale,70,South Riverdale (70),D55,"{""coordinates"": [[-79.3342769998589, 43.6660980004379]], ""type"": ""MultiPoint""}",2018
14546,14547,,2018-05-19,1550,STANLEY  AVE,VICTOR AVE,18 m West of,Local,Etobicoke York,At/Near Private Drive,No Control,Clear,Daylight,Dry,Non-Fatal Injury,Pedestrian Collisions,Driver,25 to 29,,,East,"Automobile, Station Wagon",Going Ahead,Driving Properly,Normal,,,,,,,Yes,,Yes,,,,,Yes,,,,,,160,Mimico-Queensway,17,Mimico (includes Humber Bay Shores) (17),D22,"{""coordinates"": [[-79.4902299996856, 43.615842999911]], ""type"": ""MultiPoint""}",2018
14547,14548,,2018-05-19,1550,STANLEY  AVE,VICTOR AVE,18 m West of,Local,Etobicoke York,At/Near Private Drive,No Control,Clear,Daylight,Dry,Non-Fatal Injury,Pedestrian Collisions,Passenger,25 to 29,,,,,,,,,,,,,,Yes,,Yes,,,,,Yes,,,,,,160,Mimico-Queensway,17,Mimico (includes Humber Bay Shores) (17),D22,"{""coordinates"": [[-79.4902299996856, 43.615842999911]], ""type"": ""MultiPoint""}",2018
14548,14549,,2018-05-19,1550,STANLEY  AVE,VICTOR AVE,18 m West of,Local,Etobicoke York,At/Near Private Drive,No Control,Clear,Daylight,Dry,Non-Fatal Injury,Pedestrian Collisions,Passenger,20 to 24,,,,,,,,,,,,,,Yes,,Yes,,,,,Yes,,,,,,160,Mimico-Queensway,17,Mimico (includes Humber Bay Shores) (17),D22,"{""coordinates"": [[-79.4902299996856, 43.615842999911]], ""type"": ""MultiPoint""}",2018
14549,14550,,2018-05-19,1550,STANLEY  AVE,VICTOR AVE,18 m West of,Local,Etobicoke York,At/Near Private Drive,No Control,Clear,Daylight,Dry,Non-Fatal Injury,Pedestrian Collisions,Pedestrian,5 to 9,Major,,North,,,,,Vehicle hits the pedestrian walking or running out from between parked vehicles at mid-block,Coming From Behind Parked Vehicle,Normal,,,,Yes,,Yes,,,,,Yes,,,,,,160,Mimico-Queensway,17,Mimico (includes Humber Bay Shores) (17),D22,"{""coordinates"": [[-79.4902299996856, 43.615842999911]], ""type"": ""MultiPoint""}",2018
14550,14551,,2018-05-20,1434,TAPSCOTT RD,FINCH AVE E,297 m South ,Minor Arterial,Scarborough,Non Intersection,No Control,Clear,Daylight,Dry,Non-Fatal Injury,SMV Other,Driver,40 to 44,Major,,North,"Automobile, Station Wagon",Going Ahead,Lost control,Unknown,,,,,,,,,Yes,,,,,,Yes,Yes,,,,145,Malvern West,132,Malvern (132),D42,"{""coordinates"": [[-79.2359650004975, 43.8116710003481]], ""type"": ""MultiPoint""}",2018
14551,14552,,2018-05-20,2117,WINTERMUTE BLVD,SANDYHOOK SQ,,Collector,Scarborough,At Intersection,No Control,Clear,"Dusk, artificial",Dry,Non-Fatal Injury,Pedestrian Collisions,Pedestrian,80 to 84,Minimal,,South,,,,,Vehicle turns left while ped crosses with ROW at inter.,Crossing with right of way,Normal,,,,Yes,,Yes,,,,,,,Yes,,,,116,Steeles,116,Steeles (116),D42,"{""coordinates"": [[-79.3221770005199, 43.8180570003905]], ""type"": ""MultiPoint""}",2018
14552,14553,,2018-05-20,2117,WINTERMUTE BLVD,SANDYHOOK SQ,,Collector,Scarborough,At Intersection,No Control,Clear,"Dusk, artificial",Dry,Non-Fatal Injury,Pedestrian Collisions,Pedestrian,75 to 79,Major,,South,,,,,Vehicle turns left while ped crosses with ROW at inter.,Crossing with right of way,Normal,,,,Yes,,Yes,,,,,,,Yes,,,,116,Steeles,116,Steeles (116),D42,"{""coordinates"": [[-79.3221770005199, 43.8180570003905]], ""type"": ""MultiPoint""}",2018
14553,14554,,2018-05-20,2117,WINTERMUTE BLVD,SANDYHOOK SQ,,Collector,Scarborough,At Intersection,No Control,Clear,"Dusk, artificial",Dry,Non-Fatal Injury,Pedestrian Collisions,Driver,50 to 54,,,South,"Automobile, Station Wagon",Turning Left,Failed to Yield Right of Way,Inattentive,,,,,,,Yes,,Yes,,,,,,,Yes,,,,116,Steeles,116,Steeles (116),D42,"{""coordinates"": [[-79.3221770005199, 43.8180570003905]], ""type"": ""MultiPoint""}",2018
14554,14555,,2018-05-20,2307,WILSON AVE,401 C W WILSON AV RAMP,,Major Arterial,Etobicoke York,Non Intersection,No Control,Clear,"Dark, artificial",Dry,Fatal,Approaching,Driver,40 to 44,Fatal,26.0,West,"Automobile, Station Wagon",Changing Lanes,Improper Lane Change,Inattentive,,,,,,,,,Yes,,,,,Yes,Yes,Yes,,,,33,Clanton Park,33,Clanton Park (33),D32,"{""coordinates"": [[-79.4385859994283, 43.7363419998679]], ""type"": ""MultiPoint""}",2018
14555,14556,,2018-05-20,2307,WILSON AVE,401 C W WILSON AV RAMP,,Major Arterial,Etobicoke York,Non Intersection,No Control,Clear,"Dark, artificial",Dry,Fatal,Approaching,Driver,40 to 44,Minor,,East,"Automobile, Station Wagon",Going Ahead,Driving Properly,Normal,,,,,,,,,Yes,,,,,Yes,Yes,Yes,,,,33,Clanton Park,33,Clanton Park (33),D32,"{""coordinates"": [[-79.4385859994283, 43.7363419998679]], ""type"": ""MultiPoint""}",2018
14556,14557,,2018-05-20,2307,WILSON AVE,401 C W WILSON AV RAMP,,Major Arterial,Etobicoke York,Non Intersection,No Control,Clear,"Dark, artificial",Dry,Fatal,Approaching,Passenger,35 to 39,Major,,,,,,,,,,,,,,,Yes,,,,,Yes,Yes,Yes,,,,33,Clanton Park,33,Clanton Park (33),D32,"{""coordinates"": [[-79.4385859994283, 43.7363419998679]], ""type"": ""MultiPoint""}",2018
14557,14558,,2018-05-20,2307,WILSON AVE,401 C W WILSON AV RAMP,,Major Arterial,Etobicoke York,Non Intersection,No Control,Clear,"Dark, artificial",Dry,Fatal,Approaching,Passenger,10 to 14,Major,,,,,,,,,,,,,,,Yes,,,,,Yes,Yes,Yes,,,,33,Clanton Park,33,Clanton Park (33),D32,"{""coordinates"": [[-79.4385859994283, 43.7363419998679]], ""type"": ""MultiPoint""}",2018
14558,14559,,2018-05-20,2307,WILSON AVE,401 C W WILSON AV RAMP,,Major Arterial,Etobicoke York,Non Intersection,No Control,Clear,"Dark, artificial",Dry,Fatal,Approaching,Passenger,10 to 14,Major,,,,,,,,,,,,,,,Yes,,,,,Yes,Yes,Yes,,,,33,Clanton Park,33,Clanton Park (33),D32,"{""coordinates"": [[-79.4385859994283, 43.7363419998679]], ""type"": ""MultiPoint""}",2018
14559,14560,,2018-05-21,2020,STEELES AVE W,HIGHWAY 27  N,50 m West of,Major Arterial,North York,Non Intersection,No Control,Clear,"Dark, artificial",Dry,Non-Fatal Injury,Rear End,Passenger,20 to 24,Minor,,,,,,,,,,,,,,,Yes,,,,,Yes,Yes,Yes,,,,1,West Humber-Clairville,1,West Humber-Clairville (1),D23,"{""coordinates"": [[-79.6155199998965, 43.7550680003684]], ""type"": ""MultiPoint""}",2018
14560,14561,,2018-05-21,2020,STEELES AVE W,HIGHWAY 27  N,50 m West of,Major Arterial,North York,Non Intersection,No Control,Clear,"Dark, artificial",Dry,Non-Fatal Injury,Rear End,Passenger,20 to 24,Minor,,,,,,,,,,,,,,,Yes,,,,,Yes,Yes,Yes,,,,1,West Humber-Clairville,1,West Humber-Clairville (1),D23,"{""coordinates"": [[-79.6155199998965, 43.7550680003684]], ""type"": ""MultiPoint""}",2018
14561,14562,,2018-05-21,2020,STEELES AVE W,HIGHWAY 27  N,50 m West of,Major Arterial,North York,Non Intersection,No Control,Clear,"Dark, artificial",Dry,Non-Fatal Injury,Rear End,Passenger,40 to 44,Minor,,,,,,,,,,,,,,,Yes,,,,,Yes,Yes,Yes,,,,1,West Humber-Clairville,1,West Humber-Clairville (1),D23,"{""coordinates"": [[-79.6155199998965, 43.7550680003684]], ""type"": ""MultiPoint""}",2018
14562,14563,,2018-05-21,2020,STEELES AVE W,HIGHWAY 27  N,50 m West of,Major Arterial,North York,Non Intersection,No Control,Clear,"Dark, artificial",Dry,Non-Fatal Injury,Rear End,Passenger,15 to 19,Minor,,,,,,,,,,,,,,,Yes,,,,,Yes,Yes,Yes,,,,1,West Humber-Clairville,1,West Humber-Clairville (1),D23,"{""coordinates"": [[-79.6155199998965, 43.7550680003684]], ""type"": ""MultiPoint""}",2018
14563,14564,,2018-05-21,2020,STEELES AVE W,HIGHWAY 27  N,50 m West of,Major Arterial,North York,Non Intersection,No Control,Clear,"Dark, artificial",Dry,Non-Fatal Injury,Rear End,Passenger,15 to 19,Minimal,,,,,,,,,,,,,,,Yes,,,,,Yes,Yes,Yes,,,,1,West Humber-Clairville,1,West Humber-Clairville (1),D23,"{""coordinates"": [[-79.6155199998965, 43.7550680003684]], ""type"": ""MultiPoint""}",2018
14564,14565,,2018-05-21,2020,STEELES AVE W,HIGHWAY 27  N,50 m West of,Major Arterial,North York,Non Intersection,No Control,Clear,"Dark, artificial",Dry,Non-Fatal Injury,Rear End,Driver,45 to 49,Minimal,,East,"Automobile, Station Wagon",Stopped,Driving Properly,Normal,,,,,,,,,Yes,,,,,Yes,Yes,Yes,,,,1,West Humber-Clairville,1,West Humber-Clairville (1),D23,"{""coordinates"": [[-79.6155199998965, 43.7550680003684]], ""type"": ""MultiPoint""}",2018
14565,14566,,2018-05-21,2020,STEELES AVE W,HIGHWAY 27  N,50 m West of,Major Arterial,North York,Non Intersection,No Control,Clear,"Dark, artificial",Dry,Non-Fatal Injury,Rear End,Driver,25 to 29,Major,,East,"Automobile, Station Wagon",Stopped,Driving Properly,Normal,,,,,,,,,Yes,,,,,Yes,Yes,Yes,,,,1,West Humber-Clairville,1,West Humber-Clairville (1),D23,"{""coordinates"": [[-79.6155199998965, 43.7550680003684]], ""type"": ""MultiPoint""}",2018
14566,14567,,2018-05-21,2020,STEELES AVE W,HIGHWAY 27  N,50 m West of,Major Arterial,North York,Non Intersection,No Control,Clear,"Dark, artificial",Dry,Non-Fatal Injury,Rear End,Driver,30 to 34,,,East,"Automobile, Station Wagon",Going Ahead,Speed too Fast For Condition,Inattentive,,,,,,,,,Yes,,,,,Yes,Yes,Yes,,,,1,West Humber-Clairville,1,West Humber-Clairville (1),D23,"{""coordinates"": [[-79.6155199998965, 43.7550680003684]], ""type"": ""MultiPoint""}",2018
14567,14568,,2018-05-22,1325,4800 LESLIE ST,,60 m West of,Major Arterial,North York,Non Intersection,No Control,Clear,"Daylight, artificial",Dry,Non-Fatal Injury,Pedestrian Collisions,Pedestrian,50 to 54,Major,,East,,,,,Pedestrian hit at mid-block,"Crossing, no Traffic Control",Normal,,,,Yes,,Yes,,,,,Yes,,,,,,47,Don Valley Village,47,Don Valley Village (47),D33,"{""coordinates"": [[-79.365611000536, 43.7796920000905]], ""type"": ""MultiPoint""}",2018
14568,14569,,2018-05-22,1325,4800 LESLIE ST,,60 m West of,Major Arterial,North York,Non Intersection,No Control,Clear,"Daylight, artificial",Dry,Non-Fatal Injury,Pedestrian Collisions,Passenger,65 to 69,,,,,,,,,,,,,,Yes,,Yes,,,,,Yes,,,,,,47,Don Valley Village,47,Don Valley Village (47),D33,"{""coordinates"": [[-79.365611000536, 43.7796920000905]], ""type"": ""MultiPoint""}",2018
14569,14570,,2018-05-22,1325,4800 LESLIE ST,,60 m West of,Major Arterial,North York,Non Intersection,No Control,Clear,"Daylight, artificial",Dry,Non-Fatal Injury,Pedestrian Collisions,Driver,70 to 74,,,North,"Automobile, Station Wagon",Going Ahead,Driving Properly,Normal,,,,,,,Yes,,Yes,,,,,Yes,,,,,,47,Don Valley Village,47,Don Valley Village (47),D33,"{""coordinates"": [[-79.365611000536, 43.7796920000905]], ""type"": ""MultiPoint""}",2018
14570,14571,,2018-05-22,1552,DUNDAS ST W,CHELSEA AVE,73 m North o,Minor Arterial,Toronto and East York,Non Intersection,No Control,Clear,Daylight,Dry,Non-Fatal Injury,Cyclist Collisions,Passenger,65 to 69,,,,,,,,,,,,,,,Yes,Yes,,,,,Yes,,,,,,88,High Park North,88,High Park North (88),D11,"{""coordinates"": [[-79.4531820003102, 43.6587510003671]], ""type"": ""MultiPoint""}",2018
14571,14572,,2018-05-22,1552,DUNDAS ST W,CHELSEA AVE,73 m North o,Minor Arterial,Toronto and East York,Non Intersection,No Control,Clear,Daylight,Dry,Non-Fatal Injury,Cyclist Collisions,Driver,60 to 64,,,North,"Automobile, Station Wagon",Going Ahead,Driving Properly,Normal,,,,,,,,Yes,Yes,,,,,Yes,,,,,,88,High Park North,88,High Park North (88),D11,"{""coordinates"": [[-79.4531820003102, 43.6587510003671]], ""type"": ""MultiPoint""}",2018
14572,14573,,2018-05-22,1552,DUNDAS ST W,CHELSEA AVE,73 m North o,Minor Arterial,Toronto and East York,Non Intersection,No Control,Clear,Daylight,Dry,Non-Fatal Injury,Cyclist Collisions,Cyclist,50 to 54,Major,,South,Bicycle,Turning Left,,,,,,Cyclist turned left across motorists path.,Improper Turn,Unknown,,Yes,Yes,,,,,Yes,,,,,,88,High Park North,88,High Park North (88),D11,"{""coordinates"": [[-79.4531820003102, 43.6587510003671]], ""type"": ""MultiPoint""}",2018
14573,14574,,2018-05-23,2325,KINGSTON RD,DANFORTH AVE,8 m South of,Major Arterial,Scarborough,Non Intersection,No Control,Clear,"Dark, artificial",Dry,Non-Fatal Injury,SMV Other,Motorcycle Driver,25 to 29,Major,,West,Motorcycle,Changing Lanes,Lost control,Inattentive,,,,,,,,,,Yes,,,,,,,,,,122,Birchcliffe-Cliffside,122,Birchcliffe-Cliffside (122),D41,"{""coordinates"": [[-79.2541459996454, 43.7023609998537]], ""type"": ""MultiPoint""}",2018
14574,14575,,2018-05-27,1010,BENSON AVE,CHRISTIE ST,10 m West of,Minor Arterial,Toronto and East York,Intersection Related,No Control,Clear,Daylight,Dry,Non-Fatal Injury,Pedestrian Collisions,Driver,55 to 59,,,East,"Automobile, Station Wagon",Going Ahead,Driving Properly,Unknown,,,,,,,Yes,,Yes,,,,,,,,,,,94,Wychwood,94,Wychwood (94),D13,"{""coordinates"": [[-79.4250209998387, 43.6800370000213]], ""type"": ""MultiPoint""}",2018
14575,14576,,2018-05-27,1010,BENSON AVE,CHRISTIE ST,10 m West of,Minor Arterial,Toronto and East York,Intersection Related,No Control,Clear,Daylight,Dry,Non-Fatal Injury,Pedestrian Collisions,Pedestrian,85 to 89,Major,,Unknown,,,,,Pedestrian hit on sidewalk or shoulder,On Sidewalk or Shoulder,Normal,,,,Yes,,Yes,,,,,,,,,,,94,Wychwood,94,Wychwood (94),D13,"{""coordinates"": [[-79.4250209998387, 43.6800370000213]], ""type"": ""MultiPoint""}",2018
14576,14577,,2018-05-27,1700,YONGE ST,ISABELLA ST,,Major Arterial,Toronto and East York,At Intersection,No Control,Clear,Daylight,Dry,Non-Fatal Injury,Turning Movement,Driver,50 to 54,,,South,"Automobile, Station Wagon",Turning Left,Failed to Yield Right of Way,Normal,,,,,,,,,Yes,Yes,,,,,,Yes,,,,167,Church-Wellesley,75,Church-Yonge Corridor (75),D51,"{""coordinates"": [[-79.3856540000963, 43.6674910001181]], ""type"": ""MultiPoint""}",2018
14577,14578,,2018-05-27,1700,YONGE ST,ISABELLA ST,,Major Arterial,Toronto and East York,At Intersection,No Control,Clear,Daylight,Dry,Non-Fatal Injury,Turning Movement,Motorcycle Driver,30 to 34,Major,,North,Motorcycle,Going Ahead,Driving Properly,Normal,,,,,,,,,Yes,Yes,,,,,,Yes,,,,167,Church-Wellesley,75,Church-Yonge Corridor (75),D51,"{""coordinates"": [[-79.3856540000963, 43.6674910001181]], ""type"": ""MultiPoint""}",2018
14578,14579,,2018-05-27,1907,STAINES RD,HEPATICA ST,,Local,Scarborough,At Intersection,Stop Sign,Clear,Daylight,Dry,Non-Fatal Injury,Pedestrian Collisions,Driver,20 to 24,,,West,"Automobile, Station Wagon",Going Ahead,Failed to Yield Right of Way,Inattentive,,,,,,,Yes,,Yes,,,,,,,Yes,,,,144,Morningside Heights,131,Rouge (131),D42,"{""coordinates"": [[-79.2299379999421, 43.8348219995717]], ""type"": ""MultiPoint""}",2018
14579,14580,,2018-05-27,1907,STAINES RD,HEPATICA ST,,Local,Scarborough,At Intersection,Stop Sign,Clear,Daylight,Dry,Non-Fatal Injury,Pedestrian Collisions,Pedestrian,65 to 69,Major,,North,,,,,Vehicle is going straight thru inter.while ped cross with ROW,Crossing with right of way,Normal,,,,Yes,,Yes,,,,,,,Yes,,,,144,Morningside Heights,131,Rouge (131),D42,"{""coordinates"": [[-79.2299379999421, 43.8348219995717]], ""type"": ""MultiPoint""}",2018
14580,14581,,2018-05-29,934,STEELES AVE E,KENNEDY RD,,Major Arterial,Scarborough,Intersection Related,No Control,Clear,Daylight,Dry,Fatal,Other,Passenger,80 to 84,Fatal,29.0,,,,,,,,,,,,,,,,,Yes,,Yes,,,,,,116,Steeles,116,Steeles (116),D42,"{""coordinates"": [[-79.3070479994907, 43.8235690002316]], ""type"": ""MultiPoint""}",2018
14581,14582,,2018-05-29,934,STEELES AVE E,KENNEDY RD,,Major Arterial,Scarborough,Intersection Related,No Control,Clear,Daylight,Dry,Fatal,Other,Driver,45 to 49,,,West,Municipal Transit Bus (TTC),Slowing or Stopping,Driving Properly,Normal,,,,,,,,,,,,Yes,,Yes,,,,,,116,Steeles,116,Steeles (116),D42,"{""coordinates"": [[-79.3070479994907, 43.8235690002316]], ""type"": ""MultiPoint""}",2018
14582,14583,,2018-05-29,1700,QUEENS QUAY E,DOCKSIDE  DR,,Minor Arterial,Toronto and East York,At Intersection,Traffic Signal,Clear,Daylight,Dry,Non-Fatal Injury,Cyclist Collisions,Driver,35 to 39,,,East,"Automobile, Station Wagon",Turning Right,Failed to Yield Right of Way,Normal,,,,,,,,Yes,Yes,,,,,,,Yes,,,,166,St Lawrence-East Bayfront-The Islands,77,Waterfront Communities-The Island (77),D51,"{""coordinates"": [[-79.3654210003155, 43.6450560002697]], ""type"": ""MultiPoint""}",2018
14583,14584,,2018-05-29,1700,QUEENS QUAY E,DOCKSIDE  DR,,Minor Arterial,Toronto and East York,At Intersection,Traffic Signal,Clear,Daylight,Dry,Non-Fatal Injury,Cyclist Collisions,Cyclist,25 to 29,Major,,West,Bicycle,Going Ahead,,,,,,Motorist turning right on green or amber at signalized intersection strikes cyclist.,Driving Properly,Normal,,Yes,Yes,,,,,,,Yes,,,,166,St Lawrence-East Bayfront-The Islands,77,Waterfront Communities-The Island (77),D51,"{""coordinates"": [[-79.3654210003155, 43.6450560002697]], ""type"": ""MultiPoint""}",2018
14584,14585,,2018-05-30,329,MARTIN GROVE RD,VULCAN ST,,Major Arterial,Etobicoke York,At Intersection,Traffic Signal,,Dark,,Fatal,Turning Movement,Truck Driver,50 to 54,,,North,"Truck - Closed (Blazer, etc)",Turning Left,Driving Properly,Normal,,,,,,,,,,Yes,Yes,,,,Yes,Yes,,,,1,West Humber-Clairville,1,West Humber-Clairville (1),D23,"{""coordinates"": [[-79.577121000156, 43.7051719997907]], ""type"": ""MultiPoint""}",2018
14585,14586,,2018-05-30,329,MARTIN GROVE RD,VULCAN ST,,Major Arterial,Etobicoke York,At Intersection,Traffic Signal,,Dark,,Fatal,Turning Movement,Motorcycle Driver,20 to 24,Fatal,27.0,South,Motorcycle,Going Ahead,Exceeding Speed Limit,Unknown,,,,,,,,,,Yes,Yes,,,,Yes,Yes,,,,1,West Humber-Clairville,1,West Humber-Clairville (1),D23,"{""coordinates"": [[-79.577121000156, 43.7051719997907]], ""type"": ""MultiPoint""}",2018
14586,14587,,2018-05-30,2103,WOODBINE AVE,MERRILL AVE E,,Major Arterial,Toronto and East York,At Intersection,No Control,Clear,"Dark, artificial",Dry,Non-Fatal Injury,Cyclist Collisions,Cyclist,20 to 24,Major,,South,Bicycle,Going Ahead,,,,,,"Cyclist without ROW rides into path of motorist at inter, lnwy, dwy-Cyclist not turn.",Speed too Fast For Condition,Normal,,Yes,Yes,,,,,,,,,,,62,East End-Danforth,62,East End-Danforth (62),D55,"{""coordinates"": [[-79.3118010002696, 43.6833519998247]], ""type"": ""MultiPoint""}",2018
14587,14588,,2018-05-30,2103,WOODBINE AVE,MERRILL AVE E,,Major Arterial,Toronto and East York,At Intersection,No Control,Clear,"Dark, artificial",Dry,Non-Fatal Injury,Cyclist Collisions,Driver,30 to 34,,,North,"Automobile, Station Wagon",Turning Left,Driving Properly,Normal,,,,,,,,Yes,Yes,,,,,,,,,,,62,East End-Danforth,62,East End-Danforth (62),D55,"{""coordinates"": [[-79.3118010002696, 43.6833519998247]], ""type"": ""MultiPoint""}",2018
14588,14589,,2018-05-31,755,BLOOR ST W,SOUTH KINGSWAY,,Major Arterial,Etobicoke York,At Intersection,Traffic Signal,Clear,Daylight,Dry,Non-Fatal Injury,Pedestrian Collisions,Truck Driver,20 to 24,,,East,Truck - Dump,Turning Right,Improper Turn,Normal,,,,,,,Yes,,,,Yes,,,,,,,,,87,High Park-Swansea,87,High Park-Swansea (87),D11,"{""coordinates"": [[-79.4857130004385, 43.6482420001882]], ""type"": ""MultiPoint""}",2018
14589,14590,,2018-05-31,755,BLOOR ST W,SOUTH KINGSWAY,,Major Arterial,Etobicoke York,At Intersection,Traffic Signal,Clear,Daylight,Dry,Non-Fatal Injury,Pedestrian Collisions,Pedestrian,35 to 39,Major,,East,,,,,Vehicle turns right while ped crosses with ROW at inter.,Crossing with right of way,Normal,,,,Yes,,,,Yes,,,,,,,,,87,High Park-Swansea,87,High Park-Swansea (87),D11,"{""coordinates"": [[-79.4857130004385, 43.6482420001882]], ""type"": ""MultiPoint""}",2018
14590,14591,,2018-05-31,2054,LAWRENCE AVE E,MORNINGSIDE AVE,,Minor Arterial,Scarborough,Intersection Related,No Control,Clear,Daylight,Wet,Non-Fatal Injury,Pedestrian Collisions,Driver,35 to 39,,,East,"Automobile, Station Wagon",Going Ahead,Driving Properly,Normal,,,,,,,Yes,,Yes,,,,,Yes,,,,,,136,West Hill,136,West Hill (136),D43,"{""coordinates"": [[-79.186190999401, 43.7683360003029]], ""type"": ""MultiPoint""}",2018
14591,14592,,2018-05-31,2054,LAWRENCE AVE E,MORNINGSIDE AVE,,Minor Arterial,Scarborough,Intersection Related,No Control,Clear,Daylight,Wet,Non-Fatal Injury,Pedestrian Collisions,Pedestrian,35 to 39,Major,,North,,,,,Pedestrian hit at mid-block,"Crossing, no Traffic Control",Had Been Drinking,,,,Yes,,Yes,,,,,Yes,,,,,,136,West Hill,136,West Hill (136),D43,"{""coordinates"": [[-79.186190999401, 43.7683360003029]], ""type"": ""MultiPoint""}",2018
14592,14593,,2018-05-31,2054,LAWRENCE AVE E,MORNINGSIDE AVE,,Minor Arterial,Scarborough,Intersection Related,No Control,Clear,Daylight,Wet,Non-Fatal Injury,Pedestrian Collisions,Passenger,40 to 44,,,,,,,,,,,,,,Yes,,Yes,,,,,Yes,,,,,,136,West Hill,136,West Hill (136),D43,"{""coordinates"": [[-79.186190999401, 43.7683360003029]], ""type"": ""MultiPoint""}",2018
14593,14594,,2018-05-31,2054,LAWRENCE AVE E,MORNINGSIDE AVE,,Minor Arterial,Scarborough,Intersection Related,No Control,Clear,Daylight,Wet,Non-Fatal Injury,Pedestrian Collisions,Passenger,0 to 4,,,,,,,,,,,,,,Yes,,Yes,,,,,Yes,,,,,,136,West Hill,136,West Hill (136),D43,"{""coordinates"": [[-79.186190999401, 43.7683360003029]], ""type"": ""MultiPoint""}",2018
14594,14595,,2018-06-02,1845,BADEN ST,LAKEVIEW AVE,8 m East of,Local,North York,Intersection Related,Stop Sign,Clear,Daylight,Dry,Non-Fatal Injury,Pedestrian Collisions,Driver,55 to 59,,,West,"Automobile, Station Wagon",Going Ahead,Failed to Yield Right of Way,Inattentive,,,,,,,Yes,,Yes,,,,,,,Yes,,,,81,Trinity-Bellwoods,81,Trinity-Bellwoods (81),D14,"{""coordinates"": [[-79.4228550000022, 43.6495809996068]], ""type"": ""MultiPoint""}",2018
14595,14596,,2018-06-02,1845,BADEN ST,LAKEVIEW AVE,8 m East of,Local,North York,Intersection Related,Stop Sign,Clear,Daylight,Dry,Non-Fatal Injury,Pedestrian Collisions,Pedestrian,0 to 4,Major,,South,,,,,Vehicle is going straight thru inter.while ped cross with ROW,Playing or Working on Highway,Normal,,,,Yes,,Yes,,,,,,,Yes,,,,81,Trinity-Bellwoods,81,Trinity-Bellwoods (81),D14,"{""coordinates"": [[-79.4228550000022, 43.6495809996068]], ""type"": ""MultiPoint""}",2018
14596,14597,,2018-06-02,1903,LAKE SHORE BLVD W,BRITISH COLUMBIA RD,,Major Arterial,North York,Non Intersection,No Control,Clear,Daylight,Dry,Fatal,Approaching,Motorcycle Driver,50 to 54,Fatal,28.0,East,Motorcycle,Going Ahead,Driving Properly,Normal,,,,,,,,,Yes,Yes,,,,,,,,,,163,Fort York-Liberty Village,82,Niagara (82),D14,"{""coordinates"": [[-79.4271579999643, 43.630515000118]], ""type"": ""MultiPoint""}",2018