index,_id,ACCNUM,DATE,TIME,STREET1,STREET2,OFFSET,ROAD_CLASS,DISTRICT,ACCLOC,TRAFFCTL,VISIBILITY,LIGHT,RDSFCOND,ACCLASS,IMPACTYPE,INVTYPE,INVAGE,INJURY,FATAL_NO,INITDIR,VEHTYPE,MANOEUVER,DRIVACT,DRIVCOND,PEDTYPE,PEDACT,PEDCOND,CYCLISTYPE,CYCACT,CYCCOND,PEDESTRIAN,CYCLIST,AUTOMOBILE,MOTORCYCLE,TRUCK,TRSN_CITY_VEH,EMERG_VEH,PASSENGER,SPEEDING,AG_DRIV,REDLIGHT,ALCOHOL,DISABILITY,HOOD_158,NEIGHBOURHOOD_158,HOOD_140,NEIGHBOURHOOD_140,DIVISION,geometry,ACCIDENT_YEAR
14653,14654,,2018-06-20,12,HIGHWAY 27  N,ALBION RD,158 m South ,Major Arterial,Etobicoke York,Non Intersection,No Control,Clear,"Dark, artificial",Dry,Non-Fatal Injury,Pedestrian Collisions,Passenger,25 to 29,,,,,,,,,,,,,,Yes,,Yes,,,,,Yes,,Yes,,,,1,West Humber-Clairville,1,West Humber-Clairville (1),D23,"{""coordinates"": [[-79.6069599998343, 43.7429110002288]], ""type"": ""MultiPoint""}",2018
14654,14655,,2018-06-20,12,HIGHWAY 27  N,ALBION RD,158 m South ,Major Arterial,Etobicoke York,Non Intersection,No Control,Clear,"Dark, artificial",Dry,Non-Fatal Injury,Pedestrian Collisions,Passenger,25 to 29,,,,,,,,,,,,,,Yes,,Yes,,,,,Yes,,Yes,,,,1,West Humber-Clairville,1,West Humber-Clairville (1),D23,"{""coordinates"": [[-79.6069599998343, 43.7429110002288]], ""type"": ""MultiPoint""}",2018
14655,14656,,2018-06-20,12,HIGHWAY 27  N,ALBION RD,158 m South ,Major Arterial,Etobicoke York,Non Intersection,No Control,Clear,"Dark, artificial",Dry,Non-Fatal Injury,Pedestrian Collisions,Pedestrian,30 to 34,Major,,East,,,,,Pedestrian hit at mid-block,"Crossing, no Traffic Control",Had Been Drinking,,,,Yes,,Yes,,,,,Yes,,Yes,,,,1,West Humber-Clairville,1,West Humber-Clairville (1),D23,"{""coordinates"": [[-79.6069599998343, 43.7429110002288]], ""type"": ""MultiPoint""}",2018
14656,14657,,2018-06-20,1535,3930 LAWRENCE AVE E,,3 m South of,Major Arterial,Scarborough,At/Near Private Drive,No Control,Clear,Daylight,Dry,Non-Fatal Injury,Pedestrian Collisions,Passenger,20 to 24,,,,,,,,,,,,,,Yes,,Yes,,,,,Yes,,Yes,,,,141,Golfdale-Cedarbrae-Woburn,137,Woburn (137),D43,"{""coordinates"": [[-79.2056000002441, 43.7639800003335]], ""type"": ""MultiPoint""}",2018
14657,14658,,2018-06-20,1535,3930 LAWRENCE AVE E,,3 m South of,Major Arterial,Scarborough,At/Near Private Drive,No Control,Clear,Daylight,Dry,Non-Fatal Injury,Pedestrian Collisions,Pedestrian,60 to 64,Major,,Unknown,,,,,Pedestrian hit on sidewalk or shoulder,On Sidewalk or Shoulder,Normal,,,,Yes,,Yes,,,,,Yes,,Yes,,,,141,Golfdale-Cedarbrae-Woburn,137,Woburn (137),D43,"{""coordinates"": [[-79.2056000002441, 43.7639800003335]], ""type"": ""MultiPoint""}",2018
14658,14659,,2018-06-20,1535,3930 LAWRENCE AVE E,,3 m South of,Major Arterial,Scarborough,At/Near Private Drive,No Control,Clear,Daylight,Dry,Non-Fatal Injury,Pedestrian Collisions,Driver,20 to 24,,,South,"Automobile, Station Wagon",Going Ahead,Failed to Yield Right of Way,Inattentive,,,,,,,Yes,,Yes,,,,,Yes,,Yes,,,,141,Golfdale-Cedarbrae-Woburn,137,Woburn (137),D43,"{""coordinates"": [[-79.2056000002441, 43.7639800003335]], ""type"": ""MultiPoint""}",2018
14659,14660,,2018-06-20,1535,3930 LAWRENCE AVE E,,3 m South of,Major Arterial,Scarborough,At/Near Private Drive,No Control,Clear,Daylight,Dry,Non-Fatal Injury,Pedestrian Collisions,Driver,65 to 69,,,West,"Automobile, Station Wagon",Going Ahead,Driving Properly,Normal,,,,,,,Yes,,Yes,,,,,Yes,,Yes,,,,141,Golfdale-Cedarbrae-Woburn,137,Woburn (137),D43,"{""coordinates"": [[-79.2056000002441, 43.7639800003335]], ""type"": ""MultiPoint""}",2018
14660,14661,,2018-06-22,1240,1196 WILSON AVE,,1 m West of,Major Arterial,North York,At/Near Private Drive,No Control,Clear,Daylight,Dry,Non-Fatal Injury,Turning Movement,Motorcycle Driver,60 to 64,Major,,West,Motorcycle,Overtaking,Improper Passing,Inattentive,,,,,,,,,Yes,Yes,,,,,,Yes,,,,154,Oakdale-Beverley Heights,26,Downsview-Roding-CFB (26),D31,"{""coordinates"": [[-79.4886120003489, 43.7250810001042]], ""type"": ""MultiPoint""}",2018
14661,14662,,2018-06-22,1240,1196 WILSON AVE,,1 m West of,Major Arterial,North York,At/Near Private Drive,No Control,Clear,Daylight,Dry,Non-Fatal Injury,Turning Movement,Driver,55 to 59,,,South,"Automobile, Station Wagon",Turning Left,Driving Properly,Normal,,,,,,,,,Yes,Yes,,,,,,Yes,,,,154,Oakdale-Beverley Heights,26,Downsview-Roding-CFB (26),D31,"{""coordinates"": [[-79.4886120003489, 43.7250810001042]], ""type"": ""MultiPoint""}",2018
14662,14663,,2018-06-22,2314,RICHMOND ST E,PARLIAMENT ST,,Major Arterial,Toronto and East York,At Intersection,Traffic Signal,Rain,"Dark, artificial",Wet,Non-Fatal Injury,Angle,Driver,25 to 29,Major,,South,"Automobile, Station Wagon",Going Ahead,Other,Normal,,,,,,,,,Yes,,,,,,Yes,Yes,,,,73,Moss Park,73,Moss Park (73),D51,"{""coordinates"": [[-79.3639860001817, 43.654486000192]], ""type"": ""MultiPoint""}",2018
14663,14664,,2018-06-22,2314,RICHMOND ST E,PARLIAMENT ST,,Major Arterial,Toronto and East York,At Intersection,Traffic Signal,Rain,"Dark, artificial",Wet,Non-Fatal Injury,Angle,Driver,40 to 44,,,West,"Automobile, Station Wagon",Going Ahead,Other,Normal,,,,,,,,,Yes,,,,,,Yes,Yes,,,,73,Moss Park,73,Moss Park (73),D51,"{""coordinates"": [[-79.3639860001817, 43.654486000192]], ""type"": ""MultiPoint""}",2018
14664,14665,,2018-06-23,15,MORNINGSIDE AVE,MILNER AVE,,Major Arterial,Scarborough,At Intersection,Traffic Signal,Clear,Dark,Wet,Non-Fatal Injury,Turning Movement,Driver,35 to 39,Major,,North,"Automobile, Station Wagon",Turning Left,Failed to Yield Right of Way,Inattentive,,,,,,,,,Yes,,,,,Yes,,Yes,,,,144,Morningside Heights,131,Rouge (131),D42,"{""coordinates"": [[-79.1990460001067, 43.8002080001168]], ""type"": ""MultiPoint""}",2018
14665,14666,,2018-06-23,15,MORNINGSIDE AVE,MILNER AVE,,Major Arterial,Scarborough,At Intersection,Traffic Signal,Clear,Dark,Wet,Non-Fatal Injury,Turning Movement,Driver,50 to 54,Minimal,,South,"Automobile, Station Wagon",Going Ahead,Driving Properly,Normal,,,,,,,,,Yes,,,,,Yes,,Yes,,,,144,Morningside Heights,131,Rouge (131),D42,"{""coordinates"": [[-79.1990460001067, 43.8002080001168]], ""type"": ""MultiPoint""}",2018
14666,14667,,2018-06-23,15,MORNINGSIDE AVE,MILNER AVE,,Major Arterial,Scarborough,At Intersection,Traffic Signal,Clear,Dark,Wet,Non-Fatal Injury,Turning Movement,Driver,15 to 19,Minimal,,East,"Automobile, Station Wagon",Stopped,Driving Properly,Normal,,,,,,,,,Yes,,,,,Yes,,Yes,,,,144,Morningside Heights,131,Rouge (131),D42,"{""coordinates"": [[-79.1990460001067, 43.8002080001168]], ""type"": ""MultiPoint""}",2018
14667,14668,,2018-06-23,15,MORNINGSIDE AVE,MILNER AVE,,Major Arterial,Scarborough,At Intersection,Traffic Signal,Clear,Dark,Wet,Non-Fatal Injury,Turning Movement,Passenger,25 to 29,Minor,,,,,,,,,,,,,,,Yes,,,,,Yes,,Yes,,,,144,Morningside Heights,131,Rouge (131),D42,"{""coordinates"": [[-79.1990460001067, 43.8002080001168]], ""type"": ""MultiPoint""}",2018
14668,14669,,2018-06-23,15,MORNINGSIDE AVE,MILNER AVE,,Major Arterial,Scarborough,At Intersection,Traffic Signal,Clear,Dark,Wet,Non-Fatal Injury,Turning Movement,Passenger,15 to 19,,,,,,,,,,,,,,,,Yes,,,,,Yes,,Yes,,,,144,Morningside Heights,131,Rouge (131),D42,"{""coordinates"": [[-79.1990460001067, 43.8002080001168]], ""type"": ""MultiPoint""}",2018
14669,14670,,2018-06-23,15,MORNINGSIDE AVE,MILNER AVE,,Major Arterial,Scarborough,At Intersection,Traffic Signal,Clear,Dark,Wet,Non-Fatal Injury,Turning Movement,Passenger,15 to 19,,,,,,,,,,,,,,,,Yes,,,,,Yes,,Yes,,,,144,Morningside Heights,131,Rouge (131),D42,"{""coordinates"": [[-79.1990460001067, 43.8002080001168]], ""type"": ""MultiPoint""}",2018
14670,14671,,2018-06-23,36,MARKHAM RD,BRIMORTON DR,,Major Arterial,Scarborough,Intersection Related,Traffic Signal,Rain,"Dark, artificial",Wet,Non-Fatal Injury,SMV Other,Driver,30 to 34,,,North,"Automobile, Station Wagon",Turning Left,Lost control,"Ability Impaired, Alcohol Over .08",,,,,,,,,Yes,,,,,Yes,,Yes,,Yes,,141,Golfdale-Cedarbrae-Woburn,137,Woburn (137),D43,"{""coordinates"": [[-79.2306469994847, 43.7734249996182]], ""type"": ""MultiPoint""}",2018
14671,14672,,2018-06-23,36,MARKHAM RD,BRIMORTON DR,,Major Arterial,Scarborough,Intersection Related,Traffic Signal,Rain,"Dark, artificial",Wet,Non-Fatal Injury,SMV Other,Passenger,35 to 39,Major,,,,,,,,,,,,,,,Yes,,,,,Yes,,Yes,,Yes,,141,Golfdale-Cedarbrae-Woburn,137,Woburn (137),D43,"{""coordinates"": [[-79.2306469994847, 43.7734249996182]], ""type"": ""MultiPoint""}",2018
14672,14673,,2018-06-23,205,FINCH AVE W,TOBERMORY DR,,Major Arterial,North York,At Intersection,Traffic Signal,Rain,"Dark, artificial",Wet,Non-Fatal Injury,Pedestrian Collisions,Driver,unknown,,,West,"Automobile, Station Wagon",Going Ahead,Speed too Fast For Condition,Unknown,,,,,,,Yes,,Yes,,,,,,Yes,Yes,,,,25,Glenfield-Jane Heights,25,Glenfield-Jane Heights (25),D31,"{""coordinates"": [[-79.507884000327, 43.7592109999118]], ""type"": ""MultiPoint""}",2018
14673,14674,,2018-06-23,205,FINCH AVE W,TOBERMORY DR,,Major Arterial,North York,At Intersection,Traffic Signal,Rain,"Dark, artificial",Wet,Non-Fatal Injury,Pedestrian Collisions,Pedestrian,20 to 24,Major,,North,,,,,Vehicle is going straight thru inter.while ped cross without ROW,Crossing without right of way,Inattentive,,,,Yes,,Yes,,,,,,Yes,Yes,,,,25,Glenfield-Jane Heights,25,Glenfield-Jane Heights (25),D31,"{""coordinates"": [[-79.507884000327, 43.7592109999118]], ""type"": ""MultiPoint""}",2018
14674,14675,,2018-06-23,1259,EGLINTON AVE W,CASTLE KNOCK RD,,Major Arterial,North York,At Intersection,Traffic Signal,Rain,Daylight,Wet,Fatal,Pedestrian Collisions,Driver,50 to 54,,,West,"Automobile, Station Wagon",Going Ahead,Driving Properly,Normal,,,,,,,Yes,,Yes,,,,,,,,,,,101,Forest Hill South,101,Forest Hill South (101),D53,"{""coordinates"": [[-79.4116010000581, 43.7038680001883]], ""type"": ""MultiPoint""}",2018
14675,14676,,2018-06-23,1259,EGLINTON AVE W,CASTLE KNOCK RD,,Major Arterial,North York,At Intersection,Traffic Signal,Rain,Daylight,Wet,Fatal,Pedestrian Collisions,Pedestrian,70 to 74,Fatal,34.0,Unknown,,,,,Other / Undefined,Running onto Roadway,Had Been Drinking,,,,Yes,,Yes,,,,,,,,,,,101,Forest Hill South,101,Forest Hill South (101),D53,"{""coordinates"": [[-79.4116010000581, 43.7038680001883]], ""type"": ""MultiPoint""}",2018
14676,14677,,2018-06-24,1740,WELLINGTON ST E,YONGE ST,,Major Arterial,Toronto and East York,At Intersection,Traffic Signal,Clear,"Daylight, artificial",Dry,Non-Fatal Injury,Pedestrian Collisions,Driver,25 to 29,,,West,Delivery Van,Turning Left,Failed to Yield Right of Way,Inattentive,,,,,,,Yes,,Yes,,,,,,,Yes,,,,168,Downtown Yonge East,75,Church-Yonge Corridor (75),D51,"{""coordinates"": [[-79.3773300005596, 43.6477719996681]], ""type"": ""MultiPoint""}",2018
14677,14678,,2018-06-24,1740,WELLINGTON ST E,YONGE ST,,Major Arterial,Toronto and East York,At Intersection,Traffic Signal,Clear,"Daylight, artificial",Dry,Non-Fatal Injury,Pedestrian Collisions,Driver,30 to 34,,,North,"Automobile, Station Wagon",Stopped,Driving Properly,Normal,,,,,,,Yes,,Yes,,,,,,,Yes,,,,168,Downtown Yonge East,75,Church-Yonge Corridor (75),D51,"{""coordinates"": [[-79.3773300005596, 43.6477719996681]], ""type"": ""MultiPoint""}",2018
14678,14679,,2018-06-24,1740,WELLINGTON ST E,YONGE ST,,Major Arterial,Toronto and East York,At Intersection,Traffic Signal,Clear,"Daylight, artificial",Dry,Non-Fatal Injury,Pedestrian Collisions,Pedestrian,60 to 64,Major,,East,,,,,Vehicle turns left while ped crosses with ROW at inter.,Crossing with right of way,Normal,,,,Yes,,Yes,,,,,,,Yes,,,,168,Downtown Yonge East,75,Church-Yonge Corridor (75),D51,"{""coordinates"": [[-79.3773300005596, 43.6477719996681]], ""type"": ""MultiPoint""}",2018
14679,14680,,2018-06-27,100,DUFFERIN ST,JANE OSLER BLVD,15 m North o,Major Arterial,North York,Intersection Related,No Control,Clear,"Dark, artificial",Dry,Non-Fatal Injury,Pedestrian Collisions,Driver,45 to 49,,,South,"Automobile, Station Wagon",Going Ahead,Driving Properly,Normal,,,,,,,Yes,,Yes,,,,,,,,,,,31,Yorkdale-Glen Park,31,Yorkdale-Glen Park (31),D32,"{""coordinates"": [[-79.4570420003821, 43.724676999661]], ""type"": ""MultiPoint""}",2018
14680,14681,,2018-06-27,100,DUFFERIN ST,JANE OSLER BLVD,15 m North o,Major Arterial,North York,Intersection Related,No Control,Clear,"Dark, artificial",Dry,Non-Fatal Injury,Pedestrian Collisions,Pedestrian,25 to 29,Major,,West,,,,,Pedestrian hit at mid-block,"Crossing, no Traffic Control",Inattentive,,,,Yes,,Yes,,,,,,,,,,,31,Yorkdale-Glen Park,31,Yorkdale-Glen Park (31),D32,"{""coordinates"": [[-79.4570420003821, 43.724676999661]], ""type"": ""MultiPoint""}",2018
14681,14682,,2018-06-28,1024,BAYVIEW S 401 C W RAMP,BAYVIEW AVE,20 m South o,Expressway Ramp,North York,Non Intersection,No Control,Clear,Daylight,Dry,Non-Fatal Injury,Pedestrian Collisions,Driver,70 to 74,,,South,"Automobile, Station Wagon",Going Ahead,Driving Properly,Normal,,,,,,,Yes,,Yes,,,,,,,,,,,153,Avondale,51,Willowdale East (51),D32,"{""coordinates"": [[-79.3879580000813, 43.7636400001436]], ""type"": ""MultiPoint""}",2018
14682,14683,,2018-06-28,1024,BAYVIEW S 401 C W RAMP,BAYVIEW AVE,20 m South o,Expressway Ramp,North York,Non Intersection,No Control,Clear,Daylight,Dry,Non-Fatal Injury,Pedestrian Collisions,Pedestrian,75 to 79,Major,,North,,,,,Pedestrian hit at mid-block,"Crossing, no Traffic Control",Normal,,,,Yes,,Yes,,,,,,,,,,,153,Avondale,51,Willowdale East (51),D32,"{""coordinates"": [[-79.3879580000813, 43.7636400001436]], ""type"": ""MultiPoint""}",2018
14683,14684,,2018-06-28,1803,MOUNT PLEASANT RD,CRESCENT RD,11 m South o,Major Arterial,Toronto and East York,Intersection Related,Traffic Controller,Clear,Daylight,Dry,Non-Fatal Injury,SMV Other,Motorcycle Driver,50 to 54,Major,,North,Motorcycle,Going Ahead,Lost control,Normal,,,,,,,,,,Yes,,,,,,,,,,98,Rosedale-Moore Park,98,Rosedale-Moore Park (98),D53,"{""coordinates"": [[-79.3806640006104, 43.6782519995651]], ""type"": ""MultiPoint""}",2018
14684,14685,,2018-06-28,2020,811 DANFORTH AVE,,,Major Arterial,Toronto and East York,At/Near Private Drive,No Control,Clear,Daylight,Dry,Non-Fatal Injury,Cyclist Collisions,Driver,35 to 39,Major,,West,"Automobile, Station Wagon",Turning Left,Improper Turn,Inattentive,,,,,,,,Yes,Yes,,,,,,,,,,,69,Blake-Jones,69,Blake-Jones (69),D55,"{""coordinates"": [[-79.341060000265, 43.6796250004029]], ""type"": ""MultiPoint""}",2018
14685,14686,,2018-06-28,2020,811 DANFORTH AVE,,,Major Arterial,Toronto and East York,At/Near Private Drive,No Control,Clear,Daylight,Dry,Non-Fatal Injury,Cyclist Collisions,Cyclist,35 to 39,Major,,East,Bicycle,Going Ahead,,,,,,Motorist turned left across cyclists path.,Driving Properly,Normal,,Yes,Yes,,,,,,,,,,,69,Blake-Jones,69,Blake-Jones (69),D55,"{""coordinates"": [[-79.341060000265, 43.6796250004029]], ""type"": ""MultiPoint""}",2018
14686,14687,,2018-06-28,2234,VICTORIA PARK AVE,FARMCREST  DR,1 m North of,Major Arterial,North York,Intersection Related,No Control,Clear,"Dark, artificial",Dry,Non-Fatal Injury,Cyclist Collisions,Cyclist,55 to 59,Major,,North,Bicycle,Going Ahead,,,,,,Insufficient information (to determine cyclist crash type).,Lost control,Had Been Drinking,,Yes,,,,,,,,,,,,118,Tam O'Shanter-Sullivan,118,Tam O'Shanter-Sullivan (118),D42,"{""coordinates"": [[-79.3211009998286, 43.7710480004041]], ""type"": ""MultiPoint""}",2018
14687,14688,,2018-06-29,123,STEELES AVE W,KIPLING AVE,,Major Arterial,Etobicoke York,At Intersection,Traffic Signal,Clear,"Dark, artificial",Dry,Fatal,Pedestrian Collisions,Driver,25 to 29,Minor,,East,"Automobile, Station Wagon",Going Ahead,Exceeding Speed Limit,"Ability Impaired, Drugs",,,,,,,Yes,,Yes,,,,,,Yes,Yes,,,,2,Mount Olive-Silverstone-Jamestown,2,Mount Olive-Silverstone-Jamestown (2),D23,"{""coordinates"": [[-79.5898619997752, 43.7595349996821]], ""type"": ""MultiPoint""}",2018
14688,14689,,2018-06-29,123,STEELES AVE W,KIPLING AVE,,Major Arterial,Etobicoke York,At Intersection,Traffic Signal,Clear,"Dark, artificial",Dry,Fatal,Pedestrian Collisions,Driver,25 to 29,,,North,"Automobile, Station Wagon",Stopped,Driving Properly,Normal,,,,,,,Yes,,Yes,,,,,,Yes,Yes,,,,2,Mount Olive-Silverstone-Jamestown,2,Mount Olive-Silverstone-Jamestown (2),D23,"{""coordinates"": [[-79.5898619997752, 43.7595349996821]], ""type"": ""MultiPoint""}",2018
14689,14690,,2018-06-29,123,STEELES AVE W,KIPLING AVE,,Major Arterial,Etobicoke York,At Intersection,Traffic Signal,Clear,"Dark, artificial",Dry,Fatal,Pedestrian Collisions,Driver,55 to 59,Minor,,West,"Automobile, Station Wagon",Turning Left,Driving Properly,Normal,,,,,,,Yes,,Yes,,,,,,Yes,Yes,,,,2,Mount Olive-Silverstone-Jamestown,2,Mount Olive-Silverstone-Jamestown (2),D23,"{""coordinates"": [[-79.5898619997752, 43.7595349996821]], ""type"": ""MultiPoint""}",2018
14690,14691,,2018-06-29,123,STEELES AVE W,KIPLING AVE,,Major Arterial,Etobicoke York,At Intersection,Traffic Signal,Clear,"Dark, artificial",Dry,Fatal,Pedestrian Collisions,Pedestrian,15 to 19,Fatal,35.0,Unknown,,,,,Pedestrian hit on sidewalk or shoulder,On Sidewalk or Shoulder,Normal,,,,Yes,,Yes,,,,,,Yes,Yes,,,,2,Mount Olive-Silverstone-Jamestown,2,Mount Olive-Silverstone-Jamestown (2),D23,"{""coordinates"": [[-79.5898619997752, 43.7595349996821]], ""type"": ""MultiPoint""}",2018
14691,14692,,2018-06-29,2215,PACIFIC AVE,DUNDAS ST W,3 m North of,Major Arterial,Etobicoke York,At Intersection,Traffic Signal,Clear,"Dark, artificial",Dry,Non-Fatal Injury,Pedestrian Collisions,Driver,55 to 59,Minimal,,East,"Automobile, Station Wagon",Turning Left,Lost control,"Ability Impaired, Alcohol",,,,,,,Yes,,Yes,,,,,,,,,Yes,,90,Junction Area,90,Junction Area (90),D11,"{""coordinates"": [[-79.4685780003996, 43.6653890000113]], ""type"": ""MultiPoint""}",2018
14692,14693,,2018-06-29,2215,PACIFIC AVE,DUNDAS ST W,3 m North of,Major Arterial,Etobicoke York,At Intersection,Traffic Signal,Clear,"Dark, artificial",Dry,Non-Fatal Injury,Pedestrian Collisions,Pedestrian,50 to 54,Major,,Unknown,,,,,Pedestrian hit on sidewalk or shoulder,On Sidewalk or Shoulder,Normal,,,,Yes,,Yes,,,,,,,,,Yes,,90,Junction Area,90,Junction Area (90),D11,"{""coordinates"": [[-79.4685780003996, 43.6653890000113]], ""type"": ""MultiPoint""}",2018
14693,14694,,2018-06-29,2215,PACIFIC AVE,DUNDAS ST W,3 m North of,Major Arterial,Etobicoke York,At Intersection,Traffic Signal,Clear,"Dark, artificial",Dry,Non-Fatal Injury,Pedestrian Collisions,Pedestrian,40 to 44,Minor,,Unknown,,,,,Pedestrian hit on sidewalk or shoulder,On Sidewalk or Shoulder,Normal,,,,Yes,,Yes,,,,,,,,,Yes,,90,Junction Area,90,Junction Area (90),D11,"{""coordinates"": [[-79.4685780003996, 43.6653890000113]], ""type"": ""MultiPoint""}",2018
14694,14695,,2018-07-04,1720,DANFORTH RD,CARSLAKE CRES,10 m South o,Major Arterial,Scarborough,Intersection Related,No Control,Clear,Daylight,Dry,Non-Fatal Injury,Approaching,Driver,70 to 74,Major,,South,"Automobile, Station Wagon",Going Ahead,Lost control,Normal,,,,,,,,,Yes,,,,,,Yes,Yes,,,,157,Bendale South,127,Bendale (127),D43,"{""coordinates"": [[-79.2445250001328, 43.7462950002605]], ""type"": ""MultiPoint""}",2018
14695,14696,,2018-07-04,1720,DANFORTH RD,CARSLAKE CRES,10 m South o,Major Arterial,Scarborough,Intersection Related,No Control,Clear,Daylight,Dry,Non-Fatal Injury,Approaching,Driver,50 to 54,Major,,North,"Automobile, Station Wagon",Going Ahead,Driving Properly,Normal,,,,,,,,,Yes,,,,,,Yes,Yes,,,,157,Bendale South,127,Bendale (127),D43,"{""coordinates"": [[-79.2445250001328, 43.7462950002605]], ""type"": ""MultiPoint""}",2018
14696,14697,,2018-07-04,2043,RAVENCLIFF CRES,BATTERSWOOD DR,40 m West of,Local,Scarborough,Non Intersection,No Control,Clear,"Daylight, artificial",Wet,Non-Fatal Injury,Other,Driver,25 to 29,,,East,"Automobile, Station Wagon",Going Ahead,Driving Properly,Normal,,,,,,,,,Yes,,,,,Yes,,,,,,118,Tam O'Shanter-Sullivan,118,Tam O'Shanter-Sullivan (118),D42,"{""coordinates"": [[-79.3176609994577, 43.7789259998702]], ""type"": ""MultiPoint""}",2018
14697,14698,,2018-07-04,2043,RAVENCLIFF CRES,BATTERSWOOD DR,40 m West of,Local,Scarborough,Non Intersection,No Control,Clear,"Daylight, artificial",Wet,Non-Fatal Injury,Other,Passenger,25 to 29,Major,,,,,,,,,,,,,,,Yes,,,,,Yes,,,,,,118,Tam O'Shanter-Sullivan,118,Tam O'Shanter-Sullivan (118),D42,"{""coordinates"": [[-79.3176609994577, 43.7789259998702]], ""type"": ""MultiPoint""}",2018
14698,14699,,2018-07-04,2043,RAVENCLIFF CRES,BATTERSWOOD DR,40 m West of,Local,Scarborough,Non Intersection,No Control,Clear,"Daylight, artificial",Wet,Non-Fatal Injury,Other,Passenger,0 to 4,,,,,,,,,,,,,,,,Yes,,,,,Yes,,,,,,118,Tam O'Shanter-Sullivan,118,Tam O'Shanter-Sullivan (118),D42,"{""coordinates"": [[-79.3176609994577, 43.7789259998702]], ""type"": ""MultiPoint""}",2018
14699,14700,,2018-07-05,830,WESTON RD,KING ST,60 m East of,Minor Arterial,Etobicoke York,Non Intersection,No Control,Clear,Daylight,Dry,Non-Fatal Injury,Pedestrian Collisions,Driver,30 to 34,,,West,Delivery Van,Changing Lanes,Improper Lane Change,Normal,,,,,,,Yes,,Yes,,,,,,,,,,,113,Weston,113,Weston (113),D12,"{""coordinates"": [[-79.520067999737, 43.7011520002214]], ""type"": ""MultiPoint""}",2018
14700,14701,,2018-07-05,830,WESTON RD,KING ST,60 m East of,Minor Arterial,Etobicoke York,Non Intersection,No Control,Clear,Daylight,Dry,Non-Fatal Injury,Pedestrian Collisions,Driver,55 to 59,Minimal,,West,"Automobile, Station Wagon",Going Ahead,Driving Properly,Normal,,,,,,,Yes,,Yes,,,,,,,,,,,113,Weston,113,Weston (113),D12,"{""coordinates"": [[-79.520067999737, 43.7011520002214]], ""type"": ""MultiPoint""}",2018
14701,14702,,2018-07-05,830,WESTON RD,KING ST,60 m East of,Minor Arterial,Etobicoke York,Non Intersection,No Control,Clear,Daylight,Dry,Non-Fatal Injury,Pedestrian Collisions,Pedestrian,30 to 34,Major,,,,,,,Pedestrian hit on sidewalk or shoulder,On Sidewalk or Shoulder,Normal,,,,Yes,,Yes,,,,,,,,,,,113,Weston,113,Weston (113),D12,"{""coordinates"": [[-79.520067999737, 43.7011520002214]], ""type"": ""MultiPoint""}",2018
14702,14703,,2018-07-05,830,WESTON RD,KING ST,60 m East of,Minor Arterial,Etobicoke York,Non Intersection,No Control,Clear,Daylight,Dry,Non-Fatal Injury,Pedestrian Collisions,Pedestrian,30 to 34,Major,,,,,,,Pedestrian hit on sidewalk or shoulder,On Sidewalk or Shoulder,Normal,,,,Yes,,Yes,,,,,,,,,,,113,Weston,113,Weston (113),D12,"{""coordinates"": [[-79.520067999737, 43.7011520002214]], ""type"": ""MultiPoint""}",2018
14703,14704,,2018-07-05,1030,917 QUEEN ST W,,,Major Arterial,Toronto and East York,Non Intersection,No Control,Clear,Daylight,Dry,Non-Fatal Injury,Cyclist Collisions,Driver,20 to 24,,,East,Street Car,Going Ahead,Improper Lane Change,Unknown,,,,,,,,Yes,,,,Yes,,,,,,,,162,West Queen West,82,Niagara (82),D14,"{""coordinates"": [[-79.4123720004013, 43.6454419997097]], ""type"": ""MultiPoint""}",2018
14704,14705,,2018-07-05,1030,917 QUEEN ST W,,,Major Arterial,Toronto and East York,Non Intersection,No Control,Clear,Daylight,Dry,Non-Fatal Injury,Cyclist Collisions,Cyclist,50 to 54,Major,,East,Bicycle,Going Ahead,,,,,,Cyclist and Driver travelling in same direction. One vehicle sideswipes the other.,Driving Properly,Normal,,Yes,,,,Yes,,,,,,,,162,West Queen West,82,Niagara (82),D14,"{""coordinates"": [[-79.4123720004013, 43.6454419997097]], ""type"": ""MultiPoint""}",2018
14705,14706,,2018-07-05,2235,RENFORTH DR,HWY 401 WB ON RAMP AVE,,Major Arterial,Etobicoke York,At Intersection,Traffic Signal,Clear,"Dark, artificial",Dry,Non-Fatal Injury,Turning Movement,Truck Driver,75 to 79,,,North,Truck-Tractor,Turning Left,Improper Turn,Fatigue,,,,,,,,,Yes,,Yes,,,Yes,Yes,Yes,,,,1,West Humber-Clairville,1,West Humber-Clairville (1),D23,"{""coordinates"": [[-79.5915330000424, 43.669336999826]], ""type"": ""MultiPoint""}",2018
14706,14707,,2018-07-05,2235,RENFORTH DR,HWY 401 WB ON RAMP AVE,,Major Arterial,Etobicoke York,At Intersection,Traffic Signal,Clear,"Dark, artificial",Dry,Non-Fatal Injury,Turning Movement,Driver,20 to 24,Major,,South,"Automobile, Station Wagon",Going Ahead,Exceeding Speed Limit,Normal,,,,,,,,,Yes,,Yes,,,Yes,Yes,Yes,,,,1,West Humber-Clairville,1,West Humber-Clairville (1),D23,"{""coordinates"": [[-79.5915330000424, 43.669336999826]], ""type"": ""MultiPoint""}",2018