index,_id,ACCNUM,DATE,TIME,STREET1,STREET2,OFFSET,ROAD_CLASS,DISTRICT,ACCLOC,TRAFFCTL,VISIBILITY,LIGHT,RDSFCOND,ACCLASS,IMPACTYPE,INVTYPE,INVAGE,INJURY,FATAL_NO,INITDIR,VEHTYPE,MANOEUVER,DRIVACT,DRIVCOND,PEDTYPE,PEDACT,PEDCOND,CYCLISTYPE,CYCACT,CYCCOND,PEDESTRIAN,CYCLIST,AUTOMOBILE,MOTORCYCLE,TRUCK,TRSN_CITY_VEH,EMERG_VEH,PASSENGER,SPEEDING,AG_DRIV,REDLIGHT,ALCOHOL,DISABILITY,HOOD_158,NEIGHBOURHOOD_158,HOOD_140,NEIGHBOURHOOD_140,DIVISION,geometry,ACCIDENT_YEAR
14816,14817,,2018-08-14,1443,KNOB HILL DR,OAK ST,120 m North ,Collector,Etobicoke York,Non Intersection,No Control,Clear,Daylight,Dry,Non-Fatal Injury,Turning Movement,Driver,40 to 44,Minimal,,South,"Automobile, Station Wagon",Going Ahead,Exceeding Speed Limit,Inattentive,,,,,,,,,Yes,,,,,,Yes,Yes,,,,23,Pelmo Park-Humberlea,23,Pelmo Park-Humberlea (23),D12,"{""coordinates"": [[-79.5323749996676, 43.7092120001004]], ""type"": ""MultiPoint""}",2018
14817,14818,,2018-08-15,1914,DUFFERIN ST,DUFFERIN PARK AVE,100 m South ,Major Arterial,Toronto and East York,Non Intersection,No Control,Clear,Daylight,Dry,Non-Fatal Injury,SMV Other,Driver,70 to 74,Major,,North,"Automobile, Station Wagon",Going Ahead,Lost control,Medical or Physical Disability,,,,,,,,,Yes,,,,,,,,,,Yes,83,Dufferin Grove,83,Dufferin Grove (83),D14,"{""coordinates"": [[-79.4339479998564, 43.6561990000849]], ""type"": ""MultiPoint""}",2018
14818,14819,,2018-08-16,1555,LESLIE ST,EGLINTON AVE E,,Major Arterial,North York,Intersection Related,Stop Sign,Clear,Daylight,Dry,Fatal,Turning Movement,Driver,85 to 89,Fatal,43.0,East,Passenger Van,Turning Left,Improper Turn,Inattentive,,,,,,,,,Yes,,Yes,,,,,,,,,42,Banbury-Don Mills,42,Banbury-Don Mills (42),D33,"{""coordinates"": [[-79.3503829995424, 43.7185890002143]], ""type"": ""MultiPoint""}",2018
14819,14820,,2018-08-16,1555,LESLIE ST,EGLINTON AVE E,,Major Arterial,North York,Intersection Related,Stop Sign,Clear,Daylight,Dry,Fatal,Turning Movement,Truck Driver,25 to 29,,,South,"Truck - Closed (Blazer, etc)",Going Ahead,Driving Properly,Normal,,,,,,,,,Yes,,Yes,,,,,,,,,42,Banbury-Don Mills,42,Banbury-Don Mills (42),D33,"{""coordinates"": [[-79.3503829995424, 43.7185890002143]], ""type"": ""MultiPoint""}",2018
14820,14821,,2018-08-16,1555,LESLIE ST,EGLINTON AVE E,,Major Arterial,North York,Intersection Related,Stop Sign,Clear,Daylight,Dry,Fatal,Turning Movement,,unknown,,,,,,,,,,,,,,,,Yes,,Yes,,,,,,,,,42,Banbury-Don Mills,42,Banbury-Don Mills (42),D33,"{""coordinates"": [[-79.3503829995424, 43.7185890002143]], ""type"": ""MultiPoint""}",2018
14821,14822,,2018-08-17,1410,QUEEN ST W,SIMCOE ST,12 m East of,Major Arterial,Toronto and East York,Intersection Related,No Control,Clear,Daylight,Wet,Non-Fatal Injury,SMV Other,Motorcycle Driver,50 to 54,Major,,West,Motorcycle,Going Ahead,Other,Normal,,,,,,,,,,Yes,,,,,,,,,,164,Wellington Place,77,Waterfront Communities-The Island (77),D52,"{""coordinates"": [[-79.3874770005977, 43.6505989997957]], ""type"": ""MultiPoint""}",2018
14822,14823,,2018-08-18,223,315 UNWIN AVE,,365 m East o,Local,Toronto and East York,Non Intersection,No Control,Clear,"Dark, artificial",Wet,Non-Fatal Injury,Pedestrian Collisions,Driver,25 to 29,,,East,"Automobile, Station Wagon",Going Ahead,Driving Properly,Normal,,,,,,,Yes,,Yes,,,,,Yes,,,,,,70,South Riverdale,70,South Riverdale (70),D51,"{""coordinates"": [[-79.340258999901, 43.642553999864]], ""type"": ""MultiPoint""}",2018
14823,14824,,2018-08-18,223,315 UNWIN AVE,,365 m East o,Local,Toronto and East York,Non Intersection,No Control,Clear,"Dark, artificial",Wet,Non-Fatal Injury,Pedestrian Collisions,Passenger,20 to 24,,,,,,,,,,,,,,Yes,,Yes,,,,,Yes,,,,,,70,South Riverdale,70,South Riverdale (70),D51,"{""coordinates"": [[-79.340258999901, 43.642553999864]], ""type"": ""MultiPoint""}",2018
14824,14825,,2018-08-18,223,315 UNWIN AVE,,365 m East o,Local,Toronto and East York,Non Intersection,No Control,Clear,"Dark, artificial",Wet,Non-Fatal Injury,Pedestrian Collisions,Pedestrian,20 to 24,Major,,Unknown,,,,,Pedestrian hit at mid-block,Walking on Roadway Against Traffic,Medical or Physical Disability,,,,Yes,,Yes,,,,,Yes,,,,,,70,South Riverdale,70,South Riverdale (70),D51,"{""coordinates"": [[-79.340258999901, 43.642553999864]], ""type"": ""MultiPoint""}",2018
14825,14826,,2018-08-19,459,DANFORTH AVE,ROSEHEATH AVE,,Major Arterial,Toronto and East York,At Intersection,No Control,Clear,"Dark, artificial",Dry,Non-Fatal Injury,Turning Movement,Driver,30 to 34,,,East,"Automobile, Station Wagon",Making U Turn,Other,Normal,,,,,,,,,Yes,,,,,Yes,,,,,,64,Woodbine Corridor,64,Woodbine Corridor (64),D55,"{""coordinates"": [[-79.3181869996435, 43.684450999868]], ""type"": ""MultiPoint""}",2018
14826,14827,,2018-08-19,459,DANFORTH AVE,ROSEHEATH AVE,,Major Arterial,Toronto and East York,At Intersection,No Control,Clear,"Dark, artificial",Dry,Non-Fatal Injury,Turning Movement,Driver,35 to 39,Minor,,East,"Automobile, Station Wagon",Going Ahead,Driving Properly,Normal,,,,,,,,,Yes,,,,,Yes,,,,,,64,Woodbine Corridor,64,Woodbine Corridor (64),D55,"{""coordinates"": [[-79.3181869996435, 43.684450999868]], ""type"": ""MultiPoint""}",2018
14827,14828,,2018-08-19,459,DANFORTH AVE,ROSEHEATH AVE,,Major Arterial,Toronto and East York,At Intersection,No Control,Clear,"Dark, artificial",Dry,Non-Fatal Injury,Turning Movement,Passenger,25 to 29,,,,,,,,,,,,,,,,Yes,,,,,Yes,,,,,,64,Woodbine Corridor,64,Woodbine Corridor (64),D55,"{""coordinates"": [[-79.3181869996435, 43.684450999868]], ""type"": ""MultiPoint""}",2018
14828,14829,,2018-08-19,459,DANFORTH AVE,ROSEHEATH AVE,,Major Arterial,Toronto and East York,At Intersection,No Control,Clear,"Dark, artificial",Dry,Non-Fatal Injury,Turning Movement,Passenger,30 to 34,Minor,,,,,,,,,,,,,,,Yes,,,,,Yes,,,,,,64,Woodbine Corridor,64,Woodbine Corridor (64),D55,"{""coordinates"": [[-79.3181869996435, 43.684450999868]], ""type"": ""MultiPoint""}",2018
14829,14830,,2018-08-19,459,DANFORTH AVE,ROSEHEATH AVE,,Major Arterial,Toronto and East York,At Intersection,No Control,Clear,"Dark, artificial",Dry,Non-Fatal Injury,Turning Movement,Passenger,20 to 24,Minor,,,,,,,,,,,,,,,Yes,,,,,Yes,,,,,,64,Woodbine Corridor,64,Woodbine Corridor (64),D55,"{""coordinates"": [[-79.3181869996435, 43.684450999868]], ""type"": ""MultiPoint""}",2018
14830,14831,,2018-08-19,459,DANFORTH AVE,ROSEHEATH AVE,,Major Arterial,Toronto and East York,At Intersection,No Control,Clear,"Dark, artificial",Dry,Non-Fatal Injury,Turning Movement,Passenger,25 to 29,Major,,,,,,,,,,,,,,,Yes,,,,,Yes,,,,,,64,Woodbine Corridor,64,Woodbine Corridor (64),D55,"{""coordinates"": [[-79.3181869996435, 43.684450999868]], ""type"": ""MultiPoint""}",2018
14831,14832,,2018-08-19,1543,DUNDAS ST W,AUGUSTA AVE,,Major Arterial,Toronto and East York,Intersection Related,No Control,Clear,Daylight,Dry,Non-Fatal Injury,Cyclist Collisions,Driver,20 to 24,,,East,"Automobile, Station Wagon",Changing Lanes,Improper Lane Change,Normal,,,,,,,,Yes,Yes,,,,,Yes,,,,,,78,Kensington-Chinatown,78,Kensington-Chinatown (78),D14,"{""coordinates"": [[-79.4011030005256, 43.6522010000715]], ""type"": ""MultiPoint""}",2018
14832,14833,,2018-08-19,1543,DUNDAS ST W,AUGUSTA AVE,,Major Arterial,Toronto and East York,Intersection Related,No Control,Clear,Daylight,Dry,Non-Fatal Injury,Cyclist Collisions,Cyclist,65 to 69,Minor,,East,Bicycle,Going Ahead,,,,,,Cyclist and Driver travelling in same direction. One vehicle sideswipes the other.,Driving Properly,Normal,,Yes,Yes,,,,,Yes,,,,,,78,Kensington-Chinatown,78,Kensington-Chinatown (78),D14,"{""coordinates"": [[-79.4011030005256, 43.6522010000715]], ""type"": ""MultiPoint""}",2018
14833,14834,,2018-08-19,1543,DUNDAS ST W,AUGUSTA AVE,,Major Arterial,Toronto and East York,Intersection Related,No Control,Clear,Daylight,Dry,Non-Fatal Injury,Cyclist Collisions,Passenger,20 to 24,,,,,,,,,,,,,,,Yes,Yes,,,,,Yes,,,,,,78,Kensington-Chinatown,78,Kensington-Chinatown (78),D14,"{""coordinates"": [[-79.4011030005256, 43.6522010000715]], ""type"": ""MultiPoint""}",2018
14834,14835,,2018-08-19,1543,DUNDAS ST W,AUGUSTA AVE,,Major Arterial,Toronto and East York,Intersection Related,No Control,Clear,Daylight,Dry,Non-Fatal Injury,Cyclist Collisions,Cyclist Passenger,60 to 64,Major,,,,,,,,,,,,,,Yes,Yes,,,,,Yes,,,,,,78,Kensington-Chinatown,78,Kensington-Chinatown (78),D14,"{""coordinates"": [[-79.4011030005256, 43.6522010000715]], ""type"": ""MultiPoint""}",2018
14835,14836,,2018-08-20,1616,THE WESTWAY,WINCOTT DR,,Minor Arterial,Etobicoke York,At Intersection,Traffic Signal,Clear,Daylight,Dry,Non-Fatal Injury,Angle,Passenger,45 to 49,,,,,,,,,,,,,,,,Yes,,,Yes,,Yes,Yes,Yes,Yes,,,7,Willowridge-Martingrove-Richview,7,Willowridge-Martingrove-Richview (7),D23,"{""coordinates"": [[-79.5497319998286, 43.6873159995817]], ""type"": ""MultiPoint""}",2018
14836,14837,,2018-08-20,1616,THE WESTWAY,WINCOTT DR,,Minor Arterial,Etobicoke York,At Intersection,Traffic Signal,Clear,Daylight,Dry,Non-Fatal Injury,Angle,Driver,25 to 29,Minor,,West,"Automobile, Station Wagon",Going Ahead,Disobeyed Traffic Control,Unknown,,,,,,,,,Yes,,,Yes,,Yes,Yes,Yes,Yes,,,7,Willowridge-Martingrove-Richview,7,Willowridge-Martingrove-Richview (7),D23,"{""coordinates"": [[-79.5497319998286, 43.6873159995817]], ""type"": ""MultiPoint""}",2018
14837,14838,,2018-08-20,1616,THE WESTWAY,WINCOTT DR,,Minor Arterial,Etobicoke York,At Intersection,Traffic Signal,Clear,Daylight,Dry,Non-Fatal Injury,Angle,Driver,55 to 59,Major,,South,"Automobile, Station Wagon",Going Ahead,Driving Properly,Normal,,,,,,,,,Yes,,,Yes,,Yes,Yes,Yes,Yes,,,7,Willowridge-Martingrove-Richview,7,Willowridge-Martingrove-Richview (7),D23,"{""coordinates"": [[-79.5497319998286, 43.6873159995817]], ""type"": ""MultiPoint""}",2018
14838,14839,,2018-08-20,1616,THE WESTWAY,WINCOTT DR,,Minor Arterial,Etobicoke York,At Intersection,Traffic Signal,Clear,Daylight,Dry,Non-Fatal Injury,Angle,Driver,45 to 49,,,East,Municipal Transit Bus (TTC),Stopped,Driving Properly,Normal,,,,,,,,,Yes,,,Yes,,Yes,Yes,Yes,Yes,,,7,Willowridge-Martingrove-Richview,7,Willowridge-Martingrove-Richview (7),D23,"{""coordinates"": [[-79.5497319998286, 43.6873159995817]], ""type"": ""MultiPoint""}",2018
14839,14840,,2018-08-20,1616,THE WESTWAY,WINCOTT DR,,Minor Arterial,Etobicoke York,At Intersection,Traffic Signal,Clear,Daylight,Dry,Non-Fatal Injury,Angle,Passenger,25 to 29,Minor,,,,,,,,,,,,,,,Yes,,,Yes,,Yes,Yes,Yes,Yes,,,7,Willowridge-Martingrove-Richview,7,Willowridge-Martingrove-Richview (7),D23,"{""coordinates"": [[-79.5497319998286, 43.6873159995817]], ""type"": ""MultiPoint""}",2018
14840,14841,,2018-08-20,1918,O CONNOR DR,WOODMOUNT AVE,,Major Arterial,Toronto and East York,Intersection Related,No Control,Clear,Daylight,Dry,Non-Fatal Injury,Pedestrian Collisions,Driver,55 to 59,,,East,Municipal Transit Bus (TTC),Going Ahead,Driving Properly,Normal,,,,,,,Yes,,,,,Yes,,,,,,,,58,Old East York,58,Old East York (58),D55,"{""coordinates"": [[-79.3213529995193, 43.6994120002566]], ""type"": ""MultiPoint""}",2018
14841,14842,,2018-08-20,1918,O CONNOR DR,WOODMOUNT AVE,,Major Arterial,Toronto and East York,Intersection Related,No Control,Clear,Daylight,Dry,Non-Fatal Injury,Pedestrian Collisions,Pedestrian,85 to 89,Major,,West,,,,,Pedestrian hit on sidewalk or shoulder,Other,Normal,,,,Yes,,,,,Yes,,,,,,,,58,Old East York,58,Old East York (58),D55,"{""coordinates"": [[-79.3213529995193, 43.6994120002566]], ""type"": ""MultiPoint""}",2018
14842,14843,,2018-08-21,630,KEELE STREET,STEELES AVENUE WEST,,Major Arterial,North York,At Intersection,Traffic Signal,Clear,"Dawn, artificial",Dry,Non-Fatal Injury,Pedestrian Collisions,Driver,unknown,,,North,"Automobile, Station Wagon",Turning Left,Failed to Yield Right of Way,Unknown,,,,,,,Yes,,Yes,,,,,,,Yes,,,,27,York University Heights,27,York University Heights (27),NSA,"{""coordinates"": [[-79.494471999643, 43.7815689995503]], ""type"": ""MultiPoint""}",2018
14843,14844,,2018-08-21,630,KEELE STREET,STEELES AVENUE WEST,,Major Arterial,North York,At Intersection,Traffic Signal,Clear,"Dawn, artificial",Dry,Non-Fatal Injury,Pedestrian Collisions,Pedestrian,35 to 39,Major,,Unknown,,,,,,,Normal,,,,Yes,,Yes,,,,,,,Yes,,,,27,York University Heights,27,York University Heights (27),NSA,"{""coordinates"": [[-79.494471999643, 43.7815689995503]], ""type"": ""MultiPoint""}",2018
14844,14845,,2018-08-21,2300,BLOOR ST W,MADISON AVE,,Major Arterial,Toronto and East York,At Intersection,No Control,Clear,"Dark, artificial",Dry,Non-Fatal Injury,Turning Movement,Driver,30 to 34,,,East,"Automobile, Station Wagon",Making U Turn,Improper Turn,Inattentive,,,,,,,,,Yes,,,,,Yes,,,,,,79,University,79,University (79),D52,"{""coordinates"": [[-79.4026670005961, 43.6668310001011]], ""type"": ""MultiPoint""}",2018
14845,14846,,2018-08-21,2300,BLOOR ST W,MADISON AVE,,Major Arterial,Toronto and East York,At Intersection,No Control,Clear,"Dark, artificial",Dry,Non-Fatal Injury,Turning Movement,Driver,30 to 34,Major,,East,"Automobile, Station Wagon",Going Ahead,Driving Properly,Normal,,,,,,,,,Yes,,,,,Yes,,,,,,79,University,79,University (79),D52,"{""coordinates"": [[-79.4026670005961, 43.6668310001011]], ""type"": ""MultiPoint""}",2018
14846,14847,,2018-08-21,2300,BLOOR ST W,MADISON AVE,,Major Arterial,Toronto and East York,At Intersection,No Control,Clear,"Dark, artificial",Dry,Non-Fatal Injury,Turning Movement,Passenger,25 to 29,,,,,,,,,,,,,,,,Yes,,,,,Yes,,,,,,79,University,79,University (79),D52,"{""coordinates"": [[-79.4026670005961, 43.6668310001011]], ""type"": ""MultiPoint""}",2018
14847,14848,,2018-08-21,2311,109 DOWNSVIEW  AVE,,,Local,North York,Non Intersection,No Control,Rain,"Dark, artificial",Wet,Non-Fatal Injury,SMV Other,Driver,15 to 19,Major,,West,"Automobile, Station Wagon",Going Ahead,Lost control,Inattentive,,,,,,,,,Yes,,,,,,Yes,Yes,,,,154,Oakdale-Beverley Heights,26,Downsview-Roding-CFB (26),D31,"{""coordinates"": [[-79.5002630005834, 43.7200000003616]], ""type"": ""MultiPoint""}",2018
14848,14849,,2018-08-23,909,WARWICK AVE,CHILTERN HILL RD,25 m East of,Local,Toronto and East York,Non Intersection,No Control,Clear,Daylight,Dry,Non-Fatal Injury,Rear End,Driver,unknown,,,East,"Automobile, Station Wagon",Pulling Away from Shoulder or Curb,Failed to Yield Right of Way,Unknown,,,,,,,,,Yes,Yes,,,,,,Yes,,,,106,Humewood-Cedarvale,106,Humewood-Cedarvale (106),D13,"{""coordinates"": [[-79.4258610002002, 43.6951660000803]], ""type"": ""MultiPoint""}",2018
14849,14850,,2018-08-23,909,WARWICK AVE,CHILTERN HILL RD,25 m East of,Local,Toronto and East York,Non Intersection,No Control,Clear,Daylight,Dry,Non-Fatal Injury,Rear End,Motorcycle Driver,40 to 44,Major,,East,Motorcycle,Going Ahead,Driving Properly,Normal,,,,,,,,,Yes,Yes,,,,,,Yes,,,,106,Humewood-Cedarvale,106,Humewood-Cedarvale (106),D13,"{""coordinates"": [[-79.4258610002002, 43.6951660000803]], ""type"": ""MultiPoint""}",2018
14850,14851,,2018-08-23,1455,FIRGROVE CRES,JANE ST,13 m East of,Major Arterial,North York,At Intersection,Traffic Signal,Clear,Daylight,Dry,Non-Fatal Injury,Pedestrian Collisions,Driver,70 to 74,,,East,"Automobile, Station Wagon",Turning Left,Failed to Yield Right of Way,Unknown,,,,,,,Yes,,Yes,,,,,,,Yes,,,,25,Glenfield-Jane Heights,25,Glenfield-Jane Heights (25),D31,"{""coordinates"": [[-79.5170470003343, 43.7547750001328]], ""type"": ""MultiPoint""}",2018
14851,14852,,2018-08-23,1455,FIRGROVE CRES,JANE ST,13 m East of,Major Arterial,North York,At Intersection,Traffic Signal,Clear,Daylight,Dry,Non-Fatal Injury,Pedestrian Collisions,Pedestrian,30 to 34,Major,,East,,,,,Vehicle turns left while ped crosses with ROW at inter.,Crossing with right of way,Normal,,,,Yes,,Yes,,,,,,,Yes,,,,25,Glenfield-Jane Heights,25,Glenfield-Jane Heights (25),D31,"{""coordinates"": [[-79.5170470003343, 43.7547750001328]], ""type"": ""MultiPoint""}",2018
14852,14853,,2018-08-23,2235,ISLINGTON AVE,EVANS AVE,31 m West of,Major Arterial,Etobicoke York,At Intersection,Traffic Signal,Clear,"Dark, artificial",Dry,Non-Fatal Injury,Turning Movement,Driver,55 to 59,,,South,"Automobile, Station Wagon",Making U Turn,Improper Turn,Inattentive,,,,,,,,,Yes,,,,,Yes,,,,,,160,Mimico-Queensway,17,Mimico (includes Humber Bay Shores) (17),D22,"{""coordinates"": [[-79.5112869996405, 43.6183230003202]], ""type"": ""MultiPoint""}",2018
14853,14854,,2018-08-23,2235,ISLINGTON AVE,EVANS AVE,31 m West of,Major Arterial,Etobicoke York,At Intersection,Traffic Signal,Clear,"Dark, artificial",Dry,Non-Fatal Injury,Turning Movement,Driver,35 to 39,Minimal,,North,"Automobile, Station Wagon",Turning Left,Driving Properly,Normal,,,,,,,,,Yes,,,,,Yes,,,,,,160,Mimico-Queensway,17,Mimico (includes Humber Bay Shores) (17),D22,"{""coordinates"": [[-79.5112869996405, 43.6183230003202]], ""type"": ""MultiPoint""}",2018
14854,14855,,2018-08-23,2235,ISLINGTON AVE,EVANS AVE,31 m West of,Major Arterial,Etobicoke York,At Intersection,Traffic Signal,Clear,"Dark, artificial",Dry,Non-Fatal Injury,Turning Movement,Passenger,85 to 89,Major,,,,,,,,,,,,,,,Yes,,,,,Yes,,,,,,160,Mimico-Queensway,17,Mimico (includes Humber Bay Shores) (17),D22,"{""coordinates"": [[-79.5112869996405, 43.6183230003202]], ""type"": ""MultiPoint""}",2018
14855,14856,,2018-08-23,2235,ISLINGTON AVE,EVANS AVE,31 m West of,Major Arterial,Etobicoke York,At Intersection,Traffic Signal,Clear,"Dark, artificial",Dry,Non-Fatal Injury,Turning Movement,Passenger,50 to 54,,,,,,,,,,,,,,,,Yes,,,,,Yes,,,,,,160,Mimico-Queensway,17,Mimico (includes Humber Bay Shores) (17),D22,"{""coordinates"": [[-79.5112869996405, 43.6183230003202]], ""type"": ""MultiPoint""}",2018
14856,14857,,2018-08-23,2235,ISLINGTON AVE,EVANS AVE,31 m West of,Major Arterial,Etobicoke York,At Intersection,Traffic Signal,Clear,"Dark, artificial",Dry,Non-Fatal Injury,Turning Movement,Passenger,30 to 34,Minor,,,,,,,,,,,,,,,Yes,,,,,Yes,,,,,,160,Mimico-Queensway,17,Mimico (includes Humber Bay Shores) (17),D22,"{""coordinates"": [[-79.5112869996405, 43.6183230003202]], ""type"": ""MultiPoint""}",2018
14857,14858,,2018-08-24,1520,4331 KINGSTON RD,,5 m South of,Major Arterial,Scarborough,Non Intersection,No Control,Clear,Daylight,Dry,Non-Fatal Injury,Pedestrian Collisions,Driver,55 to 59,,,West,"Automobile, Station Wagon",Going Ahead,Driving Properly,Normal,,,,,,,Yes,,Yes,,,,,,,,,,,136,West Hill,136,West Hill (136),D43,"{""coordinates"": [[-79.1922639995356, 43.7646280001062]], ""type"": ""MultiPoint""}",2018
14858,14859,,2018-08-24,1520,4331 KINGSTON RD,,5 m South of,Major Arterial,Scarborough,Non Intersection,No Control,Clear,Daylight,Dry,Non-Fatal Injury,Pedestrian Collisions,Pedestrian,20 to 24,Major,,South,,,,,Pedestrian hit at mid-block,Running onto Roadway,Other,,,,Yes,,Yes,,,,,,,,,,,136,West Hill,136,West Hill (136),D43,"{""coordinates"": [[-79.1922639995356, 43.7646280001062]], ""type"": ""MultiPoint""}",2018
14859,14860,,2018-08-25,1100,DIXON RD,MARTIN GROVE RD,,Major Arterial,Etobicoke York,At Intersection,Traffic Signal,Clear,Daylight,Dry,Non-Fatal Injury,Turning Movement,Driver,35 to 39,Minimal,,East,"Automobile, Station Wagon",Turning Left,Failed to Yield Right of Way,Inattentive,,,,,,,,,Yes,,,,,,,Yes,,,,1,West Humber-Clairville,1,West Humber-Clairville (1),D23,"{""coordinates"": [[-79.5707959999432, 43.6915190004129]], ""type"": ""MultiPoint""}",2018
14860,14861,,2018-08-25,1100,DIXON RD,MARTIN GROVE RD,,Major Arterial,Etobicoke York,At Intersection,Traffic Signal,Clear,Daylight,Dry,Non-Fatal Injury,Turning Movement,Driver,40 to 44,Major,,West,"Automobile, Station Wagon",Going Ahead,Driving Properly,Normal,,,,,,,,,Yes,,,,,,,Yes,,,,1,West Humber-Clairville,1,West Humber-Clairville (1),D23,"{""coordinates"": [[-79.5707959999432, 43.6915190004129]], ""type"": ""MultiPoint""}",2018
14861,14862,,2018-08-25,1112,5825 YONGE ST,,,Major Arterial,North York,At/Near Private Drive,No Control,Clear,Daylight,Dry,Non-Fatal Injury,Other,Driver - Not Hit,unknown,,,,"Automobile, Station Wagon",,,,,,,,,,,,Yes,,,Yes,,Yes,,,,,,50,Newtonbrook East,50,Newtonbrook East (50),D32,"{""coordinates"": [[-79.4170259995253, 43.7858069999037]], ""type"": ""MultiPoint""}",2018
14862,14863,,2018-08-25,1112,5825 YONGE ST,,,Major Arterial,North York,At/Near Private Drive,No Control,Clear,Daylight,Dry,Non-Fatal Injury,Other,Driver,25 to 29,,,North,Municipal Transit Bus (TTC),Going Ahead,Driving Properly,Normal,,,,,,,,,Yes,,,Yes,,Yes,,,,,,50,Newtonbrook East,50,Newtonbrook East (50),D32,"{""coordinates"": [[-79.4170259995253, 43.7858069999037]], ""type"": ""MultiPoint""}",2018
14863,14864,,2018-08-25,1112,5825 YONGE ST,,,Major Arterial,North York,At/Near Private Drive,No Control,Clear,Daylight,Dry,Non-Fatal Injury,Other,Passenger,30 to 34,Minor,,,,,,,,,,,,,,,Yes,,,Yes,,Yes,,,,,,50,Newtonbrook East,50,Newtonbrook East (50),D32,"{""coordinates"": [[-79.4170259995253, 43.7858069999037]], ""type"": ""MultiPoint""}",2018
14864,14865,,2018-08-25,1112,5825 YONGE ST,,,Major Arterial,North York,At/Near Private Drive,No Control,Clear,Daylight,Dry,Non-Fatal Injury,Other,Passenger,0 to 4,Minor,,,,,,,,,,,,,,,Yes,,,Yes,,Yes,,,,,,50,Newtonbrook East,50,Newtonbrook East (50),D32,"{""coordinates"": [[-79.4170259995253, 43.7858069999037]], ""type"": ""MultiPoint""}",2018
14865,14866,,2018-08-25,1112,5825 YONGE ST,,,Major Arterial,North York,At/Near Private Drive,No Control,Clear,Daylight,Dry,Non-Fatal Injury,Other,Passenger,50 to 54,Major,,,,,,,,,,,,,,,Yes,,,Yes,,Yes,,,,,,50,Newtonbrook East,50,Newtonbrook East (50),D32,"{""coordinates"": [[-79.4170259995253, 43.7858069999037]], ""type"": ""MultiPoint""}",2018
14866,14867,,2018-08-25,1112,5825 YONGE ST,,,Major Arterial,North York,At/Near Private Drive,No Control,Clear,Daylight,Dry,Non-Fatal Injury,Other,Passenger,60 to 64,Minor,,,,,,,,,,,,,,,Yes,,,Yes,,Yes,,,,,,50,Newtonbrook East,50,Newtonbrook East (50),D32,"{""coordinates"": [[-79.4170259995253, 43.7858069999037]], ""type"": ""MultiPoint""}",2018
14867,14868,,2018-08-25,1112,5825 YONGE ST,,,Major Arterial,North York,At/Near Private Drive,No Control,Clear,Daylight,Dry,Non-Fatal Injury,Other,Passenger,65 to 69,Minor,,,,,,,,,,,,,,,Yes,,,Yes,,Yes,,,,,,50,Newtonbrook East,50,Newtonbrook East (50),D32,"{""coordinates"": [[-79.4170259995253, 43.7858069999037]], ""type"": ""MultiPoint""}",2018
14868,14869,,2018-08-25,1112,5825 YONGE ST,,,Major Arterial,North York,At/Near Private Drive,No Control,Clear,Daylight,Dry,Non-Fatal Injury,Other,Passenger,45 to 49,Minor,,,,,,,,,,,,,,,Yes,,,Yes,,Yes,,,,,,50,Newtonbrook East,50,Newtonbrook East (50),D32,"{""coordinates"": [[-79.4170259995253, 43.7858069999037]], ""type"": ""MultiPoint""}",2018
14869,14870,,2018-08-25,1112,5825 YONGE ST,,,Major Arterial,North York,At/Near Private Drive,No Control,Clear,Daylight,Dry,Non-Fatal Injury,Other,Passenger,35 to 39,,,,,,,,,,,,,,,,Yes,,,Yes,,Yes,,,,,,50,Newtonbrook East,50,Newtonbrook East (50),D32,"{""coordinates"": [[-79.4170259995253, 43.7858069999037]], ""type"": ""MultiPoint""}",2018
14870,14871,,2018-08-25,2300,CHURCH ST,CROSS ST,,Collector,Etobicoke York,At Intersection,No Control,Clear,"Dark, artificial",Dry,Non-Fatal Injury,Cyclist Collisions,Driver,45 to 49,,,East,Passenger Van,Turning Left,Improper Turn,Inattentive,,,,,,,,Yes,Yes,,,,,,,,,,,113,Weston,113,Weston (113),D12,"{""coordinates"": [[-79.5239520000809, 43.7037569996445]], ""type"": ""MultiPoint""}",2018
14871,14872,,2018-08-25,2300,CHURCH ST,CROSS ST,,Collector,Etobicoke York,At Intersection,No Control,Clear,"Dark, artificial",Dry,Non-Fatal Injury,Cyclist Collisions,Cyclist,40 to 44,Major,,West,Bicycle,Going Ahead,,,,,,Motorist turned left across cyclists path.,Driving Properly,Normal,,Yes,Yes,,,,,,,,,,,113,Weston,113,Weston (113),D12,"{""coordinates"": [[-79.5239520000809, 43.7037569996445]], ""type"": ""MultiPoint""}",2018
14872,14873,,2018-08-28,2341,KEELE ST,GLENLAKE AVE,81 m North o,Major Arterial,Scarborough,Non Intersection,No Control,Clear,"Dark, artificial",Dry,Non-Fatal Injury,Pedestrian Collisions,Driver,30 to 34,,,South,"Automobile, Station Wagon",Going Ahead,Driving Properly,Normal,,,,,,,Yes,,Yes,,,,,,,,,,,88,High Park North,88,High Park North (88),D11,"{""coordinates"": [[-79.4617950003997, 43.6589880003408]], ""type"": ""MultiPoint""}",2018