index,_id,ACCNUM,DATE,TIME,STREET1,STREET2,OFFSET,ROAD_CLASS,DISTRICT,ACCLOC,TRAFFCTL,VISIBILITY,LIGHT,RDSFCOND,ACCLASS,IMPACTYPE,INVTYPE,INVAGE,INJURY,FATAL_NO,INITDIR,VEHTYPE,MANOEUVER,DRIVACT,DRIVCOND,PEDTYPE,PEDACT,PEDCOND,CYCLISTYPE,CYCACT,CYCCOND,PEDESTRIAN,CYCLIST,AUTOMOBILE,MOTORCYCLE,TRUCK,TRSN_CITY_VEH,EMERG_VEH,PASSENGER,SPEEDING,AG_DRIV,REDLIGHT,ALCOHOL,DISABILITY,HOOD_158,NEIGHBOURHOOD_158,HOOD_140,NEIGHBOURHOOD_140,DIVISION,geometry,ACCIDENT_YEAR
14873,14874,,2018-08-28,2341,KEELE ST,GLENLAKE AVE,81 m North o,Major Arterial,Scarborough,Non Intersection,No Control,Clear,"Dark, artificial",Dry,Non-Fatal Injury,Pedestrian Collisions,Pedestrian,70 to 74,Major,,South,,,,,Pedestrian hit at mid-block,Walking on Roadway with Traffic,Medical or Physical Disability,,,,Yes,,Yes,,,,,,,,,,,88,High Park North,88,High Park North (88),D11,"{""coordinates"": [[-79.4617950003997, 43.6589880003408]], ""type"": ""MultiPoint""}",2018
14874,14875,,2018-08-29,115,PHARMACY AVE,DORINE CRES,37 m North o,Minor Arterial,Scarborough,Non Intersection,No Control,Clear,"Dark, artificial",Dry,Non-Fatal Injury,SMV Other,Driver,20 to 24,Major,,South,"Automobile, Station Wagon",Going Ahead,Lost control,Unknown,,,,,,,,,Yes,,,,,Yes,Yes,Yes,,,,120,Clairlea-Birchmount,120,Clairlea-Birchmount (120),D41,"{""coordinates"": [[-79.2922619999556, 43.7130650001287]], ""type"": ""MultiPoint""}",2018
14875,14876,,2018-08-29,115,PHARMACY AVE,DORINE CRES,37 m North o,Minor Arterial,Scarborough,Non Intersection,No Control,Clear,"Dark, artificial",Dry,Non-Fatal Injury,SMV Other,Passenger,20 to 24,Major,,,,,,,,,,,,,,,Yes,,,,,Yes,Yes,Yes,,,,120,Clairlea-Birchmount,120,Clairlea-Birchmount (120),D41,"{""coordinates"": [[-79.2922619999556, 43.7130650001287]], ""type"": ""MultiPoint""}",2018
14876,14877,,2018-08-29,1725,ISLINGTON AVE,AYLESBURY RD,,Major Arterial,Etobicoke York,At Intersection,No Control,Clear,Daylight,Dry,Non-Fatal Injury,Pedestrian Collisions,Motorcycle Driver,unknown,,,South,Motorcycle,Going Ahead,Driving Properly,Unknown,,,,,,,Yes,,,Yes,,,,,,,,,,9,Edenbridge-Humber Valley,9,Edenbridge-Humber Valley (9),D22,"{""coordinates"": [[-79.5329160001789, 43.6663229995905]], ""type"": ""MultiPoint""}",2018
14877,14878,,2018-08-29,1725,ISLINGTON AVE,AYLESBURY RD,,Major Arterial,Etobicoke York,At Intersection,No Control,Clear,Daylight,Dry,Non-Fatal Injury,Pedestrian Collisions,Pedestrian,80 to 84,Major,,Unknown,,,,,Vehicle is going straight thru inter.while ped cross without ROW,"Crossing, no Traffic Control",Normal,,,,Yes,,,Yes,,,,,,,,,,9,Edenbridge-Humber Valley,9,Edenbridge-Humber Valley (9),D22,"{""coordinates"": [[-79.5329160001789, 43.6663229995905]], ""type"": ""MultiPoint""}",2018
14878,14879,,2018-08-31,852,330 KINGSTON RD,,,Major Arterial,Scarborough,Non Intersection,No Control,Clear,Daylight,Dry,Non-Fatal Injury,Rear End,Driver,70 to 74,Major,,West,Delivery Van,Going Ahead,Other,Medical or Physical Disability,,,,,,,,,Yes,,,,,,,,,,Yes,63,The Beaches,63,The Beaches (63),D55,"{""coordinates"": [[-79.3069179997458, 43.6746970000597]], ""type"": ""MultiPoint""}",2018
14879,14880,,2018-08-31,852,330 KINGSTON RD,,,Major Arterial,Scarborough,Non Intersection,No Control,Clear,Daylight,Dry,Non-Fatal Injury,Rear End,Driver,45 to 49,,,West,"Automobile, Station Wagon",Going Ahead,Driving Properly,Normal,,,,,,,,,Yes,,,,,,,,,,Yes,63,The Beaches,63,The Beaches (63),D55,"{""coordinates"": [[-79.3069179997458, 43.6746970000597]], ""type"": ""MultiPoint""}",2018
14880,14881,,2018-08-31,911,EGLINTON AVE W,ROYAL YORK RD,,Major Arterial,Etobicoke York,At Intersection,Traffic Signal,Clear,Daylight,Dry,Non-Fatal Injury,Turning Movement,Driver,85 to 89,Minimal,,East,"Automobile, Station Wagon",Turning Left,Failed to Yield Right of Way,Inattentive,,,,,,,,,Yes,Yes,,,,,,Yes,,,,9,Edenbridge-Humber Valley,9,Edenbridge-Humber Valley (9),D22,"{""coordinates"": [[-79.5265609996283, 43.6822650000299]], ""type"": ""MultiPoint""}",2018
14881,14882,,2018-08-31,911,EGLINTON AVE W,ROYAL YORK RD,,Major Arterial,Etobicoke York,At Intersection,Traffic Signal,Clear,Daylight,Dry,Non-Fatal Injury,Turning Movement,Motorcycle Driver,20 to 24,Major,,West,Motorcycle,Going Ahead,Driving Properly,Normal,,,,,,,,,Yes,Yes,,,,,,Yes,,,,9,Edenbridge-Humber Valley,9,Edenbridge-Humber Valley (9),D22,"{""coordinates"": [[-79.5265609996283, 43.6822650000299]], ""type"": ""MultiPoint""}",2018
14882,14883,,2018-09-01,319,KEELE ST,DOVEHOUSE AVE,59 m North o,Major Arterial,Etobicoke York,Non Intersection,No Control,Clear,"Dark, artificial",Dry,Non-Fatal Injury,Approaching,Driver,20 to 24,Minimal,,South,Pick Up Truck,Going Ahead,Lost control,"Ability Impaired, Alcohol Over .08",,,,,,,,,Yes,,,,,Yes,,Yes,,Yes,,27,York University Heights,27,York University Heights (27),D31,"{""coordinates"": [[-79.4877119995802, 43.7501629996119]], ""type"": ""MultiPoint""}",2018
14883,14884,,2018-09-01,319,KEELE ST,DOVEHOUSE AVE,59 m North o,Major Arterial,Etobicoke York,Non Intersection,No Control,Clear,"Dark, artificial",Dry,Non-Fatal Injury,Approaching,Passenger,25 to 29,Major,,,,,,,,,,,,,,,Yes,,,,,Yes,,Yes,,Yes,,27,York University Heights,27,York University Heights (27),D31,"{""coordinates"": [[-79.4877119995802, 43.7501629996119]], ""type"": ""MultiPoint""}",2018
14884,14885,,2018-09-02,1346,DUPONT ST,LANSDOWNE AVE,,Major Arterial,Toronto and East York,At Intersection,Traffic Signal,Clear,Daylight,Dry,Non-Fatal Injury,Turning Movement,Driver,55 to 59,,,West,Pick Up Truck,Turning Left,Failed to Yield Right of Way,Normal,,,,,,,,,Yes,,,,,,Yes,Yes,,,,171,Junction-Wallace Emerson,93,Dovercourt-Wallace Emerson-Junction (93),D11,"{""coordinates"": [[-79.4464219995365, 43.6666509999564]], ""type"": ""MultiPoint""}",2018
14885,14886,,2018-09-02,1346,DUPONT ST,LANSDOWNE AVE,,Major Arterial,Toronto and East York,At Intersection,Traffic Signal,Clear,Daylight,Dry,Non-Fatal Injury,Turning Movement,Driver,30 to 34,Major,,North,"Automobile, Station Wagon",Going Ahead,Exceeding Speed Limit,Normal,,,,,,,,,Yes,,,,,,Yes,Yes,,,,171,Junction-Wallace Emerson,93,Dovercourt-Wallace Emerson-Junction (93),D11,"{""coordinates"": [[-79.4464219995365, 43.6666509999564]], ""type"": ""MultiPoint""}",2018
14886,14887,,2018-09-02,1712,MARKHAM RD,STEELES AVE E,8 m South of,Major Arterial,Scarborough,Intersection Related,No Control,Clear,"Daylight, artificial",Wet,Non-Fatal Injury,Rear End,Driver,40 to 44,,,South,"Automobile, Station Wagon",Going Ahead,Lost control,Inattentive,,,,,,,,,Yes,,,,,,,,,,,144,Morningside Heights,131,Rouge (131),D42,"{""coordinates"": [[-79.2511479997255, 43.8365280000479]], ""type"": ""MultiPoint""}",2018
14887,14888,,2018-09-02,1712,MARKHAM RD,STEELES AVE E,8 m South of,Major Arterial,Scarborough,Intersection Related,No Control,Clear,"Daylight, artificial",Wet,Non-Fatal Injury,Rear End,Driver,25 to 29,Major,,South,"Automobile, Station Wagon",Stopped,Driving Properly,Normal,,,,,,,,,Yes,,,,,,,,,,,144,Morningside Heights,131,Rouge (131),D42,"{""coordinates"": [[-79.2511479997255, 43.8365280000479]], ""type"": ""MultiPoint""}",2018
14888,14889,,2018-09-02,1712,MARKHAM RD,STEELES AVE E,8 m South of,Major Arterial,Scarborough,Intersection Related,No Control,Clear,"Daylight, artificial",Wet,Non-Fatal Injury,Rear End,Driver,25 to 29,,,South,"Automobile, Station Wagon",Stopped,Driving Properly,Normal,,,,,,,,,Yes,,,,,,,,,,,144,Morningside Heights,131,Rouge (131),D42,"{""coordinates"": [[-79.2511479997255, 43.8365280000479]], ""type"": ""MultiPoint""}",2018
14889,14890,,2018-09-02,1712,MARKHAM RD,STEELES AVE E,8 m South of,Major Arterial,Scarborough,Intersection Related,No Control,Clear,"Daylight, artificial",Wet,Non-Fatal Injury,Rear End,Driver,25 to 29,,,South,"Automobile, Station Wagon",Stopped,Driving Properly,Normal,,,,,,,,,Yes,,,,,,,,,,,144,Morningside Heights,131,Rouge (131),D42,"{""coordinates"": [[-79.2511479997255, 43.8365280000479]], ""type"": ""MultiPoint""}",2018
14890,14891,,2018-09-03,1522,AVENUE RD,CHAPLIN CRES,,Major Arterial,Scarborough,At Intersection,Traffic Signal,Clear,Daylight,Dry,Non-Fatal Injury,Angle,Driver,30 to 34,Minor,,South,"Automobile, Station Wagon",Going Ahead,Disobeyed Traffic Control,Normal,,,,,,,,,Yes,,,,,Yes,,Yes,Yes,,,100,Yonge-Eglinton,100,Yonge-Eglinton (100),D53,"{""coordinates"": [[-79.4061160003027, 43.6987059998583]], ""type"": ""MultiPoint""}",2018
14891,14892,,2018-09-03,1522,AVENUE RD,CHAPLIN CRES,,Major Arterial,Scarborough,At Intersection,Traffic Signal,Clear,Daylight,Dry,Non-Fatal Injury,Angle,Driver,30 to 34,Minor,,West,"Automobile, Station Wagon",Going Ahead,Driving Properly,Normal,,,,,,,,,Yes,,,,,Yes,,Yes,Yes,,,100,Yonge-Eglinton,100,Yonge-Eglinton (100),D53,"{""coordinates"": [[-79.4061160003027, 43.6987059998583]], ""type"": ""MultiPoint""}",2018
14892,14893,,2018-09-03,1522,AVENUE RD,CHAPLIN CRES,,Major Arterial,Scarborough,At Intersection,Traffic Signal,Clear,Daylight,Dry,Non-Fatal Injury,Angle,Passenger,60 to 64,Major,,,,,,,,,,,,,,,Yes,,,,,Yes,,Yes,Yes,,,100,Yonge-Eglinton,100,Yonge-Eglinton (100),D53,"{""coordinates"": [[-79.4061160003027, 43.6987059998583]], ""type"": ""MultiPoint""}",2018
14893,14894,,2018-09-03,1902,SHEPPARD AVE E,WATER TOWER GT,300 m East o,Major Arterial,Scarborough,Non Intersection,No Control,Clear,Daylight,Dry,Non-Fatal Injury,SMV Other,Motorcycle Driver,45 to 49,Major,,West,Motorcycle,Going Ahead,Driving Properly,Normal,,,,,,,,,,Yes,,,,,,,,,,144,Morningside Heights,131,Rouge (131),D42,"{""coordinates"": [[-79.1913179994968, 43.8038160003444]], ""type"": ""MultiPoint""}",2018
14894,14895,,2018-09-05,1405,TWENTY SIXTH ST,LABURNHAM AVE,17 meters so,Local,Etobicoke York,Non Intersection,No Control,Clear,Daylight,Dry,Fatal,Pedestrian Collisions,,unknown,,,,"Truck - Closed (Blazer, etc)",,,,,,,,,,Yes,,,,Yes,,,,,,,,,19,Long Branch,19,Long Branch (19),D22,"{""coordinates"": [[-79.5256530003576, 43.5993529997103]], ""type"": ""MultiPoint""}",2018
14895,14896,,2018-09-05,1405,TWENTY SIXTH ST,LABURNHAM AVE,17 meters so,Local,Etobicoke York,Non Intersection,No Control,Clear,Daylight,Dry,Fatal,Pedestrian Collisions,Pedestrian,50 to 54,Fatal,44.0,Unknown,,,,,Pedestrian hit at mid-block,Pushing/Working on Vehicle,Unknown,,,,Yes,,,,Yes,,,,,,,,,19,Long Branch,19,Long Branch (19),D22,"{""coordinates"": [[-79.5256530003576, 43.5993529997103]], ""type"": ""MultiPoint""}",2018
14896,14897,,2018-09-05,1500,OLD WESTON RD,JUNCTION RD,,Collector,Etobicoke York,Intersection Related,No Control,Clear,Daylight,Dry,Non-Fatal Injury,Pedestrian Collisions,Driver,40 to 44,,,South,Pick Up Truck,Turning Right,Failed to Yield Right of Way,Normal,,,,,,,Yes,,Yes,,,,,,,Yes,,,,90,Junction Area,90,Junction Area (90),D11,"{""coordinates"": [[-79.4616810002518, 43.6687299999519]], ""type"": ""MultiPoint""}",2018
14897,14898,,2018-09-05,1500,OLD WESTON RD,JUNCTION RD,,Collector,Etobicoke York,Intersection Related,No Control,Clear,Daylight,Dry,Non-Fatal Injury,Pedestrian Collisions,Pedestrian,80 to 84,Major,,South,,,,,Vehicle turns right while ped crosses with ROW at inter.,Other,Normal,,,,Yes,,Yes,,,,,,,Yes,,,,90,Junction Area,90,Junction Area (90),D11,"{""coordinates"": [[-79.4616810002518, 43.6687299999519]], ""type"": ""MultiPoint""}",2018
14898,14899,,2018-09-05,2218,2592 FINCH AVE W,,100 m East o,Major Arterial,Etobicoke York,Non Intersection,No Control,Clear,"Dark, artificial",Dry,Non-Fatal Injury,Angle,Driver,40 to 44,Major,,South,Passenger Van,Going Ahead,Failed to Yield Right of Way,Normal,,,,,,,,,Yes,,,,,Yes,,Yes,,,,22,Humbermede,22,Humbermede (22),D31,"{""coordinates"": [[-79.5615799998667, 43.747854999875]], ""type"": ""MultiPoint""}",2018
14899,14900,,2018-09-05,2218,2592 FINCH AVE W,,100 m East o,Major Arterial,Etobicoke York,Non Intersection,No Control,Clear,"Dark, artificial",Dry,Non-Fatal Injury,Angle,Driver,25 to 29,,,West,Pick Up Truck,Going Ahead,Driving Properly,Normal,,,,,,,,,Yes,,,,,Yes,,Yes,,,,22,Humbermede,22,Humbermede (22),D31,"{""coordinates"": [[-79.5615799998667, 43.747854999875]], ""type"": ""MultiPoint""}",2018
14900,14901,,2018-09-05,2218,2592 FINCH AVE W,,100 m East o,Major Arterial,Etobicoke York,Non Intersection,No Control,Clear,"Dark, artificial",Dry,Non-Fatal Injury,Angle,Passenger,20 to 24,Minimal,,,,,,,,,,,,,,,Yes,,,,,Yes,,Yes,,,,22,Humbermede,22,Humbermede (22),D31,"{""coordinates"": [[-79.5615799998667, 43.747854999875]], ""type"": ""MultiPoint""}",2018
14901,14902,,2018-09-06,1027,POST RD,BAYVIEW AVE,60 m East of,Collector,North York,At/Near Private Drive,No Control,Clear,Daylight,Dry,Non-Fatal Injury,Rear End,Driver,65 to 69,,,West,"Automobile, Station Wagon",Going Ahead,Improper Turn,Normal,,,,,,,,,Yes,Yes,,,,,,,,,,41,Bridle Path-Sunnybrook-York Mills,41,Bridle Path-Sunnybrook-York Mills (41),D33,"{""coordinates"": [[-79.3810609993903, 43.7364220003799]], ""type"": ""MultiPoint""}",2018
14902,14903,,2018-09-06,1027,POST RD,BAYVIEW AVE,60 m East of,Collector,North York,At/Near Private Drive,No Control,Clear,Daylight,Dry,Non-Fatal Injury,Rear End,Motorcycle Driver,40 to 44,Major,,West,Motorcycle,Going Ahead,Driving Properly,Normal,,,,,,,,,Yes,Yes,,,,,,,,,,41,Bridle Path-Sunnybrook-York Mills,41,Bridle Path-Sunnybrook-York Mills (41),D33,"{""coordinates"": [[-79.3810609993903, 43.7364220003799]], ""type"": ""MultiPoint""}",2018
14903,14904,,2018-09-06,1225,DUPONT ST,DUFFERIN ST,100 m West o,Major Arterial,Toronto and East York,Non Intersection,No Control,Clear,Daylight,Dry,Non-Fatal Injury,Turning Movement,Driver,20 to 24,,,East,"Automobile, Station Wagon",Turning Left,Failed to Yield Right of Way,Normal,,,,,,,,,Yes,Yes,,,,,,Yes,,,,171,Junction-Wallace Emerson,93,Dovercourt-Wallace Emerson-Junction (93),D11,"{""coordinates"": [[-79.4402570003813, 43.668357000388]], ""type"": ""MultiPoint""}",2018
14904,14905,,2018-09-06,1225,DUPONT ST,DUFFERIN ST,100 m West o,Major Arterial,Toronto and East York,Non Intersection,No Control,Clear,Daylight,Dry,Non-Fatal Injury,Turning Movement,Motorcycle Driver,30 to 34,Major,,West,Motorcycle,Going Ahead,Driving Properly,Normal,,,,,,,,,Yes,Yes,,,,,,Yes,,,,171,Junction-Wallace Emerson,93,Dovercourt-Wallace Emerson-Junction (93),D11,"{""coordinates"": [[-79.4402570003813, 43.668357000388]], ""type"": ""MultiPoint""}",2018
14905,14906,,2018-09-06,1310,ANTHONY RD,NAJIB ABBOUD LANE,,Local,North York,Non Intersection,No Control,Clear,Daylight,Dry,Non-Fatal Injury,Cyclist Collisions,Cyclist,30 to 34,Major,,South,Bicycle,Going Ahead,,,,,,"Cyclist without ROW rides into path of motorist at inter, lnwy, dwy-Cyclist not turn.",Failed to Yield Right of Way,Inattentive,,Yes,Yes,,,,,Yes,,,,,,155,Downsview,26,Downsview-Roding-CFB (26),D32,"{""coordinates"": [[-79.4593160003543, 43.7306960003832]], ""type"": ""MultiPoint""}",2018
14906,14907,,2018-09-06,1310,ANTHONY RD,NAJIB ABBOUD LANE,,Local,North York,Non Intersection,No Control,Clear,Daylight,Dry,Non-Fatal Injury,Cyclist Collisions,Driver,30 to 34,,,East,"Automobile, Station Wagon",Going Ahead,Driving Properly,Normal,,,,,,,,Yes,Yes,,,,,Yes,,,,,,155,Downsview,26,Downsview-Roding-CFB (26),D32,"{""coordinates"": [[-79.4593160003543, 43.7306960003832]], ""type"": ""MultiPoint""}",2018
14907,14908,,2018-09-06,1310,ANTHONY RD,NAJIB ABBOUD LANE,,Local,North York,Non Intersection,No Control,Clear,Daylight,Dry,Non-Fatal Injury,Cyclist Collisions,Passenger,45 to 49,,,,,,,,,,,,,,,Yes,Yes,,,,,Yes,,,,,,155,Downsview,26,Downsview-Roding-CFB (26),D32,"{""coordinates"": [[-79.4593160003543, 43.7306960003832]], ""type"": ""MultiPoint""}",2018
14908,14909,,2018-09-07,729,DON MILLS RD,SHEPPARD AVE E,,Major Arterial,North York,At Intersection,Traffic Signal,Clear,Daylight,Dry,Non-Fatal Injury,Pedestrian Collisions,Driver,55 to 59,Minimal,,East,"Automobile, Station Wagon",Going Ahead,Lost control,Unknown,,,,,,,Yes,,Yes,,,,,,,,,,,53,Henry Farm,53,Henry Farm (53),D33,"{""coordinates"": [[-79.3470029996369, 43.7750350002861]], ""type"": ""MultiPoint""}",2018
14909,14910,,2018-09-07,729,DON MILLS RD,SHEPPARD AVE E,,Major Arterial,North York,At Intersection,Traffic Signal,Clear,Daylight,Dry,Non-Fatal Injury,Pedestrian Collisions,Driver,40 to 44,,,South,"Automobile, Station Wagon",Going Ahead,Driving Properly,Normal,,,,,,,Yes,,Yes,,,,,,,,,,,53,Henry Farm,53,Henry Farm (53),D33,"{""coordinates"": [[-79.3470029996369, 43.7750350002861]], ""type"": ""MultiPoint""}",2018
14910,14911,,2018-09-07,729,DON MILLS RD,SHEPPARD AVE E,,Major Arterial,North York,At Intersection,Traffic Signal,Clear,Daylight,Dry,Non-Fatal Injury,Pedestrian Collisions,Pedestrian,35 to 39,Major,,Unknown,,,,,Pedestrian hit on sidewalk or shoulder,On Sidewalk or Shoulder,Normal,,,,Yes,,Yes,,,,,,,,,,,53,Henry Farm,53,Henry Farm (53),D33,"{""coordinates"": [[-79.3470029996369, 43.7750350002861]], ""type"": ""MultiPoint""}",2018
14911,14912,,2018-09-08,2317,QUEEN ST E,GRANT ST,30 m East of,Minor Arterial,Toronto and East York,At Intersection,No Control,Clear,"Dark, artificial",Dry,Non-Fatal Injury,Pedestrian Collisions,Driver,30 to 34,,,West,Street Car,Going Ahead,Driving Properly,Normal,,,,,,,Yes,,,,,Yes,,,,,,,,70,South Riverdale,70,South Riverdale (70),D55,"{""coordinates"": [[-79.3484600000588, 43.6591170000881]], ""type"": ""MultiPoint""}",2018
14912,14913,,2018-09-08,2317,QUEEN ST E,GRANT ST,30 m East of,Minor Arterial,Toronto and East York,At Intersection,No Control,Clear,"Dark, artificial",Dry,Non-Fatal Injury,Pedestrian Collisions,Pedestrian,40 to 44,Major,,North,,,,,Pedestrian involved in a collision with transit vehicle anywhere along roadway,"Crossing, no Traffic Control",Inattentive,,,,Yes,,,,,Yes,,,,,,,,70,South Riverdale,70,South Riverdale (70),D55,"{""coordinates"": [[-79.3484600000588, 43.6591170000881]], ""type"": ""MultiPoint""}",2018
14913,14914,,2018-09-09,105,1035 SHEPPARD AVE W,,20 m West of,Major Arterial,North York,Intersection Related,No Control,Clear,"Dark, artificial",Dry,Non-Fatal Injury,Pedestrian Collisions,Driver,unknown,,,East,"Automobile, Station Wagon",Going Ahead,Other,Unknown,,,,,,,Yes,,Yes,,,,,,,,,,,155,Downsview,26,Downsview-Roding-CFB (26),D32,"{""coordinates"": [[-79.4627259995661, 43.7502620001142]], ""type"": ""MultiPoint""}",2018
14914,14915,,2018-09-09,105,1035 SHEPPARD AVE W,,20 m West of,Major Arterial,North York,Intersection Related,No Control,Clear,"Dark, artificial",Dry,Non-Fatal Injury,Pedestrian Collisions,Pedestrian,80 to 84,Major,,South,,,,,Pedestrian hit at mid-block,"Crossing, no Traffic Control",Other,,,,Yes,,Yes,,,,,,,,,,,155,Downsview,26,Downsview-Roding-CFB (26),D32,"{""coordinates"": [[-79.4627259995661, 43.7502620001142]], ""type"": ""MultiPoint""}",2018
14915,14916,,2018-09-09,1823,MARKHAM RD,MCNICOLL AVE,75 m North o,Major Arterial,Scarborough,Non Intersection,No Control,Clear,Daylight,Dry,Non-Fatal Injury,Pedestrian Collisions,Driver,40 to 44,,,North,Pick Up Truck,Going Ahead,Driving Properly,Normal,,,,,,,Yes,,Yes,,,,,,,,,,,130,Milliken,130,Milliken (130),D42,"{""coordinates"": [[-79.2483089994642, 43.8250410002684]], ""type"": ""MultiPoint""}",2018
14916,14917,,2018-09-09,1823,MARKHAM RD,MCNICOLL AVE,75 m North o,Major Arterial,Scarborough,Non Intersection,No Control,Clear,Daylight,Dry,Non-Fatal Injury,Pedestrian Collisions,Driver,30 to 34,,,North,"Automobile, Station Wagon",Going Ahead,Driving Properly,Normal,,,,,,,Yes,,Yes,,,,,,,,,,,130,Milliken,130,Milliken (130),D42,"{""coordinates"": [[-79.2483089994642, 43.8250410002684]], ""type"": ""MultiPoint""}",2018
14917,14918,,2018-09-09,1823,MARKHAM RD,MCNICOLL AVE,75 m North o,Major Arterial,Scarborough,Non Intersection,No Control,Clear,Daylight,Dry,Non-Fatal Injury,Pedestrian Collisions,Pedestrian,70 to 74,Major,,East,,,,,Pedestrian hit at mid-block,"Crossing, no Traffic Control",Normal,,,,Yes,,Yes,,,,,,,,,,,130,Milliken,130,Milliken (130),D42,"{""coordinates"": [[-79.2483089994642, 43.8250410002684]], ""type"": ""MultiPoint""}",2018
14918,14919,,2018-09-10,1455,THE QUEENSWAY,LOMA RD,,Major Arterial,Etobicoke York,At Intersection,Stop Sign,Rain,Daylight,Wet,Non-Fatal Injury,Pedestrian Collisions,Driver,40 to 44,,,South,"Automobile, Station Wagon",Turning Left,Failed to Yield Right of Way,Inattentive,,,,,,,Yes,,Yes,,,,,,,Yes,,,,16,Stonegate-Queensway,16,Stonegate-Queensway (16),D22,"{""coordinates"": [[-79.508815000577, 43.6249029995773]], ""type"": ""MultiPoint""}",2018
14919,14920,,2018-09-10,1455,THE QUEENSWAY,LOMA RD,,Major Arterial,Etobicoke York,At Intersection,Stop Sign,Rain,Daylight,Wet,Non-Fatal Injury,Pedestrian Collisions,Pedestrian,80 to 84,Major,,North,,,,,Vehicle turns left while ped crosses without ROW at inter.,Crossing without right of way,Inattentive,,,,Yes,,Yes,,,,,,,Yes,,,,16,Stonegate-Queensway,16,Stonegate-Queensway (16),D22,"{""coordinates"": [[-79.508815000577, 43.6249029995773]], ""type"": ""MultiPoint""}",2018
14920,14921,,2018-09-10,1957,MIDDLEFIELD RD,MCNICOLL AVE,1 m North of,Minor Arterial,Scarborough,At Intersection,Traffic Signal,Rain,"Dusk, artificial",Wet,Non-Fatal Injury,Cyclist Collisions,Cyclist,55 to 59,Major,,West,Bicycle,Going Ahead,,,,,,"Cyclist without ROW rides into path of motorist at inter, lnwy, dwy-Cyclist not turn.",Disobeyed Traffic Control,Unknown,,Yes,Yes,,,,,,,,,,,130,Milliken,130,Milliken (130),D42,"{""coordinates"": [[-79.2620580004464, 43.8200480003522]], ""type"": ""MultiPoint""}",2018
14921,14922,,2018-09-10,1957,MIDDLEFIELD RD,MCNICOLL AVE,1 m North of,Minor Arterial,Scarborough,At Intersection,Traffic Signal,Rain,"Dusk, artificial",Wet,Non-Fatal Injury,Cyclist Collisions,Driver,25 to 29,,,South,"Automobile, Station Wagon",Going Ahead,Driving Properly,Normal,,,,,,,,Yes,Yes,,,,,,,,,,,130,Milliken,130,Milliken (130),D42,"{""coordinates"": [[-79.2620580004464, 43.8200480003522]], ""type"": ""MultiPoint""}",2018
14922,14923,,2018-09-11,1339,RONCESVALLES AVE,MARION ST,7 m North of,Minor Arterial,Toronto and East York,Intersection Related,No Control,Clear,Daylight,Dry,Non-Fatal Injury,Other,Driver,45 to 49,Minor,,North,Street Car,Going Ahead,Driving Properly,Normal,,,,,,,,,,,,Yes,,Yes,,,,,,86,Roncesvalles,86,Roncesvalles (86),D11,"{""coordinates"": [[-79.4469859997775, 43.6410699997721]], ""type"": ""MultiPoint""}",2018
14923,14924,,2018-09-11,1339,RONCESVALLES AVE,MARION ST,7 m North of,Minor Arterial,Toronto and East York,Intersection Related,No Control,Clear,Daylight,Dry,Non-Fatal Injury,Other,Passenger,75 to 79,Major,,,,,,,,,,,,,,,,,,Yes,,Yes,,,,,,86,Roncesvalles,86,Roncesvalles (86),D11,"{""coordinates"": [[-79.4469859997775, 43.6410699997721]], ""type"": ""MultiPoint""}",2018
14924,14925,,2018-09-11,1708,LAKE SHORE BLVD W,SIXTH ST,,Major Arterial,Etobicoke York,Non Intersection,No Control,Clear,Daylight,Dry,Fatal,Pedestrian Collisions,Pedestrian,70 to 74,Fatal,45.0,North,Other,,,,Vehicle is going straight thru inter.while ped cross without ROW,"Crossing, no Traffic Control",Inattentive,,,,Yes,,Yes,,,,,,,,,,,18,New Toronto,18,New Toronto (18),D22,"{""coordinates"": [[-79.5040769998572, 43.6009090001501]], ""type"": ""MultiPoint""}",2018
14925,14926,,2018-09-11,1708,LAKE SHORE BLVD W,SIXTH ST,,Major Arterial,Etobicoke York,Non Intersection,No Control,Clear,Daylight,Dry,Fatal,Pedestrian Collisions,Driver,25 to 29,,,West,"Automobile, Station Wagon",Going Ahead,Driving Properly,Normal,,,,,,,Yes,,Yes,,,,,,,,,,,18,New Toronto,18,New Toronto (18),D22,"{""coordinates"": [[-79.5040769998572, 43.6009090001501]], ""type"": ""MultiPoint""}",2018
14926,14927,,2018-09-11,2200,DUNDAS ST W,BEVERLEY ST,,Major Arterial,Toronto and East York,At Intersection,Traffic Signal,Clear,"Dark, artificial",Dry,Non-Fatal Injury,Angle,Driver,50 to 54,Major,,South,"Automobile, Station Wagon",Going Ahead,Failed to Yield Right of Way,Inattentive,,,,,,,,,Yes,,,,,Yes,,Yes,,,,78,Kensington-Chinatown,78,Kensington-Chinatown (78),D52,"{""coordinates"": [[-79.3938170005975, 43.6537500001512]], ""type"": ""MultiPoint""}",2018
14927,14928,,2018-09-11,2200,DUNDAS ST W,BEVERLEY ST,,Major Arterial,Toronto and East York,At Intersection,Traffic Signal,Clear,"Dark, artificial",Dry,Non-Fatal Injury,Angle,Driver,35 to 39,,,West,"Automobile, Station Wagon",Going Ahead,Driving Properly,Normal,,,,,,,,,Yes,,,,,Yes,,Yes,,,,78,Kensington-Chinatown,78,Kensington-Chinatown (78),D52,"{""coordinates"": [[-79.3938170005975, 43.6537500001512]], ""type"": ""MultiPoint""}",2018