index,_id,ACCNUM,DATE,TIME,STREET1,STREET2,OFFSET,ROAD_CLASS,DISTRICT,ACCLOC,TRAFFCTL,VISIBILITY,LIGHT,RDSFCOND,ACCLASS,IMPACTYPE,INVTYPE,INVAGE,INJURY,FATAL_NO,INITDIR,VEHTYPE,MANOEUVER,DRIVACT,DRIVCOND,PEDTYPE,PEDACT,PEDCOND,CYCLISTYPE,CYCACT,CYCCOND,PEDESTRIAN,CYCLIST,AUTOMOBILE,MOTORCYCLE,TRUCK,TRSN_CITY_VEH,EMERG_VEH,PASSENGER,SPEEDING,AG_DRIV,REDLIGHT,ALCOHOL,DISABILITY,HOOD_158,NEIGHBOURHOOD_158,HOOD_140,NEIGHBOURHOOD_140,DIVISION,geometry,ACCIDENT_YEAR
15198,15199,,2018-11-29,1705,KENNEDY RD,PASSMORE AVE,169 m South ,Major Arterial,Scarborough,At/Near Private Drive,No Control,Clear,Dusk,Dry,Non-Fatal Injury,Cyclist Collisions,Cyclist,70 to 74,Major,,East,Bicycle,Going Ahead,,,,,,"Cyclist without ROW rides into path of motorist at inter, lnwy, dwy-Cyclist not turn.",Other,Inattentive,,Yes,Yes,,,,,Yes,,Yes,,,,130,Milliken,130,Milliken (130),D42,"{""coordinates"": [[-79.3040420000126, 43.8168590001096]], ""type"": ""MultiPoint""}",2018
15199,15200,,2018-11-29,1705,KENNEDY RD,PASSMORE AVE,169 m South ,Major Arterial,Scarborough,At/Near Private Drive,No Control,Clear,Dusk,Dry,Non-Fatal Injury,Cyclist Collisions,Driver,35 to 39,,,North,"Automobile, Station Wagon",Going Ahead,Driving Properly,Normal,,,,,,,,Yes,Yes,,,,,Yes,,Yes,,,,130,Milliken,130,Milliken (130),D42,"{""coordinates"": [[-79.3040420000126, 43.8168590001096]], ""type"": ""MultiPoint""}",2018
15200,15201,,2018-11-29,1705,KENNEDY RD,PASSMORE AVE,169 m South ,Major Arterial,Scarborough,At/Near Private Drive,No Control,Clear,Dusk,Dry,Non-Fatal Injury,Cyclist Collisions,Passenger,0 to 4,,,,,,,,,,,,,,,Yes,Yes,,,,,Yes,,Yes,,,,130,Milliken,130,Milliken (130),D42,"{""coordinates"": [[-79.3040420000126, 43.8168590001096]], ""type"": ""MultiPoint""}",2018
15201,15202,,2018-11-29,2232,HIGH PARK BLVD,RONCESVALLES AVE,,Minor Arterial,Toronto and East York,At Intersection,Traffic Signal,Clear,Dark,Dry,Non-Fatal Injury,Pedestrian Collisions,Driver,25 to 29,,,North,"Automobile, Station Wagon",Turning Left,Improper Turn,Inattentive,,,,,,,Yes,,Yes,,,,,,,,,,,86,Roncesvalles,86,Roncesvalles (86),D11,"{""coordinates"": [[-79.4490160003911, 43.6462659998825]], ""type"": ""MultiPoint""}",2018
15202,15203,,2018-11-29,2232,HIGH PARK BLVD,RONCESVALLES AVE,,Minor Arterial,Toronto and East York,At Intersection,Traffic Signal,Clear,Dark,Dry,Non-Fatal Injury,Pedestrian Collisions,Pedestrian,80 to 84,Major,,Unknown,,,,,Vehicle turns left while ped crosses with ROW at inter.,Crossing with right of way,Normal,,,,Yes,,Yes,,,,,,,,,,,86,Roncesvalles,86,Roncesvalles (86),D11,"{""coordinates"": [[-79.4490160003911, 43.6462659998825]], ""type"": ""MultiPoint""}",2018
15203,15204,,2018-11-30,1440,KEELE ST,ROTHERHAM AVE,,Major Arterial,Etobicoke York,At Intersection,Stop Sign,Clear,Daylight,Dry,Non-Fatal Injury,Angle,Driver,55 to 59,,,East,"Automobile, Station Wagon",Going Ahead,Failed to Yield Right of Way,Inattentive,,,,,,,,,Yes,,,,,,,Yes,,,,110,Keelesdale-Eglinton West,110,Keelesdale-Eglinton West (110),D12,"{""coordinates"": [[-79.4731709997516, 43.6857589998687]], ""type"": ""MultiPoint""}",2018
15204,15205,,2018-11-30,1440,KEELE ST,ROTHERHAM AVE,,Major Arterial,Etobicoke York,At Intersection,Stop Sign,Clear,Daylight,Dry,Non-Fatal Injury,Angle,Driver,30 to 34,Major,,South,"Automobile, Station Wagon",Going Ahead,Driving Properly,Normal,,,,,,,,,Yes,,,,,,,Yes,,,,110,Keelesdale-Eglinton West,110,Keelesdale-Eglinton West (110),D12,"{""coordinates"": [[-79.4731709997516, 43.6857589998687]], ""type"": ""MultiPoint""}",2018
15205,15206,,2018-11-30,1720,EGLINTON AVE W,JANE ST,,Major Arterial,Etobicoke York,At Intersection,Traffic Signal,Clear,Dusk,Dry,Non-Fatal Injury,Turning Movement,Driver,35 to 39,,,West,"Automobile, Station Wagon",Turning Left,Failed to Yield Right of Way,Inattentive,,,,,,,,,Yes,,,,,Yes,,Yes,,,,115,Mount Dennis,115,Mount Dennis (115),D12,"{""coordinates"": [[-79.4987819999085, 43.6844049995718]], ""type"": ""MultiPoint""}",2018
15206,15207,,2018-11-30,1720,EGLINTON AVE W,JANE ST,,Major Arterial,Etobicoke York,At Intersection,Traffic Signal,Clear,Dusk,Dry,Non-Fatal Injury,Turning Movement,Driver,80 to 84,Minor,,East,"Automobile, Station Wagon",Going Ahead,Driving Properly,Normal,,,,,,,,,Yes,,,,,Yes,,Yes,,,,115,Mount Dennis,115,Mount Dennis (115),D12,"{""coordinates"": [[-79.4987819999085, 43.6844049995718]], ""type"": ""MultiPoint""}",2018
15207,15208,,2018-11-30,1720,EGLINTON AVE W,JANE ST,,Major Arterial,Etobicoke York,At Intersection,Traffic Signal,Clear,Dusk,Dry,Non-Fatal Injury,Turning Movement,Passenger,40 to 44,,,,,,,,,,,,,,,,Yes,,,,,Yes,,Yes,,,,115,Mount Dennis,115,Mount Dennis (115),D12,"{""coordinates"": [[-79.4987819999085, 43.6844049995718]], ""type"": ""MultiPoint""}",2018
15208,15209,,2018-11-30,1720,EGLINTON AVE W,JANE ST,,Major Arterial,Etobicoke York,At Intersection,Traffic Signal,Clear,Dusk,Dry,Non-Fatal Injury,Turning Movement,Passenger,0 to 4,,,,,,,,,,,,,,,,Yes,,,,,Yes,,Yes,,,,115,Mount Dennis,115,Mount Dennis (115),D12,"{""coordinates"": [[-79.4987819999085, 43.6844049995718]], ""type"": ""MultiPoint""}",2018
15209,15210,,2018-11-30,1720,EGLINTON AVE W,JANE ST,,Major Arterial,Etobicoke York,At Intersection,Traffic Signal,Clear,Dusk,Dry,Non-Fatal Injury,Turning Movement,Passenger,75 to 79,Major,,,,,,,,,,,,,,,Yes,,,,,Yes,,Yes,,,,115,Mount Dennis,115,Mount Dennis (115),D12,"{""coordinates"": [[-79.4987819999085, 43.6844049995718]], ""type"": ""MultiPoint""}",2018
15210,15211,,2018-11-30,1750,KIPLING AVE,BELFIELD RD,,Major Arterial,Etobicoke York,At Intersection,Traffic Signal,Clear,Dark,Dry,Non-Fatal Injury,Pedestrian Collisions,Driver,45 to 49,,,North,"Automobile, Station Wagon",Turning Left,Failed to Yield Right of Way,Inattentive,,,,,,,Yes,,Yes,,,,,,,Yes,,,,1,West Humber-Clairville,1,West Humber-Clairville (1),D23,"{""coordinates"": [[-79.5634419993954, 43.7047600001097]], ""type"": ""MultiPoint""}",2018
15211,15212,,2018-11-30,1750,KIPLING AVE,BELFIELD RD,,Major Arterial,Etobicoke York,At Intersection,Traffic Signal,Clear,Dark,Dry,Non-Fatal Injury,Pedestrian Collisions,Pedestrian,65 to 69,Major,,North,,,,,Vehicle turns left while ped crosses with ROW at inter.,Crossing with right of way,Normal,,,,Yes,,Yes,,,,,,,Yes,,,,1,West Humber-Clairville,1,West Humber-Clairville (1),D23,"{""coordinates"": [[-79.5634419993954, 43.7047600001097]], ""type"": ""MultiPoint""}",2018
15212,15213,,2018-12-01,1555,BIRCHMOUNT RD,FOXRIDGE DR,,Minor Arterial,Scarborough,At Intersection,Traffic Signal,Clear,Daylight,Dry,Non-Fatal Injury,Turning Movement,Driver,15 to 19,Major,,North,"Automobile, Station Wagon",Going Ahead,Exceeding Speed Limit,Unknown,,,,,,,,,Yes,,,,,Yes,Yes,Yes,,,,124,Kennedy Park,124,Kennedy Park (124),D41,"{""coordinates"": [[-79.2744710002229, 43.7217549999199]], ""type"": ""MultiPoint""}",2018
15213,15214,,2018-12-01,1555,BIRCHMOUNT RD,FOXRIDGE DR,,Minor Arterial,Scarborough,At Intersection,Traffic Signal,Clear,Daylight,Dry,Non-Fatal Injury,Turning Movement,Driver,70 to 74,Minimal,,South,"Automobile, Station Wagon",Turning Left,Improper Turn,Normal,,,,,,,,,Yes,,,,,Yes,Yes,Yes,,,,124,Kennedy Park,124,Kennedy Park (124),D41,"{""coordinates"": [[-79.2744710002229, 43.7217549999199]], ""type"": ""MultiPoint""}",2018
15214,15215,,2018-12-01,1555,BIRCHMOUNT RD,FOXRIDGE DR,,Minor Arterial,Scarborough,At Intersection,Traffic Signal,Clear,Daylight,Dry,Non-Fatal Injury,Turning Movement,Passenger,15 to 19,Major,,,,,,,,,,,,,,,Yes,,,,,Yes,Yes,Yes,,,,124,Kennedy Park,124,Kennedy Park (124),D41,"{""coordinates"": [[-79.2744710002229, 43.7217549999199]], ""type"": ""MultiPoint""}",2018
15215,15216,,2018-12-01,1555,BIRCHMOUNT RD,FOXRIDGE DR,,Minor Arterial,Scarborough,At Intersection,Traffic Signal,Clear,Daylight,Dry,Non-Fatal Injury,Turning Movement,Passenger,15 to 19,Minor,,,,,,,,,,,,,,,Yes,,,,,Yes,Yes,Yes,,,,124,Kennedy Park,124,Kennedy Park (124),D41,"{""coordinates"": [[-79.2744710002229, 43.7217549999199]], ""type"": ""MultiPoint""}",2018
15216,15217,,2018-12-01,1555,BIRCHMOUNT RD,FOXRIDGE DR,,Minor Arterial,Scarborough,At Intersection,Traffic Signal,Clear,Daylight,Dry,Non-Fatal Injury,Turning Movement,Passenger,55 to 59,Major,,,,,,,,,,,,,,,Yes,,,,,Yes,Yes,Yes,,,,124,Kennedy Park,124,Kennedy Park (124),D41,"{""coordinates"": [[-79.2744710002229, 43.7217549999199]], ""type"": ""MultiPoint""}",2018
15217,15218,,2018-12-04,1932,MIDLAND AVE,DORCOT AVE,,Major Arterial,Scarborough,Non Intersection,No Control,Clear,Dark,Dry,Fatal,Pedestrian Collisions,Driver,50 to 54,,,South,"Automobile, Station Wagon",Going Ahead,Driving Properly,Normal,,,,,,,Yes,,Yes,,,,,,,Yes,,,,156,Bendale-Glen Andrew,127,Bendale (127),D41,"{""coordinates"": [[-79.2676119996338, 43.7583830003585]], ""type"": ""MultiPoint""}",2018
15218,15219,,2018-12-04,1932,MIDLAND AVE,DORCOT AVE,,Major Arterial,Scarborough,Non Intersection,No Control,Clear,Dark,Dry,Fatal,Pedestrian Collisions,Pedestrian,55 to 59,Fatal,63.0,East,,,,,Pedestrian hit at mid-block,"Crossing, no Traffic Control",Normal,,,,Yes,,Yes,,,,,,,Yes,,,,156,Bendale-Glen Andrew,127,Bendale (127),D41,"{""coordinates"": [[-79.2676119996338, 43.7583830003585]], ""type"": ""MultiPoint""}",2018
15219,15220,,2018-12-07,27,BAYVIEW AVE,HOLMES AVE,,Major Arterial,North York,At Intersection,No Control,Snow,"Dark, artificial",Wet,Non-Fatal Injury,Approaching,Driver,35 to 39,Major,,South,"Automobile, Station Wagon",Going Ahead,Lost control,"Ability Impaired, Drugs",,,,,,,,,Yes,,,,,,,,,,,52,Bayview Village,52,Bayview Village (52),D33,"{""coordinates"": [[-79.3916660000977, 43.7828430000647]], ""type"": ""MultiPoint""}",2018
15220,15221,,2018-12-07,27,BAYVIEW AVE,HOLMES AVE,,Major Arterial,North York,At Intersection,No Control,Snow,"Dark, artificial",Wet,Non-Fatal Injury,Approaching,Driver,20 to 24,Minor,,North,"Automobile, Station Wagon",Going Ahead,Driving Properly,Normal,,,,,,,,,Yes,,,,,,,,,,,52,Bayview Village,52,Bayview Village (52),D33,"{""coordinates"": [[-79.3916660000977, 43.7828430000647]], ""type"": ""MultiPoint""}",2018
15221,15222,,2018-12-07,27,BAYVIEW AVE,HOLMES AVE,,Major Arterial,North York,At Intersection,No Control,Snow,"Dark, artificial",Wet,Non-Fatal Injury,Approaching,Driver,25 to 29,,,North,"Automobile, Station Wagon",Going Ahead,Driving Properly,Normal,,,,,,,,,Yes,,,,,,,,,,,52,Bayview Village,52,Bayview Village (52),D33,"{""coordinates"": [[-79.3916660000977, 43.7828430000647]], ""type"": ""MultiPoint""}",2018
15222,15223,,2018-12-07,300,758 QUEEN ST E,,,Minor Arterial,Toronto and East York,Non Intersection,No Control,Drifting Snow,"Dark, artificial",Loose Snow,Non-Fatal Injury,Cyclist Collisions,Driver,unknown,,,South,"Automobile, Station Wagon",Going Ahead,Other,Unknown,,,,,,,,Yes,Yes,,,,,,,,,,,70,South Riverdale,70,South Riverdale (70),D55,"{""coordinates"": [[-79.3478959999384, 43.6592389999284]], ""type"": ""MultiPoint""}",2018
15223,15224,,2018-12-07,300,758 QUEEN ST E,,,Minor Arterial,Toronto and East York,Non Intersection,No Control,Drifting Snow,"Dark, artificial",Loose Snow,Non-Fatal Injury,Cyclist Collisions,Cyclist,40 to 44,Major,,South,Bicycle,Going Ahead,,,,,,Cyclist and Driver travelling in same direction. One vehicle sideswipes the other.,Driving Properly,Normal,,Yes,Yes,,,,,,,,,,,70,South Riverdale,70,South Riverdale (70),D55,"{""coordinates"": [[-79.3478959999384, 43.6592389999284]], ""type"": ""MultiPoint""}",2018
15224,15225,,2018-12-07,600,MARTIN GROV RD,REXDALE BLVD,250 m South ,Major Arterial,Etobicoke York,Non Intersection,No Control,Clear,"Dark, artificial",Dry,Non-Fatal Injury,Pedestrian Collisions,Driver,65 to 69,,,North,"Automobile, Station Wagon",Going Ahead,Driving Properly,Normal,,,,,,,Yes,,Yes,,,,,,,,,,,1,West Humber-Clairville,1,West Humber-Clairville (1),D23,"{""coordinates"": [[-79.5801350004692, 43.7117450002716]], ""type"": ""MultiPoint""}",2018
15225,15226,,2018-12-07,600,MARTIN GROV RD,REXDALE BLVD,250 m South ,Major Arterial,Etobicoke York,Non Intersection,No Control,Clear,"Dark, artificial",Dry,Non-Fatal Injury,Pedestrian Collisions,Pedestrian,25 to 29,Major,,East,,,,,Pedestrian hit at mid-block,"Crossing, no Traffic Control",Inattentive,,,,Yes,,Yes,,,,,,,,,,,1,West Humber-Clairville,1,West Humber-Clairville (1),D23,"{""coordinates"": [[-79.5801350004692, 43.7117450002716]], ""type"": ""MultiPoint""}",2018
15226,15227,,2018-12-07,1520,1750 MIDLAND AVE,,,Major Arterial,Scarborough,Non Intersection,No Control,Clear,Daylight,Dry,Non-Fatal Injury,Rear End,Driver,45 to 49,Major,,North,"Automobile, Station Wagon",Going Ahead,Other,Inattentive,,,,,,,,,Yes,,,,,Yes,,,,,,156,Bendale-Glen Andrew,127,Bendale (127),D41,"{""coordinates"": [[-79.268703000272, 43.7611870002261]], ""type"": ""MultiPoint""}",2018
15227,15228,,2018-12-07,1520,1750 MIDLAND AVE,,,Major Arterial,Scarborough,Non Intersection,No Control,Clear,Daylight,Dry,Non-Fatal Injury,Rear End,Driver,40 to 44,,,North,"Automobile, Station Wagon",Slowing or Stopping,Driving Properly,Normal,,,,,,,,,Yes,,,,,Yes,,,,,,156,Bendale-Glen Andrew,127,Bendale (127),D41,"{""coordinates"": [[-79.268703000272, 43.7611870002261]], ""type"": ""MultiPoint""}",2018
15228,15229,,2018-12-07,1520,1750 MIDLAND AVE,,,Major Arterial,Scarborough,Non Intersection,No Control,Clear,Daylight,Dry,Non-Fatal Injury,Rear End,Driver,30 to 34,Minimal,,North,"Automobile, Station Wagon",Stopped,Driving Properly,Normal,,,,,,,,,Yes,,,,,Yes,,,,,,156,Bendale-Glen Andrew,127,Bendale (127),D41,"{""coordinates"": [[-79.268703000272, 43.7611870002261]], ""type"": ""MultiPoint""}",2018
15229,15230,,2018-12-07,1520,1750 MIDLAND AVE,,,Major Arterial,Scarborough,Non Intersection,No Control,Clear,Daylight,Dry,Non-Fatal Injury,Rear End,Passenger,40 to 44,Minimal,,,,,,,,,,,,,,,Yes,,,,,Yes,,,,,,156,Bendale-Glen Andrew,127,Bendale (127),D41,"{""coordinates"": [[-79.268703000272, 43.7611870002261]], ""type"": ""MultiPoint""}",2018
15230,15231,,2018-12-07,1520,1750 MIDLAND AVE,,,Major Arterial,Scarborough,Non Intersection,No Control,Clear,Daylight,Dry,Non-Fatal Injury,Rear End,Passenger,10 to 14,,,,,,,,,,,,,,,,Yes,,,,,Yes,,,,,,156,Bendale-Glen Andrew,127,Bendale (127),D41,"{""coordinates"": [[-79.268703000272, 43.7611870002261]], ""type"": ""MultiPoint""}",2018
15231,15232,,2018-12-07,1520,1750 MIDLAND AVE,,,Major Arterial,Scarborough,Non Intersection,No Control,Clear,Daylight,Dry,Non-Fatal Injury,Rear End,Passenger,10 to 14,,,,,,,,,,,,,,,,Yes,,,,,Yes,,,,,,156,Bendale-Glen Andrew,127,Bendale (127),D41,"{""coordinates"": [[-79.268703000272, 43.7611870002261]], ""type"": ""MultiPoint""}",2018
15232,15233,,2018-12-07,1830,FINCH AVE E,WAYSIDE AVE,,Major Arterial,Scarborough,Intersection Related,No Control,Clear,Dark,Dry,Fatal,Pedestrian Collisions,Driver,60 to 64,,,West,Passenger Van,Going Ahead,Driving Properly,Normal,,,,,,,Yes,,Yes,,,,,,,,,,,148,East L'Amoreaux,117,L'Amoreaux (117),D42,"{""coordinates"": [[-79.2995640001447, 43.800440000184]], ""type"": ""MultiPoint""}",2018
15233,15234,,2018-12-07,1830,FINCH AVE E,WAYSIDE AVE,,Major Arterial,Scarborough,Intersection Related,No Control,Clear,Dark,Dry,Fatal,Pedestrian Collisions,Pedestrian,80 to 84,Fatal,64.0,North,,,,,Pedestrian hit at mid-block,"Crossing, no Traffic Control",Normal,,,,Yes,,Yes,,,,,,,,,,,148,East L'Amoreaux,117,L'Amoreaux (117),D42,"{""coordinates"": [[-79.2995640001447, 43.800440000184]], ""type"": ""MultiPoint""}",2018
15234,15235,,2018-12-08,1601,STEELES AVE W,MARTIN GROVE RD,50 m East of,Major Arterial,Etobicoke York,Non Intersection,No Control,Clear,Daylight,Dry,Non-Fatal Injury,Other,Driver,50 to 54,,,West,Municipal Transit Bus (TTC),Slowing or Stopping,Driving Properly,Normal,,,,,,,,,,,,Yes,,Yes,,,,,,2,Mount Olive-Silverstone-Jamestown,2,Mount Olive-Silverstone-Jamestown (2),D23,"{""coordinates"": [[-79.60257999948, 43.7579520003804]], ""type"": ""MultiPoint""}",2018
15235,15236,,2018-12-08,1601,STEELES AVE W,MARTIN GROVE RD,50 m East of,Major Arterial,Etobicoke York,Non Intersection,No Control,Clear,Daylight,Dry,Non-Fatal Injury,Other,Passenger,50 to 54,Major,,,,,,,,,,,,,,,,,,Yes,,Yes,,,,,,2,Mount Olive-Silverstone-Jamestown,2,Mount Olive-Silverstone-Jamestown (2),D23,"{""coordinates"": [[-79.60257999948, 43.7579520003804]], ""type"": ""MultiPoint""}",2018
15236,15237,,2018-12-09,49,CENTENNIAL PARK RD,RATHBURN RD,25 m North o,Local,Etobicoke York,At Intersection,No Control,Clear,"Dark, artificial",Dry,Non-Fatal Injury,SMV Other,Driver,25 to 29,Major,,South,"Automobile, Station Wagon",Going Ahead,Lost control,Had Been Drinking,,,,,,,,,Yes,,,,,,,,,,,11,Eringate-Centennial-West Deane,11,Eringate-Centennial-West Deane (11),D22,"{""coordinates"": [[-79.5811800002288, 43.6508929995922]], ""type"": ""MultiPoint""}",2018
15237,15238,,2018-12-09,1650,176 LAWRENCE AVE E,,50 m East of,Major Arterial,North York,Non Intersection,No Control,Clear,Daylight,Dry,Non-Fatal Injury,SMV Unattended Vehicle,Driver,65 to 69,Major,,West,"Automobile, Station Wagon",Going Ahead,Lost control,Unknown,,,,,,,,,Yes,,,,,,,Yes,,,,103,Lawrence Park South,103,Lawrence Park South (103),D53,"{""coordinates"": [[-79.3929469997158, 43.7269880003959]], ""type"": ""MultiPoint""}",2018
15238,15239,,2018-12-09,1650,176 LAWRENCE AVE E,,50 m East of,Major Arterial,North York,Non Intersection,No Control,Clear,Daylight,Dry,Non-Fatal Injury,SMV Unattended Vehicle,Other,unknown,,,West,,Parked,,,,,,,,,,,Yes,,,,,,,Yes,,,,103,Lawrence Park South,103,Lawrence Park South (103),D53,"{""coordinates"": [[-79.3929469997158, 43.7269880003959]], ""type"": ""MultiPoint""}",2018
15239,15240,,2018-12-10,1617,SHEPPARD AVE E,KENNEDY RD,100 m East o,Major Arterial,North York,Non Intersection,No Control,Clear,Daylight,Dry,Non-Fatal Injury,Pedestrian Collisions,Driver,50 to 54,,,East,"Automobile, Station Wagon",Going Ahead,Driving Properly,Normal,,,,,,,Yes,,Yes,,,,,,,,,,,128,Agincourt South-Malvern West,128,Agincourt South-Malvern West (128),D42,"{""coordinates"": [[-79.2872880002982, 43.7833999995981]], ""type"": ""MultiPoint""}",2018
15240,15241,,2018-12-10,1617,SHEPPARD AVE E,KENNEDY RD,100 m East o,Major Arterial,North York,Non Intersection,No Control,Clear,Daylight,Dry,Non-Fatal Injury,Pedestrian Collisions,Pedestrian,20 to 24,Major,,South,"Automobile, Station Wagon",,,,Pedestrian hit at mid-block,"Crossing, no Traffic Control",Normal,,,,Yes,,Yes,,,,,,,,,,,128,Agincourt South-Malvern West,128,Agincourt South-Malvern West (128),D42,"{""coordinates"": [[-79.2872880002982, 43.7833999995981]], ""type"": ""MultiPoint""}",2018
15241,15242,,2018-12-11,1811,MARLEE AVE,ROMAR CRES,,Minor Arterial,North York,At Intersection,No Control,Clear,"Dark, artificial",Wet,Non-Fatal Injury,Pedestrian Collisions,Driver,30 to 34,,,South,Pick Up Truck,Turning Left,Failed to Yield Right of Way,Normal,,,,,,,Yes,,Yes,,,,,Yes,,Yes,,,,31,Yorkdale-Glen Park,31,Yorkdale-Glen Park (31),D13,"{""coordinates"": [[-79.4426989994554, 43.7062560001767]], ""type"": ""MultiPoint""}",2018
15242,15243,,2018-12-11,1811,MARLEE AVE,ROMAR CRES,,Minor Arterial,North York,At Intersection,No Control,Clear,"Dark, artificial",Wet,Non-Fatal Injury,Pedestrian Collisions,Passenger,30 to 34,,,,,,,,,,,,,,Yes,,Yes,,,,,Yes,,Yes,,,,31,Yorkdale-Glen Park,31,Yorkdale-Glen Park (31),D13,"{""coordinates"": [[-79.4426989994554, 43.7062560001767]], ""type"": ""MultiPoint""}",2018
15243,15244,,2018-12-11,1811,MARLEE AVE,ROMAR CRES,,Minor Arterial,North York,At Intersection,No Control,Clear,"Dark, artificial",Wet,Non-Fatal Injury,Pedestrian Collisions,Passenger,30 to 34,,,,,,,,,,,,,,Yes,,Yes,,,,,Yes,,Yes,,,,31,Yorkdale-Glen Park,31,Yorkdale-Glen Park (31),D13,"{""coordinates"": [[-79.4426989994554, 43.7062560001767]], ""type"": ""MultiPoint""}",2018
15244,15245,,2018-12-11,1811,MARLEE AVE,ROMAR CRES,,Minor Arterial,North York,At Intersection,No Control,Clear,"Dark, artificial",Wet,Non-Fatal Injury,Pedestrian Collisions,Pedestrian,50 to 54,Major,,South,,,,,Vehicle turns left while ped crosses with ROW at inter.,Crossing with right of way,Normal,,,,Yes,,Yes,,,,,Yes,,Yes,,,,31,Yorkdale-Glen Park,31,Yorkdale-Glen Park (31),D13,"{""coordinates"": [[-79.4426989994554, 43.7062560001767]], ""type"": ""MultiPoint""}",2018
15245,15246,,2018-12-12,1538,PROGRESS AVE,SHEPPARD AVE E,,Major Arterial,Scarborough,At Intersection,Traffic Signal,Clear,Daylight,Dry,Non-Fatal Injury,Pedestrian Collisions,Driver,60 to 64,,,West,Municipal Transit Bus (TTC),Turning Left,Failed to Yield Right of Way,Normal,,,,,,,Yes,,,,,Yes,,,,Yes,,,,146,Malvern East,132,Malvern (132),D42,"{""coordinates"": [[-79.2348969997825, 43.7945890002654]], ""type"": ""MultiPoint""}",2018
15246,15247,,2018-12-12,1538,PROGRESS AVE,SHEPPARD AVE E,,Major Arterial,Scarborough,At Intersection,Traffic Signal,Clear,Daylight,Dry,Non-Fatal Injury,Pedestrian Collisions,Pedestrian,60 to 64,Major,,West,,,,,Pedestrian involved in a collision with transit vehicle anywhere along roadway,Crossing with right of way,Normal,,,,Yes,,,,,Yes,,,,Yes,,,,146,Malvern East,132,Malvern (132),D42,"{""coordinates"": [[-79.2348969997825, 43.7945890002654]], ""type"": ""MultiPoint""}",2018
15247,15248,,2018-12-12,1602,GOSFORD BLVD,SHOREHAM DR,5 m South of,Collector,North York,At Intersection,Stop Sign,Clear,"Dark, artificial",Wet,Non-Fatal Injury,Pedestrian Collisions,Driver,50 to 54,,,East,"Automobile, Station Wagon",Turning Right,Failed to Yield Right of Way,Inattentive,,,,,,,Yes,,Yes,,,,,,,Yes,,,,24,Black Creek,24,Black Creek (24),D31,"{""coordinates"": [[-79.5229220005848, 43.768191000202]], ""type"": ""MultiPoint""}",2018
15248,15249,,2018-12-12,1602,GOSFORD BLVD,SHOREHAM DR,5 m South of,Collector,North York,At Intersection,Stop Sign,Clear,"Dark, artificial",Wet,Non-Fatal Injury,Pedestrian Collisions,Pedestrian,65 to 69,Major,,West,,,,,Vehicle turns right while ped crosses with ROW at inter.,Crossing with right of way,Normal,,,,Yes,,Yes,,,,,,,Yes,,,,24,Black Creek,24,Black Creek (24),D31,"{""coordinates"": [[-79.5229220005848, 43.768191000202]], ""type"": ""MultiPoint""}",2018
15249,15250,,2018-12-12,2205,3030 DON MILLS RD W,,160 m South ,Major Arterial,North York,Non Intersection,No Control,Clear,"Dark, artificial",Other,Non-Fatal Injury,SMV Other,Driver,20 to 24,Major,,South,"Automobile, Station Wagon",Going Ahead,Speed too Fast For Condition,Inattentive,,,,,,,,,Yes,,,,,Yes,Yes,Yes,,,,47,Don Valley Village,47,Don Valley Village (47),D33,"{""coordinates"": [[-79.3532439994086, 43.7858870001466]], ""type"": ""MultiPoint""}",2018
15250,15251,,2018-12-12,2205,3030 DON MILLS RD W,,160 m South ,Major Arterial,North York,Non Intersection,No Control,Clear,"Dark, artificial",Other,Non-Fatal Injury,SMV Other,Passenger,20 to 24,,,,,,,,,,,,,,,,Yes,,,,,Yes,Yes,Yes,,,,47,Don Valley Village,47,Don Valley Village (47),D33,"{""coordinates"": [[-79.3532439994086, 43.7858870001466]], ""type"": ""MultiPoint""}",2018
15251,15252,,2018-12-12,2205,3030 DON MILLS RD W,,160 m South ,Major Arterial,North York,Non Intersection,No Control,Clear,"Dark, artificial",Other,Non-Fatal Injury,SMV Other,Passenger,20 to 24,Minor,,,,,,,,,,,,,,,Yes,,,,,Yes,Yes,Yes,,,,47,Don Valley Village,47,Don Valley Village (47),D33,"{""coordinates"": [[-79.3532439994086, 43.7858870001466]], ""type"": ""MultiPoint""}",2018
15252,15253,,2018-12-12,2205,3030 DON MILLS RD W,,160 m South ,Major Arterial,North York,Non Intersection,No Control,Clear,"Dark, artificial",Other,Non-Fatal Injury,SMV Other,Passenger,20 to 24,Minor,,,,,,,,,,,,,,,Yes,,,,,Yes,Yes,Yes,,,,47,Don Valley Village,47,Don Valley Village (47),D33,"{""coordinates"": [[-79.3532439994086, 43.7858870001466]], ""type"": ""MultiPoint""}",2018
15253,15254,,2018-12-13,1737,BATHURST ST,HARBORD ST,,Major Arterial,Etobicoke York,At Intersection,Traffic Signal,Clear,Dark,Dry,Non-Fatal Injury,Pedestrian Collisions,Driver,55 to 59,,,South,"Automobile, Station Wagon",Going Ahead,Driving Properly,Normal,,,,,,,Yes,,Yes,,,,,Yes,,,,,,79,University,79,University (79),D14,"{""coordinates"": [[-79.4097320005079, 43.6614409999903]], ""type"": ""MultiPoint""}",2018
15254,15255,,2018-12-13,1737,BATHURST ST,HARBORD ST,,Major Arterial,Etobicoke York,At Intersection,Traffic Signal,Clear,Dark,Dry,Non-Fatal Injury,Pedestrian Collisions,Passenger,20 to 24,,,,,,,,,,,,,,Yes,,Yes,,,,,Yes,,,,,,79,University,79,University (79),D14,"{""coordinates"": [[-79.4097320005079, 43.6614409999903]], ""type"": ""MultiPoint""}",2018
15255,15256,,2018-12-13,1737,BATHURST ST,HARBORD ST,,Major Arterial,Etobicoke York,At Intersection,Traffic Signal,Clear,Dark,Dry,Non-Fatal Injury,Pedestrian Collisions,Passenger,20 to 24,,,,,,,,,,,,,,Yes,,Yes,,,,,Yes,,,,,,79,University,79,University (79),D14,"{""coordinates"": [[-79.4097320005079, 43.6614409999903]], ""type"": ""MultiPoint""}",2018