index,_id,ACCNUM,DATE,TIME,STREET1,STREET2,OFFSET,ROAD_CLASS,DISTRICT,ACCLOC,TRAFFCTL,VISIBILITY,LIGHT,RDSFCOND,ACCLASS,IMPACTYPE,INVTYPE,INVAGE,INJURY,FATAL_NO,INITDIR,VEHTYPE,MANOEUVER,DRIVACT,DRIVCOND,PEDTYPE,PEDACT,PEDCOND,CYCLISTYPE,CYCACT,CYCCOND,PEDESTRIAN,CYCLIST,AUTOMOBILE,MOTORCYCLE,TRUCK,TRSN_CITY_VEH,EMERG_VEH,PASSENGER,SPEEDING,AG_DRIV,REDLIGHT,ALCOHOL,DISABILITY,HOOD_158,NEIGHBOURHOOD_158,HOOD_140,NEIGHBOURHOOD_140,DIVISION,geometry,ACCIDENT_YEAR
16020,16021,,2019-10-13,1049,ELLESMERE RD,PHARMACY AVE,26 m East of,Major Arterial,Scarborough,At Intersection,Traffic Signal,Clear,Daylight,Dry,Non-Fatal Injury,Pedestrian Collisions,Pedestrian,55 to 59,Major,,Unknown,,,,,Pedestrian hit on sidewalk or shoulder,On Sidewalk or Shoulder,Unknown,,,,Yes,,Yes,,,,,Yes,,,,,,119,Wexford/Maryvale,119,Wexford/Maryvale (119),D41,"{""coordinates"": [[-79.3101529997153, 43.7589590002346]], ""type"": ""MultiPoint""}",2019
16021,16022,,2019-10-13,1049,ELLESMERE RD,PHARMACY AVE,26 m East of,Major Arterial,Scarborough,At Intersection,Traffic Signal,Clear,Daylight,Dry,Non-Fatal Injury,Pedestrian Collisions,Pedestrian,0 to 4,Major,,Unknown,,,,,Pedestrian hit on sidewalk or shoulder,Other,Unknown,,,,Yes,,Yes,,,,,Yes,,,,,,119,Wexford/Maryvale,119,Wexford/Maryvale (119),D41,"{""coordinates"": [[-79.3101529997153, 43.7589590002346]], ""type"": ""MultiPoint""}",2019
16022,16023,,2019-10-13,1049,ELLESMERE RD,PHARMACY AVE,26 m East of,Major Arterial,Scarborough,At Intersection,Traffic Signal,Clear,Daylight,Dry,Non-Fatal Injury,Pedestrian Collisions,Passenger,40 to 44,,,,,,,,,,,,,,Yes,,Yes,,,,,Yes,,,,,,119,Wexford/Maryvale,119,Wexford/Maryvale (119),D41,"{""coordinates"": [[-79.3101529997153, 43.7589590002346]], ""type"": ""MultiPoint""}",2019
16023,16024,,2019-10-15,442,DUFFERIN ST,FINCH AVE W,,Major Arterial,North York,At Intersection,Traffic Signal,Clear,"Dark, artificial",Dry,Non-Fatal Injury,Turning Movement,Driver,10 to 14,,,South,"Automobile, Station Wagon",Going Ahead,Other,Normal,,,,,,,,,Yes,,Yes,Yes,,Yes,Yes,Yes,,,,34,Bathurst Manor,34,Bathurst Manor (34),D32,"{""coordinates"": [[-79.466883999565, 43.7687819999393]], ""type"": ""MultiPoint""}",2019
16024,16025,,2019-10-15,442,DUFFERIN ST,FINCH AVE W,,Major Arterial,North York,At Intersection,Traffic Signal,Clear,"Dark, artificial",Dry,Non-Fatal Injury,Turning Movement,Truck Driver,30 to 34,,,North,"Truck - Closed (Blazer, etc)",Turning Left,Driving Properly,Normal,,,,,,,,,Yes,,Yes,Yes,,Yes,Yes,Yes,,,,34,Bathurst Manor,34,Bathurst Manor (34),D32,"{""coordinates"": [[-79.466883999565, 43.7687819999393]], ""type"": ""MultiPoint""}",2019
16025,16026,,2019-10-15,442,DUFFERIN ST,FINCH AVE W,,Major Arterial,North York,At Intersection,Traffic Signal,Clear,"Dark, artificial",Dry,Non-Fatal Injury,Turning Movement,Driver,35 to 39,,,North,Municipal Transit Bus (TTC),Going Ahead,Driving Properly,Normal,,,,,,,,,Yes,,Yes,Yes,,Yes,Yes,Yes,,,,34,Bathurst Manor,34,Bathurst Manor (34),D32,"{""coordinates"": [[-79.466883999565, 43.7687819999393]], ""type"": ""MultiPoint""}",2019
16026,16027,,2019-10-15,442,DUFFERIN ST,FINCH AVE W,,Major Arterial,North York,At Intersection,Traffic Signal,Clear,"Dark, artificial",Dry,Non-Fatal Injury,Turning Movement,Passenger,10 to 14,Major,,,,,,,,,,,,,,,Yes,,Yes,Yes,,Yes,Yes,Yes,,,,34,Bathurst Manor,34,Bathurst Manor (34),D32,"{""coordinates"": [[-79.466883999565, 43.7687819999393]], ""type"": ""MultiPoint""}",2019
16027,16028,,2019-10-15,457,LAMBTON AVE,ROCKCLIFFE BLVD,,Collector,Etobicoke York,Intersection Related,No Control,Clear,Daylight,Dry,Non-Fatal Injury,SMV Other,Driver,35 to 39,Major,,North,Pick Up Truck,Going Ahead,Lost control,Medical or Physical Disability,,,,,,,,,Yes,Yes,,,,,Yes,Yes,,,Yes,111,Rockcliffe-Smythe,111,Rockcliffe-Smythe (111),D12,"{""coordinates"": [[-79.4916870003868, 43.6823909999772]], ""type"": ""MultiPoint""}",2019
16028,16029,,2019-10-15,457,LAMBTON AVE,ROCKCLIFFE BLVD,,Collector,Etobicoke York,Intersection Related,No Control,Clear,Daylight,Dry,Non-Fatal Injury,SMV Other,Driver,unknown,,,South,"Automobile, Station Wagon",Parked,Driving Properly,Normal,,,,,,,,,Yes,Yes,,,,,Yes,Yes,,,Yes,111,Rockcliffe-Smythe,111,Rockcliffe-Smythe (111),D12,"{""coordinates"": [[-79.4916870003868, 43.6823909999772]], ""type"": ""MultiPoint""}",2019
16029,16030,,2019-10-15,457,LAMBTON AVE,ROCKCLIFFE BLVD,,Collector,Etobicoke York,Intersection Related,No Control,Clear,Daylight,Dry,Non-Fatal Injury,SMV Other,Motorcycle Driver,unknown,,,South,Motorcycle,Parked,Driving Properly,Normal,,,,,,,,,Yes,Yes,,,,,Yes,Yes,,,Yes,111,Rockcliffe-Smythe,111,Rockcliffe-Smythe (111),D12,"{""coordinates"": [[-79.4916870003868, 43.6823909999772]], ""type"": ""MultiPoint""}",2019
16030,16031,,2019-10-15,457,LAMBTON AVE,ROCKCLIFFE BLVD,,Collector,Etobicoke York,Intersection Related,No Control,Clear,Daylight,Dry,Non-Fatal Injury,SMV Other,Driver,unknown,,,North,"Automobile, Station Wagon",Parked,Driving Properly,Normal,,,,,,,,,Yes,Yes,,,,,Yes,Yes,,,Yes,111,Rockcliffe-Smythe,111,Rockcliffe-Smythe (111),D12,"{""coordinates"": [[-79.4916870003868, 43.6823909999772]], ""type"": ""MultiPoint""}",2019
16031,16032,,2019-10-15,1548,MCCOWAN RD,KINGSTON RD,,Major Arterial,Scarborough,At Intersection,Traffic Signal,Clear,Daylight,Dry,Non-Fatal Injury,Pedestrian Collisions,Driver,50 to 54,,,South,"Automobile, Station Wagon",Turning Right,Failed to Yield Right of Way,Normal,,,,,,,Yes,,Yes,,,,,,,Yes,,,,123,Cliffcrest,123,Cliffcrest (123),D43,"{""coordinates"": [[-79.2324020006163, 43.7250659998589]], ""type"": ""MultiPoint""}",2019
16032,16033,,2019-10-15,1548,MCCOWAN RD,KINGSTON RD,,Major Arterial,Scarborough,At Intersection,Traffic Signal,Clear,Daylight,Dry,Non-Fatal Injury,Pedestrian Collisions,Pedestrian,10 to 14,Major,,East,,,,,Vehicle turns right while ped crosses with ROW at inter.,Crossing with right of way,Normal,,,,Yes,,Yes,,,,,,,Yes,,,,123,Cliffcrest,123,Cliffcrest (123),D43,"{""coordinates"": [[-79.2324020006163, 43.7250659998589]], ""type"": ""MultiPoint""}",2019
16033,16034,,2019-10-15,1751,BAYVIEW AVE,SOUDAN AVE,40 m North o,Major Arterial,North York,Non Intersection,Pedestrian Crossover,Clear,Daylight,Dry,Non-Fatal Injury,Pedestrian Collisions,Driver,25 to 29,,,North,Delivery Van,Going Ahead,Failed to Yield Right of Way,Normal,,,,,,,Yes,,Yes,,,,,,,Yes,,,,56,Leaside-Bennington,56,Leaside-Bennington (56),D53,"{""coordinates"": [[-79.3766129996677, 43.7094369998031]], ""type"": ""MultiPoint""}",2019
16034,16035,,2019-10-15,1751,BAYVIEW AVE,SOUDAN AVE,40 m North o,Major Arterial,North York,Non Intersection,Pedestrian Crossover,Clear,Daylight,Dry,Non-Fatal Injury,Pedestrian Collisions,Pedestrian,75 to 79,Major,,West,,,,,Pedestrian hit a PXO/ped. Mid-block signal,"Crossing, Pedestrian Crossover",Normal,,,,Yes,,Yes,,,,,,,Yes,,,,56,Leaside-Bennington,56,Leaside-Bennington (56),D53,"{""coordinates"": [[-79.3766129996677, 43.7094369998031]], ""type"": ""MultiPoint""}",2019
16035,16036,,2019-10-15,2216,GERRARD ST E,WEMBLEY DR,,Minor Arterial,Toronto and East York,At Intersection,No Control,Clear,"Dark, artificial",Dry,Non-Fatal Injury,Cyclist Collisions,Driver,55 to 59,,,East,"Automobile, Station Wagon",Turning Left,Improper Turn,Inattentive,,,,,,,,Yes,Yes,,,,,,,,,,,64,Woodbine Corridor,64,Woodbine Corridor (64),D55,"{""coordinates"": [[-79.3180650002787, 43.6758559998985]], ""type"": ""MultiPoint""}",2019
16036,16037,,2019-10-15,2216,GERRARD ST E,WEMBLEY DR,,Minor Arterial,Toronto and East York,At Intersection,No Control,Clear,"Dark, artificial",Dry,Non-Fatal Injury,Cyclist Collisions,Cyclist,30 to 34,Major,,West,Bicycle,Going Ahead,,,,,,Motorist turned left across cyclists path.,Driving Properly,Normal,,Yes,Yes,,,,,,,,,,,64,Woodbine Corridor,64,Woodbine Corridor (64),D55,"{""coordinates"": [[-79.3180650002787, 43.6758559998985]], ""type"": ""MultiPoint""}",2019
16037,16038,,2019-10-16,2251,DANFORTH AVE,FERRIER AVE,19 m East of,Major Arterial,Toronto and East York,Intersection Related,No Control,Clear,"Dark, artificial",Dry,Non-Fatal Injury,Turning Movement,Motorcycle Driver,25 to 29,Major,,East,Motorcycle,Going Ahead,Lost control,Normal,,,,,,,,,Yes,Yes,,,,,Yes,Yes,,,,68,North Riverdale,68,North Riverdale (68),D55,"{""coordinates"": [[-79.3482699994925, 43.6781979998142]], ""type"": ""MultiPoint""}",2019
16038,16039,,2019-10-16,2251,DANFORTH AVE,FERRIER AVE,19 m East of,Major Arterial,Toronto and East York,Intersection Related,No Control,Clear,"Dark, artificial",Dry,Non-Fatal Injury,Turning Movement,Driver,35 to 39,,,West,"Automobile, Station Wagon",Making U Turn,Driving Properly,Normal,,,,,,,,,Yes,Yes,,,,,Yes,Yes,,,,68,North Riverdale,68,North Riverdale (68),D55,"{""coordinates"": [[-79.3482699994925, 43.6781979998142]], ""type"": ""MultiPoint""}",2019
16039,16040,,2019-10-19,248,CABERNET CRCL,MOSELLE DR,13 m West of,Collector,Etobicoke York,Intersection Related,No Control,Clear,"Dark, artificial",Dry,Non-Fatal Injury,Pedestrian Collisions,Driver,20 to 24,,,West,"Automobile, Station Wagon",Going Ahead,Lost control,"Ability Impaired, Alcohol Over .08",,,,,,,Yes,,Yes,,,,,Yes,,Yes,,Yes,,1,West Humber-Clairville,1,West Humber-Clairville (1),D23,"{""coordinates"": [[-79.6043960000941, 43.7559119998365]], ""type"": ""MultiPoint""}",2019
16040,16041,,2019-10-19,248,CABERNET CRCL,MOSELLE DR,13 m West of,Collector,Etobicoke York,Intersection Related,No Control,Clear,"Dark, artificial",Dry,Non-Fatal Injury,Pedestrian Collisions,Passenger,20 to 24,,,,,,,,,,,,,,Yes,,Yes,,,,,Yes,,Yes,,Yes,,1,West Humber-Clairville,1,West Humber-Clairville (1),D23,"{""coordinates"": [[-79.6043960000941, 43.7559119998365]], ""type"": ""MultiPoint""}",2019
16041,16042,,2019-10-19,248,CABERNET CRCL,MOSELLE DR,13 m West of,Collector,Etobicoke York,Intersection Related,No Control,Clear,"Dark, artificial",Dry,Non-Fatal Injury,Pedestrian Collisions,Pedestrian,25 to 29,Major,,Unknown,,,,,Pedestrian hit on sidewalk or shoulder,On Sidewalk or Shoulder,Other,,,,Yes,,Yes,,,,,Yes,,Yes,,Yes,,1,West Humber-Clairville,1,West Humber-Clairville (1),D23,"{""coordinates"": [[-79.6043960000941, 43.7559119998365]], ""type"": ""MultiPoint""}",2019
16042,16043,,2019-10-19,248,CABERNET CRCL,MOSELLE DR,13 m West of,Collector,Etobicoke York,Intersection Related,No Control,Clear,"Dark, artificial",Dry,Non-Fatal Injury,Pedestrian Collisions,Pedestrian,20 to 24,Major,,Unknown,,,,,Pedestrian hit on sidewalk or shoulder,On Sidewalk or Shoulder,Other,,,,Yes,,Yes,,,,,Yes,,Yes,,Yes,,1,West Humber-Clairville,1,West Humber-Clairville (1),D23,"{""coordinates"": [[-79.6043960000941, 43.7559119998365]], ""type"": ""MultiPoint""}",2019
16043,16044,,2019-10-22,1756,MIDLAND  AVE,ARTILLERY ST,48 m North o,Major Arterial,Scarborough,Non Intersection,No Control,Clear,Daylight,Dry,Non-Fatal Injury,Pedestrian Collisions,Driver,60 to 64,,,South,"Automobile, Station Wagon",Going Ahead,Driving Properly,Normal,,,,,,,Yes,,Yes,,,,,,,,,,,130,Milliken,130,Milliken (130),D42,"{""coordinates"": [[-79.2940020005183, 43.8185030002065]], ""type"": ""MultiPoint""}",2019
16044,16045,,2019-10-22,1756,MIDLAND  AVE,ARTILLERY ST,48 m North o,Major Arterial,Scarborough,Non Intersection,No Control,Clear,Daylight,Dry,Non-Fatal Injury,Pedestrian Collisions,Pedestrian,80 to 84,Major,,West,,,,,Pedestrian hit at mid-block,Running onto Roadway,Normal,,,,Yes,,Yes,,,,,,,,,,,130,Milliken,130,Milliken (130),D42,"{""coordinates"": [[-79.2940020005183, 43.8185030002065]], ""type"": ""MultiPoint""}",2019
16045,16046,,2019-10-24,1016,DUFFERIN ST,DAVENPORT RD,,Major Arterial,Scarborough,At Intersection,Traffic Signal,Clear,Daylight,Dry,Non-Fatal Injury,Turning Movement,Driver,60 to 64,Minor,,South,"Automobile, Station Wagon",Turning Left,Failed to Yield Right of Way,Normal,,,,,,,,,Yes,,,,,Yes,,Yes,,,,171,Junction-Wallace Emerson,93,Dovercourt-Wallace Emerson-Junction (93),D13,"{""coordinates"": [[-79.4409520001679, 43.6729189998372]], ""type"": ""MultiPoint""}",2019
16046,16047,,2019-10-24,1016,DUFFERIN ST,DAVENPORT RD,,Major Arterial,Scarborough,At Intersection,Traffic Signal,Clear,Daylight,Dry,Non-Fatal Injury,Turning Movement,Driver,20 to 24,Major,,North,Pick Up Truck,Going Ahead,Driving Properly,Normal,,,,,,,,,Yes,,,,,Yes,,Yes,,,,171,Junction-Wallace Emerson,93,Dovercourt-Wallace Emerson-Junction (93),D13,"{""coordinates"": [[-79.4409520001679, 43.6729189998372]], ""type"": ""MultiPoint""}",2019
16047,16048,,2019-10-24,1016,DUFFERIN ST,DAVENPORT RD,,Major Arterial,Scarborough,At Intersection,Traffic Signal,Clear,Daylight,Dry,Non-Fatal Injury,Turning Movement,Passenger,50 to 54,Minor,,,,,,,,,,,,,,,Yes,,,,,Yes,,Yes,,,,171,Junction-Wallace Emerson,93,Dovercourt-Wallace Emerson-Junction (93),D13,"{""coordinates"": [[-79.4409520001679, 43.6729189998372]], ""type"": ""MultiPoint""}",2019
16048,16049,,2019-10-24,1016,DUFFERIN ST,DAVENPORT RD,,Major Arterial,Scarborough,At Intersection,Traffic Signal,Clear,Daylight,Dry,Non-Fatal Injury,Turning Movement,Passenger,30 to 34,Minimal,,,,,,,,,,,,,,,Yes,,,,,Yes,,Yes,,,,171,Junction-Wallace Emerson,93,Dovercourt-Wallace Emerson-Junction (93),D13,"{""coordinates"": [[-79.4409520001679, 43.6729189998372]], ""type"": ""MultiPoint""}",2019
16049,16050,,2019-10-24,2120,LAIRD DR,LEA AVE,7 m North of,Major Arterial,North York,At Intersection,No Control,Clear,"Dark, artificial",Dry,Non-Fatal Injury,SMV Other,Driver,20 to 24,Major,,South,"Automobile, Station Wagon",Changing Lanes,Lost control,Had Been Drinking,,,,,,,,,Yes,,,,,Yes,,,,,,55,Thorncliffe Park,55,Thorncliffe Park (55),D53,"{""coordinates"": [[-79.361780999466, 43.7060460001105]], ""type"": ""MultiPoint""}",2019
16050,16051,,2019-10-24,2120,LAIRD DR,LEA AVE,7 m North of,Major Arterial,North York,At Intersection,No Control,Clear,"Dark, artificial",Dry,Non-Fatal Injury,SMV Other,Passenger,55 to 59,Minimal,,,,,,,,,,,,,,,Yes,,,,,Yes,,,,,,55,Thorncliffe Park,55,Thorncliffe Park (55),D53,"{""coordinates"": [[-79.361780999466, 43.7060460001105]], ""type"": ""MultiPoint""}",2019
16051,16052,,2019-10-25,2028,CUMMER AVE,WILLOWDALE AVE,,Minor Arterial,North York,At Intersection,Traffic Signal,Clear,"Dark, artificial",Dry,Non-Fatal Injury,Cyclist Collisions,Driver,60 to 64,,,West,"Automobile, Station Wagon",Turning Left,Failed to Yield Right of Way,Unknown,,,,,,,,Yes,Yes,,,,,,,Yes,,,,50,Newtonbrook East,50,Newtonbrook East (50),D32,"{""coordinates"": [[-79.4098770004007, 43.7885920000705]], ""type"": ""MultiPoint""}",2019
16052,16053,,2019-10-25,2028,CUMMER AVE,WILLOWDALE AVE,,Minor Arterial,North York,At Intersection,Traffic Signal,Clear,"Dark, artificial",Dry,Non-Fatal Injury,Cyclist Collisions,Cyclist,20 to 24,Major,,East,Bicycle,Going Ahead,,,,,,,Driving Properly,Normal,,Yes,Yes,,,,,,,Yes,,,,50,Newtonbrook East,50,Newtonbrook East (50),D32,"{""coordinates"": [[-79.4098770004007, 43.7885920000705]], ""type"": ""MultiPoint""}",2019
16053,16054,,2019-10-26,1145,COMSTOCK RD,WARDEN AVE,25 m East of,Major Arterial,Scarborough,At Intersection,Traffic Signal,Clear,Daylight,Dry,Non-Fatal Injury,Rear End,Driver,70 to 74,Major,,West,"Automobile, Station Wagon",Going Ahead,Lost control,Medical or Physical Disability,,,,,,,,,Yes,,,,,,,,,,Yes,120,Clairlea-Birchmount,120,Clairlea-Birchmount (120),D41,"{""coordinates"": [[-79.2849530006151, 43.7214610000432]], ""type"": ""MultiPoint""}",2019
16054,16055,,2019-10-26,1145,COMSTOCK RD,WARDEN AVE,25 m East of,Major Arterial,Scarborough,At Intersection,Traffic Signal,Clear,Daylight,Dry,Non-Fatal Injury,Rear End,Driver,50 to 54,,,West,"Automobile, Station Wagon",Stopped,Driving Properly,Normal,,,,,,,,,Yes,,,,,,,,,,Yes,120,Clairlea-Birchmount,120,Clairlea-Birchmount (120),D41,"{""coordinates"": [[-79.2849530006151, 43.7214610000432]], ""type"": ""MultiPoint""}",2019
16055,16056,,2019-10-26,1145,COMSTOCK RD,WARDEN AVE,25 m East of,Major Arterial,Scarborough,At Intersection,Traffic Signal,Clear,Daylight,Dry,Non-Fatal Injury,Rear End,Driver,50 to 54,,,West,"Automobile, Station Wagon",Stopped,Driving Properly,Normal,,,,,,,,,Yes,,,,,,,,,,Yes,120,Clairlea-Birchmount,120,Clairlea-Birchmount (120),D41,"{""coordinates"": [[-79.2849530006151, 43.7214610000432]], ""type"": ""MultiPoint""}",2019
16056,16057,,2019-10-27,238,NEILSON DR,JEFF DR,112 m South ,Local,Etobicoke York,Non Intersection,No Control,Rain,Dark,Wet,Non-Fatal Injury,SMV Other,Driver,20 to 24,Major,,South,"Automobile, Station Wagon",Going Ahead,Lost control,Normal,,,,,,,,,Yes,,,,,,,,,,,12,Markland Wood,12,Markland Wood (12),D22,"{""coordinates"": [[-79.5638609999593, 43.6308580000363]], ""type"": ""MultiPoint""}",2019
16057,16058,,2019-10-27,255,3550 ELLESMERE RD,,83 m West of,Minor Arterial,Scarborough,Non Intersection,No Control,Rain,"Dark, artificial",Wet,Non-Fatal Injury,SMV Other,Driver,30 to 34,Major,,West,"Automobile, Station Wagon",Going Ahead,Lost control,Had Been Drinking,,,,,,,,,Yes,,,,,Yes,Yes,Yes,,,,134,Highland Creek,134,Highland Creek (134),D43,"{""coordinates"": [[-79.1748609994919, 43.7896909995653]], ""type"": ""MultiPoint""}",2019
16058,16059,,2019-10-27,255,3550 ELLESMERE RD,,83 m West of,Minor Arterial,Scarborough,Non Intersection,No Control,Rain,"Dark, artificial",Wet,Non-Fatal Injury,SMV Other,Passenger,30 to 34,Minor,,,,,,,,,,,,,,,Yes,,,,,Yes,Yes,Yes,,,,134,Highland Creek,134,Highland Creek (134),D43,"{""coordinates"": [[-79.1748609994919, 43.7896909995653]], ""type"": ""MultiPoint""}",2019
16059,16060,,2019-10-27,1820,WARDEN AVE,CONTINENTAL PL,2 m West of,Major Arterial,Scarborough,At Intersection,No Control,Clear,Daylight,Dry,Non-Fatal Injury,Turning Movement,Truck Driver,45 to 49,,,South,"Truck - Closed (Blazer, etc)",Turning Left,Improper Turn,Inattentive,,,,,,,,,,Yes,Yes,,,,,,,,,119,Wexford/Maryvale,119,Wexford/Maryvale (119),D41,"{""coordinates"": [[-79.3012569993747, 43.7634910003968]], ""type"": ""MultiPoint""}",2019
16060,16061,,2019-10-27,1820,WARDEN AVE,CONTINENTAL PL,2 m West of,Major Arterial,Scarborough,At Intersection,No Control,Clear,Daylight,Dry,Non-Fatal Injury,Turning Movement,Motorcycle Driver,45 to 49,Major,,North,Motorcycle,Going Ahead,Driving Properly,Normal,,,,,,,,,,Yes,Yes,,,,,,,,,119,Wexford/Maryvale,119,Wexford/Maryvale (119),D41,"{""coordinates"": [[-79.3012569993747, 43.7634910003968]], ""type"": ""MultiPoint""}",2019
16061,16062,,2019-10-28,629,EGLINTON  AVE E,DON MILLS  RD,,Major Arterial,North York,At Intersection,Traffic Signal,Clear,"Dark, artificial",Dry,Fatal,Pedestrian Collisions,Driver,60 to 64,,,North,"Automobile, Station Wagon",Turning Right,Lost control,Medical or Physical Disability,Vehicle turns right while ped crosses without ROW at inter.,,,,,,Yes,,Yes,,,,,,,,,,Yes,44,Flemingdon Park,44,Flemingdon Park (44),D55,"{""coordinates"": [[-79.3388320001671, 43.7204270003241]], ""type"": ""MultiPoint""}",2019
16062,16063,,2019-10-28,629,EGLINTON  AVE E,DON MILLS  RD,,Major Arterial,North York,At Intersection,Traffic Signal,Clear,"Dark, artificial",Dry,Fatal,Pedestrian Collisions,Pedestrian,70 to 74,Fatal,49.0,South,,,,,,Crossing without right of way,Normal,,,,Yes,,Yes,,,,,,,,,,Yes,44,Flemingdon Park,44,Flemingdon Park (44),D55,"{""coordinates"": [[-79.3388320001671, 43.7204270003241]], ""type"": ""MultiPoint""}",2019
16063,16064,,2019-10-28,1005,ST CLAIR  AVE W,CASTLETON  AVE,,Major Arterial,Etobicoke York,Intersection Related,Stop Sign,Clear,Daylight,Dry,Fatal,Pedestrian Collisions,Pedestrian,80 to 84,Fatal,50.0,North,,,,,Vehicle turns left while ped crosses without ROW at inter.,"Crossing, no Traffic Control",Normal,,,,Yes,,Yes,,,,,,,,,,,111,Rockcliffe-Smythe,111,Rockcliffe-Smythe (111),D11,"{""coordinates"": [[-79.4856370005222, 43.668428999607]], ""type"": ""MultiPoint""}",2019
16064,16065,,2019-10-28,1005,ST CLAIR  AVE W,CASTLETON  AVE,,Major Arterial,Etobicoke York,Intersection Related,Stop Sign,Clear,Daylight,Dry,Fatal,Pedestrian Collisions,Pedestrian,65 to 69,Major,,North,,,,,Vehicle turns left while ped crosses without ROW at inter.,"Crossing, no Traffic Control",Normal,,,,Yes,,Yes,,,,,,,,,,,111,Rockcliffe-Smythe,111,Rockcliffe-Smythe (111),D11,"{""coordinates"": [[-79.4856370005222, 43.668428999607]], ""type"": ""MultiPoint""}",2019
16065,16066,,2019-10-28,1005,ST CLAIR  AVE W,CASTLETON  AVE,,Major Arterial,Etobicoke York,Intersection Related,Stop Sign,Clear,Daylight,Dry,Fatal,Pedestrian Collisions,Driver,50 to 54,,,South,Delivery Van,Turning Left,Driving Properly,Normal,,,,,,,Yes,,Yes,,,,,,,,,,,111,Rockcliffe-Smythe,111,Rockcliffe-Smythe (111),D11,"{""coordinates"": [[-79.4856370005222, 43.668428999607]], ""type"": ""MultiPoint""}",2019
16066,16067,,2019-10-29,715,PROGRESS AVE,KENNEDY RD,5 m South of,Major Arterial,Scarborough,At Intersection,Traffic Signal,"Fog, Mist, Smoke, Dust","Dark, artificial",Dry,Non-Fatal Injury,Pedestrian Collisions,Driver,35 to 39,,,West,"Automobile, Station Wagon",Turning Left,Driving Properly,Normal,,,,,,,Yes,,Yes,,,,,,,,,,,126,Dorset Park,126,Dorset Park (126),D41,"{""coordinates"": [[-79.2822219996428, 43.7693509997059]], ""type"": ""MultiPoint""}",2019
16067,16068,,2019-10-29,715,PROGRESS AVE,KENNEDY RD,5 m South of,Major Arterial,Scarborough,At Intersection,Traffic Signal,"Fog, Mist, Smoke, Dust","Dark, artificial",Dry,Non-Fatal Injury,Pedestrian Collisions,Pedestrian,20 to 24,Major,,East,,,,,Vehicle turns left while ped crosses without ROW at inter.,Other,Normal,,,,Yes,,Yes,,,,,,,,,,,126,Dorset Park,126,Dorset Park (126),D41,"{""coordinates"": [[-79.2822219996428, 43.7693509997059]], ""type"": ""MultiPoint""}",2019
16068,16069,,2019-10-30,304,RICHMOND ST E,JARVIS ST,,Major Arterial,Toronto and East York,At Intersection,Traffic Signal,Clear,"Dark, artificial",Dry,Non-Fatal Injury,Pedestrian Collisions,Driver,55 to 59,,,South,"Automobile, Station Wagon",Going Ahead,Failed to Yield Right of Way,Inattentive,,,,,,,Yes,,Yes,,,,,,,Yes,,,,73,Moss Park,73,Moss Park (73),D51,"{""coordinates"": [[-79.3727910005387, 43.6526319997393]], ""type"": ""MultiPoint""}",2019
16069,16070,,2019-10-30,304,RICHMOND ST E,JARVIS ST,,Major Arterial,Toronto and East York,At Intersection,Traffic Signal,Clear,"Dark, artificial",Dry,Non-Fatal Injury,Pedestrian Collisions,Pedestrian,60 to 64,Major,,Unknown,,,,,Unknown,Walking on Roadway with Traffic,Inattentive,,,,Yes,,Yes,,,,,,,Yes,,,,73,Moss Park,73,Moss Park (73),D51,"{""coordinates"": [[-79.3727910005387, 43.6526319997393]], ""type"": ""MultiPoint""}",2019
16070,16071,,2019-10-30,2006,MCNICOLL AVE,MCCOWAN RD,,Major Arterial,Scarborough,At Intersection,Traffic Signal,Rain,"Dark, artificial",Wet,Non-Fatal Injury,Pedestrian Collisions,Driver,35 to 39,,,West,"Automobile, Station Wagon",Going Ahead,Driving Properly,Normal,,,,,,,Yes,,Yes,,,,,Yes,,,,,,130,Milliken,130,Milliken (130),D42,"{""coordinates"": [[-79.2719379996528, 43.8178700000053]], ""type"": ""MultiPoint""}",2019
16071,16072,,2019-10-30,2006,MCNICOLL AVE,MCCOWAN RD,,Major Arterial,Scarborough,At Intersection,Traffic Signal,Rain,"Dark, artificial",Wet,Non-Fatal Injury,Pedestrian Collisions,Pedestrian,75 to 79,Major,,North,,,,,Vehicle is going straight thru inter.while ped cross without ROW,Crossing without right of way,Normal,,,,Yes,,Yes,,,,,Yes,,,,,,130,Milliken,130,Milliken (130),D42,"{""coordinates"": [[-79.2719379996528, 43.8178700000053]], ""type"": ""MultiPoint""}",2019
16072,16073,,2019-10-30,2006,MCNICOLL AVE,MCCOWAN RD,,Major Arterial,Scarborough,At Intersection,Traffic Signal,Rain,"Dark, artificial",Wet,Non-Fatal Injury,Pedestrian Collisions,Passenger,5 to 9,,,,,,,,,,,,,,Yes,,Yes,,,,,Yes,,,,,,130,Milliken,130,Milliken (130),D42,"{""coordinates"": [[-79.2719379996528, 43.8178700000053]], ""type"": ""MultiPoint""}",2019
16073,16074,,2019-10-30,2015,39 HOWDEN  RD,,,Collector,Scarborough,Non Intersection,No Control,Rain,"Dark, artificial",Wet,Fatal,Pedestrian Collisions,Pedestrian,55 to 59,Fatal,51.0,East,,,,,Pedestrian hit at mid-block,"Crossing, no Traffic Control",Inattentive,,,,Yes,,Yes,,,,,,,,,,,119,Wexford/Maryvale,119,Wexford/Maryvale (119),D41,"{""coordinates"": [[-79.2894780002997, 43.7504720000729]], ""type"": ""MultiPoint""}",2019