index,_id,ACCNUM,DATE,TIME,STREET1,STREET2,OFFSET,ROAD_CLASS,DISTRICT,ACCLOC,TRAFFCTL,VISIBILITY,LIGHT,RDSFCOND,ACCLASS,IMPACTYPE,INVTYPE,INVAGE,INJURY,FATAL_NO,INITDIR,VEHTYPE,MANOEUVER,DRIVACT,DRIVCOND,PEDTYPE,PEDACT,PEDCOND,CYCLISTYPE,CYCACT,CYCCOND,PEDESTRIAN,CYCLIST,AUTOMOBILE,MOTORCYCLE,TRUCK,TRSN_CITY_VEH,EMERG_VEH,PASSENGER,SPEEDING,AG_DRIV,REDLIGHT,ALCOHOL,DISABILITY,HOOD_158,NEIGHBOURHOOD_158,HOOD_140,NEIGHBOURHOOD_140,DIVISION,geometry,ACCIDENT_YEAR
16074,16075,,2019-10-30,2015,39 HOWDEN  RD,,,Collector,Scarborough,Non Intersection,No Control,Rain,"Dark, artificial",Wet,Fatal,Pedestrian Collisions,Driver,25 to 29,,,North,"Automobile, Station Wagon",Going Ahead,Driving Properly,Normal,,,,,,,Yes,,Yes,,,,,,,,,,,119,Wexford/Maryvale,119,Wexford/Maryvale (119),D41,"{""coordinates"": [[-79.2894780002997, 43.7504720000729]], ""type"": ""MultiPoint""}",2019
16075,16076,,2019-11-01,1825,SPADINA RD,MACPHERSON AVE,,Minor Arterial,Etobicoke York,At Intersection,Stop Sign,Clear,Dusk,Dry,Non-Fatal Injury,Pedestrian Collisions,Driver,25 to 29,,,East,"Automobile, Station Wagon",Going Ahead,Disobeyed Traffic Control,Normal,,,,,,,Yes,,Yes,,,,,,,Yes,,,,96,Casa Loma,96,Casa Loma (96),D53,"{""coordinates"": [[-79.4074589995349, 43.6758640000218]], ""type"": ""MultiPoint""}",2019
16076,16077,,2019-11-01,1825,SPADINA RD,MACPHERSON AVE,,Minor Arterial,Etobicoke York,At Intersection,Stop Sign,Clear,Dusk,Dry,Non-Fatal Injury,Pedestrian Collisions,Pedestrian,45 to 49,Major,,South,,,,,Vehicle is going straight thru inter.while ped cross with ROW,Crossing with right of way,Normal,,,,Yes,,Yes,,,,,,,Yes,,,,96,Casa Loma,96,Casa Loma (96),D53,"{""coordinates"": [[-79.4074589995349, 43.6758640000218]], ""type"": ""MultiPoint""}",2019
16077,16078,,2019-11-01,1941,GERRARD ST E,JONES AVE,,Minor Arterial,Toronto and East York,At Intersection,Traffic Signal,Clear,"Dark, artificial",Dry,Non-Fatal Injury,Cyclist Collisions,Cyclist,40 to 44,Major,,South,Bicycle,Going Ahead,,,,,,"Cyclist without ROW rides into path of motorist at inter, lnwy, dwy-Cyclist not turn.",Disobeyed Traffic Control,Unknown,,Yes,Yes,,,,,Yes,,,,,,70,South Riverdale,70,South Riverdale (70),D55,"{""coordinates"": [[-79.3355670003026, 43.6691769997317]], ""type"": ""MultiPoint""}",2019
16078,16079,,2019-11-01,1941,GERRARD ST E,JONES AVE,,Minor Arterial,Toronto and East York,At Intersection,Traffic Signal,Clear,"Dark, artificial",Dry,Non-Fatal Injury,Cyclist Collisions,Driver,35 to 39,,,East,"Automobile, Station Wagon",Going Ahead,Driving Properly,Unknown,,,,,,,,Yes,Yes,,,,,Yes,,,,,,70,South Riverdale,70,South Riverdale (70),D55,"{""coordinates"": [[-79.3355670003026, 43.6691769997317]], ""type"": ""MultiPoint""}",2019
16079,16080,,2019-11-01,1941,GERRARD ST E,JONES AVE,,Minor Arterial,Toronto and East York,At Intersection,Traffic Signal,Clear,"Dark, artificial",Dry,Non-Fatal Injury,Cyclist Collisions,Passenger,60 to 64,,,,,,,,,,,,,,,Yes,Yes,,,,,Yes,,,,,,70,South Riverdale,70,South Riverdale (70),D55,"{""coordinates"": [[-79.3355670003026, 43.6691769997317]], ""type"": ""MultiPoint""}",2019
16080,16081,,2019-11-01,1941,GERRARD ST E,JONES AVE,,Minor Arterial,Toronto and East York,At Intersection,Traffic Signal,Clear,"Dark, artificial",Dry,Non-Fatal Injury,Cyclist Collisions,Passenger,20 to 24,,,,,,,,,,,,,,,Yes,Yes,,,,,Yes,,,,,,70,South Riverdale,70,South Riverdale (70),D55,"{""coordinates"": [[-79.3355670003026, 43.6691769997317]], ""type"": ""MultiPoint""}",2019
16081,16082,,2019-11-03,618,DUFFERIN ST,MARTIN ST,93 m North o,Major Arterial,Toronto and East York,Non Intersection,No Control,Clear,Daylight,Dry,Non-Fatal Injury,SMV Unattended Vehicle,Other,unknown,,,North,Pick Up Truck,Parked,,,,,,,,,,,Yes,,,,,,,Yes,,,,107,Oakwood Village,107,Oakwood Village (107),D13,"{""coordinates"": [[-79.4477109998016, 43.689546999766]], ""type"": ""MultiPoint""}",2019
16082,16083,,2019-11-03,618,DUFFERIN ST,MARTIN ST,93 m North o,Major Arterial,Toronto and East York,Non Intersection,No Control,Clear,Daylight,Dry,Non-Fatal Injury,SMV Unattended Vehicle,Driver,70 to 74,Major,,North,"Automobile, Station Wagon",Going Ahead,Lost control,Normal,,,,,,,,,Yes,,,,,,,Yes,,,,107,Oakwood Village,107,Oakwood Village (107),D13,"{""coordinates"": [[-79.4477109998016, 43.689546999766]], ""type"": ""MultiPoint""}",2019
16083,16084,,2019-11-04,720,GLENMOUNT AVE,SHELBORNE AVE,,Collector,North York,At Intersection,Stop Sign,Rain,Daylight,Wet,Non-Fatal Injury,Pedestrian Collisions,Driver,65 to 69,,,East,Passenger Van,Turning Left,Failed to Yield Right of Way,Other,,,,,,,Yes,,Yes,,,,,,,Yes,,,,32,Englemount-Lawrence,32,Englemount-Lawrence (32),D13,"{""coordinates"": [[-79.4316900004665, 43.7153039997023]], ""type"": ""MultiPoint""}",2019
16084,16085,,2019-11-04,720,GLENMOUNT AVE,SHELBORNE AVE,,Collector,North York,At Intersection,Stop Sign,Rain,Daylight,Wet,Non-Fatal Injury,Pedestrian Collisions,Pedestrian,55 to 59,Major,,West,,,,,Vehicle turns left while ped crosses with ROW at inter.,Crossing with right of way,Other,,,,Yes,,Yes,,,,,,,Yes,,,,32,Englemount-Lawrence,32,Englemount-Lawrence (32),D13,"{""coordinates"": [[-79.4316900004665, 43.7153039997023]], ""type"": ""MultiPoint""}",2019
16085,16086,,2019-11-06,1732,FRONT ST W,WINDSOR ST,28 m East of,Minor Arterial,Toronto and East York,At/Near Private Drive,No Control,Clear,"Dark, artificial",Wet,Non-Fatal Injury,Cyclist Collisions,Driver,40 to 44,,,South,"Automobile, Station Wagon",Turning Left,Failed to Yield Right of Way,Inattentive,,,,,,,,Yes,Yes,,,,,,,Yes,,,,165,Harbourfront-CityPlace,77,Waterfront Communities-The Island (77),D52,"{""coordinates"": [[-79.3899490003015, 43.6436299997088]], ""type"": ""MultiPoint""}",2019
16086,16087,,2019-11-06,1732,FRONT ST W,WINDSOR ST,28 m East of,Minor Arterial,Toronto and East York,At/Near Private Drive,No Control,Clear,"Dark, artificial",Wet,Non-Fatal Injury,Cyclist Collisions,Cyclist,50 to 54,Major,,West,Bicycle,Going Ahead,,,,,,Motorist turned left across cyclists path.,Driving Properly,Normal,,Yes,Yes,,,,,,,Yes,,,,165,Harbourfront-CityPlace,77,Waterfront Communities-The Island (77),D52,"{""coordinates"": [[-79.3899490003015, 43.6436299997088]], ""type"": ""MultiPoint""}",2019
16087,16088,,2019-11-07,710,DON MILLS RD W,GOODVIEW RD,168 m South ,Major Arterial,North York,At/Near Private Drive,No Control,Clear,"Dawn, artificial",Wet,Non-Fatal Injury,Cyclist Collisions,Cyclist,75 to 79,Major,,South,Bicycle,Changing Lanes,,,,,,Cyclist and Driver travelling in same direction. One vehicle sideswipes the other.,Improper Lane Change,Inattentive,,Yes,Yes,,,,,,,,,,,47,Don Valley Village,47,Don Valley Village (47),D33,"{""coordinates"": [[-79.352335999929, 43.7825909997381]], ""type"": ""MultiPoint""}",2019
16088,16089,,2019-11-07,710,DON MILLS RD W,GOODVIEW RD,168 m South ,Major Arterial,North York,At/Near Private Drive,No Control,Clear,"Dawn, artificial",Wet,Non-Fatal Injury,Cyclist Collisions,Driver,35 to 39,,,South,"Automobile, Station Wagon",Going Ahead,Driving Properly,Normal,,,,,,,,Yes,Yes,,,,,,,,,,,47,Don Valley Village,47,Don Valley Village (47),D33,"{""coordinates"": [[-79.352335999929, 43.7825909997381]], ""type"": ""MultiPoint""}",2019
16089,16090,,2019-11-08,558,STEELES AVE E,SILVER STAR BLVD,10 m South o,Major Arterial,Scarborough,At Intersection,Traffic Signal,Clear,"Dark, artificial",Dry,Non-Fatal Injury,Angle,Driver,60 to 64,,,South,"Automobile, Station Wagon",Going Ahead,Disobeyed Traffic Control,Normal,,,,,,,,,Yes,,,,,Yes,,Yes,Yes,,,130,Milliken,130,Milliken (130),D42,"{""coordinates"": [[-79.3000370000991, 43.8252470000104]], ""type"": ""MultiPoint""}",2019
16090,16091,,2019-11-08,558,STEELES AVE E,SILVER STAR BLVD,10 m South o,Major Arterial,Scarborough,At Intersection,Traffic Signal,Clear,"Dark, artificial",Dry,Non-Fatal Injury,Angle,Driver,55 to 59,,,West,Passenger Van,Going Ahead,Driving Properly,Normal,,,,,,,,,Yes,,,,,Yes,,Yes,Yes,,,130,Milliken,130,Milliken (130),D42,"{""coordinates"": [[-79.3000370000991, 43.8252470000104]], ""type"": ""MultiPoint""}",2019
16091,16092,,2019-11-08,558,STEELES AVE E,SILVER STAR BLVD,10 m South o,Major Arterial,Scarborough,At Intersection,Traffic Signal,Clear,"Dark, artificial",Dry,Non-Fatal Injury,Angle,Driver,55 to 59,,,West,"Automobile, Station Wagon",Going Ahead,Driving Properly,Normal,,,,,,,,,Yes,,,,,Yes,,Yes,Yes,,,130,Milliken,130,Milliken (130),D42,"{""coordinates"": [[-79.3000370000991, 43.8252470000104]], ""type"": ""MultiPoint""}",2019
16092,16093,,2019-11-08,558,STEELES AVE E,SILVER STAR BLVD,10 m South o,Major Arterial,Scarborough,At Intersection,Traffic Signal,Clear,"Dark, artificial",Dry,Non-Fatal Injury,Angle,Passenger,50 to 54,Major,,,,,,,,,,,,,,,Yes,,,,,Yes,,Yes,Yes,,,130,Milliken,130,Milliken (130),D42,"{""coordinates"": [[-79.3000370000991, 43.8252470000104]], ""type"": ""MultiPoint""}",2019
16093,16094,,2019-11-08,558,STEELES AVE E,SILVER STAR BLVD,10 m South o,Major Arterial,Scarborough,At Intersection,Traffic Signal,Clear,"Dark, artificial",Dry,Non-Fatal Injury,Angle,Passenger,45 to 49,Major,,,,,,,,,,,,,,,Yes,,,,,Yes,,Yes,Yes,,,130,Milliken,130,Milliken (130),D42,"{""coordinates"": [[-79.3000370000991, 43.8252470000104]], ""type"": ""MultiPoint""}",2019
16094,16095,,2019-11-10,1445,OLD WESTON RD,ROGERS RD,40 m South o,Minor Arterial,Etobicoke York,At/Near Private Drive,No Control,Clear,Daylight,Dry,Non-Fatal Injury,Turning Movement,Driver,40 to 44,,,East,Passenger Van,Turning Left,Failed to Yield Right of Way,Inattentive,,,,,,,,,Yes,Yes,,,,Yes,,Yes,,,,110,Keelesdale-Eglinton West,110,Keelesdale-Eglinton West (110),D12,"{""coordinates"": [[-79.4672960005583, 43.6813760002916]], ""type"": ""MultiPoint""}",2019
16095,16096,,2019-11-10,1445,OLD WESTON RD,ROGERS RD,40 m South o,Minor Arterial,Etobicoke York,At/Near Private Drive,No Control,Clear,Daylight,Dry,Non-Fatal Injury,Turning Movement,Motorcycle Driver,45 to 49,Major,,South,Motorcycle,Going Ahead,Driving Properly,Normal,,,,,,,,,Yes,Yes,,,,Yes,,Yes,,,,110,Keelesdale-Eglinton West,110,Keelesdale-Eglinton West (110),D12,"{""coordinates"": [[-79.4672960005583, 43.6813760002916]], ""type"": ""MultiPoint""}",2019
16096,16097,,2019-11-10,1445,OLD WESTON RD,ROGERS RD,40 m South o,Minor Arterial,Etobicoke York,At/Near Private Drive,No Control,Clear,Daylight,Dry,Non-Fatal Injury,Turning Movement,Passenger,35 to 39,,,,,,,,,,,,,,,,Yes,Yes,,,,Yes,,Yes,,,,110,Keelesdale-Eglinton West,110,Keelesdale-Eglinton West (110),D12,"{""coordinates"": [[-79.4672960005583, 43.6813760002916]], ""type"": ""MultiPoint""}",2019
16097,16098,,2019-11-10,1445,OLD WESTON RD,ROGERS RD,40 m South o,Minor Arterial,Etobicoke York,At/Near Private Drive,No Control,Clear,Daylight,Dry,Non-Fatal Injury,Turning Movement,Passenger,5 to 9,,,,,,,,,,,,,,,,Yes,Yes,,,,Yes,,Yes,,,,110,Keelesdale-Eglinton West,110,Keelesdale-Eglinton West (110),D12,"{""coordinates"": [[-79.4672960005583, 43.6813760002916]], ""type"": ""MultiPoint""}",2019
16098,16099,,2019-11-10,1445,OLD WESTON RD,ROGERS RD,40 m South o,Minor Arterial,Etobicoke York,At/Near Private Drive,No Control,Clear,Daylight,Dry,Non-Fatal Injury,Turning Movement,Passenger,5 to 9,,,,,,,,,,,,,,,,Yes,Yes,,,,Yes,,Yes,,,,110,Keelesdale-Eglinton West,110,Keelesdale-Eglinton West (110),D12,"{""coordinates"": [[-79.4672960005583, 43.6813760002916]], ""type"": ""MultiPoint""}",2019
16099,16100,,2019-11-13,943,960 LAWRENCE AVE W,,9 m South of,Major Arterial,North York,Non Intersection,No Control,Clear,Daylight,Dry,Fatal,Angle,Driver,65 to 69,Fatal,55.0,South,"Automobile, Station Wagon",Going Ahead,Failed to Yield Right of Way,Inattentive,,,,,,,,,Yes,,,,,,,Yes,,,,31,Yorkdale-Glen Park,31,Yorkdale-Glen Park (31),D13,"{""coordinates"": [[-79.4576219997314, 43.7133700002867]], ""type"": ""MultiPoint""}",2019
16100,16101,,2019-11-13,943,960 LAWRENCE AVE W,,9 m South of,Major Arterial,North York,Non Intersection,No Control,Clear,Daylight,Dry,Fatal,Angle,Driver,40 to 44,,,East,Pick Up Truck,Going Ahead,Driving Properly,Normal,,,,,,,,,Yes,,,,,,,Yes,,,,31,Yorkdale-Glen Park,31,Yorkdale-Glen Park (31),D13,"{""coordinates"": [[-79.4576219997314, 43.7133700002867]], ""type"": ""MultiPoint""}",2019
16101,16102,,2019-11-13,1051,KEELE ST,LAWRENCE AVE W,,Major Arterial,Etobicoke York,At Intersection,Traffic Signal,Snow,Daylight,Wet,Fatal,Pedestrian Collisions,Truck Driver,60 to 64,,,East,Truck - Tank,Turning Right,Failed to Yield Right of Way,Inattentive,,,,,,,Yes,,,,Yes,,,,,Yes,,,,30,Brookhaven-Amesbury,30,Brookhaven-Amesbury (30),D12,"{""coordinates"": [[-79.478022999946, 43.7085860002373]], ""type"": ""MultiPoint""}",2019
16102,16103,,2019-11-13,1051,KEELE ST,LAWRENCE AVE W,,Major Arterial,Etobicoke York,At Intersection,Traffic Signal,Snow,Daylight,Wet,Fatal,Pedestrian Collisions,Pedestrian,20 to 24,Fatal,58.0,East,,,,,Vehicle turns right while ped crosses with ROW at inter.,Crossing with right of way,Normal,,,,Yes,,,,Yes,,,,,Yes,,,,30,Brookhaven-Amesbury,30,Brookhaven-Amesbury (30),D12,"{""coordinates"": [[-79.478022999946, 43.7085860002373]], ""type"": ""MultiPoint""}",2019
16103,16104,,2019-11-16,1515,QUEEN ST W,BAY ST,36 m East of,Major Arterial,North York,Non Intersection,No Control,Clear,Daylight,Dry,Non-Fatal Injury,Pedestrian Collisions,Driver,unknown,,,West,"Automobile, Station Wagon",Going Ahead,Failed to Yield Right of Way,Unknown,,,,,,,Yes,,Yes,,,,,,,Yes,,,,170,Yonge-Bay Corridor,76,Bay Street Corridor (76),D52,"{""coordinates"": [[-79.3810760004417, 43.6519649997041]], ""type"": ""MultiPoint""}",2019
16104,16105,,2019-11-16,1515,QUEEN ST W,BAY ST,36 m East of,Major Arterial,North York,Non Intersection,No Control,Clear,Daylight,Dry,Non-Fatal Injury,Pedestrian Collisions,Pedestrian,50 to 54,Major,,Unknown,,,,,Pedestrian hit at mid-block,Person Getting on/off Vehicle,Normal,,,,Yes,,Yes,,,,,,,Yes,,,,170,Yonge-Bay Corridor,76,Bay Street Corridor (76),D52,"{""coordinates"": [[-79.3810760004417, 43.6519649997041]], ""type"": ""MultiPoint""}",2019
16105,16106,,2019-11-18,1830,MIDLAND AVE,DUXBURY DR,,Major Arterial,Etobicoke York,At Intersection,No Control,Rain,"Dark, artificial",Wet,Non-Fatal Injury,Pedestrian Collisions,Driver,unknown,,,North,"Automobile, Station Wagon",Going Ahead,Other,Unknown,,,,,,,Yes,,Yes,,,,,Yes,,,,,,130,Milliken,130,Milliken (130),D42,"{""coordinates"": [[-79.2964890005879, 43.8241829996163]], ""type"": ""MultiPoint""}",2019
16106,16107,,2019-11-18,1830,MIDLAND AVE,DUXBURY DR,,Major Arterial,Etobicoke York,At Intersection,No Control,Rain,"Dark, artificial",Wet,Non-Fatal Injury,Pedestrian Collisions,Driver,35 to 39,,,North,"Automobile, Station Wagon",Going Ahead,Driving Properly,Normal,,,,,,,Yes,,Yes,,,,,Yes,,,,,,130,Milliken,130,Milliken (130),D42,"{""coordinates"": [[-79.2964890005879, 43.8241829996163]], ""type"": ""MultiPoint""}",2019
16107,16108,,2019-11-18,1830,MIDLAND AVE,DUXBURY DR,,Major Arterial,Etobicoke York,At Intersection,No Control,Rain,"Dark, artificial",Wet,Non-Fatal Injury,Pedestrian Collisions,Pedestrian,45 to 49,Major,,East,,,,,Vehicle is going straight thru inter.while ped cross with ROW,"Crossing, no Traffic Control",Normal,,,,Yes,,Yes,,,,,Yes,,,,,,130,Milliken,130,Milliken (130),D42,"{""coordinates"": [[-79.2964890005879, 43.8241829996163]], ""type"": ""MultiPoint""}",2019
16108,16109,,2019-11-18,1830,MIDLAND AVE,DUXBURY DR,,Major Arterial,Etobicoke York,At Intersection,No Control,Rain,"Dark, artificial",Wet,Non-Fatal Injury,Pedestrian Collisions,Passenger,5 to 9,,,,,,,,,,,,,,Yes,,Yes,,,,,Yes,,,,,,130,Milliken,130,Milliken (130),D42,"{""coordinates"": [[-79.2964890005879, 43.8241829996163]], ""type"": ""MultiPoint""}",2019
16109,16110,,2019-11-18,1830,MIDLAND AVE,DUXBURY DR,,Major Arterial,Etobicoke York,At Intersection,No Control,Rain,"Dark, artificial",Wet,Non-Fatal Injury,Pedestrian Collisions,Passenger,0 to 4,,,,,,,,,,,,,,Yes,,Yes,,,,,Yes,,,,,,130,Milliken,130,Milliken (130),D42,"{""coordinates"": [[-79.2964890005879, 43.8241829996163]], ""type"": ""MultiPoint""}",2019
16110,16111,,2019-11-20,951,WARDEN AVE,BOEM AVE,,Major Arterial,Scarborough,At Intersection,No Control,Clear,Daylight,Dry,Non-Fatal Injury,Turning Movement,Driver,80 to 84,Minimal,,North,"Automobile, Station Wagon",Turning Left,Failed to Yield Right of Way,Normal,,,,,,,,,Yes,,,,,,,Yes,,,,119,Wexford/Maryvale,119,Wexford/Maryvale (119),D41,"{""coordinates"": [[-79.2959699996876, 43.7483739998033]], ""type"": ""MultiPoint""}",2019
16111,16112,,2019-11-20,951,WARDEN AVE,BOEM AVE,,Major Arterial,Scarborough,At Intersection,No Control,Clear,Daylight,Dry,Non-Fatal Injury,Turning Movement,Driver,20 to 24,Major,,South,"Automobile, Station Wagon",Going Ahead,Driving Properly,Normal,,,,,,,,,Yes,,,,,,,Yes,,,,119,Wexford/Maryvale,119,Wexford/Maryvale (119),D41,"{""coordinates"": [[-79.2959699996876, 43.7483739998033]], ""type"": ""MultiPoint""}",2019
16112,16113,,2019-11-21,1340,MCCOWAN RD,SANDHURST CRCL,,Major Arterial,Scarborough,At Intersection,Traffic Signal,Clear,Daylight,Wet,Fatal,Cyclist Collisions,Cyclist,65 to 69,Fatal,57.0,South,Bicycle,,,,,,,"Cyclist without ROW rides into path of motorist at inter, lnwy, dwy-Cyclist not turn.",Disobeyed Traffic Control,Normal,,Yes,Yes,,,,,,,,,,,129,Agincourt North,129,Agincourt North (129),D42,"{""coordinates"": [[-79.2691829994719, 43.8115449999544]], ""type"": ""MultiPoint""}",2019
16113,16114,,2019-11-21,1340,MCCOWAN RD,SANDHURST CRCL,,Major Arterial,Scarborough,At Intersection,Traffic Signal,Clear,Daylight,Wet,Fatal,Cyclist Collisions,Driver,80 to 84,,,South,"Automobile, Station Wagon",Turning Right,Driving Properly,Unknown,,,,,,,,Yes,Yes,,,,,,,,,,,129,Agincourt North,129,Agincourt North (129),D42,"{""coordinates"": [[-79.2691829994719, 43.8115449999544]], ""type"": ""MultiPoint""}",2019
16114,16115,,2019-11-21,1800,EGLINTON AVE W,GUESTVILLE AVE,,Major Arterial,Etobicoke York,At Intersection,No Control,Rain,"Dark, artificial",Wet,Non-Fatal Injury,Pedestrian Collisions,Driver,35 to 39,,,West,"Automobile, Station Wagon",Turning Left,Failed to Yield Right of Way,Normal,,,,,,,Yes,,Yes,,,,,,,Yes,,,,115,Mount Dennis,115,Mount Dennis (115),D12,"{""coordinates"": [[-79.4906190002738, 43.6866560001475]], ""type"": ""MultiPoint""}",2019
16115,16116,,2019-11-21,1800,EGLINTON AVE W,GUESTVILLE AVE,,Major Arterial,Etobicoke York,At Intersection,No Control,Rain,"Dark, artificial",Wet,Non-Fatal Injury,Pedestrian Collisions,Pedestrian,15 to 19,Major,,West,,,,,Vehicle turns left while ped crosses with ROW at inter.,Crossing with right of way,Normal,,,,Yes,,Yes,,,,,,,Yes,,,,115,Mount Dennis,115,Mount Dennis (115),D12,"{""coordinates"": [[-79.4906190002738, 43.6866560001475]], ""type"": ""MultiPoint""}",2019
16116,16117,,2019-11-22,1352,LAWRENCE AVE W,ROSEWELL AVE,,Major Arterial,North York,Intersection Related,No Control,Clear,Daylight,Dry,Fatal,Pedestrian Collisions,Driver,50 to 54,,,East,"Automobile, Station Wagon",Going Ahead,Driving Properly,Normal,,,,,,,Yes,,Yes,,,,,,,,,,,103,Lawrence Park South,103,Lawrence Park South (103),D53,"{""coordinates"": [[-79.4141649998356, 43.7224950003078]], ""type"": ""MultiPoint""}",2019
16117,16118,,2019-11-22,1352,LAWRENCE AVE W,ROSEWELL AVE,,Major Arterial,North York,Intersection Related,No Control,Clear,Daylight,Dry,Fatal,Pedestrian Collisions,Pedestrian,90 to 94,Fatal,53.0,North,,,,,Vehicle is going straight thru inter.while ped cross without ROW,"Crossing, no Traffic Control",Inattentive,,,,Yes,,Yes,,,,,,,,,,,103,Lawrence Park South,103,Lawrence Park South (103),D53,"{""coordinates"": [[-79.4141649998356, 43.7224950003078]], ""type"": ""MultiPoint""}",2019
16118,16119,,2019-11-22,2135,PHARMACY AVE,SURREY AVE,,Minor Arterial,Scarborough,At Intersection,Traffic Signal,Clear,"Dark, artificial",Dry,Non-Fatal Injury,Pedestrian Collisions,Driver,unknown,,,West,"Automobile, Station Wagon",Turning Left,Failed to Yield Right of Way,Unknown,,,,,,,Yes,,Yes,,,,,,,Yes,,,,119,Wexford/Maryvale,119,Wexford/Maryvale (119),D41,"{""coordinates"": [[-79.3022419996558, 43.7373420003063]], ""type"": ""MultiPoint""}",2019
16119,16120,,2019-11-22,2135,PHARMACY AVE,SURREY AVE,,Minor Arterial,Scarborough,At Intersection,Traffic Signal,Clear,"Dark, artificial",Dry,Non-Fatal Injury,Pedestrian Collisions,Pedestrian,35 to 39,Major,,West,,,,,Vehicle turns left while ped crosses with ROW at inter.,Crossing with right of way,Normal,,,,Yes,,Yes,,,,,,,Yes,,,,119,Wexford/Maryvale,119,Wexford/Maryvale (119),D41,"{""coordinates"": [[-79.3022419996558, 43.7373420003063]], ""type"": ""MultiPoint""}",2019
16120,16121,,2019-11-22,2200,STEELES AVE W,JANE ST,,Major Arterial,North York,At Intersection,Traffic Signal,Clear,Dark,Dry,Non-Fatal Injury,Pedestrian Collisions,Driver,65 to 69,,,West,"Automobile, Station Wagon",Going Ahead,Other,Unknown,,,,,,,Yes,,Yes,,,,,,,,,,,24,Black Creek,24,Black Creek (24),D31,"{""coordinates"": [[-79.5216930000732, 43.7754010004127]], ""type"": ""MultiPoint""}",2019
16121,16122,,2019-11-22,2200,STEELES AVE W,JANE ST,,Major Arterial,North York,At Intersection,Traffic Signal,Clear,Dark,Dry,Non-Fatal Injury,Pedestrian Collisions,Pedestrian,35 to 39,Major,,South,,,,,Other / Undefined,Other,Other,,,,Yes,,Yes,,,,,,,,,,,24,Black Creek,24,Black Creek (24),D31,"{""coordinates"": [[-79.5216930000732, 43.7754010004127]], ""type"": ""MultiPoint""}",2019
16122,16123,,2019-11-22,2321,ST CLAIR AVE W,CHRISTIE ST,,Major Arterial,,Intersection Related,Traffic Signal,Clear,"Dark, artificial",Dry,Fatal,Pedestrian Collisions,Driver,unknown,,,West,"Automobile, Station Wagon",Going Ahead,Driving Properly,Unknown,,,,,,,Yes,,Yes,,,,,,,,,,,94,Wychwood,94,Wychwood (94),D13,"{""coordinates"": [[-79.4256780003568, 43.6816390000952]], ""type"": ""MultiPoint""}",2019
16123,16124,,2019-11-22,2321,ST CLAIR AVE W,CHRISTIE ST,,Major Arterial,,Intersection Related,Traffic Signal,Clear,"Dark, artificial",Dry,Fatal,Pedestrian Collisions,Pedestrian,80 to 84,Fatal,54.0,South,,,,,Vehicle is going straight thru inter.while ped cross without ROW,Crossing without right of way,Inattentive,,,,Yes,,Yes,,,,,,,,,,,94,Wychwood,94,Wychwood (94),D13,"{""coordinates"": [[-79.4256780003568, 43.6816390000952]], ""type"": ""MultiPoint""}",2019
16124,16125,,2019-11-23,1245,KENNEDY RD,BRIGSTOCK RD,8 m South of,Major Arterial,Scarborough,At Intersection,No Control,Clear,Daylight,Dry,Non-Fatal Injury,Turning Movement,Driver,65 to 69,,,South,"Automobile, Station Wagon",Turning Left,Failed to Yield Right of Way,Inattentive,,,,,,,,,Yes,Yes,,,,Yes,,Yes,,,,126,Dorset Park,126,Dorset Park (126),D41,"{""coordinates"": [[-79.2794220000111, 43.7612250003496]], ""type"": ""MultiPoint""}",2019
16125,16126,,2019-11-23,1245,KENNEDY RD,BRIGSTOCK RD,8 m South of,Major Arterial,Scarborough,At Intersection,No Control,Clear,Daylight,Dry,Non-Fatal Injury,Turning Movement,Motorcycle Driver,20 to 24,Major,,North,Motorcycle,Going Ahead,Driving Properly,Normal,,,,,,,,,Yes,Yes,,,,Yes,,Yes,,,,126,Dorset Park,126,Dorset Park (126),D41,"{""coordinates"": [[-79.2794220000111, 43.7612250003496]], ""type"": ""MultiPoint""}",2019
16126,16127,,2019-11-23,1245,KENNEDY RD,BRIGSTOCK RD,8 m South of,Major Arterial,Scarborough,At Intersection,No Control,Clear,Daylight,Dry,Non-Fatal Injury,Turning Movement,Passenger,25 to 29,,,,,,,,,,,,,,,,Yes,Yes,,,,Yes,,Yes,,,,126,Dorset Park,126,Dorset Park (126),D41,"{""coordinates"": [[-79.2794220000111, 43.7612250003496]], ""type"": ""MultiPoint""}",2019
16127,16128,,2019-11-23,1714,1841 WILSON AVE,,,Major Arterial,Etobicoke York,At/Near Private Drive,No Control,Clear,Dusk,Dry,Non-Fatal Injury,Cyclist Collisions,Driver,unknown,,,East,Passenger Van,Turning Right,Failed to Yield Right of Way,Unknown,,,,,,,,Yes,Yes,,,,,,,Yes,,,,154,Oakdale-Beverley Heights,26,Downsview-Roding-CFB (26),D31,"{""coordinates"": [[-79.5240279999643, 43.7174100002846]], ""type"": ""MultiPoint""}",2019
16128,16129,,2019-11-23,1714,1841 WILSON AVE,,,Major Arterial,Etobicoke York,At/Near Private Drive,No Control,Clear,Dusk,Dry,Non-Fatal Injury,Cyclist Collisions,Cyclist,30 to 34,Major,,East,Bicycle,Going Ahead,,,,,,"Motorist turns right at non-signal Inter.(stop, yield, no cont.,and dwy) and strikes cyclist.",Driving Properly,Normal,,Yes,Yes,,,,,,,Yes,,,,154,Oakdale-Beverley Heights,26,Downsview-Roding-CFB (26),D31,"{""coordinates"": [[-79.5240279999643, 43.7174100002846]], ""type"": ""MultiPoint""}",2019