index,_id,ACCNUM,DATE,TIME,STREET1,STREET2,OFFSET,ROAD_CLASS,DISTRICT,ACCLOC,TRAFFCTL,VISIBILITY,LIGHT,RDSFCOND,ACCLASS,IMPACTYPE,INVTYPE,INVAGE,INJURY,FATAL_NO,INITDIR,VEHTYPE,MANOEUVER,DRIVACT,DRIVCOND,PEDTYPE,PEDACT,PEDCOND,CYCLISTYPE,CYCACT,CYCCOND,PEDESTRIAN,CYCLIST,AUTOMOBILE,MOTORCYCLE,TRUCK,TRSN_CITY_VEH,EMERG_VEH,PASSENGER,SPEEDING,AG_DRIV,REDLIGHT,ALCOHOL,DISABILITY,HOOD_158,NEIGHBOURHOOD_158,HOOD_140,NEIGHBOURHOOD_140,DIVISION,geometry,ACCIDENT_YEAR
16290,16291,202070.0,2020-01-29,1634,LAWRENCE AVE E,DON MILLS RD,,Major Arterial,North York,Non Intersection,No Control,Clear,Daylight,Dry,Fatal,Pedestrian Collisions,Driver,25 to 29,Minimal,,West,"Automobile, Station Wagon",Going Ahead,Driving Properly,Inattentive,,,,,,,Yes,,Yes,,,,,,,,,,,42,Banbury-Don Mills,42,Banbury-Don Mills (42),D33,"{""coordinates"": [[-79.3445620001807, 43.7368529996477]], ""type"": ""MultiPoint""}",2020
16291,16292,212688.0,2020-01-31,415,SHEPPARD AVE W,WILLIAM R ALLEN RD,,Major Arterial,North York,At Intersection,Traffic Signal,Clear,"Dark, artificial",Dry,Non-Fatal Injury,Pedestrian Collisions,Truck Driver,25 to 29,,,East,Truck - Tank,Turning Right,Driving Properly,Normal,,,,,,,Yes,,,,Yes,,,,,,,,,155,Downsview,26,Downsview-Roding-CFB (26),D32,"{""coordinates"": [[-79.4633439996719, 43.7501780003524]], ""type"": ""MultiPoint""}",2020
16292,16293,212688.0,2020-01-31,415,SHEPPARD AVE W,WILLIAM R ALLEN RD,,Major Arterial,North York,At Intersection,Traffic Signal,Clear,"Dark, artificial",Dry,Non-Fatal Injury,Pedestrian Collisions,Pedestrian,35 to 39,Major,,South,,,,,Other / Undefined,Other,"Ability Impaired, Drugs",,,,Yes,,,,Yes,,,,,,,,,155,Downsview,26,Downsview-Roding-CFB (26),D32,"{""coordinates"": [[-79.4633439996719, 43.7501780003524]], ""type"": ""MultiPoint""}",2020
16293,16294,213617.0,2020-01-31,845,LAKE SHORE BLVD W,KIPLING AVE,50 m West of,Major Arterial,Etobicoke York,Non Intersection,No Control,Clear,Daylight,Dry,Non-Fatal Injury,Other,Driver,60 to 64,,,East,Street Car,Slowing or Stopping,Driving Properly,Normal,,,,,,,,,,,,Yes,,Yes,,,,,,18,New Toronto,18,New Toronto (18),D22,"{""coordinates"": [[-79.5174590003267, 43.5980099996307]], ""type"": ""MultiPoint""}",2020
16294,16295,213617.0,2020-01-31,845,LAKE SHORE BLVD W,KIPLING AVE,50 m West of,Major Arterial,Etobicoke York,Non Intersection,No Control,Clear,Daylight,Dry,Non-Fatal Injury,Other,Passenger,70 to 74,Major,,,,,,,,,,,,,,,,,,Yes,,Yes,,,,,,18,New Toronto,18,New Toronto (18),D22,"{""coordinates"": [[-79.5174590003267, 43.5980099996307]], ""type"": ""MultiPoint""}",2020
16295,16296,214205.0,2020-01-31,1014,DANFORTH AVE,PAPE AVE,9 m South of,Major Arterial,Toronto and East York,At Intersection,Traffic Signal,Clear,Daylight,Dry,Non-Fatal Injury,Pedestrian Collisions,Driver,40 to 44,,,East,"Automobile, Station Wagon",Slowing or Stopping,Failed to Yield Right of Way,Normal,,,,,,,Yes,,Yes,,,,,Yes,,Yes,,,,69,Blake-Jones,69,Blake-Jones (69),D55,"{""coordinates"": [[-79.3448060003203, 43.6788810001174]], ""type"": ""MultiPoint""}",2020
16296,16297,214205.0,2020-01-31,1014,DANFORTH AVE,PAPE AVE,9 m South of,Major Arterial,Toronto and East York,At Intersection,Traffic Signal,Clear,Daylight,Dry,Non-Fatal Injury,Pedestrian Collisions,Passenger,40 to 44,,,,,,,,,,,,,,Yes,,Yes,,,,,Yes,,Yes,,,,69,Blake-Jones,69,Blake-Jones (69),D55,"{""coordinates"": [[-79.3448060003203, 43.6788810001174]], ""type"": ""MultiPoint""}",2020
16297,16298,214205.0,2020-01-31,1014,DANFORTH AVE,PAPE AVE,9 m South of,Major Arterial,Toronto and East York,At Intersection,Traffic Signal,Clear,Daylight,Dry,Non-Fatal Injury,Pedestrian Collisions,Passenger,65 to 69,,,,,,,,,,,,,,Yes,,Yes,,,,,Yes,,Yes,,,,69,Blake-Jones,69,Blake-Jones (69),D55,"{""coordinates"": [[-79.3448060003203, 43.6788810001174]], ""type"": ""MultiPoint""}",2020
16298,16299,214205.0,2020-01-31,1014,DANFORTH AVE,PAPE AVE,9 m South of,Major Arterial,Toronto and East York,At Intersection,Traffic Signal,Clear,Daylight,Dry,Non-Fatal Injury,Pedestrian Collisions,Passenger,0 to 4,,,,,,,,,,,,,,Yes,,Yes,,,,,Yes,,Yes,,,,69,Blake-Jones,69,Blake-Jones (69),D55,"{""coordinates"": [[-79.3448060003203, 43.6788810001174]], ""type"": ""MultiPoint""}",2020
16299,16300,214205.0,2020-01-31,1014,DANFORTH AVE,PAPE AVE,9 m South of,Major Arterial,Toronto and East York,At Intersection,Traffic Signal,Clear,Daylight,Dry,Non-Fatal Injury,Pedestrian Collisions,Pedestrian,85 to 89,Major,,North,,,,,Vehicle is going straight thru inter.while ped cross with ROW,Crossing with right of way,Normal,,,,Yes,,Yes,,,,,Yes,,Yes,,,,69,Blake-Jones,69,Blake-Jones (69),D55,"{""coordinates"": [[-79.3448060003203, 43.6788810001174]], ""type"": ""MultiPoint""}",2020
16300,16301,220239.0,2020-02-01,231,YONGE ST,KING ST W,,Major Arterial,Toronto and East York,At Intersection,Traffic Signal,Clear,"Dark, artificial",Dry,Non-Fatal Injury,Pedestrian Collisions,Driver,35 to 39,Minimal,,South,"Automobile, Station Wagon",Going Ahead,Driving Properly,Inattentive,,,,,,,Yes,,Yes,,,,,,,,,,,168,Downtown Yonge East,75,Church-Yonge Corridor (75),D51,"{""coordinates"": [[-79.3778790001033, 43.6490770001011]], ""type"": ""MultiPoint""}",2020
16301,16302,220239.0,2020-02-01,231,YONGE ST,KING ST W,,Major Arterial,Toronto and East York,At Intersection,Traffic Signal,Clear,"Dark, artificial",Dry,Non-Fatal Injury,Pedestrian Collisions,Pedestrian,20 to 24,Major,,West,,,,,Vehicle is going straight thru inter.while ped cross without ROW,Crossing without right of way,"Ability Impaired, Alcohol",,,,Yes,,Yes,,,,,,,,,,,168,Downtown Yonge East,75,Church-Yonge Corridor (75),D51,"{""coordinates"": [[-79.3778790001033, 43.6490770001011]], ""type"": ""MultiPoint""}",2020
16302,16303,220521.0,2020-02-01,406,ST CLAIR AVE W,ATLAS AVE,23 m West of,Major Arterial,Toronto and East York,At Intersection,No Control,Clear,"Dark, artificial",Wet,Non-Fatal Injury,Rear End,Driver,20 to 24,Minimal,,West,"Automobile, Station Wagon",Going Ahead,Speed too Fast For Condition,"Ability Impaired, Alcohol",,,,,,,,,Yes,,,,,Yes,Yes,Yes,,Yes,,94,Wychwood,94,Wychwood (94),D13,"{""coordinates"": [[-79.4306980001757, 43.6805789998756]], ""type"": ""MultiPoint""}",2020
16303,16304,220521.0,2020-02-01,406,ST CLAIR AVE W,ATLAS AVE,23 m West of,Major Arterial,Toronto and East York,At Intersection,No Control,Clear,"Dark, artificial",Wet,Non-Fatal Injury,Rear End,Driver,35 to 39,Major,,West,"Automobile, Station Wagon",Going Ahead,Driving Properly,Normal,,,,,,,,,Yes,,,,,Yes,Yes,Yes,,Yes,,94,Wychwood,94,Wychwood (94),D13,"{""coordinates"": [[-79.4306980001757, 43.6805789998756]], ""type"": ""MultiPoint""}",2020
16304,16305,220521.0,2020-02-01,406,ST CLAIR AVE W,ATLAS AVE,23 m West of,Major Arterial,Toronto and East York,At Intersection,No Control,Clear,"Dark, artificial",Wet,Non-Fatal Injury,Rear End,Passenger,20 to 24,,,,,,,,,,,,,,,,Yes,,,,,Yes,Yes,Yes,,Yes,,94,Wychwood,94,Wychwood (94),D13,"{""coordinates"": [[-79.4306980001757, 43.6805789998756]], ""type"": ""MultiPoint""}",2020
16305,16306,231164.0,2020-02-02,1756,KEELE ST,GULLIVER RD,12 m South o,Major Arterial,Etobicoke York,Intersection Related,Traffic Signal,Clear,"Dark, artificial",Wet,Non-Fatal Injury,Approaching,Driver,50 to 54,Major,,South,"Automobile, Station Wagon",Going Ahead,Lost control,Medical or Physical Disability,,,,,,,,,Yes,,,,,,,,,,Yes,30,Brookhaven-Amesbury,30,Brookhaven-Amesbury (30),D12,"{""coordinates"": [[-79.4759019997688, 43.6992400000934]], ""type"": ""MultiPoint""}",2020
16306,16307,231164.0,2020-02-02,1756,KEELE ST,GULLIVER RD,12 m South o,Major Arterial,Etobicoke York,Intersection Related,Traffic Signal,Clear,"Dark, artificial",Wet,Non-Fatal Injury,Approaching,Driver,50 to 54,Minimal,,North,"Automobile, Station Wagon",Stopped,Driving Properly,Normal,,,,,,,,,Yes,,,,,,,,,,Yes,30,Brookhaven-Amesbury,30,Brookhaven-Amesbury (30),D12,"{""coordinates"": [[-79.4759019997688, 43.6992400000934]], ""type"": ""MultiPoint""}",2020
16307,16308,245690.0,2020-02-04,1541,PHARMACY AVE,DONSIDE DR,20 m South o,Minor Arterial,Scarborough,At Intersection,No Control,Clear,Daylight,Dry,Non-Fatal Injury,Approaching,Driver,20 to 24,Minimal,,North,"Automobile, Station Wagon",Going Ahead,Exceeding Speed Limit,Inattentive,,,,,,,,,Yes,,,,,Yes,Yes,Yes,,,,120,Clairlea-Birchmount,120,Clairlea-Birchmount (120),D41,"{""coordinates"": [[-79.2872499998403, 43.7013080003487]], ""type"": ""MultiPoint""}",2020
16308,16309,245690.0,2020-02-04,1541,PHARMACY AVE,DONSIDE DR,20 m South o,Minor Arterial,Scarborough,At Intersection,No Control,Clear,Daylight,Dry,Non-Fatal Injury,Approaching,Driver,50 to 54,Major,,South,"Automobile, Station Wagon",Going Ahead,Driving Properly,Normal,,,,,,,,,Yes,,,,,Yes,Yes,Yes,,,,120,Clairlea-Birchmount,120,Clairlea-Birchmount (120),D41,"{""coordinates"": [[-79.2872499998403, 43.7013080003487]], ""type"": ""MultiPoint""}",2020
16309,16310,245690.0,2020-02-04,1541,PHARMACY AVE,DONSIDE DR,20 m South o,Minor Arterial,Scarborough,At Intersection,No Control,Clear,Daylight,Dry,Non-Fatal Injury,Approaching,Driver,25 to 29,,,South,"Automobile, Station Wagon",Going Ahead,Driving Properly,Normal,,,,,,,,,Yes,,,,,Yes,Yes,Yes,,,,120,Clairlea-Birchmount,120,Clairlea-Birchmount (120),D41,"{""coordinates"": [[-79.2872499998403, 43.7013080003487]], ""type"": ""MultiPoint""}",2020
16310,16311,245690.0,2020-02-04,1541,PHARMACY AVE,DONSIDE DR,20 m South o,Minor Arterial,Scarborough,At Intersection,No Control,Clear,Daylight,Dry,Non-Fatal Injury,Approaching,Passenger,15 to 19,Minor,,,,,,,,,,,,,,,Yes,,,,,Yes,Yes,Yes,,,,120,Clairlea-Birchmount,120,Clairlea-Birchmount (120),D41,"{""coordinates"": [[-79.2872499998403, 43.7013080003487]], ""type"": ""MultiPoint""}",2020
16311,16312,245690.0,2020-02-04,1541,PHARMACY AVE,DONSIDE DR,20 m South o,Minor Arterial,Scarborough,At Intersection,No Control,Clear,Daylight,Dry,Non-Fatal Injury,Approaching,Passenger,15 to 19,Major,,,,,,,,,,,,,,,Yes,,,,,Yes,Yes,Yes,,,,120,Clairlea-Birchmount,120,Clairlea-Birchmount (120),D41,"{""coordinates"": [[-79.2872499998403, 43.7013080003487]], ""type"": ""MultiPoint""}",2020
16312,16313,245690.0,2020-02-04,1541,PHARMACY AVE,DONSIDE DR,20 m South o,Minor Arterial,Scarborough,At Intersection,No Control,Clear,Daylight,Dry,Non-Fatal Injury,Approaching,Passenger,15 to 19,Minor,,,,,,,,,,,,,,,Yes,,,,,Yes,Yes,Yes,,,,120,Clairlea-Birchmount,120,Clairlea-Birchmount (120),D41,"{""coordinates"": [[-79.2872499998403, 43.7013080003487]], ""type"": ""MultiPoint""}",2020
16313,16314,270261.0,2020-02-07,1915,JANE ST,BEVERLY HILLS DR,,Major Arterial,Etobicoke York,At Intersection,Traffic Signal,Clear,"Dark, artificial",Wet,Non-Fatal Injury,Pedestrian Collisions,Driver,50 to 54,,,South,"Automobile, Station Wagon",Going Ahead,Driving Properly,Normal,,,,,,,Yes,,Yes,,,,,,,,,,,154,Oakdale-Beverley Heights,26,Downsview-Roding-CFB (26),D31,"{""coordinates"": [[-79.5081130001725, 43.7190079999774]], ""type"": ""MultiPoint""}",2020
16314,16315,270261.0,2020-02-07,1915,JANE ST,BEVERLY HILLS DR,,Major Arterial,Etobicoke York,At Intersection,Traffic Signal,Clear,"Dark, artificial",Wet,Non-Fatal Injury,Pedestrian Collisions,Pedestrian,50 to 54,Major,,West,,,,,Vehicle is going straight thru inter.while ped cross without ROW,Crossing without right of way,Normal,,,,Yes,,Yes,,,,,,,,,,,154,Oakdale-Beverley Heights,26,Downsview-Roding-CFB (26),D31,"{""coordinates"": [[-79.5081130001725, 43.7190079999774]], ""type"": ""MultiPoint""}",2020
16315,16316,296685.0,2020-02-11,1355,BATHURST ST,STORMONT AVE,2 m  of,Major Arterial,North York,At Intersection,No Control,Clear,Daylight,Dry,Non-Fatal Injury,Pedestrian Collisions,Driver,55 to 59,,,North,Passenger Van,Going Ahead,Driving Properly,Normal,,,,,,,Yes,,Yes,,,,,,,,,,,39,Bedford Park-Nortown,39,Bedford Park-Nortown (39),D53,"{""coordinates"": [[-79.4295530001037, 43.7183520001076]], ""type"": ""MultiPoint""}",2020
16316,16317,296685.0,2020-02-11,1355,BATHURST ST,STORMONT AVE,2 m  of,Major Arterial,North York,At Intersection,No Control,Clear,Daylight,Dry,Non-Fatal Injury,Pedestrian Collisions,Pedestrian,10 to 14,Major,,East,,,,,Vehicle is going straight thru inter.while ped cross without ROW,"Crossing, no Traffic Control",Normal,,,,Yes,,Yes,,,,,,,,,,,39,Bedford Park-Nortown,39,Bedford Park-Nortown (39),D53,"{""coordinates"": [[-79.4295530001037, 43.7183520001076]], ""type"": ""MultiPoint""}",2020
16317,16318,296685.0,2020-02-11,1355,BATHURST ST,STORMONT AVE,2 m  of,Major Arterial,North York,At Intersection,No Control,Clear,Daylight,Dry,Non-Fatal Injury,Pedestrian Collisions,Pedestrian,10 to 14,,,East,,,,,Vehicle is going straight thru inter.while ped cross without ROW,"Crossing, no Traffic Control",Normal,,,,Yes,,Yes,,,,,,,,,,,39,Bedford Park-Nortown,39,Bedford Park-Nortown (39),D53,"{""coordinates"": [[-79.4295530001037, 43.7183520001076]], ""type"": ""MultiPoint""}",2020
16318,16319,316011.0,2020-02-13,2345,BAY ST,LAKE SHORE BLVD W,30 m North o,Major Arterial,Toronto and East York,Intersection Related,No Control,Clear,"Dark, artificial",Dry,Non-Fatal Injury,Pedestrian Collisions,Driver,30 to 34,,,South,"Automobile, Station Wagon",Going Ahead,Other,Had Been Drinking,,,,,,,Yes,,Yes,,,,,,,Yes,,,,166,St Lawrence-East Bayfront-The Islands,77,Waterfront Communities-The Island (77),D52,"{""coordinates"": [[-79.3777799996809, 43.6429319997222]], ""type"": ""MultiPoint""}",2020
16319,16320,316011.0,2020-02-13,2345,BAY ST,LAKE SHORE BLVD W,30 m North o,Major Arterial,Toronto and East York,Intersection Related,No Control,Clear,"Dark, artificial",Dry,Non-Fatal Injury,Pedestrian Collisions,Pedestrian,30 to 34,Major,,West,,,,,Pedestrian hit at mid-block,"Crossing, no Traffic Control",Normal,,,,Yes,,Yes,,,,,,,Yes,,,,166,St Lawrence-East Bayfront-The Islands,77,Waterfront Communities-The Island (77),D52,"{""coordinates"": [[-79.3777799996809, 43.6429319997222]], ""type"": ""MultiPoint""}",2020
16320,16321,332841.0,2020-02-16,1130,STEELES AVE E,CONACHER DR,66 m West of,Major Arterial,North York,Non Intersection,No Control,Clear,Daylight,Dry,Non-Fatal Injury,Rear End,Driver,70 to 74,,,East,"Automobile, Station Wagon",Going Ahead,Following too Close,Inattentive,,,,,,,,,Yes,,,,,Yes,,Yes,,,,50,Newtonbrook East,50,Newtonbrook East (50),D32,"{""coordinates"": [[-79.4016749998825, 43.8020199998022]], ""type"": ""MultiPoint""}",2020
16321,16322,332841.0,2020-02-16,1130,STEELES AVE E,CONACHER DR,66 m West of,Major Arterial,North York,Non Intersection,No Control,Clear,Daylight,Dry,Non-Fatal Injury,Rear End,Driver,25 to 29,Major,,East,"Automobile, Station Wagon",Slowing or Stopping,Driving Properly,Normal,,,,,,,,,Yes,,,,,Yes,,Yes,,,,50,Newtonbrook East,50,Newtonbrook East (50),D32,"{""coordinates"": [[-79.4016749998825, 43.8020199998022]], ""type"": ""MultiPoint""}",2020
16322,16323,332841.0,2020-02-16,1130,STEELES AVE E,CONACHER DR,66 m West of,Major Arterial,North York,Non Intersection,No Control,Clear,Daylight,Dry,Non-Fatal Injury,Rear End,Driver,30 to 34,Minor,,East,"Automobile, Station Wagon",Going Ahead,Driving Properly,Normal,,,,,,,,,Yes,,,,,Yes,,Yes,,,,50,Newtonbrook East,50,Newtonbrook East (50),D32,"{""coordinates"": [[-79.4016749998825, 43.8020199998022]], ""type"": ""MultiPoint""}",2020
16323,16324,332841.0,2020-02-16,1130,STEELES AVE E,CONACHER DR,66 m West of,Major Arterial,North York,Non Intersection,No Control,Clear,Daylight,Dry,Non-Fatal Injury,Rear End,Driver,60 to 64,,,East,Pick Up Truck,Stopped,Driving Properly,Normal,,,,,,,,,Yes,,,,,Yes,,Yes,,,,50,Newtonbrook East,50,Newtonbrook East (50),D32,"{""coordinates"": [[-79.4016749998825, 43.8020199998022]], ""type"": ""MultiPoint""}",2020
16324,16325,332841.0,2020-02-16,1130,STEELES AVE E,CONACHER DR,66 m West of,Major Arterial,North York,Non Intersection,No Control,Clear,Daylight,Dry,Non-Fatal Injury,Rear End,Passenger,75 to 79,,,,"Automobile, Station Wagon",,,,,,,,,,,,Yes,,,,,Yes,,Yes,,,,50,Newtonbrook East,50,Newtonbrook East (50),D32,"{""coordinates"": [[-79.4016749998825, 43.8020199998022]], ""type"": ""MultiPoint""}",2020
16325,16326,342262.0,2020-02-17,1949,LAKE SHORE BLVD W,THIRTY NINTH ST,15 m South o,Major Arterial,Etobicoke York,Intersection Related,No Control,Clear,"Dark, artificial",Dry,Non-Fatal Injury,Pedestrian Collisions,Driver,35 to 39,Minor,,East,"Automobile, Station Wagon",Going Ahead,Lost control,Unknown,,,,,,,Yes,,Yes,,,,,Yes,,Yes,,,,19,Long Branch,19,Long Branch (19),D22,"{""coordinates"": [[-79.5405529999009, 43.5927680002543]], ""type"": ""MultiPoint""}",2020
16326,16327,342262.0,2020-02-17,1949,LAKE SHORE BLVD W,THIRTY NINTH ST,15 m South o,Major Arterial,Etobicoke York,Intersection Related,No Control,Clear,"Dark, artificial",Dry,Non-Fatal Injury,Pedestrian Collisions,Driver,30 to 34,,,East,"Automobile, Station Wagon",Going Ahead,Driving Properly,Normal,,,,,,,Yes,,Yes,,,,,Yes,,Yes,,,,19,Long Branch,19,Long Branch (19),D22,"{""coordinates"": [[-79.5405529999009, 43.5927680002543]], ""type"": ""MultiPoint""}",2020
16327,16328,342262.0,2020-02-17,1949,LAKE SHORE BLVD W,THIRTY NINTH ST,15 m South o,Major Arterial,Etobicoke York,Intersection Related,No Control,Clear,"Dark, artificial",Dry,Non-Fatal Injury,Pedestrian Collisions,Passenger,20 to 24,,,,,,,,,,,,,,Yes,,Yes,,,,,Yes,,Yes,,,,19,Long Branch,19,Long Branch (19),D22,"{""coordinates"": [[-79.5405529999009, 43.5927680002543]], ""type"": ""MultiPoint""}",2020
16328,16329,342262.0,2020-02-17,1949,LAKE SHORE BLVD W,THIRTY NINTH ST,15 m South o,Major Arterial,Etobicoke York,Intersection Related,No Control,Clear,"Dark, artificial",Dry,Non-Fatal Injury,Pedestrian Collisions,Passenger,25 to 29,,,,,,,,,,,,,,Yes,,Yes,,,,,Yes,,Yes,,,,19,Long Branch,19,Long Branch (19),D22,"{""coordinates"": [[-79.5405529999009, 43.5927680002543]], ""type"": ""MultiPoint""}",2020
16329,16330,342262.0,2020-02-17,1949,LAKE SHORE BLVD W,THIRTY NINTH ST,15 m South o,Major Arterial,Etobicoke York,Intersection Related,No Control,Clear,"Dark, artificial",Dry,Non-Fatal Injury,Pedestrian Collisions,Pedestrian,30 to 34,Major,,Unknown,,,,,Vehicle hits the pedestrian walking or running out from between parked vehicles at mid-block,Coming From Behind Parked Vehicle,Normal,,,,Yes,,Yes,,,,,Yes,,Yes,,,,19,Long Branch,19,Long Branch (19),D22,"{""coordinates"": [[-79.5405529999009, 43.5927680002543]], ""type"": ""MultiPoint""}",2020
16330,16331,348999.0,2020-02-18,1818,4673 JANE ST,,,Major Arterial,North York,Non Intersection,No Control,Clear,"Dark, artificial",Wet,Non-Fatal Injury,Pedestrian Collisions,Driver,75 to 79,Minimal,,North,"Automobile, Station Wagon",Going Ahead,Driving Properly,Normal,,,,,,,Yes,,Yes,,,,,,,,,,,24,Black Creek,24,Black Creek (24),D31,"{""coordinates"": [[-79.5206940000553, 43.7702590002943]], ""type"": ""MultiPoint""}",2020
16331,16332,348999.0,2020-02-18,1818,4673 JANE ST,,,Major Arterial,North York,Non Intersection,No Control,Clear,"Dark, artificial",Wet,Non-Fatal Injury,Pedestrian Collisions,Pedestrian,85 to 89,Major,,East,,,,,Pedestrian hit at mid-block,"Crossing, no Traffic Control",Inattentive,,,,Yes,,Yes,,,,,,,,,,,24,Black Creek,24,Black Creek (24),D31,"{""coordinates"": [[-79.5206940000553, 43.7702590002943]], ""type"": ""MultiPoint""}",2020
16332,16333,374527.0,2020-02-22,320,GRANDRAVINE DR,FUTURA DR,35 m East of,Collector,North York,Non Intersection,No Control,Clear,"Dark, artificial",Dry,Non-Fatal Injury,SMV Other,Driver,30 to 34,Minor,,West,"Automobile, Station Wagon",Going Ahead,Speed too Fast For Condition,Unknown,,,,,,,,,Yes,,,,,Yes,Yes,Yes,,,,25,Glenfield-Jane Heights,25,Glenfield-Jane Heights (25),D31,"{""coordinates"": [[-79.5065420001445, 43.7486329996838]], ""type"": ""MultiPoint""}",2020
16333,16334,374527.0,2020-02-22,320,GRANDRAVINE DR,FUTURA DR,35 m East of,Collector,North York,Non Intersection,No Control,Clear,"Dark, artificial",Dry,Non-Fatal Injury,SMV Other,Passenger,30 to 34,Major,,,,,,,,,,,,,,,Yes,,,,,Yes,Yes,Yes,,,,25,Glenfield-Jane Heights,25,Glenfield-Jane Heights (25),D31,"{""coordinates"": [[-79.5065420001445, 43.7486329996838]], ""type"": ""MultiPoint""}",2020
16334,16335,374527.0,2020-02-22,320,GRANDRAVINE DR,FUTURA DR,35 m East of,Collector,North York,Non Intersection,No Control,Clear,"Dark, artificial",Dry,Non-Fatal Injury,SMV Other,Passenger,15 to 19,Minor,,,,,,,,,,,,,,,Yes,,,,,Yes,Yes,Yes,,,,25,Glenfield-Jane Heights,25,Glenfield-Jane Heights (25),D31,"{""coordinates"": [[-79.5065420001445, 43.7486329996838]], ""type"": ""MultiPoint""}",2020
16335,16336,374527.0,2020-02-22,320,GRANDRAVINE DR,FUTURA DR,35 m East of,Collector,North York,Non Intersection,No Control,Clear,"Dark, artificial",Dry,Non-Fatal Injury,SMV Other,Passenger,25 to 29,Major,,,,,,,,,,,,,,,Yes,,,,,Yes,Yes,Yes,,,,25,Glenfield-Jane Heights,25,Glenfield-Jane Heights (25),D31,"{""coordinates"": [[-79.5065420001445, 43.7486329996838]], ""type"": ""MultiPoint""}",2020
16336,16337,382209.0,2020-02-23,707,DON MILLS RD,LAWRENCE AVE E,,Major Arterial,Etobicoke York,At Intersection,Traffic Signal,Clear,Daylight,Dry,Non-Fatal Injury,Angle,Driver,45 to 49,Major,,South,"Automobile, Station Wagon",Going Ahead,Disobeyed Traffic Control,Normal,,,,,,,,,Yes,,,,,,,Yes,Yes,,,42,Banbury-Don Mills,42,Banbury-Don Mills (42),D33,"{""coordinates"": [[-79.3434100005822, 43.7371009997004]], ""type"": ""MultiPoint""}",2020
16337,16338,382209.0,2020-02-23,707,DON MILLS RD,LAWRENCE AVE E,,Major Arterial,Etobicoke York,At Intersection,Traffic Signal,Clear,Daylight,Dry,Non-Fatal Injury,Angle,Driver,25 to 29,Minor,,East,"Automobile, Station Wagon",Going Ahead,Driving Properly,Normal,,,,,,,,,Yes,,,,,,,Yes,Yes,,,42,Banbury-Don Mills,42,Banbury-Don Mills (42),D33,"{""coordinates"": [[-79.3434100005822, 43.7371009997004]], ""type"": ""MultiPoint""}",2020
16338,16339,385373.0,2020-02-23,1655,VICTORIA PARK AVE,HUNTINGWOOD DR,,Major Arterial,North York,At Intersection,Traffic Signal,Clear,Daylight,Dry,Fatal,Pedestrian Collisions,Driver,55 to 59,,,West,"Automobile, Station Wagon",Turning Left,Failed to Yield Right of Way,Inattentive,,,,,,,Yes,,Yes,,,,,Yes,,Yes,,,,147,L'Amoreaux West,117,L'Amoreaux (117),D42,"{""coordinates"": [[-79.3253589998141, 43.7802800001466]], ""type"": ""MultiPoint""}",2020
16339,16340,385373.0,2020-02-23,1655,VICTORIA PARK AVE,HUNTINGWOOD DR,,Major Arterial,North York,At Intersection,Traffic Signal,Clear,Daylight,Dry,Fatal,Pedestrian Collisions,Passenger,25 to 29,,,West,,,,,,,,,,,Yes,,Yes,,,,,Yes,,Yes,,,,147,L'Amoreaux West,117,L'Amoreaux (117),D42,"{""coordinates"": [[-79.3253589998141, 43.7802800001466]], ""type"": ""MultiPoint""}",2020
16340,16341,385373.0,2020-02-23,1655,VICTORIA PARK AVE,HUNTINGWOOD DR,,Major Arterial,North York,At Intersection,Traffic Signal,Clear,Daylight,Dry,Fatal,Pedestrian Collisions,Pedestrian,75 to 79,Fatal,5.0,East,,,,,Vehicle turns left while ped crosses with ROW at inter.,Crossing with right of way,Normal,,,,Yes,,Yes,,,,,Yes,,Yes,,,,147,L'Amoreaux West,117,L'Amoreaux (117),D42,"{""coordinates"": [[-79.3253589998141, 43.7802800001466]], ""type"": ""MultiPoint""}",2020
16341,16342,401654.0,2020-02-25,2105,ST CLAIR AVE W,OLD WESTON RD,,Major Arterial,Etobicoke York,At Intersection,Traffic Signal,Clear,"Dark, artificial",Dry,Non-Fatal Injury,Pedestrian Collisions,Driver,55 to 59,,,West,"Automobile, Station Wagon",Going Ahead,Driving Properly,Normal,,,,,,,Yes,,Yes,,,,,,,,,,,91,Weston-Pelham Park,91,Weston-Pellam Park (91),D11,"{""coordinates"": [[-79.4630079994801, 43.6734639997863]], ""type"": ""MultiPoint""}",2020
16342,16343,401654.0,2020-02-25,2105,ST CLAIR AVE W,OLD WESTON RD,,Major Arterial,Etobicoke York,At Intersection,Traffic Signal,Clear,"Dark, artificial",Dry,Non-Fatal Injury,Pedestrian Collisions,Pedestrian,65 to 69,Major,,North,,,,,Vehicle is going straight thru inter.while ped cross without ROW,Crossing without right of way,Inattentive,,,,Yes,,Yes,,,,,,,,,,,91,Weston-Pelham Park,91,Weston-Pellam Park (91),D11,"{""coordinates"": [[-79.4630079994801, 43.6734639997863]], ""type"": ""MultiPoint""}",2020
16343,16344,418177.0,2020-02-28,650,KING ST E,SHERBOURNE ST,,Major Arterial,Toronto and East York,At Intersection,Traffic Signal,Clear,Dawn,Dry,Non-Fatal Injury,Pedestrian Collisions,Driver,45 to 49,,,West,"Automobile, Station Wagon",Going Ahead,Driving Properly,Normal,,,,,,,Yes,,Yes,,,,,,,Yes,,,,73,Moss Park,73,Moss Park (73),D51,"{""coordinates"": [[-79.3682209995728, 43.6512059996417]], ""type"": ""MultiPoint""}",2020