index,_id,ACCNUM,DATE,TIME,STREET1,STREET2,OFFSET,ROAD_CLASS,DISTRICT,ACCLOC,TRAFFCTL,VISIBILITY,LIGHT,RDSFCOND,ACCLASS,IMPACTYPE,INVTYPE,INVAGE,INJURY,FATAL_NO,INITDIR,VEHTYPE,MANOEUVER,DRIVACT,DRIVCOND,PEDTYPE,PEDACT,PEDCOND,CYCLISTYPE,CYCACT,CYCCOND,PEDESTRIAN,CYCLIST,AUTOMOBILE,MOTORCYCLE,TRUCK,TRSN_CITY_VEH,EMERG_VEH,PASSENGER,SPEEDING,AG_DRIV,REDLIGHT,ALCOHOL,DISABILITY,HOOD_158,NEIGHBOURHOOD_158,HOOD_140,NEIGHBOURHOOD_140,DIVISION,geometry,ACCIDENT_YEAR
16344,16345,418177.0,2020-02-28,650,KING ST E,SHERBOURNE ST,,Major Arterial,Toronto and East York,At Intersection,Traffic Signal,Clear,Dawn,Dry,Non-Fatal Injury,Pedestrian Collisions,Pedestrian,45 to 49,Major,,North,,,,,Vehicle is going straight thru inter.while ped cross without ROW,Crossing without right of way,Inattentive,,,,Yes,,Yes,,,,,,,Yes,,,,73,Moss Park,73,Moss Park (73),D51,"{""coordinates"": [[-79.3682209995728, 43.6512059996417]], ""type"": ""MultiPoint""}",2020
16345,16346,418513.0,2020-02-28,810,YONGE ST,EMPRESS AVE,,Major Arterial,North York,At Intersection,Traffic Signal,Clear,Daylight,Wet,Non-Fatal Injury,Pedestrian Collisions,Driver,55 to 59,,,South,"Automobile, Station Wagon",Turning Left,Failed to Yield Right of Way,Inattentive,,,,,,,Yes,,Yes,,,,,,,Yes,,,,151,Yonge-Doris,51,Willowdale East (51),D32,"{""coordinates"": [[-79.4128599999492, 43.7692019998556]], ""type"": ""MultiPoint""}",2020
16346,16347,418513.0,2020-02-28,810,YONGE ST,EMPRESS AVE,,Major Arterial,North York,At Intersection,Traffic Signal,Clear,Daylight,Wet,Non-Fatal Injury,Pedestrian Collisions,Driver,35 to 39,,,North,"Automobile, Station Wagon",Going Ahead,Driving Properly,Normal,,,,,,,Yes,,Yes,,,,,,,Yes,,,,151,Yonge-Doris,51,Willowdale East (51),D32,"{""coordinates"": [[-79.4128599999492, 43.7692019998556]], ""type"": ""MultiPoint""}",2020
16347,16348,418513.0,2020-02-28,810,YONGE ST,EMPRESS AVE,,Major Arterial,North York,At Intersection,Traffic Signal,Clear,Daylight,Wet,Non-Fatal Injury,Pedestrian Collisions,Pedestrian,30 to 34,Major,,Unknown,,,,,Pedestrian hit on sidewalk or shoulder,On Sidewalk or Shoulder,Normal,,,,Yes,,Yes,,,,,,,Yes,,,,151,Yonge-Doris,51,Willowdale East (51),D32,"{""coordinates"": [[-79.4128599999492, 43.7692019998556]], ""type"": ""MultiPoint""}",2020
16348,16349,418513.0,2020-02-28,810,YONGE ST,EMPRESS AVE,,Major Arterial,North York,At Intersection,Traffic Signal,Clear,Daylight,Wet,Non-Fatal Injury,Pedestrian Collisions,Pedestrian,25 to 29,Minor,,Unknown,,,,,Pedestrian hit on sidewalk or shoulder,On Sidewalk or Shoulder,Normal,,,,Yes,,Yes,,,,,,,Yes,,,,151,Yonge-Doris,51,Willowdale East (51),D32,"{""coordinates"": [[-79.4128599999492, 43.7692019998556]], ""type"": ""MultiPoint""}",2020
16349,16350,418513.0,2020-02-28,810,YONGE ST,EMPRESS AVE,,Major Arterial,North York,At Intersection,Traffic Signal,Clear,Daylight,Wet,Non-Fatal Injury,Pedestrian Collisions,Pedestrian,25 to 29,Major,,Unknown,,,,,Pedestrian hit on sidewalk or shoulder,On Sidewalk or Shoulder,Normal,,,,Yes,,Yes,,,,,,,Yes,,,,151,Yonge-Doris,51,Willowdale East (51),D32,"{""coordinates"": [[-79.4128599999492, 43.7692019998556]], ""type"": ""MultiPoint""}",2020
16350,16351,429600.0,2020-02-29,1716,FINCH AVE W,SILVERSTONE DR,,Major Arterial,Etobicoke York,At Intersection,Traffic Signal,Clear,Daylight,Dry,Non-Fatal Injury,Pedestrian Collisions,Driver,55 to 59,,,West,"Automobile, Station Wagon",Going Ahead,Disobeyed Traffic Control,Inattentive,,,,,,,Yes,,Yes,,,,,Yes,,Yes,Yes,,,1,West Humber-Clairville,1,West Humber-Clairville (1),D23,"{""coordinates"": [[-79.5949129993875, 43.7359450002449]], ""type"": ""MultiPoint""}",2020
16351,16352,429600.0,2020-02-29,1716,FINCH AVE W,SILVERSTONE DR,,Major Arterial,Etobicoke York,At Intersection,Traffic Signal,Clear,Daylight,Dry,Non-Fatal Injury,Pedestrian Collisions,Passenger,30 to 34,,,,,,,,,,,,,,Yes,,Yes,,,,,Yes,,Yes,Yes,,,1,West Humber-Clairville,1,West Humber-Clairville (1),D23,"{""coordinates"": [[-79.5949129993875, 43.7359450002449]], ""type"": ""MultiPoint""}",2020
16352,16353,429600.0,2020-02-29,1716,FINCH AVE W,SILVERSTONE DR,,Major Arterial,Etobicoke York,At Intersection,Traffic Signal,Clear,Daylight,Dry,Non-Fatal Injury,Pedestrian Collisions,Pedestrian,50 to 54,Major,,South,,,,,Vehicle is going straight thru inter.while ped cross with ROW,Crossing with right of way,Normal,,,,Yes,,Yes,,,,,Yes,,Yes,Yes,,,1,West Humber-Clairville,1,West Humber-Clairville (1),D23,"{""coordinates"": [[-79.5949129993875, 43.7359450002449]], ""type"": ""MultiPoint""}",2020
16353,16354,437574.0,2020-03-01,2100,WILSON AVE,PETHERHILL  AVE,27 m East of,Major Arterial,North York,Intersection Related,No Control,Clear,"Dark, artificial",Dry,Non-Fatal Injury,Other,Driver,35 to 39,,,East,Municipal Transit Bus (TTC),Pulling Away from Shoulder or Curb,Driving Properly,Normal,,,,,,,,,,,,Yes,,Yes,,,,,,154,Oakdale-Beverley Heights,26,Downsview-Roding-CFB (26),D31,"{""coordinates"": [[-79.491039000066, 43.7245469996037]], ""type"": ""MultiPoint""}",2020
16354,16355,437574.0,2020-03-01,2100,WILSON AVE,PETHERHILL  AVE,27 m East of,Major Arterial,North York,Intersection Related,No Control,Clear,"Dark, artificial",Dry,Non-Fatal Injury,Other,Passenger,50 to 54,Major,,,,,,,,,,,,,,,,,,Yes,,Yes,,,,,,154,Oakdale-Beverley Heights,26,Downsview-Roding-CFB (26),D31,"{""coordinates"": [[-79.491039000066, 43.7245469996037]], ""type"": ""MultiPoint""}",2020
16355,16356,442335.0,2020-03-02,1410,GERRARD ST E,BLANTYRE AVE,3 m West of,Minor Arterial,Scarborough,At Intersection,Pedestrian Crossover,Rain,Daylight,Wet,Non-Fatal Injury,Pedestrian Collisions,Driver,50 to 54,,,North,Pick Up Truck,Turning Left,Failed to Yield Right of Way,Inattentive,,,,,,,Yes,,Yes,,,,,,,Yes,,,,122,Birchcliffe-Cliffside,122,Birchcliffe-Cliffside (122),D41,"{""coordinates"": [[-79.2839310003931, 43.687380000417]], ""type"": ""MultiPoint""}",2020
16356,16357,442335.0,2020-03-02,1410,GERRARD ST E,BLANTYRE AVE,3 m West of,Minor Arterial,Scarborough,At Intersection,Pedestrian Crossover,Rain,Daylight,Wet,Non-Fatal Injury,Pedestrian Collisions,Pedestrian,60 to 64,Major,,North,,,,,Pedestrian hit a PXO/ped. Mid-block signal,"Crossing, Pedestrian Crossover",Normal,,,,Yes,,Yes,,,,,,,Yes,,,,122,Birchcliffe-Cliffside,122,Birchcliffe-Cliffside (122),D41,"{""coordinates"": [[-79.2839310003931, 43.687380000417]], ""type"": ""MultiPoint""}",2020
16357,16358,444225.0,2020-03-02,1815,KEELE ST,ST REGIS CRES,,Major Arterial,North York,At Intersection,Traffic Signal,Clear,Dark,Wet,Non-Fatal Injury,Pedestrian Collisions,Driver,55 to 59,,,West,Passenger Van,Turning Left,Failed to Yield Right of Way,Inattentive,,,,,,,Yes,,Yes,,,,,,,Yes,,,,27,York University Heights,27,York University Heights (27),D31,"{""coordinates"": [[-79.4887190002615, 43.7544389997784]], ""type"": ""MultiPoint""}",2020
16358,16359,444225.0,2020-03-02,1815,KEELE ST,ST REGIS CRES,,Major Arterial,North York,At Intersection,Traffic Signal,Clear,Dark,Wet,Non-Fatal Injury,Pedestrian Collisions,Pedestrian,55 to 59,Major,,West,,,,,Vehicle turns left while ped crosses with ROW at inter.,Crossing with right of way,Normal,,,,Yes,,Yes,,,,,,,Yes,,,,27,York University Heights,27,York University Heights (27),D31,"{""coordinates"": [[-79.4887190002615, 43.7544389997784]], ""type"": ""MultiPoint""}",2020
16359,16360,450742.0,2020-03-03,1520,GERRARD ST E,NORWOOD RD,,Minor Arterial,Toronto and East York,At Intersection,Pedestrian Crossover,Rain,Daylight,Wet,Non-Fatal Injury,Pedestrian Collisions,Driver,55 to 59,,,West,"Automobile, Station Wagon",Going Ahead,Failed to Yield Right of Way,Inattentive,,,,,,,Yes,,Yes,,,,,,,Yes,,,,62,East End-Danforth,62,East End-Danforth (62),D55,"{""coordinates"": [[-79.3028059996149, 43.6832989999735]], ""type"": ""MultiPoint""}",2020
16360,16361,450742.0,2020-03-03,1520,GERRARD ST E,NORWOOD RD,,Minor Arterial,Toronto and East York,At Intersection,Pedestrian Crossover,Rain,Daylight,Wet,Non-Fatal Injury,Pedestrian Collisions,Pedestrian,10 to 14,Major,,North,,,,,Pedestrian hit a PXO/ped. Mid-block signal,"Crossing, Pedestrian Crossover",Normal,,,,Yes,,Yes,,,,,,,Yes,,,,62,East End-Danforth,62,East End-Danforth (62),D55,"{""coordinates"": [[-79.3028059996149, 43.6832989999735]], ""type"": ""MultiPoint""}",2020
16361,16362,450834.0,2020-03-03,1532,BLOOR ST W,BRENTWOOD RD S,,Major Arterial,Etobicoke York,At Intersection,Stop Sign,Rain,Daylight,Wet,Non-Fatal Injury,Pedestrian Collisions,Driver,35 to 39,,,North,"Automobile, Station Wagon",Turning Left,Driving Properly,Normal,,,,,,,Yes,,Yes,,,,,Yes,,,,,,16,Stonegate-Queensway,16,Stonegate-Queensway (16),D22,"{""coordinates"": [[-79.5135450006168, 43.646804000042]], ""type"": ""MultiPoint""}",2020
16362,16363,450834.0,2020-03-03,1532,BLOOR ST W,BRENTWOOD RD S,,Major Arterial,Etobicoke York,At Intersection,Stop Sign,Rain,Daylight,Wet,Non-Fatal Injury,Pedestrian Collisions,Passenger,5 to 9,,,,,,,,,,,,,,Yes,,Yes,,,,,Yes,,,,,,16,Stonegate-Queensway,16,Stonegate-Queensway (16),D22,"{""coordinates"": [[-79.5135450006168, 43.646804000042]], ""type"": ""MultiPoint""}",2020
16363,16364,450834.0,2020-03-03,1532,BLOOR ST W,BRENTWOOD RD S,,Major Arterial,Etobicoke York,At Intersection,Stop Sign,Rain,Daylight,Wet,Non-Fatal Injury,Pedestrian Collisions,Pedestrian,25 to 29,Major,,South,,,,,Vehicle turns left while ped crosses without ROW at inter.,"Crossing, no Traffic Control",Inattentive,,,,Yes,,Yes,,,,,Yes,,,,,,16,Stonegate-Queensway,16,Stonegate-Queensway (16),D22,"{""coordinates"": [[-79.5135450006168, 43.646804000042]], ""type"": ""MultiPoint""}",2020
16364,16365,451712.0,2020-03-03,1726,SCARLETT RD,EDENBRIDGE DR,,Minor Arterial,Etobicoke York,At Intersection,Traffic Signal,Clear,Dark,Wet,Non-Fatal Injury,Turning Movement,Driver,65 to 69,,,North,"Automobile, Station Wagon",Turning Left,Improper Turn,Normal,,,,,,,,,Yes,,,,,,,Yes,,,,9,Edenbridge-Humber Valley,9,Edenbridge-Humber Valley (9),D22,"{""coordinates"": [[-79.5088069996698, 43.6806969996625]], ""type"": ""MultiPoint""}",2020
16365,16366,451712.0,2020-03-03,1726,SCARLETT RD,EDENBRIDGE DR,,Minor Arterial,Etobicoke York,At Intersection,Traffic Signal,Clear,Dark,Wet,Non-Fatal Injury,Turning Movement,Driver,35 to 39,Major,,South,"Automobile, Station Wagon",Going Ahead,Driving Properly,Normal,,,,,,,,,Yes,,,,,,,Yes,,,,9,Edenbridge-Humber Valley,9,Edenbridge-Humber Valley (9),D22,"{""coordinates"": [[-79.5088069996698, 43.6806969996625]], ""type"": ""MultiPoint""}",2020
16366,16367,451712.0,2020-03-03,1726,SCARLETT RD,EDENBRIDGE DR,,Minor Arterial,Etobicoke York,At Intersection,Traffic Signal,Clear,Dark,Wet,Non-Fatal Injury,Turning Movement,Driver,50 to 54,,,East,"Automobile, Station Wagon",Stopped,Driving Properly,Normal,,,,,,,,,Yes,,,,,,,Yes,,,,9,Edenbridge-Humber Valley,9,Edenbridge-Humber Valley (9),D22,"{""coordinates"": [[-79.5088069996698, 43.6806969996625]], ""type"": ""MultiPoint""}",2020
16367,16368,474338.0,2020-03-06,1352,GERRARD ST E,MAIN ST,,Minor Arterial,Toronto and East York,At Intersection,Traffic Signal,Clear,Daylight,Dry,Non-Fatal Injury,Pedestrian Collisions,Driver,60 to 64,,,West,"Bus (Other) (Go Bus, Gray Coa",Turning Right,Failed to Yield Right of Way,Inattentive,,,,,,,Yes,,,,,Yes,,,,Yes,,,,62,East End-Danforth,62,East End-Danforth (62),D55,"{""coordinates"": [[-79.3001210001869, 43.6838790004375]], ""type"": ""MultiPoint""}",2020
16368,16369,474338.0,2020-03-06,1352,GERRARD ST E,MAIN ST,,Minor Arterial,Toronto and East York,At Intersection,Traffic Signal,Clear,Daylight,Dry,Non-Fatal Injury,Pedestrian Collisions,Pedestrian,35 to 39,Major,,West,,,,,Vehicle turns right while ped crosses with ROW at inter.,Crossing with right of way,Normal,,,,Yes,,,,,Yes,,,,Yes,,,,62,East End-Danforth,62,East End-Danforth (62),D55,"{""coordinates"": [[-79.3001210001869, 43.6838790004375]], ""type"": ""MultiPoint""}",2020
16369,16370,484297.0,2020-03-07,1940,HUMBER BLVD,LOUVAIN ST,4 m West of,Collector,Etobicoke York,At Intersection,No Control,Clear,"Dark, artificial",Dry,Non-Fatal Injury,Other,Driver,40 to 44,Major,,West,Municipal Transit Bus (TTC),Going Ahead,Driving Properly,Normal,,,,,,,,,,,,Yes,,Yes,,,,,,111,Rockcliffe-Smythe,111,Rockcliffe-Smythe (111),D12,"{""coordinates"": [[-79.4820969998635, 43.6805599996246]], ""type"": ""MultiPoint""}",2020
16370,16371,484297.0,2020-03-07,1940,HUMBER BLVD,LOUVAIN ST,4 m West of,Collector,Etobicoke York,At Intersection,No Control,Clear,"Dark, artificial",Dry,Non-Fatal Injury,Other,Passenger,60 to 64,Minor,,,,,,,,,,,,,,,,,,Yes,,Yes,,,,,,111,Rockcliffe-Smythe,111,Rockcliffe-Smythe (111),D12,"{""coordinates"": [[-79.4820969998635, 43.6805599996246]], ""type"": ""MultiPoint""}",2020
16371,16372,488737.0,2020-03-08,1400,NORTH BONNINGTON AVE,ZENITH DR,,Local,Scarborough,Non Intersection,No Control,Clear,Daylight,Wet,Fatal,Other,Motorcycle Driver,20 to 24,Fatal,6.0,South,Motorcycle,Going Ahead,Lost control,Unknown,,,,,,,,,,Yes,,,,,,,,,,120,Clairlea-Birchmount,120,Clairlea-Birchmount (120),D41,"{""coordinates"": [[-79.2643690004175, 43.7122980004506]], ""type"": ""MultiPoint""}",2020
16372,16373,500879.0,2020-03-10,632,ST CLAIR AVE W,CHRISTIE ST,,Major Arterial,Toronto and East York,At Intersection,Traffic Signal,Rain,"Dark, artificial",Wet,Non-Fatal Injury,Pedestrian Collisions,Driver,40 to 44,,,West,"Automobile, Station Wagon",Going Ahead,Driving Properly,Normal,,,,,,,Yes,,Yes,,,,,,,,,,,94,Wychwood,94,Wychwood (94),D13,"{""coordinates"": [[-79.4256780003568, 43.6816390000952]], ""type"": ""MultiPoint""}",2020
16373,16374,500879.0,2020-03-10,632,ST CLAIR AVE W,CHRISTIE ST,,Major Arterial,Toronto and East York,At Intersection,Traffic Signal,Rain,"Dark, artificial",Wet,Non-Fatal Injury,Pedestrian Collisions,Pedestrian,20 to 24,Major,,North,,,,,Vehicle is going straight thru inter.while ped cross without ROW,Crossing without right of way,Inattentive,,,,Yes,,Yes,,,,,,,,,,,94,Wychwood,94,Wychwood (94),D13,"{""coordinates"": [[-79.4256780003568, 43.6816390000952]], ""type"": ""MultiPoint""}",2020
16374,16375,500922.0,2020-03-10,644,FRONT ST E,PARLIAMENT ST,7 m West of,Minor Arterial,Toronto and East York,At Intersection,Traffic Signal,Rain,Dark,Wet,Non-Fatal Injury,Pedestrian Collisions,Driver,35 to 39,,,West,"Automobile, Station Wagon",Turning Left,Failed to Yield Right of Way,Normal,,,,,,,Yes,,Yes,,,,,,,Yes,,,,166,St Lawrence-East Bayfront-The Islands,77,Waterfront Communities-The Island (77),D51,"{""coordinates"": [[-79.3626969996484, 43.6514960002045]], ""type"": ""MultiPoint""}",2020
16375,16376,500922.0,2020-03-10,644,FRONT ST E,PARLIAMENT ST,7 m West of,Minor Arterial,Toronto and East York,At Intersection,Traffic Signal,Rain,Dark,Wet,Non-Fatal Injury,Pedestrian Collisions,Pedestrian,25 to 29,Major,,East,,,,,Vehicle turns left while ped crosses with ROW at inter.,Crossing with right of way,Normal,,,,Yes,,Yes,,,,,,,Yes,,,,166,St Lawrence-East Bayfront-The Islands,77,Waterfront Communities-The Island (77),D51,"{""coordinates"": [[-79.3626969996484, 43.6514960002045]], ""type"": ""MultiPoint""}",2020
16376,16377,522896.0,2020-03-13,27,QUEEN ST E,BROADVIEW AVE,,Major Arterial,Toronto and East York,At Intersection,Traffic Signal,Clear,"Dark, artificial",Dry,Non-Fatal Injury,Pedestrian Collisions,Driver,55 to 59,,,North,"Automobile, Station Wagon",Turning Left,Failed to Yield Right of Way,"Ability Impaired, Alcohol Over .08",,,,,,,Yes,,Yes,,,,,,,Yes,,Yes,,70,South Riverdale,70,South Riverdale (70),D55,"{""coordinates"": [[-79.3498109997081, 43.6588049997605]], ""type"": ""MultiPoint""}",2020
16377,16378,522896.0,2020-03-13,27,QUEEN ST E,BROADVIEW AVE,,Major Arterial,Toronto and East York,At Intersection,Traffic Signal,Clear,"Dark, artificial",Dry,Non-Fatal Injury,Pedestrian Collisions,Pedestrian,20 to 24,Minimal,,North,,,,,Vehicle turns left while ped crosses without ROW at inter.,Crossing without right of way,Normal,,,,Yes,,Yes,,,,,,,Yes,,Yes,,70,South Riverdale,70,South Riverdale (70),D55,"{""coordinates"": [[-79.3498109997081, 43.6588049997605]], ""type"": ""MultiPoint""}",2020
16378,16379,522896.0,2020-03-13,27,QUEEN ST E,BROADVIEW AVE,,Major Arterial,Toronto and East York,At Intersection,Traffic Signal,Clear,"Dark, artificial",Dry,Non-Fatal Injury,Pedestrian Collisions,Pedestrian,25 to 29,Major,,North,,,,,Vehicle turns left while ped crosses without ROW at inter.,Crossing without right of way,Normal,,,,Yes,,Yes,,,,,,,Yes,,Yes,,70,South Riverdale,70,South Riverdale (70),D55,"{""coordinates"": [[-79.3498109997081, 43.6588049997605]], ""type"": ""MultiPoint""}",2020
16379,16380,540779.0,2020-03-15,1523,BRIMLEY RD,KINGSTON RD,,Major Arterial,Scarborough,At Intersection,Traffic Signal,Clear,Daylight,Dry,Non-Fatal Injury,Turning Movement,Cyclist,50 to 54,Major,,North,Bicycle,Turning Left,,,,,,Cyclist turned left across motorists path.,Failed to Yield Right of Way,Unknown,,Yes,Yes,,,,,Yes,,,,,,123,Cliffcrest,123,Cliffcrest (123),D43,"{""coordinates"": [[-79.2403289994485, 43.7181540003576]], ""type"": ""MultiPoint""}",2020
16380,16381,540779.0,2020-03-15,1523,BRIMLEY RD,KINGSTON RD,,Major Arterial,Scarborough,At Intersection,Traffic Signal,Clear,Daylight,Dry,Non-Fatal Injury,Turning Movement,Driver,20 to 24,,,South,"Automobile, Station Wagon",Going Ahead,Driving Properly,Normal,,,,,,,,Yes,Yes,,,,,Yes,,,,,,123,Cliffcrest,123,Cliffcrest (123),D43,"{""coordinates"": [[-79.2403289994485, 43.7181540003576]], ""type"": ""MultiPoint""}",2020
16381,16382,540779.0,2020-03-15,1523,BRIMLEY RD,KINGSTON RD,,Major Arterial,Scarborough,At Intersection,Traffic Signal,Clear,Daylight,Dry,Non-Fatal Injury,Turning Movement,Passenger,20 to 24,,,,,,,,,,,,,,,Yes,Yes,,,,,Yes,,,,,,123,Cliffcrest,123,Cliffcrest (123),D43,"{""coordinates"": [[-79.2403289994485, 43.7181540003576]], ""type"": ""MultiPoint""}",2020
16382,16383,562879.0,2020-03-18,2105,KINGSTON RD,BEECHGROVE DR,10 m South o,Major Arterial,Scarborough,Intersection Related,Traffic Signal,Rain,Dark,Wet,Non-Fatal Injury,Pedestrian Collisions,Driver,unknown,,,North,"Automobile, Station Wagon",Going Ahead,Other,Unknown,,,,,,,Yes,,Yes,,,,,Yes,,,,,,136,West Hill,136,West Hill (136),D43,"{""coordinates"": [[-79.1735259994455, 43.7764229998962]], ""type"": ""MultiPoint""}",2020
16383,16384,562879.0,2020-03-18,2105,KINGSTON RD,BEECHGROVE DR,10 m South o,Major Arterial,Scarborough,Intersection Related,Traffic Signal,Rain,Dark,Wet,Non-Fatal Injury,Pedestrian Collisions,Pedestrian,55 to 59,Major,,West,,,,,Vehicle is going straight thru inter.while ped cross without ROW,Crossing without right of way,Inattentive,,,,Yes,,Yes,,,,,Yes,,,,,,136,West Hill,136,West Hill (136),D43,"{""coordinates"": [[-79.1735259994455, 43.7764229998962]], ""type"": ""MultiPoint""}",2020
16384,16385,562879.0,2020-03-18,2105,KINGSTON RD,BEECHGROVE DR,10 m South o,Major Arterial,Scarborough,Intersection Related,Traffic Signal,Rain,Dark,Wet,Non-Fatal Injury,Pedestrian Collisions,Passenger,20 to 24,,,,,,,,,,,,,,Yes,,Yes,,,,,Yes,,,,,,136,West Hill,136,West Hill (136),D43,"{""coordinates"": [[-79.1735259994455, 43.7764229998962]], ""type"": ""MultiPoint""}",2020
16385,16386,565895.0,2020-03-19,1220,MCCOWAN RD,MILNER AVE,6 m South of,Major Arterial,Scarborough,At Intersection,Traffic Signal,Clear,Daylight,Dry,Non-Fatal Injury,Sideswipe,Driver,45 to 49,Major,,North,"Automobile, Station Wagon",Stopped,Lost control,Normal,,,,,,,,,Yes,,Yes,,,Yes,,,,,,128,Agincourt South-Malvern West,128,Agincourt South-Malvern West (128),D42,"{""coordinates"": [[-79.2564349998225, 43.7853079998035]], ""type"": ""MultiPoint""}",2020
16386,16387,565895.0,2020-03-19,1220,MCCOWAN RD,MILNER AVE,6 m South of,Major Arterial,Scarborough,At Intersection,Traffic Signal,Clear,Daylight,Dry,Non-Fatal Injury,Sideswipe,Driver,55 to 59,,,North,"Automobile, Station Wagon",Stopped,Driving Properly,Normal,,,,,,,,,Yes,,Yes,,,Yes,,,,,,128,Agincourt South-Malvern West,128,Agincourt South-Malvern West (128),D42,"{""coordinates"": [[-79.2564349998225, 43.7853079998035]], ""type"": ""MultiPoint""}",2020
16387,16388,565895.0,2020-03-19,1220,MCCOWAN RD,MILNER AVE,6 m South of,Major Arterial,Scarborough,At Intersection,Traffic Signal,Clear,Daylight,Dry,Non-Fatal Injury,Sideswipe,Driver,40 to 44,Minor,,North,"Automobile, Station Wagon",Stopped,Driving Properly,Normal,,,,,,,,,Yes,,Yes,,,Yes,,,,,,128,Agincourt South-Malvern West,128,Agincourt South-Malvern West (128),D42,"{""coordinates"": [[-79.2564349998225, 43.7853079998035]], ""type"": ""MultiPoint""}",2020
16388,16389,565895.0,2020-03-19,1220,MCCOWAN RD,MILNER AVE,6 m South of,Major Arterial,Scarborough,At Intersection,Traffic Signal,Clear,Daylight,Dry,Non-Fatal Injury,Sideswipe,Truck Driver,45 to 49,,,North,"Truck - Closed (Blazer, etc)",Stopped,Driving Properly,Normal,,,,,,,,,Yes,,Yes,,,Yes,,,,,,128,Agincourt South-Malvern West,128,Agincourt South-Malvern West (128),D42,"{""coordinates"": [[-79.2564349998225, 43.7853079998035]], ""type"": ""MultiPoint""}",2020
16389,16390,565895.0,2020-03-19,1220,MCCOWAN RD,MILNER AVE,6 m South of,Major Arterial,Scarborough,At Intersection,Traffic Signal,Clear,Daylight,Dry,Non-Fatal Injury,Sideswipe,Passenger,50 to 54,Minor,,,,,,,,,,,,,,,Yes,,Yes,,,Yes,,,,,,128,Agincourt South-Malvern West,128,Agincourt South-Malvern West (128),D42,"{""coordinates"": [[-79.2564349998225, 43.7853079998035]], ""type"": ""MultiPoint""}",2020
16390,16391,568837.0,2020-03-19,2110,YONGE ST,CUMMER AVE,2 m East of,Major Arterial,North York,At Intersection,Traffic Signal,Rain,"Dark, artificial",Wet,Non-Fatal Injury,Pedestrian Collisions,Driver,20 to 24,,,South,"Automobile, Station Wagon",Turning Left,Failed to Yield Right of Way,Inattentive,,,,,,,Yes,,Yes,,,,,,,Yes,,,,50,Newtonbrook East,50,Newtonbrook East (50),D32,"{""coordinates"": [[-79.4173080005451, 43.7869970003725]], ""type"": ""MultiPoint""}",2020
16391,16392,568837.0,2020-03-19,2110,YONGE ST,CUMMER AVE,2 m East of,Major Arterial,North York,At Intersection,Traffic Signal,Rain,"Dark, artificial",Wet,Non-Fatal Injury,Pedestrian Collisions,Pedestrian,70 to 74,Major,,North,,,,,Vehicle turns left while ped crosses with ROW at inter.,Crossing with right of way,Normal,,,,Yes,,Yes,,,,,,,Yes,,,,50,Newtonbrook East,50,Newtonbrook East (50),D32,"{""coordinates"": [[-79.4173080005451, 43.7869970003725]], ""type"": ""MultiPoint""}",2020
16392,16393,568853.0,2020-03-19,2116,BROADVIEW AVE,MONTCREST BLVD,,Minor Arterial,Toronto and East York,At Intersection,Stop Sign,Rain,"Dark, artificial",Wet,Non-Fatal Injury,Turning Movement,Driver,25 to 29,Major,,North,"Automobile, Station Wagon",Turning Left,Improper Turn,Unknown,,,,,,,,,Yes,,,,,,,,,,,68,North Riverdale,68,North Riverdale (68),D55,"{""coordinates"": [[-79.356058999908, 43.6731630004454]], ""type"": ""MultiPoint""}",2020
16393,16394,568853.0,2020-03-19,2116,BROADVIEW AVE,MONTCREST BLVD,,Minor Arterial,Toronto and East York,At Intersection,Stop Sign,Rain,"Dark, artificial",Wet,Non-Fatal Injury,Turning Movement,Driver,25 to 29,Minimal,,North,"Automobile, Station Wagon",Going Ahead,Driving Properly,Normal,,,,,,,,,Yes,,,,,,,,,,,68,North Riverdale,68,North Riverdale (68),D55,"{""coordinates"": [[-79.356058999908, 43.6731630004454]], ""type"": ""MultiPoint""}",2020
16394,16395,598639.0,2020-03-25,524,O CONNOR  DR,SUNRISE AVE,,Major Arterial,North York,Intersection Related,Traffic Signal,Clear,Daylight,Dry,Non-Fatal Injury,Pedestrian Collisions,Driver,60 to 64,,,South,"Automobile, Station Wagon",Going Ahead,Driving Properly,Normal,,,,,,,Yes,,Yes,,,,,,,,,,,43,Victoria Village,43,Victoria Village (43),D55,"{""coordinates"": [[-79.3044309998745, 43.7188330004012]], ""type"": ""MultiPoint""}",2020
16395,16396,598639.0,2020-03-25,524,O CONNOR  DR,SUNRISE AVE,,Major Arterial,North York,Intersection Related,Traffic Signal,Clear,Daylight,Dry,Non-Fatal Injury,Pedestrian Collisions,Pedestrian,55 to 59,Major,,West,,,,,Vehicle is going straight thru inter.while ped cross without ROW,Crossing without right of way,Normal,,,,Yes,,Yes,,,,,,,,,,,43,Victoria Village,43,Victoria Village (43),D55,"{""coordinates"": [[-79.3044309998745, 43.7188330004012]], ""type"": ""MultiPoint""}",2020
16396,16397,602902.0,2020-03-25,2032,KELVIN GROVE AVE,STEELES AVE E,,Major Arterial,Scarborough,At Intersection,Traffic Signal,Clear,"Dark, artificial",Dry,Non-Fatal Injury,Pedestrian Collisions,Driver,40 to 44,,,North,"Automobile, Station Wagon",Turning Left,Failed to Yield Right of Way,Inattentive,,,,,,,Yes,,Yes,,,,,,,Yes,,,,116,Steeles,116,Steeles (116),D42,"{""coordinates"": [[-79.3122210005788, 43.8224019998793]], ""type"": ""MultiPoint""}",2020