index,_id,ACCNUM,DATE,TIME,STREET1,STREET2,OFFSET,ROAD_CLASS,DISTRICT,ACCLOC,TRAFFCTL,VISIBILITY,LIGHT,RDSFCOND,ACCLASS,IMPACTYPE,INVTYPE,INVAGE,INJURY,FATAL_NO,INITDIR,VEHTYPE,MANOEUVER,DRIVACT,DRIVCOND,PEDTYPE,PEDACT,PEDCOND,CYCLISTYPE,CYCACT,CYCCOND,PEDESTRIAN,CYCLIST,AUTOMOBILE,MOTORCYCLE,TRUCK,TRSN_CITY_VEH,EMERG_VEH,PASSENGER,SPEEDING,AG_DRIV,REDLIGHT,ALCOHOL,DISABILITY,HOOD_158,NEIGHBOURHOOD_158,HOOD_140,NEIGHBOURHOOD_140,DIVISION,geometry,ACCIDENT_YEAR
16397,16398,602902.0,2020-03-25,2032,KELVIN GROVE AVE,STEELES AVE E,,Major Arterial,Scarborough,At Intersection,Traffic Signal,Clear,"Dark, artificial",Dry,Non-Fatal Injury,Pedestrian Collisions,Pedestrian,50 to 54,Major,,South,,,,,Vehicle turns left while ped crosses with ROW at inter.,Crossing with right of way,Normal,,,,Yes,,Yes,,,,,,,Yes,,,,116,Steeles,116,Steeles (116),D42,"{""coordinates"": [[-79.3122210005788, 43.8224019998793]], ""type"": ""MultiPoint""}",2020
16398,16399,608251.0,2020-03-26,1845,LASCELLES BLVD,FROBISHER AVE,,Local,Toronto and East York,At Intersection,Stop Sign,Clear,"Dark, artificial",Dry,Non-Fatal Injury,SMV Other,Driver,35 to 39,Major,,North,"Automobile, Station Wagon",Turning Left,Lost control,Medical or Physical Disability,,,,,,,,,Yes,,,,,,,,,,Yes,100,Yonge-Eglinton,100,Yonge-Eglinton (100),D53,"{""coordinates"": [[-79.4001110005335, 43.6964709999973]], ""type"": ""MultiPoint""}",2020
16399,16400,623949.0,2020-03-29,1535,MARINE PARADE DR,SHORE BREEZE  DR,47 m East of,Collector,Etobicoke York,Non Intersection,No Control,Clear,Daylight,Dry,Non-Fatal Injury,Cyclist Collisions,Driver,25 to 29,,,East,"Automobile, Station Wagon",Making U Turn,Improper Turn,Inattentive,,,,,,,,Yes,Yes,,,,,,,,,,,161,Humber Bay Shores,17,Mimico (includes Humber Bay Shores) (17),D22,"{""coordinates"": [[-79.4779390005429, 43.6237970002362]], ""type"": ""MultiPoint""}",2020
16400,16401,623949.0,2020-03-29,1535,MARINE PARADE DR,SHORE BREEZE  DR,47 m East of,Collector,Etobicoke York,Non Intersection,No Control,Clear,Daylight,Dry,Non-Fatal Injury,Cyclist Collisions,Cyclist,50 to 54,Major,,East,Bicycle,Going Ahead,,,,,,Cyclist and Driver travelling in same direction. One vehicle sideswipes the other.,Driving Properly,Normal,,Yes,Yes,,,,,,,,,,,161,Humber Bay Shores,17,Mimico (includes Humber Bay Shores) (17),D22,"{""coordinates"": [[-79.4779390005429, 43.6237970002362]], ""type"": ""MultiPoint""}",2020
16401,16402,627897.0,2020-03-30,945,KEELE ST,LAWRENCE AVE W,,Major Arterial,Etobicoke York,At Intersection,Traffic Signal,Rain,Daylight,Wet,Non-Fatal Injury,Pedestrian Collisions,Truck Driver,40 to 44,,,South,Truck - Dump,Going Ahead,Speed too Fast For Condition,Normal,,,,,,,Yes,,Yes,,Yes,,,,Yes,Yes,,,,30,Brookhaven-Amesbury,30,Brookhaven-Amesbury (30),D12,"{""coordinates"": [[-79.478022999946, 43.7085860002373]], ""type"": ""MultiPoint""}",2020
16402,16403,627897.0,2020-03-30,945,KEELE ST,LAWRENCE AVE W,,Major Arterial,Etobicoke York,At Intersection,Traffic Signal,Rain,Daylight,Wet,Non-Fatal Injury,Pedestrian Collisions,Driver,55 to 59,,,North,"Automobile, Station Wagon",Turning Left,Failed to Yield Right of Way,Normal,,,,,,,Yes,,Yes,,Yes,,,,Yes,Yes,,,,30,Brookhaven-Amesbury,30,Brookhaven-Amesbury (30),D12,"{""coordinates"": [[-79.478022999946, 43.7085860002373]], ""type"": ""MultiPoint""}",2020
16403,16404,627897.0,2020-03-30,945,KEELE ST,LAWRENCE AVE W,,Major Arterial,Etobicoke York,At Intersection,Traffic Signal,Rain,Daylight,Wet,Non-Fatal Injury,Pedestrian Collisions,Pedestrian,40 to 44,Major,,Unknown,,,,,Pedestrian hit on sidewalk or shoulder,On Sidewalk or Shoulder,Normal,,,,Yes,,Yes,,Yes,,,,Yes,Yes,,,,30,Brookhaven-Amesbury,30,Brookhaven-Amesbury (30),D12,"{""coordinates"": [[-79.478022999946, 43.7085860002373]], ""type"": ""MultiPoint""}",2020
16404,16405,656670.0,2020-04-03,2310,STEELES AVE W,ISLINGTON AVE,,Major Arterial,Etobicoke York,Non Intersection,No Control,Clear,"Dark, artificial",Wet,Fatal,Turning Movement,Driver,25 to 29,Fatal,7.0,West,"Automobile, Station Wagon",Making U Turn,Improper Turn,Unknown,,,,,,,,,Yes,,,,,Yes,,,,,,2,Mount Olive-Silverstone-Jamestown,2,Mount Olive-Silverstone-Jamestown (2),D23,"{""coordinates"": [[-79.5798980000878, 43.7622020001376]], ""type"": ""MultiPoint""}",2020
16405,16406,656670.0,2020-04-03,2310,STEELES AVE W,ISLINGTON AVE,,Major Arterial,Etobicoke York,Non Intersection,No Control,Clear,"Dark, artificial",Wet,Fatal,Turning Movement,Driver,50 to 54,Minor,,East,"Automobile, Station Wagon",Going Ahead,Driving Properly,Normal,,,,,,,,,Yes,,,,,Yes,,,,,,2,Mount Olive-Silverstone-Jamestown,2,Mount Olive-Silverstone-Jamestown (2),D23,"{""coordinates"": [[-79.5798980000878, 43.7622020001376]], ""type"": ""MultiPoint""}",2020
16406,16407,656670.0,2020-04-03,2310,STEELES AVE W,ISLINGTON AVE,,Major Arterial,Etobicoke York,Non Intersection,No Control,Clear,"Dark, artificial",Wet,Fatal,Turning Movement,Passenger,50 to 54,Major,,,,,,,,,,,,,,,Yes,,,,,Yes,,,,,,2,Mount Olive-Silverstone-Jamestown,2,Mount Olive-Silverstone-Jamestown (2),D23,"{""coordinates"": [[-79.5798980000878, 43.7622020001376]], ""type"": ""MultiPoint""}",2020
16407,16408,656670.0,2020-04-03,2310,STEELES AVE W,ISLINGTON AVE,,Major Arterial,Etobicoke York,Non Intersection,No Control,Clear,"Dark, artificial",Wet,Fatal,Turning Movement,Driver,35 to 39,Minor,,East,"Automobile, Station Wagon",Going Ahead,Driving Properly,Normal,,,,,,,,,Yes,,,,,Yes,,,,,,2,Mount Olive-Silverstone-Jamestown,2,Mount Olive-Silverstone-Jamestown (2),D23,"{""coordinates"": [[-79.5798980000878, 43.7622020001376]], ""type"": ""MultiPoint""}",2020
16408,16409,657926.0,2020-04-04,715,HINTON RD,HAREFIELD DR,,Local,Etobicoke York,At Intersection,No Control,Clear,Daylight,Dry,Non-Fatal Injury,Cyclist Collisions,Driver,25 to 29,,,East,"Automobile, Station Wagon",Going Ahead,Lost control,Inattentive,,,,,,,,Yes,Yes,,,,,,Yes,Yes,,,,4,Rexdale-Kipling,4,Rexdale-Kipling (4),D23,"{""coordinates"": [[-79.5695220002036, 43.7265609997268]], ""type"": ""MultiPoint""}",2020
16409,16410,657926.0,2020-04-04,715,HINTON RD,HAREFIELD DR,,Local,Etobicoke York,At Intersection,No Control,Clear,Daylight,Dry,Non-Fatal Injury,Cyclist Collisions,Cyclist,55 to 59,Major,,East,Bicycle,Going Ahead,,,,,,Cyclist and Driver travelling in same direction. One vehicle rear-ended the other.,Other,Normal,,Yes,Yes,,,,,,Yes,Yes,,,,4,Rexdale-Kipling,4,Rexdale-Kipling (4),D23,"{""coordinates"": [[-79.5695220002036, 43.7265609997268]], ""type"": ""MultiPoint""}",2020
16410,16411,658260.0,2020-04-04,917,KEELE ST,SHEPPARD AVE W,,Major Arterial,North York,At Intersection,Traffic Signal,Clear,Daylight,Dry,Non-Fatal Injury,Angle,Driver,20 to 24,Major,,South,"Automobile, Station Wagon",Going Ahead,Disobeyed Traffic Control,Unknown,,,,,,,,,Yes,,,Yes,,Yes,,Yes,Yes,,,155,Downsview,26,Downsview-Roding-CFB (26),D31,"{""coordinates"": [[-79.4864080001427, 43.7447039995862]], ""type"": ""MultiPoint""}",2020
16411,16412,658260.0,2020-04-04,917,KEELE ST,SHEPPARD AVE W,,Major Arterial,North York,At Intersection,Traffic Signal,Clear,Daylight,Dry,Non-Fatal Injury,Angle,Driver,55 to 59,Minimal,,West,Municipal Transit Bus (TTC),Going Ahead,Driving Properly,Normal,,,,,,,,,Yes,,,Yes,,Yes,,Yes,Yes,,,155,Downsview,26,Downsview-Roding-CFB (26),D31,"{""coordinates"": [[-79.4864080001427, 43.7447039995862]], ""type"": ""MultiPoint""}",2020
16412,16413,658260.0,2020-04-04,917,KEELE ST,SHEPPARD AVE W,,Major Arterial,North York,At Intersection,Traffic Signal,Clear,Daylight,Dry,Non-Fatal Injury,Angle,Passenger,20 to 24,Major,,,"Automobile, Station Wagon",,,,,,,,,,,,Yes,,,Yes,,Yes,,Yes,Yes,,,155,Downsview,26,Downsview-Roding-CFB (26),D31,"{""coordinates"": [[-79.4864080001427, 43.7447039995862]], ""type"": ""MultiPoint""}",2020
16413,16414,780152.0,2020-04-23,1030,KEELE ST,WILSON AVE,,Major Arterial,North York,At Intersection,Traffic Signal,Clear,Daylight,Dry,Non-Fatal Injury,Pedestrian Collisions,Driver,60 to 64,,,South,"Automobile, Station Wagon",Turning Right,Failed to Yield Right of Way,Inattentive,,,,,,,Yes,,Yes,,,,,,,Yes,,,,155,Downsview,26,Downsview-Roding-CFB (26),D31,"{""coordinates"": [[-79.4820280002563, 43.7265689999552]], ""type"": ""MultiPoint""}",2020
16414,16415,780152.0,2020-04-23,1030,KEELE ST,WILSON AVE,,Major Arterial,North York,At Intersection,Traffic Signal,Clear,Daylight,Dry,Non-Fatal Injury,Pedestrian Collisions,Pedestrian,60 to 64,Major,,East,,,,,Vehicle turns right while ped crosses with ROW at inter.,Crossing with right of way,Normal,,,,Yes,,Yes,,,,,,,Yes,,,,155,Downsview,26,Downsview-Roding-CFB (26),D31,"{""coordinates"": [[-79.4820280002563, 43.7265689999552]], ""type"": ""MultiPoint""}",2020
16415,16416,772626.0,2020-04-23,1323,YONGE ST,BELSIZE DR,2 m South of,Major Arterial,Toronto and East York,Intersection Related,Traffic Signal,Clear,Daylight,Dry,Non-Fatal Injury,Rear End,Driver,75 to 79,,,South,Passenger Van,Going Ahead,Following too Close,Medical or Physical Disability,,,,,,,,,Yes,Yes,,,,,,Yes,,,Yes,174,South Eglinton-Davisville,104,Mount Pleasant West (104),D53,"{""coordinates"": [[-79.396998999993, 43.7002250003527]], ""type"": ""MultiPoint""}",2020
16416,16417,772626.0,2020-04-23,1323,YONGE ST,BELSIZE DR,2 m South of,Major Arterial,Toronto and East York,Intersection Related,Traffic Signal,Clear,Daylight,Dry,Non-Fatal Injury,Rear End,Motorcycle Driver,60 to 64,Major,,South,Motorcycle,Slowing or Stopping,Driving Properly,Normal,,,,,,,,,Yes,Yes,,,,,,Yes,,,Yes,174,South Eglinton-Davisville,104,Mount Pleasant West (104),D53,"{""coordinates"": [[-79.396998999993, 43.7002250003527]], ""type"": ""MultiPoint""}",2020
16417,16418,778481.0,2020-04-24,1345,347 MORNINGSIDE AVE,,1 m East of,Major Arterial,Scarborough,At/Near Private Drive,No Control,Clear,Daylight,Dry,Non-Fatal Injury,Turning Movement,Cyclist,55 to 59,Major,,North,Bicycle,Going Ahead,,,,,,"Cyclist without ROW rides into path of motorist at inter, lnwy, dwy-Cyclist not turn.",Failed to Yield Right of Way,Inattentive,,Yes,Yes,,,,,,,,,,,136,West Hill,136,West Hill (136),D43,"{""coordinates"": [[-79.1892199999093, 43.7759350003471]], ""type"": ""MultiPoint""}",2020
16418,16419,778481.0,2020-04-24,1345,347 MORNINGSIDE AVE,,1 m East of,Major Arterial,Scarborough,At/Near Private Drive,No Control,Clear,Daylight,Dry,Non-Fatal Injury,Turning Movement,Driver,15 to 19,,,North,"Automobile, Station Wagon",Turning Right,Driving Properly,Normal,,,,,,,,Yes,Yes,,,,,,,,,,,136,West Hill,136,West Hill (136),D43,"{""coordinates"": [[-79.1892199999093, 43.7759350003471]], ""type"": ""MultiPoint""}",2020
16419,16420,806061.0,2020-04-29,858,KENNEDY RD,ELLESMERE RD,,Major Arterial,Scarborough,At Intersection,Traffic Signal,Clear,Daylight,Dry,Non-Fatal Injury,Pedestrian Collisions,Driver,30 to 34,,,East,Pick Up Truck,Turning Left,Failed to Yield Right of Way,Inattentive,,,,,,,Yes,,Yes,,,,,,,Yes,,,,126,Dorset Park,126,Dorset Park (126),D41,"{""coordinates"": [[-79.281040000364, 43.765730999766]], ""type"": ""MultiPoint""}",2020
16420,16421,806061.0,2020-04-29,858,KENNEDY RD,ELLESMERE RD,,Major Arterial,Scarborough,At Intersection,Traffic Signal,Clear,Daylight,Dry,Non-Fatal Injury,Pedestrian Collisions,Pedestrian,65 to 69,Major,,South,,,,,Vehicle turns left while ped crosses with ROW at inter.,Crossing with right of way,Normal,,,,Yes,,Yes,,,,,,,Yes,,,,126,Dorset Park,126,Dorset Park (126),D41,"{""coordinates"": [[-79.281040000364, 43.765730999766]], ""type"": ""MultiPoint""}",2020
16421,16422,819828.0,2020-05-01,1452,PEMBROKE ST,DUNDAS ST E,,Major Arterial,Toronto and East York,At Intersection,Stop Sign,Clear,Daylight,Dry,Non-Fatal Injury,Pedestrian Collisions,Driver,20 to 24,,,South,"Automobile, Station Wagon",Going Ahead,Failed to Yield Right of Way,Inattentive,,,,,,,Yes,,Yes,,,,,Yes,,Yes,,,,73,Moss Park,73,Moss Park (73),D51,"{""coordinates"": [[-79.3723479995837, 43.658098999648]], ""type"": ""MultiPoint""}",2020
16422,16423,819828.0,2020-05-01,1452,PEMBROKE ST,DUNDAS ST E,,Major Arterial,Toronto and East York,At Intersection,Stop Sign,Clear,Daylight,Dry,Non-Fatal Injury,Pedestrian Collisions,Driver,30 to 34,,,East,"Automobile, Station Wagon",Going Ahead,Driving Properly,Normal,,,,,,,Yes,,Yes,,,,,Yes,,Yes,,,,73,Moss Park,73,Moss Park (73),D51,"{""coordinates"": [[-79.3723479995837, 43.658098999648]], ""type"": ""MultiPoint""}",2020
16423,16424,819828.0,2020-05-01,1452,PEMBROKE ST,DUNDAS ST E,,Major Arterial,Toronto and East York,At Intersection,Stop Sign,Clear,Daylight,Dry,Non-Fatal Injury,Pedestrian Collisions,Passenger,25 to 29,,,,,,,,,,,,,,Yes,,Yes,,,,,Yes,,Yes,,,,73,Moss Park,73,Moss Park (73),D51,"{""coordinates"": [[-79.3723479995837, 43.658098999648]], ""type"": ""MultiPoint""}",2020
16424,16425,819828.0,2020-05-01,1452,PEMBROKE ST,DUNDAS ST E,,Major Arterial,Toronto and East York,At Intersection,Stop Sign,Clear,Daylight,Dry,Non-Fatal Injury,Pedestrian Collisions,Pedestrian,40 to 44,Major,,Unknown,,,,,Pedestrian hit at mid-block,Other,Normal,,,,Yes,,Yes,,,,,Yes,,Yes,,,,73,Moss Park,73,Moss Park (73),D51,"{""coordinates"": [[-79.3723479995837, 43.658098999648]], ""type"": ""MultiPoint""}",2020
16425,16426,823448.0,2020-05-02,459,CRAWFORD ST,DUNDAS ST W,78 m South o,Local,Toronto and East York,Non Intersection,No Control,Clear,"Dark, artificial",Dry,Non-Fatal Injury,Pedestrian Collisions,Driver,50 to 54,,,North,"Automobile, Station Wagon",Going Ahead,Other,Inattentive,,,,,,,Yes,,Yes,,,,,,,,,,,81,Trinity-Bellwoods,81,Trinity-Bellwoods (81),D14,"{""coordinates"": [[-79.4167889998814, 43.6493560003837]], ""type"": ""MultiPoint""}",2020
16426,16427,823448.0,2020-05-02,459,CRAWFORD ST,DUNDAS ST W,78 m South o,Local,Toronto and East York,Non Intersection,No Control,Clear,"Dark, artificial",Dry,Non-Fatal Injury,Pedestrian Collisions,Pedestrian,35 to 39,Major,,Unknown,,,,,Pedestrian hit at mid-block,"Crossing, no Traffic Control",Other,,,,Yes,,Yes,,,,,,,,,,,81,Trinity-Bellwoods,81,Trinity-Bellwoods (81),D14,"{""coordinates"": [[-79.4167889998814, 43.6493560003837]], ""type"": ""MultiPoint""}",2020
16427,16428,825994.0,2020-05-02,1538,12 QUEENS QUAY W,,,Minor Arterial,Toronto and East York,At/Near Private Drive,Stop Sign,Rain,Daylight,Wet,Non-Fatal Injury,Cyclist Collisions,Driver,30 to 34,,,North,"Automobile, Station Wagon",Turning Right,Failed to Yield Right of Way,Inattentive,,,,,,,,Yes,Yes,,,,,Yes,,Yes,,,,166,St Lawrence-East Bayfront-The Islands,77,Waterfront Communities-The Island (77),D52,"{""coordinates"": [[-79.3759339997221, 43.6413869996493]], ""type"": ""MultiPoint""}",2020
16428,16429,825994.0,2020-05-02,1538,12 QUEENS QUAY W,,,Minor Arterial,Toronto and East York,At/Near Private Drive,Stop Sign,Rain,Daylight,Wet,Non-Fatal Injury,Cyclist Collisions,Cyclist,30 to 34,Major,,East,Bicycle,Going Ahead,,,,,,"Motorist turns right at non-signal Inter.(stop, yield, no cont.,and dwy) and strikes cyclist.",Driving Properly,Normal,,Yes,Yes,,,,,Yes,,Yes,,,,166,St Lawrence-East Bayfront-The Islands,77,Waterfront Communities-The Island (77),D52,"{""coordinates"": [[-79.3759339997221, 43.6413869996493]], ""type"": ""MultiPoint""}",2020
16429,16430,825994.0,2020-05-02,1538,12 QUEENS QUAY W,,,Minor Arterial,Toronto and East York,At/Near Private Drive,Stop Sign,Rain,Daylight,Wet,Non-Fatal Injury,Cyclist Collisions,Passenger,25 to 29,,,,,,,,,,,,,,,Yes,Yes,,,,,Yes,,Yes,,,,166,St Lawrence-East Bayfront-The Islands,77,Waterfront Communities-The Island (77),D52,"{""coordinates"": [[-79.3759339997221, 43.6413869996493]], ""type"": ""MultiPoint""}",2020
16430,16431,826306.0,2020-05-02,1632,DUNDAS ST W,BLOOR ST W,,Major Arterial,Etobicoke York,At Intersection,Traffic Signal,Clear,Daylight,Dry,Non-Fatal Injury,Angle,Driver,50 to 54,Major,,South,"Automobile, Station Wagon",Going Ahead,Disobeyed Traffic Control,"Ability Impaired, Drugs",,,,,,,,,Yes,,,,,Yes,Yes,Yes,Yes,,,86,Roncesvalles,86,Roncesvalles (86),D11,"{""coordinates"": [[-79.452440999412, 43.6563100003361]], ""type"": ""MultiPoint""}",2020
16431,16432,826306.0,2020-05-02,1632,DUNDAS ST W,BLOOR ST W,,Major Arterial,Etobicoke York,At Intersection,Traffic Signal,Clear,Daylight,Dry,Non-Fatal Injury,Angle,Driver,50 to 54,Minimal,,East,"Automobile, Station Wagon",Going Ahead,Driving Properly,Normal,,,,,,,,,Yes,,,,,Yes,Yes,Yes,Yes,,,86,Roncesvalles,86,Roncesvalles (86),D11,"{""coordinates"": [[-79.452440999412, 43.6563100003361]], ""type"": ""MultiPoint""}",2020
16432,16433,826306.0,2020-05-02,1632,DUNDAS ST W,BLOOR ST W,,Major Arterial,Etobicoke York,At Intersection,Traffic Signal,Clear,Daylight,Dry,Non-Fatal Injury,Angle,Driver,35 to 39,Minor,,North,"Automobile, Station Wagon",Stopped,Driving Properly,Normal,,,,,,,,,Yes,,,,,Yes,Yes,Yes,Yes,,,86,Roncesvalles,86,Roncesvalles (86),D11,"{""coordinates"": [[-79.452440999412, 43.6563100003361]], ""type"": ""MultiPoint""}",2020
16433,16434,826306.0,2020-05-02,1632,DUNDAS ST W,BLOOR ST W,,Major Arterial,Etobicoke York,At Intersection,Traffic Signal,Clear,Daylight,Dry,Non-Fatal Injury,Angle,Driver,40 to 44,,,North,Pick Up Truck,Stopped,Driving Properly,Normal,,,,,,,,,Yes,,,,,Yes,Yes,Yes,Yes,,,86,Roncesvalles,86,Roncesvalles (86),D11,"{""coordinates"": [[-79.452440999412, 43.6563100003361]], ""type"": ""MultiPoint""}",2020
16434,16435,826306.0,2020-05-02,1632,DUNDAS ST W,BLOOR ST W,,Major Arterial,Etobicoke York,At Intersection,Traffic Signal,Clear,Daylight,Dry,Non-Fatal Injury,Angle,Passenger,55 to 59,,,,,,,,,,,,,,,,Yes,,,,,Yes,Yes,Yes,Yes,,,86,Roncesvalles,86,Roncesvalles (86),D11,"{""coordinates"": [[-79.452440999412, 43.6563100003361]], ""type"": ""MultiPoint""}",2020
16435,16436,826306.0,2020-05-02,1632,DUNDAS ST W,BLOOR ST W,,Major Arterial,Etobicoke York,At Intersection,Traffic Signal,Clear,Daylight,Dry,Non-Fatal Injury,Angle,Passenger,25 to 29,,,,,,,,,,,,,,,,Yes,,,,,Yes,Yes,Yes,Yes,,,86,Roncesvalles,86,Roncesvalles (86),D11,"{""coordinates"": [[-79.452440999412, 43.6563100003361]], ""type"": ""MultiPoint""}",2020
16436,16437,826306.0,2020-05-02,1632,DUNDAS ST W,BLOOR ST W,,Major Arterial,Etobicoke York,At Intersection,Traffic Signal,Clear,Daylight,Dry,Non-Fatal Injury,Angle,Passenger,25 to 29,,,,,,,,,,,,,,,,Yes,,,,,Yes,Yes,Yes,Yes,,,86,Roncesvalles,86,Roncesvalles (86),D11,"{""coordinates"": [[-79.452440999412, 43.6563100003361]], ""type"": ""MultiPoint""}",2020
16437,16438,827861.0,2020-05-02,2153,BRENTCLIFFE RD,EGLINTON AVE E,200 m East o,Major Arterial,North York,Non Intersection,No Control,Clear,"Dark, artificial",Dry,Non-Fatal Injury,SMV Other,Driver,50 to 54,Major,,West,"Automobile, Station Wagon",Going Ahead,Lost control,Unknown,,,,,,,,,Yes,,,,,,Yes,Yes,,,,55,Thorncliffe Park,55,Thorncliffe Park (55),D53,"{""coordinates"": [[-79.3573719999106, 43.7150829998419]], ""type"": ""MultiPoint""}",2020
16438,16439,838759.0,2020-05-04,1847,THE QUEENSWAY,STEPHEN DR,,Major Arterial,Etobicoke York,At Intersection,Traffic Signal,Clear,Daylight,Dry,Non-Fatal Injury,Turning Movement,Driver,40 to 44,Major,,West,Delivery Van,Going Ahead,Disobeyed Traffic Control,Inattentive,,,,,,,,,Yes,,,Yes,,,,Yes,Yes,,,16,Stonegate-Queensway,16,Stonegate-Queensway (16),D22,"{""coordinates"": [[-79.484217999967, 43.6303089998706]], ""type"": ""MultiPoint""}",2020
16439,16440,838759.0,2020-05-04,1847,THE QUEENSWAY,STEPHEN DR,,Major Arterial,Etobicoke York,At Intersection,Traffic Signal,Clear,Daylight,Dry,Non-Fatal Injury,Turning Movement,Driver,35 to 39,Minimal,,South,"Automobile, Station Wagon",Turning Left,Driving Properly,Normal,,,,,,,,,Yes,,,Yes,,,,Yes,Yes,,,16,Stonegate-Queensway,16,Stonegate-Queensway (16),D22,"{""coordinates"": [[-79.484217999967, 43.6303089998706]], ""type"": ""MultiPoint""}",2020
16440,16441,838759.0,2020-05-04,1847,THE QUEENSWAY,STEPHEN DR,,Major Arterial,Etobicoke York,At Intersection,Traffic Signal,Clear,Daylight,Dry,Non-Fatal Injury,Turning Movement,Driver,45 to 49,Minor,,South,"Bus (Other) (Go Bus, Gray Coa",Turning Left,Driving Properly,Normal,,,,,,,,,Yes,,,Yes,,,,Yes,Yes,,,16,Stonegate-Queensway,16,Stonegate-Queensway (16),D22,"{""coordinates"": [[-79.484217999967, 43.6303089998706]], ""type"": ""MultiPoint""}",2020
16441,16442,849955.0,2020-05-06,1627,SPADINA AVE,BLUE JAYS WAY,4 m North of,Major Arterial,Toronto and East York,Intersection Related,No Control,Clear,Daylight,Dry,Non-Fatal Injury,Pedestrian Collisions,Driver,35 to 39,,,North,"Automobile, Station Wagon",Going Ahead,Driving Properly,Normal,,,,,,,Yes,,Yes,,,,,,,,,,,165,Harbourfront-CityPlace,77,Waterfront Communities-The Island (77),D52,"{""coordinates"": [[-79.3933059994457, 43.641268000407]], ""type"": ""MultiPoint""}",2020
16442,16443,849955.0,2020-05-06,1627,SPADINA AVE,BLUE JAYS WAY,4 m North of,Major Arterial,Toronto and East York,Intersection Related,No Control,Clear,Daylight,Dry,Non-Fatal Injury,Pedestrian Collisions,Pedestrian,25 to 29,Major,,West,,,,,Vehicle is going straight thru inter.while ped cross without ROW,Crossing without right of way,Had Been Drinking,,,,Yes,,Yes,,,,,,,,,,,165,Harbourfront-CityPlace,77,Waterfront Communities-The Island (77),D52,"{""coordinates"": [[-79.3933059994457, 43.641268000407]], ""type"": ""MultiPoint""}",2020
16443,16444,865160.0,2020-05-09,700,SCARBOROUGH GOLF CLUB RD,KINGSTON RD,,Major Arterial,Scarborough,At Intersection,Traffic Signal,Clear,Daylight,Dry,Non-Fatal Injury,Pedestrian Collisions,Driver,35 to 39,,,South,Pick Up Truck,Turning Left,Driving Properly,Normal,,,,,,,Yes,,Yes,,,,,,,,,,,140,Guildwood,140,Guildwood (140),D43,"{""coordinates"": [[-79.2093160003037, 43.7459280004564]], ""type"": ""MultiPoint""}",2020
16444,16445,865160.0,2020-05-09,700,SCARBOROUGH GOLF CLUB RD,KINGSTON RD,,Major Arterial,Scarborough,At Intersection,Traffic Signal,Clear,Daylight,Dry,Non-Fatal Injury,Pedestrian Collisions,Pedestrian,55 to 59,Major,,,,,,,Vehicle turns left while ped crosses without ROW at inter.,Crossing without right of way,Normal,,,,Yes,,Yes,,,,,,,,,,,140,Guildwood,140,Guildwood (140),D43,"{""coordinates"": [[-79.2093160003037, 43.7459280004564]], ""type"": ""MultiPoint""}",2020
16445,16446,886175.0,2020-05-12,2109,TAPSCOTT RD,MELFORD DR,,Minor Arterial,Scarborough,At Intersection,No Control,Clear,"Dark, artificial",Dry,Fatal,SMV Other,Motorcycle Driver,30 to 34,Fatal,8.0,North,Motorcycle,Going Ahead,Lost control,Unknown,,,,,,,,,,Yes,,,,,,,,,,145,Malvern West,132,Malvern (132),D42,"{""coordinates"": [[-79.2341419995071, 43.8079519999911]], ""type"": ""MultiPoint""}",2020
16446,16447,888584.0,2020-05-13,945,LAWRENCE AVE E,FERN MEADOW RD,,Minor Arterial,Scarborough,Non Intersection,No Control,Clear,Daylight,Dry,Fatal,Pedestrian Collisions,Driver,35 to 39,,,West,Pick Up Truck,Going Ahead,Lost control,Unknown,,,,,,,Yes,,Yes,,,,,,,,,,,136,West Hill,136,West Hill (136),D43,"{""coordinates"": [[-79.1712140001543, 43.7716429997638]], ""type"": ""MultiPoint""}",2020
16447,16448,888584.0,2020-05-13,945,LAWRENCE AVE E,FERN MEADOW RD,,Minor Arterial,Scarborough,Non Intersection,No Control,Clear,Daylight,Dry,Fatal,Pedestrian Collisions,Pedestrian,75 to 79,Fatal,9.0,West,,,,,Pedestrian hit on sidewalk or shoulder,On Sidewalk or Shoulder,Normal,,,,Yes,,Yes,,,,,,,,,,,136,West Hill,136,West Hill (136),D43,"{""coordinates"": [[-79.1712140001543, 43.7716429997638]], ""type"": ""MultiPoint""}",2020
16448,16449,888584.0,2020-05-13,945,LAWRENCE AVE E,FERN MEADOW RD,,Minor Arterial,Scarborough,Non Intersection,No Control,Clear,Daylight,Dry,Fatal,Pedestrian Collisions,Other,unknown,Minor,,South,"Automobile, Station Wagon",Parked,,,,,,,,,Yes,,Yes,,,,,,,,,,,136,West Hill,136,West Hill (136),D43,"{""coordinates"": [[-79.1712140001543, 43.7716429997638]], ""type"": ""MultiPoint""}",2020
16449,16450,888584.0,2020-05-13,945,LAWRENCE AVE E,FERN MEADOW RD,,Minor Arterial,Scarborough,Non Intersection,No Control,Clear,Daylight,Dry,Fatal,Pedestrian Collisions,Other,unknown,Minor,,South,"Automobile, Station Wagon",Parked,,,,,,,,,Yes,,Yes,,,,,,,,,,,136,West Hill,136,West Hill (136),D43,"{""coordinates"": [[-79.1712140001543, 43.7716429997638]], ""type"": ""MultiPoint""}",2020