index,_id,ACCNUM,DATE,TIME,STREET1,STREET2,OFFSET,ROAD_CLASS,DISTRICT,ACCLOC,TRAFFCTL,VISIBILITY,LIGHT,RDSFCOND,ACCLASS,IMPACTYPE,INVTYPE,INVAGE,INJURY,FATAL_NO,INITDIR,VEHTYPE,MANOEUVER,DRIVACT,DRIVCOND,PEDTYPE,PEDACT,PEDCOND,CYCLISTYPE,CYCACT,CYCCOND,PEDESTRIAN,CYCLIST,AUTOMOBILE,MOTORCYCLE,TRUCK,TRSN_CITY_VEH,EMERG_VEH,PASSENGER,SPEEDING,AG_DRIV,REDLIGHT,ALCOHOL,DISABILITY,HOOD_158,NEIGHBOURHOOD_158,HOOD_140,NEIGHBOURHOOD_140,DIVISION,geometry,ACCIDENT_YEAR
16717,16718,1828214.0,2020-09-26,1137,BRIMLEY RD,PROGRESS AVE,,Major Arterial,Scarborough,At Intersection,Traffic Signal,Clear,Daylight,Dry,Non-Fatal Injury,SMV Other,Driver,75 to 79,Major,,South,"Automobile, Station Wagon",Going Ahead,Lost control,Unknown,,,,,,,,,Yes,,,,,,,,,,,156,Bendale-Glen Andrew,127,Bendale (127),D43,"{""coordinates"": [[-79.2631489995833, 43.7752099999349]], ""type"": ""MultiPoint""}",2020
16718,16719,1830669.0,2020-09-26,1754,ST CLAIR AVE E,PHARMACY AVE,,Major Arterial,Scarborough,At Intersection,Traffic Signal,Clear,Daylight,Dry,Non-Fatal Injury,Rear End,Driver,60 to 64,,,West,"Automobile, Station Wagon",Going Ahead,Following too Close,Normal,,,,,,,,,Yes,,,,,Yes,,Yes,,,,120,Clairlea-Birchmount,120,Clairlea-Birchmount (120),D41,"{""coordinates"": [[-79.2908970006263, 43.7097799997323]], ""type"": ""MultiPoint""}",2020
16719,16720,1830669.0,2020-09-26,1754,ST CLAIR AVE E,PHARMACY AVE,,Major Arterial,Scarborough,At Intersection,Traffic Signal,Clear,Daylight,Dry,Non-Fatal Injury,Rear End,Driver,70 to 74,Major,,West,"Automobile, Station Wagon",Stopped,Driving Properly,Normal,,,,,,,,,Yes,,,,,Yes,,Yes,,,,120,Clairlea-Birchmount,120,Clairlea-Birchmount (120),D41,"{""coordinates"": [[-79.2908970006263, 43.7097799997323]], ""type"": ""MultiPoint""}",2020
16720,16721,1830669.0,2020-09-26,1754,ST CLAIR AVE E,PHARMACY AVE,,Major Arterial,Scarborough,At Intersection,Traffic Signal,Clear,Daylight,Dry,Non-Fatal Injury,Rear End,Passenger,65 to 69,,,,,,,,,,,,,,,,Yes,,,,,Yes,,Yes,,,,120,Clairlea-Birchmount,120,Clairlea-Birchmount (120),D41,"{""coordinates"": [[-79.2908970006263, 43.7097799997323]], ""type"": ""MultiPoint""}",2020
16721,16722,1832925.0,2020-09-27,33,DON VALLEY PARKWAY  N,SPANBRIDGE RD,5 m South of,Expressway,North York,At Intersection,No Control,Clear,"Dark, artificial",Dry,Non-Fatal Injury,Rear End,Motorcycle Driver,35 to 39,Major,,North,Motorcycle,Going Ahead,Lost control,Inattentive,,,,,,,,,Yes,Yes,,,,,Yes,Yes,,,,44,Flemingdon Park,44,Flemingdon Park (44),D55,"{""coordinates"": [[-79.3250919996959, 43.7131949999006]], ""type"": ""MultiPoint""}",2020
16722,16723,1832925.0,2020-09-27,33,DON VALLEY PARKWAY  N,SPANBRIDGE RD,5 m South of,Expressway,North York,At Intersection,No Control,Clear,"Dark, artificial",Dry,Non-Fatal Injury,Rear End,Driver,40 to 44,,,North,"Automobile, Station Wagon",Going Ahead,Driving Properly,Normal,,,,,,,,,Yes,Yes,,,,,Yes,Yes,,,,44,Flemingdon Park,44,Flemingdon Park (44),D55,"{""coordinates"": [[-79.3250919996959, 43.7131949999006]], ""type"": ""MultiPoint""}",2020
16723,16724,1844601.0,2020-09-28,1625,2301 BRIMLEY RD,HUNTINGWOOD DR,12 m West of,Major Arterial,Scarborough,At/Near Private Drive,Traffic Signal,Clear,Daylight,Dry,Non-Fatal Injury,Pedestrian Collisions,Driver,70 to 74,,,West,"Automobile, Station Wagon",Turning Left,Failed to Yield Right of Way,Inattentive,,,,,,,Yes,,Yes,,,,,,,Yes,,,,129,Agincourt North,129,Agincourt North (129),D42,"{""coordinates"": [[-79.2726619997031, 43.7968579996336]], ""type"": ""MultiPoint""}",2020
16724,16725,1844601.0,2020-09-28,1625,2301 BRIMLEY RD,HUNTINGWOOD DR,12 m West of,Major Arterial,Scarborough,At/Near Private Drive,Traffic Signal,Clear,Daylight,Dry,Non-Fatal Injury,Pedestrian Collisions,Pedestrian,80 to 84,Major,,East,,,,,Vehicle turns left while ped crosses with ROW at inter.,Crossing with right of way,Normal,,,,Yes,,Yes,,,,,,,Yes,,,,129,Agincourt North,129,Agincourt North (129),D42,"{""coordinates"": [[-79.2726619997031, 43.7968579996336]], ""type"": ""MultiPoint""}",2020
16725,16726,1884326.0,2020-10-04,1152,ADELAIDE ST E,POWER ST,5 m South of,Major Arterial,Toronto and East York,At Intersection,Stop Sign,Rain,Daylight,Wet,Non-Fatal Injury,Turning Movement,Driver,30 to 34,,,South,"Automobile, Station Wagon",Turning Right,Improper Turn,Normal,,,,,,,,,Yes,,,,,Yes,,Yes,,,,73,Moss Park,73,Moss Park (73),D51,"{""coordinates"": [[-79.3626970003555, 43.6540059997296]], ""type"": ""MultiPoint""}",2020
16726,16727,1884326.0,2020-10-04,1152,ADELAIDE ST E,POWER ST,5 m South of,Major Arterial,Toronto and East York,At Intersection,Stop Sign,Rain,Daylight,Wet,Non-Fatal Injury,Turning Movement,Driver,35 to 39,Major,,North,"Automobile, Station Wagon",Going Ahead,Other,Normal,,,,,,,,,Yes,,,,,Yes,,Yes,,,,73,Moss Park,73,Moss Park (73),D51,"{""coordinates"": [[-79.3626970003555, 43.6540059997296]], ""type"": ""MultiPoint""}",2020
16727,16728,1884326.0,2020-10-04,1152,ADELAIDE ST E,POWER ST,5 m South of,Major Arterial,Toronto and East York,At Intersection,Stop Sign,Rain,Daylight,Wet,Non-Fatal Injury,Turning Movement,Passenger,30 to 34,,,,,,,,,,,,,,,,Yes,,,,,Yes,,Yes,,,,73,Moss Park,73,Moss Park (73),D51,"{""coordinates"": [[-79.3626970003555, 43.6540059997296]], ""type"": ""MultiPoint""}",2020
16728,16729,1886672.0,2020-10-04,1906,FINCH AVE W,DUFFERIN ST,,Major Arterial,North York,At Intersection,Traffic Signal,Rain,"Dark, artificial",Wet,Non-Fatal Injury,Pedestrian Collisions,Driver,20 to 24,,,West,"Automobile, Station Wagon",Turning Left,Improper Turn,Normal,,,,,,,Yes,,Yes,,,,,,,,,,,34,Bathurst Manor,34,Bathurst Manor (34),D32,"{""coordinates"": [[-79.466883999565, 43.7687819999393]], ""type"": ""MultiPoint""}",2020
16729,16730,1886672.0,2020-10-04,1906,FINCH AVE W,DUFFERIN ST,,Major Arterial,North York,At Intersection,Traffic Signal,Rain,"Dark, artificial",Wet,Non-Fatal Injury,Pedestrian Collisions,Pedestrian,80 to 84,Major,,West,,,,,Vehicle turns left while ped crosses with ROW at inter.,Crossing with right of way,Normal,,,,Yes,,Yes,,,,,,,,,,,34,Bathurst Manor,34,Bathurst Manor (34),D32,"{""coordinates"": [[-79.466883999565, 43.7687819999393]], ""type"": ""MultiPoint""}",2020
16730,16731,1887920.0,2020-10-05,1,73 QUEENS PARK  CRES E,,5 m North of,Major Arterial,Toronto and East York,Non Intersection,Traffic Signal,Clear,"Dark, artificial",Wet,Non-Fatal Injury,Pedestrian Collisions,Driver,25 to 29,,,North,"Automobile, Station Wagon",Going Ahead,Driving Properly,Normal,,,,,,,Yes,,Yes,,,,,,,,,,,169,Bay-Cloverhill,76,Bay Street Corridor (76),D52,"{""coordinates"": [[-79.3918560005264, 43.6658499999622]], ""type"": ""MultiPoint""}",2020
16731,16732,1887920.0,2020-10-05,1,73 QUEENS PARK  CRES E,,5 m North of,Major Arterial,Toronto and East York,Non Intersection,Traffic Signal,Clear,"Dark, artificial",Wet,Non-Fatal Injury,Pedestrian Collisions,Pedestrian,25 to 29,Major,,West,,,,,Pedestrian hit at mid-block,Running onto Roadway,Inattentive,,,,Yes,,Yes,,,,,,,,,,,169,Bay-Cloverhill,76,Bay Street Corridor (76),D52,"{""coordinates"": [[-79.3918560005264, 43.6658499999622]], ""type"": ""MultiPoint""}",2020
16732,16733,1887920.0,2020-10-05,1,73 QUEENS PARK  CRES E,,5 m North of,Major Arterial,Toronto and East York,Non Intersection,Traffic Signal,Clear,"Dark, artificial",Wet,Non-Fatal Injury,Pedestrian Collisions,,40 to 44,,,,,,,,,,,,,,Yes,,Yes,,,,,,,,,,,169,Bay-Cloverhill,76,Bay Street Corridor (76),D52,"{""coordinates"": [[-79.3918560005264, 43.6658499999622]], ""type"": ""MultiPoint""}",2020
16733,16734,1888884.0,2020-10-05,712,JANE ST,GRANDRAVINE DR,,Major Arterial,North York,At Intersection,Traffic Signal,Clear,Daylight,Dry,Non-Fatal Injury,Pedestrian Collisions,Driver,55 to 59,,,North,Passenger Van,Going Ahead,Driving Properly,Normal,,,,,,,Yes,,Yes,,,,,,,,,,,25,Glenfield-Jane Heights,25,Glenfield-Jane Heights (25),D31,"{""coordinates"": [[-79.5150860002983, 43.7470230002374]], ""type"": ""MultiPoint""}",2020
16734,16735,1888884.0,2020-10-05,712,JANE ST,GRANDRAVINE DR,,Major Arterial,North York,At Intersection,Traffic Signal,Clear,Daylight,Dry,Non-Fatal Injury,Pedestrian Collisions,Pedestrian,60 to 64,Major,,West,,,,,Vehicle is going straight thru inter.while ped cross without ROW,Crossing without right of way,Inattentive,,,,Yes,,Yes,,,,,,,,,,,25,Glenfield-Jane Heights,25,Glenfield-Jane Heights (25),D31,"{""coordinates"": [[-79.5150860002983, 43.7470230002374]], ""type"": ""MultiPoint""}",2020
16735,16736,1892662.0,2020-10-05,1640,BATHURST ST,SHEPPARD AVE W,80 m North o,Major Arterial,North York,Non Intersection,No Control,Clear,Daylight,Dry,Non-Fatal Injury,Pedestrian Collisions,Driver,30 to 34,,,South,Passenger Van,Going Ahead,Driving Properly,Normal,,,,,,,Yes,,Yes,,,,,,,,,,,34,Bathurst Manor,34,Bathurst Manor (34),D32,"{""coordinates"": [[-79.438608999874, 43.7560909997238]], ""type"": ""MultiPoint""}",2020
16736,16737,1892662.0,2020-10-05,1640,BATHURST ST,SHEPPARD AVE W,80 m North o,Major Arterial,North York,Non Intersection,No Control,Clear,Daylight,Dry,Non-Fatal Injury,Pedestrian Collisions,Pedestrian,15 to 19,Major,,Unknown,,,,,Pedestrian hit at mid-block,Other,Inattentive,,,,Yes,,Yes,,,,,,,,,,,34,Bathurst Manor,34,Bathurst Manor (34),D32,"{""coordinates"": [[-79.438608999874, 43.7560909997238]], ""type"": ""MultiPoint""}",2020
16737,16738,1894720.0,2020-10-05,2312,UNIVERSITY AVE,COLLEGE ST,4 m North of,Major Arterial,Toronto and East York,At Intersection,Traffic Signal,Clear,"Dusk, artificial",Dry,Non-Fatal Injury,Pedestrian Collisions,Driver,55 to 59,,,West,"Automobile, Station Wagon",Turning Right,Failed to Yield Right of Way,Normal,,,,,,,Yes,,Yes,,,,,,,Yes,,,,170,Yonge-Bay Corridor,76,Bay Street Corridor (76),D52,"{""coordinates"": [[-79.390453000272, 43.6597849998312]], ""type"": ""MultiPoint""}",2020
16738,16739,1894720.0,2020-10-05,2312,UNIVERSITY AVE,COLLEGE ST,4 m North of,Major Arterial,Toronto and East York,At Intersection,Traffic Signal,Clear,"Dusk, artificial",Dry,Non-Fatal Injury,Pedestrian Collisions,Pedestrian,65 to 69,Major,,West,,,,,Vehicle turns right while ped crosses with ROW at inter.,Crossing with right of way,Normal,,,,Yes,,Yes,,,,,,,Yes,,,,170,Yonge-Bay Corridor,76,Bay Street Corridor (76),D52,"{""coordinates"": [[-79.390453000272, 43.6597849998312]], ""type"": ""MultiPoint""}",2020
16739,16740,1902177.0,2020-10-07,300,LANSDOWNE AVE,COLLEGE ST,10 m North o,Minor Arterial,Toronto and East York,At Intersection,Traffic Signal,Clear,Dark,Dry,Non-Fatal Injury,SMV Other,Driver,10 to 14,Major,,North,"Automobile, Station Wagon",Going Ahead,Lost control,Unknown,,,,,,,,,Yes,,,,,Yes,Yes,Yes,,,,83,Dufferin Grove,83,Dufferin Grove (83),D11,"{""coordinates"": [[-79.4399600005504, 43.6509390002112]], ""type"": ""MultiPoint""}",2020
16740,16741,1902177.0,2020-10-07,300,LANSDOWNE AVE,COLLEGE ST,10 m North o,Minor Arterial,Toronto and East York,At Intersection,Traffic Signal,Clear,Dark,Dry,Non-Fatal Injury,SMV Other,Passenger,10 to 14,Minor,,,,,,,,,,,,,,,Yes,,,,,Yes,Yes,Yes,,,,83,Dufferin Grove,83,Dufferin Grove (83),D11,"{""coordinates"": [[-79.4399600005504, 43.6509390002112]], ""type"": ""MultiPoint""}",2020
16741,16742,1902177.0,2020-10-07,300,LANSDOWNE AVE,COLLEGE ST,10 m North o,Minor Arterial,Toronto and East York,At Intersection,Traffic Signal,Clear,Dark,Dry,Non-Fatal Injury,SMV Other,Passenger,10 to 14,,,,,,,,,,,,,,,,Yes,,,,,Yes,Yes,Yes,,,,83,Dufferin Grove,83,Dufferin Grove (83),D11,"{""coordinates"": [[-79.4399600005504, 43.6509390002112]], ""type"": ""MultiPoint""}",2020
16742,16743,1902177.0,2020-10-07,300,LANSDOWNE AVE,COLLEGE ST,10 m North o,Minor Arterial,Toronto and East York,At Intersection,Traffic Signal,Clear,Dark,Dry,Non-Fatal Injury,SMV Other,Passenger,15 to 19,,,,,,,,,,,,,,,,Yes,,,,,Yes,Yes,Yes,,,,83,Dufferin Grove,83,Dufferin Grove (83),D11,"{""coordinates"": [[-79.4399600005504, 43.6509390002112]], ""type"": ""MultiPoint""}",2020
16743,16744,1912366.0,2020-10-08,1410,LAWRENCE AVE W,BATHURST ST,3 m South of,Major Arterial,North York,At Intersection,Traffic Signal,Rain,Daylight,Wet,Non-Fatal Injury,Pedestrian Collisions,Driver,unknown,,,East,"Automobile, Station Wagon",Turning Right,Improper Turn,Unknown,,,,,,,Yes,,Yes,,,,,,,,,,,39,Bedford Park-Nortown,39,Bedford Park-Nortown (39),D53,"{""coordinates"": [[-79.4297750001026, 43.719187000034]], ""type"": ""MultiPoint""}",2020
16744,16745,1912366.0,2020-10-08,1410,LAWRENCE AVE W,BATHURST ST,3 m South of,Major Arterial,North York,At Intersection,Traffic Signal,Rain,Daylight,Wet,Non-Fatal Injury,Pedestrian Collisions,Pedestrian,70 to 74,Major,,East,,,,,Vehicle turns right while ped crosses with ROW at inter.,Crossing with right of way,Normal,,,,Yes,,Yes,,,,,,,,,,,39,Bedford Park-Nortown,39,Bedford Park-Nortown (39),D53,"{""coordinates"": [[-79.4297750001026, 43.719187000034]], ""type"": ""MultiPoint""}",2020
16745,16746,1915138.0,2020-10-08,2330,COLLEGE ST,RUSHOLME PARK CRES,,Major Arterial,Toronto and East York,Non Intersection,No Control,Clear,"Dark, artificial",Dry,Fatal,SMV Unattended Vehicle,Other,unknown,,,East,"Automobile, Station Wagon",Parked,,,,,,,,,,,Yes,Yes,,,,,,,,,,84,Little Portugal,84,Little Portugal (84),D14,"{""coordinates"": [[-79.4302480001087, 43.6527890000841]], ""type"": ""MultiPoint""}",2020
16746,16747,1915138.0,2020-10-08,2330,COLLEGE ST,RUSHOLME PARK CRES,,Major Arterial,Toronto and East York,Non Intersection,No Control,Clear,"Dark, artificial",Dry,Fatal,SMV Unattended Vehicle,Motorcycle Driver,35 to 39,Fatal,28.0,West,Motorcycle,Going Ahead,Lost control,Unknown,,,,,,,,,Yes,Yes,,,,,,,,,,84,Little Portugal,84,Little Portugal (84),D14,"{""coordinates"": [[-79.4302480001087, 43.6527890000841]], ""type"": ""MultiPoint""}",2020
16747,16748,1927144.0,2020-10-10,1759,JANE ST,GOLDWIN AVE,5 m West of,Major Arterial,Etobicoke York,At Intersection,Stop Sign,Clear,Daylight,Dry,Non-Fatal Injury,Turning Movement,Driver,35 to 39,,,North,Pick Up Truck,Turning Left,Improper Turn,Inattentive,,,,,,,,,Yes,Yes,,,,,,,,,,115,Mount Dennis,115,Mount Dennis (115),D12,"{""coordinates"": [[-79.5003389995924, 43.6892080004349]], ""type"": ""MultiPoint""}",2020
16748,16749,1927144.0,2020-10-10,1759,JANE ST,GOLDWIN AVE,5 m West of,Major Arterial,Etobicoke York,At Intersection,Stop Sign,Clear,Daylight,Dry,Non-Fatal Injury,Turning Movement,Motorcycle Driver,45 to 49,Major,,South,Motorcycle,Going Ahead,Driving Properly,Normal,,,,,,,,,Yes,Yes,,,,,,,,,,115,Mount Dennis,115,Mount Dennis (115),D12,"{""coordinates"": [[-79.5003389995924, 43.6892080004349]], ""type"": ""MultiPoint""}",2020
16749,16750,1931088.0,2020-10-11,1120,WOODBINE AVE,KINGSTON RD,,Major Arterial,Etobicoke York,At Intersection,Traffic Signal,Clear,Daylight,Dry,Non-Fatal Injury,Cyclist Collisions,Driver,45 to 49,,,South,Pick Up Truck,Turning Left,Failed to Yield Right of Way,Inattentive,,,,,,,,Yes,Yes,,,,,,,Yes,,,,63,The Beaches,63,The Beaches (63),D55,"{""coordinates"": [[-79.3078870004903, 43.6738570004225]], ""type"": ""MultiPoint""}",2020
16750,16751,1931088.0,2020-10-11,1120,WOODBINE AVE,KINGSTON RD,,Major Arterial,Etobicoke York,At Intersection,Traffic Signal,Clear,Daylight,Dry,Non-Fatal Injury,Cyclist Collisions,Cyclist,40 to 44,Major,,North,Bicycle,Going Ahead,,,,,,Motorist turned left across cyclists path.,Driving Properly,Normal,,Yes,Yes,,,,,,,Yes,,,,63,The Beaches,63,The Beaches (63),D55,"{""coordinates"": [[-79.3078870004903, 43.6738570004225]], ""type"": ""MultiPoint""}",2020
16751,16752,1934074.0,2020-10-11,2030,Kingston Road,Glen Everest Road,,Major Arterial,Scarborough,At Intersection,Traffic Signal,Clear,"Dusk, artificial",Dry,Non-Fatal Injury,Cyclist Collisions,Cyclist,15 to 19,Major,,North,Bicycle,Going Ahead,,,,,,"Cyclist without ROW rides into path of motorist at inter, lnwy, dwy-Cyclist not turn.",Failed to Yield Right of Way,Inattentive,,Yes,,Yes,,,,,,,,,,122,Birchcliffe-Cliffside,122,Birchcliffe-Cliffside (122),D41,"{""coordinates"": [[-79.2567549996138, 43.6975429996643]], ""type"": ""MultiPoint""}",2020
16752,16753,1934074.0,2020-10-11,2030,Kingston Road,Glen Everest Road,,Major Arterial,Scarborough,At Intersection,Traffic Signal,Clear,"Dusk, artificial",Dry,Non-Fatal Injury,Cyclist Collisions,Motorcycle Driver,30 to 34,Minimal,,West,Motorcycle,Going Ahead,Driving Properly,Normal,,,,,,,,Yes,,Yes,,,,,,,,,,122,Birchcliffe-Cliffside,122,Birchcliffe-Cliffside (122),D41,"{""coordinates"": [[-79.2567549996138, 43.6975429996643]], ""type"": ""MultiPoint""}",2020
16753,16754,1940250.0,2020-10-12,2250,MCCOWAN RD,BRIDLEY DR,163 m North ,Major Arterial,Scarborough,Non Intersection,No Control,Rain,"Dark, artificial",Wet,Property Damage O,SMV Other,Driver,20 to 24,Major,,South,"Automobile, Station Wagon",Going Ahead,Lost control,Unknown,,,,,,,,,Yes,,,,,Yes,,,,,,129,Agincourt North,129,Agincourt North (129),D42,"{""coordinates"": [[-79.2708010002438, 43.8152610002566]], ""type"": ""MultiPoint""}",2020
16754,16755,1940250.0,2020-10-12,2250,MCCOWAN RD,BRIDLEY DR,163 m North ,Major Arterial,Scarborough,Non Intersection,No Control,Rain,"Dark, artificial",Wet,Property Damage O,SMV Other,Passenger,20 to 24,Major,,,,,,,,,,,,,,,Yes,,,,,Yes,,,,,,129,Agincourt North,129,Agincourt North (129),D42,"{""coordinates"": [[-79.2708010002438, 43.8152610002566]], ""type"": ""MultiPoint""}",2020
16755,16756,1940250.0,2020-10-12,2250,MCCOWAN RD,BRIDLEY DR,163 m North ,Major Arterial,Scarborough,Non Intersection,No Control,Rain,"Dark, artificial",Wet,Property Damage O,SMV Other,Passenger,25 to 29,Major,,,,,,,,,,,,,,,Yes,,,,,Yes,,,,,,129,Agincourt North,129,Agincourt North (129),D42,"{""coordinates"": [[-79.2708010002438, 43.8152610002566]], ""type"": ""MultiPoint""}",2020
16756,16757,1940250.0,2020-10-12,2250,MCCOWAN RD,BRIDLEY DR,163 m North ,Major Arterial,Scarborough,Non Intersection,No Control,Rain,"Dark, artificial",Wet,Property Damage O,SMV Other,Passenger,20 to 24,Major,,,,,,,,,,,,,,,Yes,,,,,Yes,,,,,,129,Agincourt North,129,Agincourt North (129),D42,"{""coordinates"": [[-79.2708010002438, 43.8152610002566]], ""type"": ""MultiPoint""}",2020
16757,16758,1942115.0,2020-10-13,906,ALBION RD,MARTIN GROVE RD,4 m West of,Major Arterial,Etobicoke York,At Intersection,Traffic Signal,Clear,Daylight,Dry,Non-Fatal Injury,Pedestrian Collisions,Driver,30 to 34,,,East,"Automobile, Station Wagon",Turning Right,Failed to Yield Right of Way,Normal,,,,,,,Yes,,Yes,,,,,,,Yes,,,,2,Mount Olive-Silverstone-Jamestown,2,Mount Olive-Silverstone-Jamestown (2),D23,"{""coordinates"": [[-79.5941650000035, 43.7418539999134]], ""type"": ""MultiPoint""}",2020
16758,16759,1942115.0,2020-10-13,906,ALBION RD,MARTIN GROVE RD,4 m West of,Major Arterial,Etobicoke York,At Intersection,Traffic Signal,Clear,Daylight,Dry,Non-Fatal Injury,Pedestrian Collisions,Pedestrian,55 to 59,Major,,South,,,,,Vehicle turns right while ped crosses with ROW at inter.,Crossing with right of way,Normal,,,,Yes,,Yes,,,,,,,Yes,,,,2,Mount Olive-Silverstone-Jamestown,2,Mount Olive-Silverstone-Jamestown (2),D23,"{""coordinates"": [[-79.5941650000035, 43.7418539999134]], ""type"": ""MultiPoint""}",2020
16759,16760,1945158.0,2020-10-13,1622,RUNNYMEDE RD,DUNDAS ST W,100 m South ,Minor Arterial,Etobicoke York,Non Intersection,No Control,Clear,Daylight,Dry,Non-Fatal Injury,Rear End,Driver,50 to 54,,,North,Delivery Van,Going Ahead,Lost control,Inattentive,,,,,,,,,Yes,,,,,,,,,,,90,Junction Area,90,Junction Area (90),D11,"{""coordinates"": [[-79.4816769998352, 43.6645269996536]], ""type"": ""MultiPoint""}",2020
16760,16761,1945158.0,2020-10-13,1622,RUNNYMEDE RD,DUNDAS ST W,100 m South ,Minor Arterial,Etobicoke York,Non Intersection,No Control,Clear,Daylight,Dry,Non-Fatal Injury,Rear End,Driver,50 to 54,Major,,North,"Automobile, Station Wagon",Stopped,Driving Properly,Normal,,,,,,,,,Yes,,,,,,,,,,,90,Junction Area,90,Junction Area (90),D11,"{""coordinates"": [[-79.4816769998352, 43.6645269996536]], ""type"": ""MultiPoint""}",2020
16761,16762,1945158.0,2020-10-13,1622,RUNNYMEDE RD,DUNDAS ST W,100 m South ,Minor Arterial,Etobicoke York,Non Intersection,No Control,Clear,Daylight,Dry,Non-Fatal Injury,Rear End,Driver,40 to 44,,,North,"Automobile, Station Wagon",Stopped,Driving Properly,Normal,,,,,,,,,Yes,,,,,,,,,,,90,Junction Area,90,Junction Area (90),D11,"{""coordinates"": [[-79.4816769998352, 43.6645269996536]], ""type"": ""MultiPoint""}",2020
16762,16763,1957732.0,2020-10-15,1227,22 ELKHORN DR,,,Local,North York,Non Intersection,No Control,Rain,Daylight,Wet,Fatal,Pedestrian Collisions,Driver,60 to 64,,,South,"Truck - Closed (Blazer, etc)",Reversing,Other,Inattentive,,,,,,,Yes,,,,Yes,,,,,,,,,52,Bayview Village,52,Bayview Village (52),D33,"{""coordinates"": [[-79.3810529997715, 43.7703540000211]], ""type"": ""MultiPoint""}",2020
16763,16764,1957732.0,2020-10-15,1227,22 ELKHORN DR,,,Local,North York,Non Intersection,No Control,Rain,Daylight,Wet,Fatal,Pedestrian Collisions,Pedestrian,80 to 84,Fatal,27.0,East,,,,,Vehicle is reversing and hits pedestrian,On Sidewalk or Shoulder,Normal,,,,Yes,,,,Yes,,,,,,,,,52,Bayview Village,52,Bayview Village (52),D33,"{""coordinates"": [[-79.3810529997715, 43.7703540000211]], ""type"": ""MultiPoint""}",2020
16764,16765,1973407.0,2020-10-17,1909,JANE  ST,SAN ROMANOWAY,60 m North o,Major Arterial,North York,At Intersection,Traffic Signal,Clear,"Dark, artificial",Dry,Non-Fatal Injury,Pedestrian Collisions,Driver,65 to 69,,,North,"Automobile, Station Wagon",Going Ahead,Driving Properly,Normal,,,,,,,Yes,,Yes,,,,,Yes,,,,,,24,Black Creek,24,Black Creek (24),D31,"{""coordinates"": [[-79.5181919996575, 43.7593939999477]], ""type"": ""MultiPoint""}",2020
16765,16766,1973407.0,2020-10-17,1909,JANE  ST,SAN ROMANOWAY,60 m North o,Major Arterial,North York,At Intersection,Traffic Signal,Clear,"Dark, artificial",Dry,Non-Fatal Injury,Pedestrian Collisions,Passenger,unknown,,,,,,,,,,,,,,Yes,,Yes,,,,,Yes,,,,,,24,Black Creek,24,Black Creek (24),D31,"{""coordinates"": [[-79.5181919996575, 43.7593939999477]], ""type"": ""MultiPoint""}",2020
16766,16767,1973407.0,2020-10-17,1909,JANE  ST,SAN ROMANOWAY,60 m North o,Major Arterial,North York,At Intersection,Traffic Signal,Clear,"Dark, artificial",Dry,Non-Fatal Injury,Pedestrian Collisions,Pedestrian,25 to 29,Major,,West,,,,,Vehicle is going straight thru inter.while ped cross without ROW,Crossing without right of way,Inattentive,,,,Yes,,Yes,,,,,Yes,,,,,,24,Black Creek,24,Black Creek (24),D31,"{""coordinates"": [[-79.5181919996575, 43.7593939999477]], ""type"": ""MultiPoint""}",2020
16767,16768,1985100.0,2020-10-19,1641,GERRARD ST E,JONES AVE,60 m East of,Minor Arterial,Toronto and East York,Non Intersection,No Control,Rain,"Daylight, artificial",Wet,Non-Fatal Injury,SMV Other,Motorcycle Driver,70 to 74,Major,,West,Motorcycle,Changing Lanes,Lost control,Normal,,,,,,,,,,Yes,,,,,,,,,,70,South Riverdale,70,South Riverdale (70),D55,"{""coordinates"": [[-79.3344149994078, 43.6694359999636]], ""type"": ""MultiPoint""}",2020
16768,16769,1994232.0,2020-10-21,8,SHEPPARD AVE E,KENNEDY RD,,Major Arterial,Scarborough,Non Intersection,No Control,Clear,"Dark, artificial",Dry,Fatal,SMV Other,Driver,50 to 54,Fatal,29.0,East,"Automobile, Station Wagon",Going Ahead,Lost control,Medical or Physical Disability,,,,,,,,,Yes,,,,,,,,,,Yes,118,Tam O'Shanter-Sullivan,118,Tam O'Shanter-Sullivan (118),D42,"{""coordinates"": [[-79.2898210005958, 43.7828279997388]], ""type"": ""MultiPoint""}",2020
16769,16770,1995407.0,2020-10-21,744,LAWRENCE AVE E,ASTERFIELD DR,10 m West of,Minor Arterial,Scarborough,At Intersection,No Control,Rain,"Dark, artificial",Wet,Non-Fatal Injury,Turning Movement,Driver,55 to 59,Major,,East,"Automobile, Station Wagon",Turning Left,Improper Turn,Inattentive,,,,,,,,,Yes,,Yes,,,,,,,,,136,West Hill,136,West Hill (136),D43,"{""coordinates"": [[-79.1738920003211, 43.7710829997707]], ""type"": ""MultiPoint""}",2020
16770,16771,1995407.0,2020-10-21,744,LAWRENCE AVE E,ASTERFIELD DR,10 m West of,Minor Arterial,Scarborough,At Intersection,No Control,Rain,"Dark, artificial",Wet,Non-Fatal Injury,Turning Movement,Truck Driver,50 to 54,,,East,"Truck - Closed (Blazer, etc)",Going Ahead,Driving Properly,Normal,,,,,,,,,Yes,,Yes,,,,,,,,,136,West Hill,136,West Hill (136),D43,"{""coordinates"": [[-79.1738920003211, 43.7710829997707]], ""type"": ""MultiPoint""}",2020