index,_id,ACCNUM,DATE,TIME,STREET1,STREET2,OFFSET,ROAD_CLASS,DISTRICT,ACCLOC,TRAFFCTL,VISIBILITY,LIGHT,RDSFCOND,ACCLASS,IMPACTYPE,INVTYPE,INVAGE,INJURY,FATAL_NO,INITDIR,VEHTYPE,MANOEUVER,DRIVACT,DRIVCOND,PEDTYPE,PEDACT,PEDCOND,CYCLISTYPE,CYCACT,CYCCOND,PEDESTRIAN,CYCLIST,AUTOMOBILE,MOTORCYCLE,TRUCK,TRSN_CITY_VEH,EMERG_VEH,PASSENGER,SPEEDING,AG_DRIV,REDLIGHT,ALCOHOL,DISABILITY,HOOD_158,NEIGHBOURHOOD_158,HOOD_140,NEIGHBOURHOOD_140,DIVISION,geometry,ACCIDENT_YEAR
16823,16824,2266275.0,2020-11-30,1829,WARDEN AVE,SHEPPARD AVE E,5 m East of,Major Arterial,Scarborough,At Intersection,Traffic Signal,Rain,"Dark, artificial",Wet,Non-Fatal Injury,Pedestrian Collisions,Driver,45 to 49,,,South,Passenger Van,Turning Left,Failed to Yield Right of Way,Inattentive,,,,,,,Yes,,Yes,,,,,,,Yes,,,,118,Tam O'Shanter-Sullivan,118,Tam O'Shanter-Sullivan (118),D42,"{""coordinates"": [[-79.3078639995564, 43.7786590001978]], ""type"": ""MultiPoint""}",2020
16824,16825,2266275.0,2020-11-30,1829,WARDEN AVE,SHEPPARD AVE E,5 m East of,Major Arterial,Scarborough,At Intersection,Traffic Signal,Rain,"Dark, artificial",Wet,Non-Fatal Injury,Pedestrian Collisions,Pedestrian,25 to 29,Major,,South,,,,,Vehicle turns left while ped crosses with ROW at inter.,Crossing with right of way,Normal,,,,Yes,,Yes,,,,,,,Yes,,,,118,Tam O'Shanter-Sullivan,118,Tam O'Shanter-Sullivan (118),D42,"{""coordinates"": [[-79.3078639995564, 43.7786590001978]], ""type"": ""MultiPoint""}",2020
16825,16826,2266447.0,2020-11-30,1901,VAN HORNE AVE,VICTORIA PARK AVE,,Major Arterial,North York,At Intersection,Traffic Signal,Rain,"Dark, artificial",Wet,Non-Fatal Injury,Pedestrian Collisions,Driver,20 to 24,,,West,"Automobile, Station Wagon",Turning Left,Improper Turn,Inattentive,,,,,,,Yes,,Yes,,,,,,,,,,,147,L'Amoreaux West,117,L'Amoreaux (117),D42,"{""coordinates"": [[-79.3295470004019, 43.7891789996337]], ""type"": ""MultiPoint""}",2020
16826,16827,2266447.0,2020-11-30,1901,VAN HORNE AVE,VICTORIA PARK AVE,,Major Arterial,North York,At Intersection,Traffic Signal,Rain,"Dark, artificial",Wet,Non-Fatal Injury,Pedestrian Collisions,Pedestrian,30 to 34,Major,,East,,,,,Vehicle turns left while ped crosses with ROW at inter.,Crossing with right of way,Normal,,,,Yes,,Yes,,,,,,,,,,,147,L'Amoreaux West,117,L'Amoreaux (117),D42,"{""coordinates"": [[-79.3295470004019, 43.7891789996337]], ""type"": ""MultiPoint""}",2020
16827,16828,2279200.0,2020-12-02,1829,DUFFERIN ST,SYLVAN AVE,,Major Arterial,Toronto and East York,Intersection Related,No Control,Clear,Daylight,Dry,Fatal,Cyclist Collisions,Cyclist,20 to 24,Fatal,34.0,South,Bicycle,Going Ahead,,,,,,Cyclist and Driver travelling in same direction. One vehicle sideswipes the other.,Driving Properly,Normal,,Yes,Yes,,,,,,,Yes,,,,83,Dufferin Grove,83,Dufferin Grove (83),D14,"{""coordinates"": [[-79.4333220002138, 43.6546079996685]], ""type"": ""MultiPoint""}",2020
16828,16829,2279200.0,2020-12-02,1829,DUFFERIN ST,SYLVAN AVE,,Major Arterial,Toronto and East York,Intersection Related,No Control,Clear,Daylight,Dry,Fatal,Cyclist Collisions,Driver,35 to 39,,,South,Delivery Van,Going Ahead,Following too Close,Inattentive,,,,,,,,Yes,Yes,,,,,,,Yes,,,,83,Dufferin Grove,83,Dufferin Grove (83),D14,"{""coordinates"": [[-79.4333220002138, 43.6546079996685]], ""type"": ""MultiPoint""}",2020
16829,16830,2279200.0,2020-12-02,1829,DUFFERIN ST,SYLVAN AVE,,Major Arterial,Toronto and East York,Intersection Related,No Control,Clear,Daylight,Dry,Fatal,Cyclist Collisions,Driver,30 to 34,,,North,"Automobile, Station Wagon",Going Ahead,Other,Inattentive,,,,,,,,Yes,Yes,,,,,,,Yes,,,,83,Dufferin Grove,83,Dufferin Grove (83),D14,"{""coordinates"": [[-79.4333220002138, 43.6546079996685]], ""type"": ""MultiPoint""}",2020
16830,16831,2298555.0,2020-12-05,1716,2255 MARKHAM RD,,,Major Arterial,Scarborough,Non Intersection,No Control,Clear,"Dusk, artificial",Dry,Fatal,Pedestrian Collisions,Pedestrian,35 to 39,Fatal,35.0,East,,,,,Pedestrian hit at mid-block,"Crossing, no Traffic Control",Inattentive,,,,Yes,,,,Yes,,,,,,,,,145,Malvern West,132,Malvern (132),D42,"{""coordinates"": [[-79.243236000489, 43.8095229997452]], ""type"": ""MultiPoint""}",2020
16831,16832,2298555.0,2020-12-05,1716,2255 MARKHAM RD,,,Major Arterial,Scarborough,Non Intersection,No Control,Clear,"Dusk, artificial",Dry,Fatal,Pedestrian Collisions,Truck Driver,45 to 49,,,North,"Truck - Closed (Blazer, etc)",Going Ahead,Driving Properly,Inattentive,,,,,,,Yes,,,,Yes,,,,,,,,,145,Malvern West,132,Malvern (132),D42,"{""coordinates"": [[-79.243236000489, 43.8095229997452]], ""type"": ""MultiPoint""}",2020
16832,16833,2314333.0,2020-12-08,856,STEELES AVE E,PUTNAM GT,,Major Arterial,Scarborough,At Intersection,Traffic Signal,Clear,Daylight,Dry,Non-Fatal Injury,Pedestrian Collisions,Driver,50 to 54,,,South,"Automobile, Station Wagon",Turning Left,Failed to Yield Right of Way,Inattentive,,,,,,,Yes,,Yes,,,,,,,Yes,,,,116,Steeles,116,Steeles (116),D42,"{""coordinates"": [[-79.3122210005788, 43.8224019998793]], ""type"": ""MultiPoint""}",2020
16833,16834,2314333.0,2020-12-08,856,STEELES AVE E,PUTNAM GT,,Major Arterial,Scarborough,At Intersection,Traffic Signal,Clear,Daylight,Dry,Non-Fatal Injury,Pedestrian Collisions,Pedestrian,55 to 59,Major,,South,,,,,Vehicle turns left while ped crosses with ROW at inter.,Crossing with right of way,Normal,,,,Yes,,Yes,,,,,,,Yes,,,,116,Steeles,116,Steeles (116),D42,"{""coordinates"": [[-79.3122210005788, 43.8224019998793]], ""type"": ""MultiPoint""}",2020
16834,16835,2317800.0,2020-12-08,1803,MCCOWAN RD,LAWRENCE  AVE E,,Major Arterial,Scarborough,At Intersection,Traffic Signal,Clear,"Dark, artificial",Dry,Non-Fatal Injury,Pedestrian Collisions,Driver,45 to 49,,,North,"Automobile, Station Wagon",Going Ahead,Disobeyed Traffic Control,Inattentive,,,,,,,Yes,,Yes,,,,,,Yes,Yes,Yes,,,157,Bendale South,127,Bendale (127),D43,"{""coordinates"": [[-79.2453869996781, 43.7554770001685]], ""type"": ""MultiPoint""}",2020
16835,16836,2317800.0,2020-12-08,1803,MCCOWAN RD,LAWRENCE  AVE E,,Major Arterial,Scarborough,At Intersection,Traffic Signal,Clear,"Dark, artificial",Dry,Non-Fatal Injury,Pedestrian Collisions,Pedestrian,30 to 34,Major,,West,,,,,Vehicle is going straight thru inter.while ped cross with ROW,Crossing with right of way,Normal,,,,Yes,,Yes,,,,,,Yes,Yes,Yes,,,157,Bendale South,127,Bendale (127),D43,"{""coordinates"": [[-79.2453869996781, 43.7554770001685]], ""type"": ""MultiPoint""}",2020
16836,16837,2318123.0,2020-12-08,1856,CORDOVA AVE,MABELLE AVE,75 m South o,Collector,Etobicoke York,Overpass or Bridge,No Control,Clear,Dark,Dry,Non-Fatal Injury,SMV Other,Driver,unknown,,,South,"Automobile, Station Wagon",Going Ahead,Lost control,Inattentive,,,,,,,,,Yes,,,,,Yes,Yes,Yes,,,,159,Etobicoke City Centre,14,Islington-City Centre West (14),D22,"{""coordinates"": [[-79.5257829996431, 43.6473030000081]], ""type"": ""MultiPoint""}",2020
16837,16838,2318123.0,2020-12-08,1856,CORDOVA AVE,MABELLE AVE,75 m South o,Collector,Etobicoke York,Overpass or Bridge,No Control,Clear,Dark,Dry,Non-Fatal Injury,SMV Other,Passenger,25 to 29,Major,,,,,,,,,,,,,,,Yes,,,,,Yes,Yes,Yes,,,,159,Etobicoke City Centre,14,Islington-City Centre West (14),D22,"{""coordinates"": [[-79.5257829996431, 43.6473030000081]], ""type"": ""MultiPoint""}",2020
16838,16839,2324390.0,2020-12-09,1843,MARKHAM RD,PROGRESS AVE,191 m North ,Major Arterial,Scarborough,Non Intersection,No Control,Clear,"Dark, artificial",Wet,Non-Fatal Injury,Cyclist Collisions,Driver,35 to 39,,,East,"Automobile, Station Wagon",Merging,Failed to Yield Right of Way,Inattentive,,,,,,,,Yes,Yes,,,,,,,Yes,,,,142,Woburn North,137,Woburn (137),D43,"{""coordinates"": [[-79.2340880000689, 43.7824080002054]], ""type"": ""MultiPoint""}",2020
16839,16840,2324390.0,2020-12-09,1843,MARKHAM RD,PROGRESS AVE,191 m North ,Major Arterial,Scarborough,Non Intersection,No Control,Clear,"Dark, artificial",Wet,Non-Fatal Injury,Cyclist Collisions,Cyclist,30 to 34,Major,,South,Bicycle,Going Ahead,,,,,,Insufficient information (to determine cyclist crash type).,Driving Properly,Normal,,Yes,Yes,,,,,,,Yes,,,,142,Woburn North,137,Woburn (137),D43,"{""coordinates"": [[-79.2340880000689, 43.7824080002054]], ""type"": ""MultiPoint""}",2020
16840,16841,2332478.0,2020-12-10,2344,MARTIN GROVE RD,GIHON SPRING DR,,Minor Arterial,Etobicoke York,Non Intersection,No Control,Clear,"Dark, artificial",Dry,Fatal,SMV Other,Driver,25 to 29,Fatal,36.0,North,"Automobile, Station Wagon",Going Ahead,Lost control,Unknown,,,,,,,,,Yes,,,,,,,,,,,1,West Humber-Clairville,1,West Humber-Clairville (1),D23,"{""coordinates"": [[-79.6005890002441, 43.7547250000918]], ""type"": ""MultiPoint""}",2020
16841,16842,2340093.0,2020-12-12,325,1206 AVENUE RD,,,Major Arterial,North York,Intersection Related,No Control,Clear,"Dark, artificial",Dry,Non-Fatal Injury,SMV Other,Driver,35 to 39,Major,,South,"Automobile, Station Wagon",Going Ahead,Lost control,Inattentive,,,,,,,,,Yes,,,,,,,Yes,,,,103,Lawrence Park South,103,Lawrence Park South (103),D53,"{""coordinates"": [[-79.4116850004456, 43.7120229997621]], ""type"": ""MultiPoint""}",2020
16842,16843,2343661.0,2020-12-12,1811,BURNHAMTHORPE RD,RENFORTH DR,4 m East of,Major Arterial,Etobicoke York,At Intersection,Traffic Signal,Clear,"Dusk, artificial",Dry,Non-Fatal Injury,Pedestrian Collisions,Driver,40 to 44,,,South,Pick Up Truck,Turning Left,Failed to Yield Right of Way,Normal,,,,,,,Yes,,Yes,,,,,Yes,,Yes,,,,13,Etobicoke West Mall,13,Etobicoke West Mall (13),D22,"{""coordinates"": [[-79.5724439994626, 43.6432669998975]], ""type"": ""MultiPoint""}",2020
16843,16844,2343661.0,2020-12-12,1811,BURNHAMTHORPE RD,RENFORTH DR,4 m East of,Major Arterial,Etobicoke York,At Intersection,Traffic Signal,Clear,"Dusk, artificial",Dry,Non-Fatal Injury,Pedestrian Collisions,Pedestrian,65 to 69,Major,,North,,,,,Vehicle turns left while ped crosses with ROW at inter.,Crossing with right of way,Normal,,,,Yes,,Yes,,,,,Yes,,Yes,,,,13,Etobicoke West Mall,13,Etobicoke West Mall (13),D22,"{""coordinates"": [[-79.5724439994626, 43.6432669998975]], ""type"": ""MultiPoint""}",2020
16844,16845,2343661.0,2020-12-12,1811,BURNHAMTHORPE RD,RENFORTH DR,4 m East of,Major Arterial,Etobicoke York,At Intersection,Traffic Signal,Clear,"Dusk, artificial",Dry,Non-Fatal Injury,Pedestrian Collisions,Passenger,80 to 84,,,,,,,,,,,,,,Yes,,Yes,,,,,Yes,,Yes,,,,13,Etobicoke West Mall,13,Etobicoke West Mall (13),D22,"{""coordinates"": [[-79.5724439994626, 43.6432669998975]], ""type"": ""MultiPoint""}",2020
16845,16846,2343661.0,2020-12-12,1811,BURNHAMTHORPE RD,RENFORTH DR,4 m East of,Major Arterial,Etobicoke York,At Intersection,Traffic Signal,Clear,"Dusk, artificial",Dry,Non-Fatal Injury,Pedestrian Collisions,Passenger,70 to 74,,,,,,,,,,,,,,Yes,,Yes,,,,,Yes,,Yes,,,,13,Etobicoke West Mall,13,Etobicoke West Mall (13),D22,"{""coordinates"": [[-79.5724439994626, 43.6432669998975]], ""type"": ""MultiPoint""}",2020
16846,16847,2343661.0,2020-12-12,1811,BURNHAMTHORPE RD,RENFORTH DR,4 m East of,Major Arterial,Etobicoke York,At Intersection,Traffic Signal,Clear,"Dusk, artificial",Dry,Non-Fatal Injury,Pedestrian Collisions,Passenger,5 to 9,,,,,,,,,,,,,,Yes,,Yes,,,,,Yes,,Yes,,,,13,Etobicoke West Mall,13,Etobicoke West Mall (13),D22,"{""coordinates"": [[-79.5724439994626, 43.6432669998975]], ""type"": ""MultiPoint""}",2020
16847,16848,2343661.0,2020-12-12,1811,BURNHAMTHORPE RD,RENFORTH DR,4 m East of,Major Arterial,Etobicoke York,At Intersection,Traffic Signal,Clear,"Dusk, artificial",Dry,Non-Fatal Injury,Pedestrian Collisions,Passenger,35 to 39,,,,,,,,,,,,,,Yes,,Yes,,,,,Yes,,Yes,,,,13,Etobicoke West Mall,13,Etobicoke West Mall (13),D22,"{""coordinates"": [[-79.5724439994626, 43.6432669998975]], ""type"": ""MultiPoint""}",2020
16848,16849,2345305.0,2020-12-12,2342,GREENCEDAR CRCT,MARKHAM RD,1 m North of,Major Arterial,Scarborough,At Intersection,Traffic Signal,Clear,"Dark, artificial",Wet,Non-Fatal Injury,SMV Other,Driver,15 to 19,Major,,West,"Automobile, Station Wagon",Turning Right,Lost control,Normal,,,,,,,,,Yes,,,,,Yes,,,,,,141,Golfdale-Cedarbrae-Woburn,137,Woburn (137),D43,"{""coordinates"": [[-79.2246740002767, 43.7577689999717]], ""type"": ""MultiPoint""}",2020
16849,16850,2345305.0,2020-12-12,2342,GREENCEDAR CRCT,MARKHAM RD,1 m North of,Major Arterial,Scarborough,At Intersection,Traffic Signal,Clear,"Dark, artificial",Wet,Non-Fatal Injury,SMV Other,Passenger,15 to 19,Major,,,,,,,,,,,,,,,Yes,,,,,Yes,,,,,,141,Golfdale-Cedarbrae-Woburn,137,Woburn (137),D43,"{""coordinates"": [[-79.2246740002767, 43.7577689999717]], ""type"": ""MultiPoint""}",2020
16850,16851,2372537.0,2020-12-17,1141,LAWRENCE AVE E,HOWDEN RD,,Major Arterial,Scarborough,At Intersection,Traffic Signal,Clear,Daylight,Dry,Fatal,Pedestrian Collisions,Truck Driver,50 to 54,,,South,Truck-Tractor,Turning Right,Failed to Yield Right of Way,Normal,,,,,,,Yes,,,,Yes,,,,,Yes,,,,119,Wexford/Maryvale,119,Wexford/Maryvale (119),D41,"{""coordinates"": [[-79.2879210006078, 43.746748999592]], ""type"": ""MultiPoint""}",2020
16851,16852,2372537.0,2020-12-17,1141,LAWRENCE AVE E,HOWDEN RD,,Major Arterial,Scarborough,At Intersection,Traffic Signal,Clear,Daylight,Dry,Fatal,Pedestrian Collisions,Pedestrian,40 to 44,Fatal,37.0,North,,,,,Vehicle turns right while ped crosses with ROW at inter.,Crossing with right of way,Normal,,,,Yes,,,,Yes,,,,,Yes,,,,119,Wexford/Maryvale,119,Wexford/Maryvale (119),D41,"{""coordinates"": [[-79.2879210006078, 43.746748999592]], ""type"": ""MultiPoint""}",2020
16852,16853,2374044.0,2020-12-17,1550,168 CLONMORE DR,,,Minor Arterial,Scarborough,Non Intersection,No Control,Clear,Daylight,Dry,Fatal,Pedestrian Collisions,Pedestrian,30 to 34,Fatal,38.0,Unknown,,,,,Pedestrian hit at mid-block,Playing or Working on Highway,Normal,,,,Yes,,Yes,,,,,,,Yes,,,,122,Birchcliffe-Cliffside,122,Birchcliffe-Cliffside (122),D41,"{""coordinates"": [[-79.277071999399, 43.6902029996737]], ""type"": ""MultiPoint""}",2020
16853,16854,2374044.0,2020-12-17,1550,168 CLONMORE DR,,,Minor Arterial,Scarborough,Non Intersection,No Control,Clear,Daylight,Dry,Fatal,Pedestrian Collisions,Driver,20 to 24,,,West,"Automobile, Station Wagon",Going Ahead,Failed to Yield Right of Way,Inattentive,,,,,,,Yes,,Yes,,,,,,,Yes,,,,122,Birchcliffe-Cliffside,122,Birchcliffe-Cliffside (122),D41,"{""coordinates"": [[-79.277071999399, 43.6902029996737]], ""type"": ""MultiPoint""}",2020
16854,16855,2376130.0,2020-12-17,2112,DON VALLEY PARKWAY  S,MILLWOOD RD,150 m North ,,,Non Intersection,No Control,Clear,Dark,Dry,Non-Fatal Injury,SMV Other,Driver,20 to 24,,,South,"Automobile, Station Wagon",Changing Lanes,Lost control,Normal,,,,,,,,,Yes,,,,,Yes,Yes,Yes,,,,58,Old East York,58,Old East York (58),D55,"{""coordinates"": [[-79.3477659996891, 43.6978819998751]], ""type"": ""MultiPoint""}",2020
16855,16856,2376130.0,2020-12-17,2112,DON VALLEY PARKWAY  S,MILLWOOD RD,150 m North ,,,Non Intersection,No Control,Clear,Dark,Dry,Non-Fatal Injury,SMV Other,Passenger,20 to 24,Major,,,,,,,,,,,,,,,Yes,,,,,Yes,Yes,Yes,,,,58,Old East York,58,Old East York (58),D55,"{""coordinates"": [[-79.3477659996891, 43.6978819998751]], ""type"": ""MultiPoint""}",2020
16856,16857,2383203.0,2020-12-18,2238,YORK MILLS RD,DON VALLEY PARKWAY  S,,Major Arterial,North York,At Intersection,No Control,Clear,Dark,Dry,Non-Fatal Injury,Turning Movement,Driver,45 to 49,Major,,West,"Automobile, Station Wagon",Turning Left,Improper Turn,Normal,,,,,,,,,Yes,,,,,Yes,,Yes,,,,149,Parkwoods-O'Connor Hills,45,Parkwoods-Donalda (45),D33,"{""coordinates"": [[-79.3358410004333, 43.7581770002123]], ""type"": ""MultiPoint""}",2020
16857,16858,2383203.0,2020-12-18,2238,YORK MILLS RD,DON VALLEY PARKWAY  S,,Major Arterial,North York,At Intersection,No Control,Clear,Dark,Dry,Non-Fatal Injury,Turning Movement,Driver,20 to 24,,,East,"Automobile, Station Wagon",Going Ahead,Driving Properly,Normal,,,,,,,,,Yes,,,,,Yes,,Yes,,,,149,Parkwoods-O'Connor Hills,45,Parkwoods-Donalda (45),D33,"{""coordinates"": [[-79.3358410004333, 43.7581770002123]], ""type"": ""MultiPoint""}",2020
16858,16859,2383203.0,2020-12-18,2238,YORK MILLS RD,DON VALLEY PARKWAY  S,,Major Arterial,North York,At Intersection,No Control,Clear,Dark,Dry,Non-Fatal Injury,Turning Movement,Passenger,20 to 24,,,,,,,,,,,,,,,,Yes,,,,,Yes,,Yes,,,,149,Parkwoods-O'Connor Hills,45,Parkwoods-Donalda (45),D33,"{""coordinates"": [[-79.3358410004333, 43.7581770002123]], ""type"": ""MultiPoint""}",2020
16859,16860,2390427.0,2020-12-20,305,ISLINGTON AVE,DUNDAS ST W,12 m East of,Major Arterial,Etobicoke York,At Intersection,Traffic Signal,Rain,"Dark, artificial",Wet,Non-Fatal Injury,SMV Other,Driver,15 to 19,Major,,North,"Automobile, Station Wagon",Going Ahead,Speed too Fast For Condition,"Ability Impaired, Alcohol Over .08",,,,,,,,,Yes,,,,,Yes,Yes,Yes,,Yes,,15,Kingsway South,15,Kingsway South (15),D22,"{""coordinates"": [[-79.5263549995545, 43.6512899998142]], ""type"": ""MultiPoint""}",2020
16860,16861,2390427.0,2020-12-20,305,ISLINGTON AVE,DUNDAS ST W,12 m East of,Major Arterial,Etobicoke York,At Intersection,Traffic Signal,Rain,"Dark, artificial",Wet,Non-Fatal Injury,SMV Other,Passenger,15 to 19,Major,,,,,,,,,,,,,,,Yes,,,,,Yes,Yes,Yes,,Yes,,15,Kingsway South,15,Kingsway South (15),D22,"{""coordinates"": [[-79.5263549995545, 43.6512899998142]], ""type"": ""MultiPoint""}",2020
16861,16862,2390427.0,2020-12-20,305,ISLINGTON AVE,DUNDAS ST W,12 m East of,Major Arterial,Etobicoke York,At Intersection,Traffic Signal,Rain,"Dark, artificial",Wet,Non-Fatal Injury,SMV Other,Passenger,15 to 19,Major,,,,,,,,,,,,,,,Yes,,,,,Yes,Yes,Yes,,Yes,,15,Kingsway South,15,Kingsway South (15),D22,"{""coordinates"": [[-79.5263549995545, 43.6512899998142]], ""type"": ""MultiPoint""}",2020
16862,16863,2400863.0,2020-12-21,2035,ISABELLA ST,HUNTLEY ST,4 m North of,Collector,Toronto and East York,Intersection Related,Stop Sign,Rain,Dark,Wet,Non-Fatal Injury,Pedestrian Collisions,Driver,unknown,,,South,"Automobile, Station Wagon",Turning Left,Failed to Yield Right of Way,Unknown,,,,,,,Yes,,Yes,,,,,,,Yes,,,,74,North St.James Town,74,North St.James Town (74),D51,"{""coordinates"": [[-79.3780779998414, 43.6690739996399]], ""type"": ""MultiPoint""}",2020
16863,16864,2400863.0,2020-12-21,2035,ISABELLA ST,HUNTLEY ST,4 m North of,Collector,Toronto and East York,Intersection Related,Stop Sign,Rain,Dark,Wet,Non-Fatal Injury,Pedestrian Collisions,Pedestrian,unknown,Major,,East,,,,,Vehicle turns left while ped crosses with ROW at inter.,Crossing with right of way,Normal,,,,Yes,,Yes,,,,,,,Yes,,,,74,North St.James Town,74,North St.James Town (74),D51,"{""coordinates"": [[-79.3780779998414, 43.6690739996399]], ""type"": ""MultiPoint""}",2020
16864,16865,2419967.0,2020-12-25,318,BURNHAMTHORPE RD,SILVER SHADOW PATH,52 m West of,Major Arterial,Etobicoke York,Non Intersection,No Control,Snow,"Dark, artificial",Loose Snow,Non-Fatal Injury,SMV Other,Driver,50 to 54,Major,,East,"Automobile, Station Wagon",Going Ahead,Lost control,Normal,,,,,,,,,Yes,,,,,Yes,,Yes,,,,12,Markland Wood,12,Markland Wood (12),D22,"{""coordinates"": [[-79.5798220000361, 43.6413179998697]], ""type"": ""MultiPoint""}",2020
16865,16866,2419967.0,2020-12-25,318,BURNHAMTHORPE RD,SILVER SHADOW PATH,52 m West of,Major Arterial,Etobicoke York,Non Intersection,No Control,Snow,"Dark, artificial",Loose Snow,Non-Fatal Injury,SMV Other,Passenger,65 to 69,Minor,,,,,,,,,,,,,,,Yes,,,,,Yes,,Yes,,,,12,Markland Wood,12,Markland Wood (12),D22,"{""coordinates"": [[-79.5798220000361, 43.6413179998697]], ""type"": ""MultiPoint""}",2020
16866,16867,2431394.0,2020-12-27,1520,LAWRENCE AVE E,KENNEDY RD,200 m West o,Major Arterial,Scarborough,Non Intersection,No Control,Clear,Daylight,Dry,Non-Fatal Injury,Rear End,Driver,55 to 59,Minor,,East,"Automobile, Station Wagon",Going Ahead,Speed too Fast For Condition,Inattentive,,,,,,,,,Yes,,,,,Yes,Yes,Yes,,,,126,Dorset Park,126,Dorset Park (126),D41,"{""coordinates"": [[-79.2773010000728, 43.7489460004493]], ""type"": ""MultiPoint""}",2020
16867,16868,2431394.0,2020-12-27,1520,LAWRENCE AVE E,KENNEDY RD,200 m West o,Major Arterial,Scarborough,Non Intersection,No Control,Clear,Daylight,Dry,Non-Fatal Injury,Rear End,Driver,35 to 39,,,East,"Automobile, Station Wagon",Slowing or Stopping,Driving Properly,Normal,,,,,,,,,Yes,,,,,Yes,Yes,Yes,,,,126,Dorset Park,126,Dorset Park (126),D41,"{""coordinates"": [[-79.2773010000728, 43.7489460004493]], ""type"": ""MultiPoint""}",2020
16868,16869,2431394.0,2020-12-27,1520,LAWRENCE AVE E,KENNEDY RD,200 m West o,Major Arterial,Scarborough,Non Intersection,No Control,Clear,Daylight,Dry,Non-Fatal Injury,Rear End,Passenger,35 to 39,Major,,,,,,,,,,,,,,,Yes,,,,,Yes,Yes,Yes,,,,126,Dorset Park,126,Dorset Park (126),D41,"{""coordinates"": [[-79.2773010000728, 43.7489460004493]], ""type"": ""MultiPoint""}",2020
16869,16870,2431394.0,2020-12-27,1520,LAWRENCE AVE E,KENNEDY RD,200 m West o,Major Arterial,Scarborough,Non Intersection,No Control,Clear,Daylight,Dry,Non-Fatal Injury,Rear End,Passenger,unknown,Minimal,,,,,,,,,,,,,,,Yes,,,,,Yes,Yes,Yes,,,,126,Dorset Park,126,Dorset Park (126),D41,"{""coordinates"": [[-79.2773010000728, 43.7489460004493]], ""type"": ""MultiPoint""}",2020
16870,16871,2449891.0,2020-12-30,1700,DUNDAS ST E,OSKENONTON  LANE,54 m East of,Major Arterial,Toronto and East York,Non Intersection,No Control,Rain,"Dark, artificial",Wet,Non-Fatal Injury,Pedestrian Collisions,Driver,40 to 44,,,East,"Automobile, Station Wagon",Going Ahead,Driving Properly,Normal,,,,,,,Yes,,Yes,,,,,,,,,,,73,Moss Park,73,Moss Park (73),D51,"{""coordinates"": [[-79.3702120006078, 43.6584079998513]], ""type"": ""MultiPoint""}",2020
16871,16872,2449891.0,2020-12-30,1700,DUNDAS ST E,OSKENONTON  LANE,54 m East of,Major Arterial,Toronto and East York,Non Intersection,No Control,Rain,"Dark, artificial",Wet,Non-Fatal Injury,Pedestrian Collisions,Pedestrian,70 to 74,Major,,South,,,,,Pedestrian hit at mid-block,"Crossing, no Traffic Control",Inattentive,,,,Yes,,Yes,,,,,,,,,,,73,Moss Park,73,Moss Park (73),D51,"{""coordinates"": [[-79.3702120006078, 43.6584079998513]], ""type"": ""MultiPoint""}",2020
16872,16873,2450003.0,2020-12-30,1721,KENNEDY RD,SHEPPARD AVE E,,Major Arterial,Scarborough,Intersection Related,Traffic Signal,Rain,"Dark, artificial",Wet,Fatal,Pedestrian Collisions,Driver,35 to 39,,,North,"Automobile, Station Wagon",Going Ahead,Other,Unknown,,,,,,,Yes,,Yes,,,,,,,,,,,128,Agincourt South-Malvern West,128,Agincourt South-Malvern West (128),D42,"{""coordinates"": [[-79.2882109996255, 43.7832129998162]], ""type"": ""MultiPoint""}",2020
16873,16874,2450003.0,2020-12-30,1721,KENNEDY RD,SHEPPARD AVE E,,Major Arterial,Scarborough,Intersection Related,Traffic Signal,Rain,"Dark, artificial",Wet,Fatal,Pedestrian Collisions,Pedestrian,55 to 59,Fatal,40.0,Unknown,,,,,Vehicle is going straight thru inter.while ped cross without ROW,Crossing marked crosswalk without ROW,Unknown,,,,Yes,,Yes,,,,,,,,,,,128,Agincourt South-Malvern West,128,Agincourt South-Malvern West (128),D42,"{""coordinates"": [[-79.2882109996255, 43.7832129998162]], ""type"": ""MultiPoint""}",2020
16874,16875,1000002228.0,2021-01-01,1129,KEELE ST,SHEPPARD AVE W,,Major Arterial,North York,Non Intersection,Traffic Signal,Clear,Daylight,Dry,Fatal,Angle,Driver,20 to 24,Major,,North,"Automobile, Station Wagon",Going Ahead,Exceeding Speed Limit,Unknown,,,,,,,,,Yes,,,,,Yes,Yes,Yes,,,,155,Downsview,26,Downsview-Roding-CFB (26),D31,"{""coordinates"": [[-79.4864080001427, 43.7447039995862]], ""type"": ""MultiPoint""}",2021
16875,16876,1000002228.0,2021-01-01,1129,KEELE ST,SHEPPARD AVE W,,Major Arterial,North York,Non Intersection,Traffic Signal,Clear,Daylight,Dry,Fatal,Angle,Driver,40 to 44,Minimal,,South,"Automobile, Station Wagon",Stopped,Driving Properly,Normal,,,,,,,,,Yes,,,,,Yes,Yes,Yes,,,,155,Downsview,26,Downsview-Roding-CFB (26),D31,"{""coordinates"": [[-79.4864080001427, 43.7447039995862]], ""type"": ""MultiPoint""}",2021
16876,16877,1000002228.0,2021-01-01,1129,KEELE ST,SHEPPARD AVE W,,Major Arterial,North York,Non Intersection,Traffic Signal,Clear,Daylight,Dry,Fatal,Angle,Passenger,35 to 39,Minor,,,,,,,,,,,,,,,Yes,,,,,Yes,Yes,Yes,,,,155,Downsview,26,Downsview-Roding-CFB (26),D31,"{""coordinates"": [[-79.4864080001427, 43.7447039995862]], ""type"": ""MultiPoint""}",2021