index,_id,ACCNUM,DATE,TIME,STREET1,STREET2,OFFSET,ROAD_CLASS,DISTRICT,ACCLOC,TRAFFCTL,VISIBILITY,LIGHT,RDSFCOND,ACCLASS,IMPACTYPE,INVTYPE,INVAGE,INJURY,FATAL_NO,INITDIR,VEHTYPE,MANOEUVER,DRIVACT,DRIVCOND,PEDTYPE,PEDACT,PEDCOND,CYCLISTYPE,CYCACT,CYCCOND,PEDESTRIAN,CYCLIST,AUTOMOBILE,MOTORCYCLE,TRUCK,TRSN_CITY_VEH,EMERG_VEH,PASSENGER,SPEEDING,AG_DRIV,REDLIGHT,ALCOHOL,DISABILITY,HOOD_158,NEIGHBOURHOOD_158,HOOD_140,NEIGHBOURHOOD_140,DIVISION,geometry,ACCIDENT_YEAR
16877,16878,1000002228.0,2021-01-01,1129,KEELE ST,SHEPPARD AVE W,,Major Arterial,North York,Non Intersection,Traffic Signal,Clear,Daylight,Dry,Fatal,Angle,Passenger,10 to 14,Minor,,,,,,,,,,,,,,,Yes,,,,,Yes,Yes,Yes,,,,155,Downsview,26,Downsview-Roding-CFB (26),D31,"{""coordinates"": [[-79.4864080001427, 43.7447039995862]], ""type"": ""MultiPoint""}",2021
16878,16879,1000002228.0,2021-01-01,1129,KEELE ST,SHEPPARD AVE W,,Major Arterial,North York,Non Intersection,Traffic Signal,Clear,Daylight,Dry,Fatal,Angle,Passenger,5 to 9,Minor,,,,,,,,,,,,,,,Yes,,,,,Yes,Yes,Yes,,,,155,Downsview,26,Downsview-Roding-CFB (26),D31,"{""coordinates"": [[-79.4864080001427, 43.7447039995862]], ""type"": ""MultiPoint""}",2021
16879,16880,1000002228.0,2021-01-01,1129,KEELE ST,SHEPPARD AVE W,,Major Arterial,North York,Non Intersection,Traffic Signal,Clear,Daylight,Dry,Fatal,Angle,Driver,65 to 69,Fatal,2.0,West,"Automobile, Station Wagon",Going Ahead,Driving Properly,Normal,,,,,,,,,Yes,,,,,Yes,Yes,Yes,,,,155,Downsview,26,Downsview-Roding-CFB (26),D31,"{""coordinates"": [[-79.4864080001427, 43.7447039995862]], ""type"": ""MultiPoint""}",2021
16880,16881,1000041217.0,2021-01-07,1610,1582 KING ST W,,103 m West o,Major Arterial,Toronto and East York,Non Intersection,No Control,Clear,Daylight,Dry,Non-Fatal Injury,Pedestrian Collisions,Driver,50 to 54,,,West,"Bus (Other) (Go Bus, Gray Coa",Going Ahead,Driving Properly,Normal,,,,,,,Yes,,,,,Yes,,,,,,,,85,South Parkdale,85,South Parkdale (85),D14,"{""coordinates"": [[-79.4447820005591, 43.6380139997901]], ""type"": ""MultiPoint""}",2021
16881,16882,1000041217.0,2021-01-07,1610,1582 KING ST W,,103 m West o,Major Arterial,Toronto and East York,Non Intersection,No Control,Clear,Daylight,Dry,Non-Fatal Injury,Pedestrian Collisions,Pedestrian,30 to 34,Major,,South,,,,,Pedestrian hit at mid-block,Running onto Roadway,"Ability Impaired, Drugs",,,,Yes,,,,,Yes,,,,,,,,85,South Parkdale,85,South Parkdale (85),D14,"{""coordinates"": [[-79.4447820005591, 43.6380139997901]], ""type"": ""MultiPoint""}",2021
16882,16883,1000067206.0,2021-01-11,1915,KINGSTON RD,SCARBOROUGH GOLF CLUB RD,33 m West of,Major Arterial,Scarborough,Non Intersection,No Control,Clear,Dark,Dry,Non-Fatal Injury,Rear End,Driver,35 to 39,Major,,East,"Automobile, Station Wagon",Stopped,Speed too Fast For Condition,"Ability Impaired, Alcohol",,,,,,,,,Yes,,,Yes,,Yes,Yes,Yes,,Yes,,139,Scarborough Village,139,Scarborough Village (139),D43,"{""coordinates"": [[-79.2096889996295, 43.7455579997446]], ""type"": ""MultiPoint""}",2021
16883,16884,1000067206.0,2021-01-11,1915,KINGSTON RD,SCARBOROUGH GOLF CLUB RD,33 m West of,Major Arterial,Scarborough,Non Intersection,No Control,Clear,Dark,Dry,Non-Fatal Injury,Rear End,Driver,55 to 59,Minor,,East,Intercity Bus,Going Ahead,Driving Properly,Normal,,,,,,,,,Yes,,,Yes,,Yes,Yes,Yes,,Yes,,139,Scarborough Village,139,Scarborough Village (139),D43,"{""coordinates"": [[-79.2096889996295, 43.7455579997446]], ""type"": ""MultiPoint""}",2021
16884,16885,1000067206.0,2021-01-11,1915,KINGSTON RD,SCARBOROUGH GOLF CLUB RD,33 m West of,Major Arterial,Scarborough,Non Intersection,No Control,Clear,Dark,Dry,Non-Fatal Injury,Rear End,Passenger,20 to 24,Minor,,,,,,,,,,,,,,,Yes,,,Yes,,Yes,Yes,Yes,,Yes,,139,Scarborough Village,139,Scarborough Village (139),D43,"{""coordinates"": [[-79.2096889996295, 43.7455579997446]], ""type"": ""MultiPoint""}",2021
16885,16886,1000067206.0,2021-01-11,1915,KINGSTON RD,SCARBOROUGH GOLF CLUB RD,33 m West of,Major Arterial,Scarborough,Non Intersection,No Control,Clear,Dark,Dry,Non-Fatal Injury,Rear End,Passenger,35 to 39,Minor,,,,,,,,,,,,,,,Yes,,,Yes,,Yes,Yes,Yes,,Yes,,139,Scarborough Village,139,Scarborough Village (139),D43,"{""coordinates"": [[-79.2096889996295, 43.7455579997446]], ""type"": ""MultiPoint""}",2021
16886,16887,1000067206.0,2021-01-11,1915,KINGSTON RD,SCARBOROUGH GOLF CLUB RD,33 m West of,Major Arterial,Scarborough,Non Intersection,No Control,Clear,Dark,Dry,Non-Fatal Injury,Rear End,Passenger,15 to 19,Minor,,,,,,,,,,,,,,,Yes,,,Yes,,Yes,Yes,Yes,,Yes,,139,Scarborough Village,139,Scarborough Village (139),D43,"{""coordinates"": [[-79.2096889996295, 43.7455579997446]], ""type"": ""MultiPoint""}",2021
16887,16888,1000073767.0,2021-01-12,1903,FINCH AVE W,KIPLING AVE,,Major Arterial,Etobicoke York,Non Intersection,No Control,Clear,"Dark, artificial",Wet,Fatal,Pedestrian Collisions,Pedestrian,40 to 44,Fatal,1.0,North,,,,,Pedestrian hit at mid-block,"Crossing, no Traffic Control",Unknown,,,,Yes,,Yes,,,,,,,,,,,3,Thistletown-Beaumond Heights,3,Thistletown-Beaumond Heights (3),D23,"{""coordinates"": [[-79.5772969996488, 43.7440629996934]], ""type"": ""MultiPoint""}",2021
16888,16889,1000073767.0,2021-01-12,1903,FINCH AVE W,KIPLING AVE,,Major Arterial,Etobicoke York,Non Intersection,No Control,Clear,"Dark, artificial",Wet,Fatal,Pedestrian Collisions,Driver,60 to 64,,,East,"Automobile, Station Wagon",Going Ahead,Driving Properly,Normal,,,,,,,Yes,,Yes,,,,,,,,,,,3,Thistletown-Beaumond Heights,3,Thistletown-Beaumond Heights (3),D23,"{""coordinates"": [[-79.5772969996488, 43.7440629996934]], ""type"": ""MultiPoint""}",2021
16889,16890,1000078163.0,2021-01-13,1258,MCLEVIN AVE,MARKHAM RD,107 m East o,Minor Arterial,Scarborough,Non Intersection,No Control,Clear,Daylight,Wet,Non-Fatal Injury,SMV Other,Driver,20 to 24,Major,,West,"Automobile, Station Wagon",Going Ahead,Speed too Fast For Condition,Normal,,,,,,,,,Yes,,,,,,Yes,Yes,,,,145,Malvern West,132,Malvern (132),D42,"{""coordinates"": [[-79.2398329998644, 43.7987309995922]], ""type"": ""MultiPoint""}",2021
16890,16891,1000091204.0,2021-01-15,1150,EASTERN AVE,MARIGOLD AVE,,Minor Arterial,Toronto and East York,At Intersection,No Control,Clear,Daylight,Dry,Non-Fatal Injury,SMV Other,Truck Driver,60 to 64,Major,,East,Tow Truck,Pulling Onto Shoulder or towardCurb,Lost control,Medical or Physical Disability,,,,,,,,,Yes,,,,,,,,,,Yes,70,South Riverdale,70,South Riverdale (70),D55,"{""coordinates"": [[-79.3302570001258, 43.6608190003166]], ""type"": ""MultiPoint""}",2021
16891,16892,1000093718.0,2021-01-15,1805,GABIAN WAY,EGLINTON AVE W,30 m North o,Local,Etobicoke York,Intersection Related,No Control,Rain,Dark,Wet,Non-Fatal Injury,Pedestrian Collisions,Driver,55 to 59,,,South,"Automobile, Station Wagon",Going Ahead,Driving Properly,Normal,,,,,,,Yes,,Yes,,,,,,,,,,,110,Keelesdale-Eglinton West,110,Keelesdale-Eglinton West (110),D12,"{""coordinates"": [[-79.4676539996917, 43.6916449995521]], ""type"": ""MultiPoint""}",2021
16892,16893,1000093718.0,2021-01-15,1805,GABIAN WAY,EGLINTON AVE W,30 m North o,Local,Etobicoke York,Intersection Related,No Control,Rain,Dark,Wet,Non-Fatal Injury,Pedestrian Collisions,Pedestrian,60 to 64,Major,,East,,,,,Pedestrian hit at mid-block,"Crossing, no Traffic Control",Inattentive,,,,Yes,,Yes,,,,,,,,,,,110,Keelesdale-Eglinton West,110,Keelesdale-Eglinton West (110),D12,"{""coordinates"": [[-79.4676539996917, 43.6916449995521]], ""type"": ""MultiPoint""}",2021
16893,16894,1000113248.0,2021-01-18,2120,LESLIE ST,BANNATYNE DR,102 m North ,Major Arterial,North York,Non Intersection,No Control,Snow,Dark,Wet,Non-Fatal Injury,SMV Other,Driver,65 to 69,Major,,South,"Automobile, Station Wagon",Going Ahead,Lost control,Normal,,,,,,,,,Yes,,,,,,,,,,,40,St.Andrew-Windfields,40,St.Andrew-Windfields (40),D33,"{""coordinates"": [[-79.3614989997518, 43.7596380001208]], ""type"": ""MultiPoint""}",2021
16894,16895,1000113248.0,2021-01-18,2120,LESLIE ST,BANNATYNE DR,102 m North ,Major Arterial,North York,Non Intersection,No Control,Snow,Dark,Wet,Non-Fatal Injury,SMV Other,Other,unknown,,,Unknown,"Automobile, Station Wagon",Parked,,,,,,,,,,,Yes,,,,,,,,,,,40,St.Andrew-Windfields,40,St.Andrew-Windfields (40),D33,"{""coordinates"": [[-79.3614989997518, 43.7596380001208]], ""type"": ""MultiPoint""}",2021
16895,16896,1000123006.0,2021-01-20,1145,FINCH  AVE E,LESLIE ST,,Major Arterial,North York,At Intersection,Traffic Signal,Clear,Daylight,Dry,Non-Fatal Injury,Pedestrian Collisions,Driver,25 to 29,,,North,"Automobile, Station Wagon",Going Ahead,Driving Properly,Normal,,,,,,,Yes,,Yes,,,,,,,,,,,47,Don Valley Village,47,Don Valley Village (47),D33,"{""coordinates"": [[-79.3680300001262, 43.7899389999422]], ""type"": ""MultiPoint""}",2021
16896,16897,1000123006.0,2021-01-20,1145,FINCH  AVE E,LESLIE ST,,Major Arterial,North York,At Intersection,Traffic Signal,Clear,Daylight,Dry,Non-Fatal Injury,Pedestrian Collisions,Pedestrian,85 to 89,Major,,West,,,,,Vehicle is going straight thru inter.while ped cross without ROW,Crossing without right of way,Inattentive,,,,Yes,,Yes,,,,,,,,,,,47,Don Valley Village,47,Don Valley Village (47),D33,"{""coordinates"": [[-79.3680300001262, 43.7899389999422]], ""type"": ""MultiPoint""}",2021
16897,16898,1000123041.0,2021-01-20,1157,WOODBINE AVE,O CONNOR DR,,Major Arterial,Toronto and East York,Intersection Related,Traffic Signal,Clear,Daylight,Dry,Non-Fatal Injury,Cyclist Collisions,Driver,35 to 39,,,North,Pick Up Truck,Turning Right,Failed to Yield Right of Way,Unknown,,,,,,,,Yes,Yes,,,,,,,Yes,,,,60,Woodbine-Lumsden,60,Woodbine-Lumsden (60),D55,"{""coordinates"": [[-79.3189960005998, 43.7000830004545]], ""type"": ""MultiPoint""}",2021
16898,16899,1000123041.0,2021-01-20,1157,WOODBINE AVE,O CONNOR DR,,Major Arterial,Toronto and East York,Intersection Related,Traffic Signal,Clear,Daylight,Dry,Non-Fatal Injury,Cyclist Collisions,Cyclist,55 to 59,Major,,North,Bicycle,Turning Right,,,,,,Motorist turning right on red at signalized intersection strikes cyclist.,Failed to Yield Right of Way,Unknown,,Yes,Yes,,,,,,,Yes,,,,60,Woodbine-Lumsden,60,Woodbine-Lumsden (60),D55,"{""coordinates"": [[-79.3189960005998, 43.7000830004545]], ""type"": ""MultiPoint""}",2021
16899,16900,1000142323.0,2021-01-23,949,328 BAYVIEW AVE,,800 m South ,Major Arterial,Toronto and East York,Non Intersection,No Control,Clear,Daylight,Dry,Non-Fatal Injury,Pedestrian Collisions,Driver,30 to 34,,,South,"Automobile, Station Wagon",Going Ahead,Driving Properly,Normal,,,,,,,Yes,,Yes,,,,,Yes,,,,,,72,Regent Park,72,Regent Park (72),D51,"{""coordinates"": [[-79.3553960001809, 43.6595519999805]], ""type"": ""MultiPoint""}",2021
16900,16901,1000142323.0,2021-01-23,949,328 BAYVIEW AVE,,800 m South ,Major Arterial,Toronto and East York,Non Intersection,No Control,Clear,Daylight,Dry,Non-Fatal Injury,Pedestrian Collisions,Pedestrian,25 to 29,Major,,Unknown,,,,,Pedestrian hit at mid-block,Walking on Roadway Against Traffic,Inattentive,,,,Yes,,Yes,,,,,Yes,,,,,,72,Regent Park,72,Regent Park (72),D51,"{""coordinates"": [[-79.3553960001809, 43.6595519999805]], ""type"": ""MultiPoint""}",2021
16901,16902,1000142323.0,2021-01-23,949,328 BAYVIEW AVE,,800 m South ,Major Arterial,Toronto and East York,Non Intersection,No Control,Clear,Daylight,Dry,Non-Fatal Injury,Pedestrian Collisions,Passenger,30 to 34,,,,,,,,,,,,,,Yes,,Yes,,,,,Yes,,,,,,72,Regent Park,72,Regent Park (72),D51,"{""coordinates"": [[-79.3553960001809, 43.6595519999805]], ""type"": ""MultiPoint""}",2021
16902,16903,1000153209.0,2021-01-25,653,JANE ST,WILSON AVE,105 m North ,Major Arterial,Etobicoke York,Non Intersection,No Control,Clear,"Dark, artificial",Dry,Non-Fatal Injury,Pedestrian Collisions,Driver,50 to 54,,,South,"Automobile, Station Wagon",Going Ahead,Driving Properly,Normal,,,,,,,Yes,,Yes,,,,,,,,,,,154,Oakdale-Beverley Heights,26,Downsview-Roding-CFB (26),D31,"{""coordinates"": [[-79.5088230005667, 43.7218229996468]], ""type"": ""MultiPoint""}",2021
16903,16904,1000153209.0,2021-01-25,653,JANE ST,WILSON AVE,105 m North ,Major Arterial,Etobicoke York,Non Intersection,No Control,Clear,"Dark, artificial",Dry,Non-Fatal Injury,Pedestrian Collisions,Pedestrian,50 to 54,Major,,West,,,,,Pedestrian hit at mid-block,"Crossing, no Traffic Control",Inattentive,,,,Yes,,Yes,,,,,,,,,,,154,Oakdale-Beverley Heights,26,Downsview-Roding-CFB (26),D31,"{""coordinates"": [[-79.5088230005667, 43.7218229996468]], ""type"": ""MultiPoint""}",2021
16904,16905,1000167735.0,2021-01-27,905,AVENUE RD,EGLINTON AVE W,,Major Arterial,Toronto and East York,At Intersection,Traffic Signal,Clear,Daylight,Wet,Non-Fatal Injury,Turning Movement,Driver,15 to 19,,,South,"Automobile, Station Wagon",Turning Left,Improper Turn,Normal,,,,,,,,,Yes,,,,,,,Yes,,,,100,Yonge-Eglinton,100,Yonge-Eglinton (100),D53,"{""coordinates"": [[-79.4084729999634, 43.7045279999832]], ""type"": ""MultiPoint""}",2021
16905,16906,1000167735.0,2021-01-27,905,AVENUE RD,EGLINTON AVE W,,Major Arterial,Toronto and East York,At Intersection,Traffic Signal,Clear,Daylight,Wet,Non-Fatal Injury,Turning Movement,Driver,30 to 34,Major,,North,"Automobile, Station Wagon",Going Ahead,Driving Properly,Normal,,,,,,,,,Yes,,,,,,,Yes,,,,100,Yonge-Eglinton,100,Yonge-Eglinton (100),D53,"{""coordinates"": [[-79.4084729999634, 43.7045279999832]], ""type"": ""MultiPoint""}",2021
16906,16907,1000182420.0,2021-01-29,1130,HORNER AVE,KIPLING AVE,,Major Arterial,Etobicoke York,At Intersection,Traffic Signal,Clear,Daylight,Dry,Non-Fatal Injury,Angle,Driver,20 to 24,Major,,North,Pick Up Truck,Going Ahead,Driving Properly,Normal,,,,,,,,,Yes,,,,,,,Yes,Yes,,,160,Mimico-Queensway,17,Mimico (includes Humber Bay Shores) (17),D22,"{""coordinates"": [[-79.520708999779, 43.607130999984]], ""type"": ""MultiPoint""}",2021
16907,16908,1000182420.0,2021-01-29,1130,HORNER AVE,KIPLING AVE,,Major Arterial,Etobicoke York,At Intersection,Traffic Signal,Clear,Daylight,Dry,Non-Fatal Injury,Angle,Driver,65 to 69,Major,,West,"Automobile, Station Wagon",Going Ahead,Disobeyed Traffic Control,Inattentive,,,,,,,,,Yes,,,,,,,Yes,Yes,,,160,Mimico-Queensway,17,Mimico (includes Humber Bay Shores) (17),D22,"{""coordinates"": [[-79.520708999779, 43.607130999984]], ""type"": ""MultiPoint""}",2021
16908,16909,1000182776.0,2021-01-29,1225,FINCH AVE E,MCCOWAN  RD,,Major Arterial,Scarborough,Intersection Related,Traffic Signal,Clear,Daylight,Dry,Non-Fatal Injury,Rear End,Driver,65 to 69,Major,,East,"Automobile, Station Wagon",Going Ahead,Following too Close,Inattentive,,,,,,,,,Yes,,,,,,,Yes,,,,129,Agincourt North,129,Agincourt North (129),D42,"{""coordinates"": [[-79.2664670001342, 43.8079550004028]], ""type"": ""MultiPoint""}",2021
16909,16910,1000182776.0,2021-01-29,1225,FINCH AVE E,MCCOWAN  RD,,Major Arterial,Scarborough,Intersection Related,Traffic Signal,Clear,Daylight,Dry,Non-Fatal Injury,Rear End,Driver,50 to 54,,,East,"Automobile, Station Wagon",Stopped,Driving Properly,Normal,,,,,,,,,Yes,,,,,,,Yes,,,,129,Agincourt North,129,Agincourt North (129),D42,"{""coordinates"": [[-79.2664670001342, 43.8079550004028]], ""type"": ""MultiPoint""}",2021
16910,16911,1000186475.0,2021-01-29,2235,GREENWOOD AVE,MOUNTJOY AVE,30 m South o,Minor Arterial,Toronto and East York,Intersection Related,No Control,Clear,"Dark, artificial",Wet,Non-Fatal Injury,Approaching,Driver,45 to 49,Minor,,North,"Automobile, Station Wagon",Going Ahead,Lost control,Unknown,,,,,,,,,Yes,,,,,Yes,,,,,,65,Greenwood-Coxwell,65,Greenwood-Coxwell (65),D55,"{""coordinates"": [[-79.3317749999541, 43.6799910002464]], ""type"": ""MultiPoint""}",2021
16911,16912,1000186475.0,2021-01-29,2235,GREENWOOD AVE,MOUNTJOY AVE,30 m South o,Minor Arterial,Toronto and East York,Intersection Related,No Control,Clear,"Dark, artificial",Wet,Non-Fatal Injury,Approaching,Driver,30 to 34,Minor,,South,"Automobile, Station Wagon",Going Ahead,Driving Properly,Normal,,,,,,,,,Yes,,,,,Yes,,,,,,65,Greenwood-Coxwell,65,Greenwood-Coxwell (65),D55,"{""coordinates"": [[-79.3317749999541, 43.6799910002464]], ""type"": ""MultiPoint""}",2021
16912,16913,1000186475.0,2021-01-29,2235,GREENWOOD AVE,MOUNTJOY AVE,30 m South o,Minor Arterial,Toronto and East York,Intersection Related,No Control,Clear,"Dark, artificial",Wet,Non-Fatal Injury,Approaching,Passenger,25 to 29,Major,,,,,,,,,,,,,,,Yes,,,,,Yes,,,,,,65,Greenwood-Coxwell,65,Greenwood-Coxwell (65),D55,"{""coordinates"": [[-79.3317749999541, 43.6799910002464]], ""type"": ""MultiPoint""}",2021
16913,16914,1000186475.0,2021-01-29,2235,GREENWOOD AVE,MOUNTJOY AVE,30 m South o,Minor Arterial,Toronto and East York,Intersection Related,No Control,Clear,"Dark, artificial",Wet,Non-Fatal Injury,Approaching,Passenger,25 to 29,Minor,,,,,,,,,,,,,,,Yes,,,,,Yes,,,,,,65,Greenwood-Coxwell,65,Greenwood-Coxwell (65),D55,"{""coordinates"": [[-79.3317749999541, 43.6799910002464]], ""type"": ""MultiPoint""}",2021
16914,16915,1000204044.0,2021-02-01,1735,2550 PICKERING TOWN  LINE,,164 m South ,Collector,Scarborough,Non Intersection,No Control,Clear,Dusk,Dry,Non-Fatal Injury,SMV Other,Driver,20 to 24,Major,,South,Pick Up Truck,Going Ahead,Lost control,"Ability Impaired, Alcohol Over .08",,,,,,,,,Yes,,,,,,,,,Yes,,144,Morningside Heights,131,Rouge (131),D42,"{""coordinates"": [[-79.1665070001063, 43.8470450002413]], ""type"": ""MultiPoint""}",2021
16915,16916,1000223526.0,2021-02-04,1535,DOWNSVIEW PARK  BLVD,KEELE ST,,Major Arterial,North York,At Intersection,Traffic Signal,Clear,"Daylight, artificial",Dry,Non-Fatal Injury,Pedestrian Collisions,Driver,25 to 29,,,West,"Automobile, Station Wagon",Turning Left,Failed to Yield Right of Way,Inattentive,,,,,,,Yes,,Yes,,,,,,,Yes,,,,155,Downsview,26,Downsview-Roding-CFB (26),D31,"{""coordinates"": [[-79.4845150003358, 43.7368759997247]], ""type"": ""MultiPoint""}",2021
16916,16917,1000223526.0,2021-02-04,1535,DOWNSVIEW PARK  BLVD,KEELE ST,,Major Arterial,North York,At Intersection,Traffic Signal,Clear,"Daylight, artificial",Dry,Non-Fatal Injury,Pedestrian Collisions,Pedestrian,65 to 69,Major,,East,,,,,Vehicle turns left while ped crosses with ROW at inter.,Crossing with right of way,Normal,,,,Yes,,Yes,,,,,,,Yes,,,,155,Downsview,26,Downsview-Roding-CFB (26),D31,"{""coordinates"": [[-79.4845150003358, 43.7368759997247]], ""type"": ""MultiPoint""}",2021
16917,16918,1000224535.0,2021-02-04,1747,2330 KENNEDY RD,,,Major Arterial,Scarborough,Non Intersection,No Control,Clear,Dawn,Dry,Non-Fatal Injury,Pedestrian Collisions,Driver,70 to 74,,,South,"Automobile, Station Wagon",Going Ahead,Driving Properly,Normal,,,,,,,Yes,,Yes,,,,,Yes,,,,,,118,Tam O'Shanter-Sullivan,128,Agincourt South-Malvern West (128),D42,"{""coordinates"": [[-79.2887449997423, 43.7841589999736]], ""type"": ""MultiPoint""}",2021
16918,16919,1000224535.0,2021-02-04,1747,2330 KENNEDY RD,,,Major Arterial,Scarborough,Non Intersection,No Control,Clear,Dawn,Dry,Non-Fatal Injury,Pedestrian Collisions,Passenger,60 to 64,,,,,,,,,,,,,,Yes,,Yes,,,,,Yes,,,,,,118,Tam O'Shanter-Sullivan,128,Agincourt South-Malvern West (128),D42,"{""coordinates"": [[-79.2887449997423, 43.7841589999736]], ""type"": ""MultiPoint""}",2021
16919,16920,1000224535.0,2021-02-04,1747,2330 KENNEDY RD,,,Major Arterial,Scarborough,Non Intersection,No Control,Clear,Dawn,Dry,Non-Fatal Injury,Pedestrian Collisions,Pedestrian,55 to 59,Major,,West,,,,,Pedestrian hit at mid-block,"Crossing, no Traffic Control",Had Been Drinking,,,,Yes,,Yes,,,,,Yes,,,,,,118,Tam O'Shanter-Sullivan,128,Agincourt South-Malvern West (128),D42,"{""coordinates"": [[-79.2887449997423, 43.7841589999736]], ""type"": ""MultiPoint""}",2021
16920,16921,1000228775.0,2021-02-05,1100,54 THORNCLIFFE PARK  DR,,1 m South of,Collector,North York,At/Near Private Drive,No Control,Clear,Daylight,Dry,Non-Fatal Injury,Angle,Driver,65 to 69,,,West,"Automobile, Station Wagon",Reversing,Other,Normal,,,,,,,,,Yes,,,,,Yes,,,,,,55,Thorncliffe Park,55,Thorncliffe Park (55),D53,"{""coordinates"": [[-79.3415939994869, 43.7044589997562]], ""type"": ""MultiPoint""}",2021
16921,16922,1000228775.0,2021-02-05,1100,54 THORNCLIFFE PARK  DR,,1 m South of,Collector,North York,At/Near Private Drive,No Control,Clear,Daylight,Dry,Non-Fatal Injury,Angle,Driver,30 to 34,,,South,"Automobile, Station Wagon",Stopped,Other,Normal,,,,,,,,,Yes,,,,,Yes,,,,,,55,Thorncliffe Park,55,Thorncliffe Park (55),D53,"{""coordinates"": [[-79.3415939994869, 43.7044589997562]], ""type"": ""MultiPoint""}",2021
16922,16923,1000228775.0,2021-02-05,1100,54 THORNCLIFFE PARK  DR,,1 m South of,Collector,North York,At/Near Private Drive,No Control,Clear,Daylight,Dry,Non-Fatal Injury,Angle,Passenger,55 to 59,,,,,,,,,,,,,,,,Yes,,,,,Yes,,,,,,55,Thorncliffe Park,55,Thorncliffe Park (55),D53,"{""coordinates"": [[-79.3415939994869, 43.7044589997562]], ""type"": ""MultiPoint""}",2021
16923,16924,1000228775.0,2021-02-05,1100,54 THORNCLIFFE PARK  DR,,1 m South of,Collector,North York,At/Near Private Drive,No Control,Clear,Daylight,Dry,Non-Fatal Injury,Angle,Passenger,30 to 34,Major,,,,,,,,,,,,,,,Yes,,,,,Yes,,,,,,55,Thorncliffe Park,55,Thorncliffe Park (55),D53,"{""coordinates"": [[-79.3415939994869, 43.7044589997562]], ""type"": ""MultiPoint""}",2021
16924,16925,1000247746.0,2021-02-08,1227,RENFORTH  DR,CONVAIR  DR,,Major Arterial,Etobicoke York,At Intersection,Traffic Signal,Clear,Daylight,Dry,Non-Fatal Injury,Angle,Driver,65 to 69,Minor,,North,"Automobile, Station Wagon",Going Ahead,Disobeyed Traffic Control,Inattentive,,,,,,,,,Yes,,,,,,,Yes,Yes,,,NSA,NSA,1,West Humber-Clairville (1),NSA,"{""coordinates"": [[-79.5932569993999, 43.6721179998936]], ""type"": ""MultiPoint""}",2021
16925,16926,1000247746.0,2021-02-08,1227,RENFORTH  DR,CONVAIR  DR,,Major Arterial,Etobicoke York,At Intersection,Traffic Signal,Clear,Daylight,Dry,Non-Fatal Injury,Angle,Driver,50 to 54,Major,,West,"Automobile, Station Wagon",Going Ahead,Driving Properly,Normal,,,,,,,,,Yes,,,,,,,Yes,Yes,,,NSA,NSA,1,West Humber-Clairville (1),NSA,"{""coordinates"": [[-79.5932569993999, 43.6721179998936]], ""type"": ""MultiPoint""}",2021
16926,16927,1000256266.0,2021-02-09,1747,DIXON RD,CARLINGVIEW DR,,Major Arterial,Etobicoke York,At Intersection,Traffic Signal,Clear,"Dark, artificial",Dry,Non-Fatal Injury,Angle,Driver,45 to 49,Major,,West,"Automobile, Station Wagon",Going Ahead,Disobeyed Traffic Control,Normal,,,,,,,,,Yes,,,Yes,,,Yes,Yes,Yes,,,1,West Humber-Clairville,1,West Humber-Clairville (1),D23,"{""coordinates"": [[-79.5955229997072, 43.6866860001939]], ""type"": ""MultiPoint""}",2021
16927,16928,1000256266.0,2021-02-09,1747,DIXON RD,CARLINGVIEW DR,,Major Arterial,Etobicoke York,At Intersection,Traffic Signal,Clear,"Dark, artificial",Dry,Non-Fatal Injury,Angle,Driver,60 to 64,,,South,Municipal Transit Bus (TTC),Going Ahead,Driving Properly,Normal,,,,,,,,,Yes,,,Yes,,,Yes,Yes,Yes,,,1,West Humber-Clairville,1,West Humber-Clairville (1),D23,"{""coordinates"": [[-79.5955229997072, 43.6866860001939]], ""type"": ""MultiPoint""}",2021
16928,16929,1000266545.0,2021-02-11,945,DUNDAS ST W,EAST MALL  CRES,,Major Arterial,Etobicoke York,At Intersection,Traffic Signal,Clear,Daylight,Dry,Non-Fatal Injury,Pedestrian Collisions,Driver,60 to 64,,,East,Municipal Transit Bus (TTC),Going Ahead,Disobeyed Traffic Control,Inattentive,,,,,,,Yes,,,,,Yes,,,,Yes,Yes,,,159,Etobicoke City Centre,14,Islington-City Centre West (14),D22,"{""coordinates"": [[-79.5497769998357, 43.6303049996306]], ""type"": ""MultiPoint""}",2021
16929,16930,1000266545.0,2021-02-11,945,DUNDAS ST W,EAST MALL  CRES,,Major Arterial,Etobicoke York,At Intersection,Traffic Signal,Clear,Daylight,Dry,Non-Fatal Injury,Pedestrian Collisions,Pedestrian,45 to 49,Major,,North,,,,,Vehicle is going straight thru inter.while ped cross without ROW,Crossing without right of way,Inattentive,,,,Yes,,,,,Yes,,,,Yes,Yes,,,159,Etobicoke City Centre,14,Islington-City Centre West (14),D22,"{""coordinates"": [[-79.5497769998357, 43.6303049996306]], ""type"": ""MultiPoint""}",2021
16930,16931,1000271831.0,2021-02-12,126,65 SHORNCLIFFE RD,LOCKPORT AVE,,Minor Arterial,Etobicoke York,Intersection Related,No Control,Clear,"Dark, artificial",Dry,Non-Fatal Injury,SMV Other,Driver,20 to 24,Major,,South,"Automobile, Station Wagon",Going Ahead,Lost control,Inattentive,,,,,,,,,Yes,,,,,Yes,,,,,,159,Etobicoke City Centre,14,Islington-City Centre West (14),D22,"{""coordinates"": [[-79.5428350003943, 43.6275320000231]], ""type"": ""MultiPoint""}",2021