index,_id,ACCNUM,DATE,TIME,STREET1,STREET2,OFFSET,ROAD_CLASS,DISTRICT,ACCLOC,TRAFFCTL,VISIBILITY,LIGHT,RDSFCOND,ACCLASS,IMPACTYPE,INVTYPE,INVAGE,INJURY,FATAL_NO,INITDIR,VEHTYPE,MANOEUVER,DRIVACT,DRIVCOND,PEDTYPE,PEDACT,PEDCOND,CYCLISTYPE,CYCACT,CYCCOND,PEDESTRIAN,CYCLIST,AUTOMOBILE,MOTORCYCLE,TRUCK,TRSN_CITY_VEH,EMERG_VEH,PASSENGER,SPEEDING,AG_DRIV,REDLIGHT,ALCOHOL,DISABILITY,HOOD_158,NEIGHBOURHOOD_158,HOOD_140,NEIGHBOURHOOD_140,DIVISION,geometry,ACCIDENT_YEAR
16931,16932,1000271831.0,2021-02-12,126,65 SHORNCLIFFE RD,LOCKPORT AVE,,Minor Arterial,Etobicoke York,Intersection Related,No Control,Clear,"Dark, artificial",Dry,Non-Fatal Injury,SMV Other,Passenger,20 to 24,Minor,,,,,,,,,,,,,,,Yes,,,,,Yes,,,,,,159,Etobicoke City Centre,14,Islington-City Centre West (14),D22,"{""coordinates"": [[-79.5428350003943, 43.6275320000231]], ""type"": ""MultiPoint""}",2021
16932,16933,1000283889.0,2021-02-13,2203,MIDLAND  AVE,BENJAMIN BLVD,25 m South o,Minor Arterial,Scarborough,Intersection Related,No Control,Snow,Dark,Ice,Non-Fatal Injury,SMV Other,Driver,35 to 39,Minor,,South,"Automobile, Station Wagon",Going Ahead,Speed too Fast For Condition,Inattentive,,,,,,,,,Yes,,,,,Yes,Yes,Yes,,,,124,Kennedy Park,124,Kennedy Park (124),D41,"{""coordinates"": [[-79.2570680005671, 43.7320510001759]], ""type"": ""MultiPoint""}",2021
16933,16934,1000283889.0,2021-02-13,2203,MIDLAND  AVE,BENJAMIN BLVD,25 m South o,Minor Arterial,Scarborough,Intersection Related,No Control,Snow,Dark,Ice,Non-Fatal Injury,SMV Other,Passenger,30 to 34,Minor,,,,,,,,,,,,,,,Yes,,,,,Yes,Yes,Yes,,,,124,Kennedy Park,124,Kennedy Park (124),D41,"{""coordinates"": [[-79.2570680005671, 43.7320510001759]], ""type"": ""MultiPoint""}",2021
16934,16935,1000283889.0,2021-02-13,2203,MIDLAND  AVE,BENJAMIN BLVD,25 m South o,Minor Arterial,Scarborough,Intersection Related,No Control,Snow,Dark,Ice,Non-Fatal Injury,SMV Other,Passenger,35 to 39,Minor,,,,,,,,,,,,,,,Yes,,,,,Yes,Yes,Yes,,,,124,Kennedy Park,124,Kennedy Park (124),D41,"{""coordinates"": [[-79.2570680005671, 43.7320510001759]], ""type"": ""MultiPoint""}",2021
16935,16936,1000283889.0,2021-02-13,2203,MIDLAND  AVE,BENJAMIN BLVD,25 m South o,Minor Arterial,Scarborough,Intersection Related,No Control,Snow,Dark,Ice,Non-Fatal Injury,SMV Other,Passenger,20 to 24,Major,,,,,,,,,,,,,,,Yes,,,,,Yes,Yes,Yes,,,,124,Kennedy Park,124,Kennedy Park (124),D41,"{""coordinates"": [[-79.2570680005671, 43.7320510001759]], ""type"": ""MultiPoint""}",2021
16936,16937,1000289849.0,2021-02-14,2320,STEELES AVE W,DUFFERIN  ST,,Major Arterial,North York,At Intersection,Traffic Signal,Clear,"Dark, artificial",Dry,Non-Fatal Injury,Angle,Driver,50 to 54,Major,,South,"Automobile, Station Wagon",Going Ahead,Disobeyed Traffic Control,Unknown,,,,,,,,,Yes,,,Yes,,Yes,Yes,Yes,Yes,,,34,Bathurst Manor,34,Bathurst Manor (34),D32,"{""coordinates"": [[-79.470042000239, 43.787211000271]], ""type"": ""MultiPoint""}",2021
16937,16938,1000289849.0,2021-02-14,2320,STEELES AVE W,DUFFERIN  ST,,Major Arterial,North York,At Intersection,Traffic Signal,Clear,"Dark, artificial",Dry,Non-Fatal Injury,Angle,Driver,40 to 44,,,West,Intercity Bus,Going Ahead,Driving Properly,Normal,,,,,,,,,Yes,,,Yes,,Yes,Yes,Yes,Yes,,,34,Bathurst Manor,34,Bathurst Manor (34),D32,"{""coordinates"": [[-79.470042000239, 43.787211000271]], ""type"": ""MultiPoint""}",2021
16938,16939,1000289849.0,2021-02-14,2320,STEELES AVE W,DUFFERIN  ST,,Major Arterial,North York,At Intersection,Traffic Signal,Clear,"Dark, artificial",Dry,Non-Fatal Injury,Angle,Passenger,60 to 64,,,,,,,,,,,,,,,,Yes,,,Yes,,Yes,Yes,Yes,Yes,,,34,Bathurst Manor,34,Bathurst Manor (34),D32,"{""coordinates"": [[-79.470042000239, 43.787211000271]], ""type"": ""MultiPoint""}",2021
16939,16940,1000289849.0,2021-02-14,2320,STEELES AVE W,DUFFERIN  ST,,Major Arterial,North York,At Intersection,Traffic Signal,Clear,"Dark, artificial",Dry,Non-Fatal Injury,Angle,Passenger,20 to 24,,,,,,,,,,,,,,,,Yes,,,Yes,,Yes,Yes,Yes,Yes,,,34,Bathurst Manor,34,Bathurst Manor (34),D32,"{""coordinates"": [[-79.470042000239, 43.787211000271]], ""type"": ""MultiPoint""}",2021
16940,16941,1000289849.0,2021-02-14,2320,STEELES AVE W,DUFFERIN  ST,,Major Arterial,North York,At Intersection,Traffic Signal,Clear,"Dark, artificial",Dry,Non-Fatal Injury,Angle,Passenger,20 to 24,,,,,,,,,,,,,,,,Yes,,,Yes,,Yes,Yes,Yes,Yes,,,34,Bathurst Manor,34,Bathurst Manor (34),D32,"{""coordinates"": [[-79.470042000239, 43.787211000271]], ""type"": ""MultiPoint""}",2021
16941,16942,1000289849.0,2021-02-14,2320,STEELES AVE W,DUFFERIN  ST,,Major Arterial,North York,At Intersection,Traffic Signal,Clear,"Dark, artificial",Dry,Non-Fatal Injury,Angle,Passenger,20 to 24,,,,,,,,,,,,,,,,Yes,,,Yes,,Yes,Yes,Yes,Yes,,,34,Bathurst Manor,34,Bathurst Manor (34),D32,"{""coordinates"": [[-79.470042000239, 43.787211000271]], ""type"": ""MultiPoint""}",2021
16942,16943,1000299624.0,2021-02-16,1434,ST CLAIR AVE E,PHARMACY  AVE,10 m West of,Major Arterial,Scarborough,Intersection Related,Traffic Signal,Snow,Daylight,Wet,Non-Fatal Injury,Rear End,Driver,65 to 69,Major,,West,"Automobile, Station Wagon",Going Ahead,Lost control,Medical or Physical Disability,,,,,,,,,Yes,,,,,,,,,,Yes,120,Clairlea-Birchmount,120,Clairlea-Birchmount (120),D41,"{""coordinates"": [[-79.2908970006263, 43.7097799997323]], ""type"": ""MultiPoint""}",2021
16943,16944,1000299624.0,2021-02-16,1434,ST CLAIR AVE E,PHARMACY  AVE,10 m West of,Major Arterial,Scarborough,Intersection Related,Traffic Signal,Snow,Daylight,Wet,Non-Fatal Injury,Rear End,Driver,40 to 44,Minor,,West,"Automobile, Station Wagon",Stopped,Driving Properly,Normal,,,,,,,,,Yes,,,,,,,,,,Yes,120,Clairlea-Birchmount,120,Clairlea-Birchmount (120),D41,"{""coordinates"": [[-79.2908970006263, 43.7097799997323]], ""type"": ""MultiPoint""}",2021
16944,16945,1000349866.0,2021-02-24,1125,1260 ST CLAIR AVE W,,,Major Arterial,Etobicoke York,Non Intersection,No Control,Clear,Daylight,Wet,Non-Fatal Injury,Pedestrian Collisions,Driver,80 to 84,,,West,"Automobile, Station Wagon",Reversing,Other,Unknown,,,,,,,Yes,,Yes,,,,,,,,,,,92,Corso Italia-Davenport,92,Corso Italia-Davenport (92),D13,"{""coordinates"": [[-79.4465289998949, 43.677119000394]], ""type"": ""MultiPoint""}",2021
16945,16946,1000349866.0,2021-02-24,1125,1260 ST CLAIR AVE W,,,Major Arterial,Etobicoke York,Non Intersection,No Control,Clear,Daylight,Wet,Non-Fatal Injury,Pedestrian Collisions,Pedestrian,25 to 29,Major,,Unknown,,,,,Vehicle is reversing and hits pedestrian,Other,Normal,,,,Yes,,Yes,,,,,,,,,,,92,Corso Italia-Davenport,92,Corso Italia-Davenport (92),D13,"{""coordinates"": [[-79.4465289998949, 43.677119000394]], ""type"": ""MultiPoint""}",2021
16946,16947,1000349866.0,2021-02-24,1125,1260 ST CLAIR AVE W,,,Major Arterial,Etobicoke York,Non Intersection,No Control,Clear,Daylight,Wet,Non-Fatal Injury,Pedestrian Collisions,Pedestrian,0 to 4,Minor,,Unknown,,,,,Vehicle is reversing and hits pedestrian,Other,Normal,,,,Yes,,Yes,,,,,,,,,,,92,Corso Italia-Davenport,92,Corso Italia-Davenport (92),D13,"{""coordinates"": [[-79.4465289998949, 43.677119000394]], ""type"": ""MultiPoint""}",2021
16947,16948,1000349866.0,2021-02-24,1125,1260 ST CLAIR AVE W,,,Major Arterial,Etobicoke York,Non Intersection,No Control,Clear,Daylight,Wet,Non-Fatal Injury,Pedestrian Collisions,Pedestrian,0 to 4,,,Unknown,,,,,Vehicle is reversing and hits pedestrian,Other,Normal,,,,Yes,,Yes,,,,,,,,,,,92,Corso Italia-Davenport,92,Corso Italia-Davenport (92),D13,"{""coordinates"": [[-79.4465289998949, 43.677119000394]], ""type"": ""MultiPoint""}",2021
16948,16949,1000367345.0,2021-02-26,2200,BELLAMY RD N,BRAEBURN BLVD,,Minor Arterial,Scarborough,At Intersection,No Control,Clear,"Dark, artificial",Dry,Non-Fatal Injury,Rear End,Driver,25 to 29,Major,,South,"Automobile, Station Wagon",Going Ahead,Following too Close,Inattentive,,,,,,,,,Yes,,,,,Yes,Yes,Yes,,,,141,Golfdale-Cedarbrae-Woburn,137,Woburn (137),D43,"{""coordinates"": [[-79.2322569997703, 43.7493879996537]], ""type"": ""MultiPoint""}",2021
16949,16950,1000367345.0,2021-02-26,2200,BELLAMY RD N,BRAEBURN BLVD,,Minor Arterial,Scarborough,At Intersection,No Control,Clear,"Dark, artificial",Dry,Non-Fatal Injury,Rear End,Driver,25 to 29,Minimal,,South,"Automobile, Station Wagon",Slowing or Stopping,Driving Properly,Normal,,,,,,,,,Yes,,,,,Yes,Yes,Yes,,,,141,Golfdale-Cedarbrae-Woburn,137,Woburn (137),D43,"{""coordinates"": [[-79.2322569997703, 43.7493879996537]], ""type"": ""MultiPoint""}",2021
16950,16951,1000367345.0,2021-02-26,2200,BELLAMY RD N,BRAEBURN BLVD,,Minor Arterial,Scarborough,At Intersection,No Control,Clear,"Dark, artificial",Dry,Non-Fatal Injury,Rear End,Passenger,25 to 29,Minimal,,,,,,,,,,,,,,,Yes,,,,,Yes,Yes,Yes,,,,141,Golfdale-Cedarbrae-Woburn,137,Woburn (137),D43,"{""coordinates"": [[-79.2322569997703, 43.7493879996537]], ""type"": ""MultiPoint""}",2021
16951,16952,1000367345.0,2021-02-26,2200,BELLAMY RD N,BRAEBURN BLVD,,Minor Arterial,Scarborough,At Intersection,No Control,Clear,"Dark, artificial",Dry,Non-Fatal Injury,Rear End,Passenger,25 to 29,Minimal,,,,,,,,,,,,,,,Yes,,,,,Yes,Yes,Yes,,,,141,Golfdale-Cedarbrae-Woburn,137,Woburn (137),D43,"{""coordinates"": [[-79.2322569997703, 43.7493879996537]], ""type"": ""MultiPoint""}",2021
16952,16953,1000367345.0,2021-02-26,2200,BELLAMY RD N,BRAEBURN BLVD,,Minor Arterial,Scarborough,At Intersection,No Control,Clear,"Dark, artificial",Dry,Non-Fatal Injury,Rear End,Passenger,35 to 39,Minimal,,,,,,,,,,,,,,,Yes,,,,,Yes,Yes,Yes,,,,141,Golfdale-Cedarbrae-Woburn,137,Woburn (137),D43,"{""coordinates"": [[-79.2322569997703, 43.7493879996537]], ""type"": ""MultiPoint""}",2021
16953,16954,1000373871.0,2021-02-27,2307,LN N DUNDAS W HURON,HURON ST,70 m West of,Laneway,Toronto and East York,Laneway,No Control,Clear,"Dark, artificial",Wet,Non-Fatal Injury,SMV Other,Driver,50 to 54,Major,,West,"Automobile, Station Wagon",Going Ahead,Lost control,Medical or Physical Disability,,,,,,,,,Yes,,,,,,Yes,Yes,,,Yes,78,Kensington-Chinatown,78,Kensington-Chinatown (78),D52,"{""coordinates"": [[-79.3967470006157, 43.6536469999346]], ""type"": ""MultiPoint""}",2021
16954,16955,1000403643.0,2021-03-04,1143,QUEEN ST W,DOWLING AVE,24 m West of,Major Arterial,Toronto and East York,Intersection Related,No Control,Clear,Daylight,Dry,Non-Fatal Injury,Pedestrian Collisions,Driver,25 to 29,,,East,Ambulance,Going Ahead,Driving Properly,Normal,,,,,,,Yes,,,,,,Yes,Yes,,,,,,85,South Parkdale,85,South Parkdale (85),D14,"{""coordinates"": [[-79.4398220002662, 43.6398800002146]], ""type"": ""MultiPoint""}",2021
16955,16956,1000403643.0,2021-03-04,1143,QUEEN ST W,DOWLING AVE,24 m West of,Major Arterial,Toronto and East York,Intersection Related,No Control,Clear,Daylight,Dry,Non-Fatal Injury,Pedestrian Collisions,Passenger,20 to 24,,,,,,,,,,,,,,Yes,,,,,,Yes,Yes,,,,,,85,South Parkdale,85,South Parkdale (85),D14,"{""coordinates"": [[-79.4398220002662, 43.6398800002146]], ""type"": ""MultiPoint""}",2021
16956,16957,1000403643.0,2021-03-04,1143,QUEEN ST W,DOWLING AVE,24 m West of,Major Arterial,Toronto and East York,Intersection Related,No Control,Clear,Daylight,Dry,Non-Fatal Injury,Pedestrian Collisions,Passenger,65 to 69,,,,,,,,,,,,,,Yes,,,,,,Yes,Yes,,,,,,85,South Parkdale,85,South Parkdale (85),D14,"{""coordinates"": [[-79.4398220002662, 43.6398800002146]], ""type"": ""MultiPoint""}",2021
16957,16958,1000403643.0,2021-03-04,1143,QUEEN ST W,DOWLING AVE,24 m West of,Major Arterial,Toronto and East York,Intersection Related,No Control,Clear,Daylight,Dry,Non-Fatal Injury,Pedestrian Collisions,Pedestrian,60 to 64,Major,,North,,,,,Pedestrian hit at mid-block,"Crossing, no Traffic Control",Normal,,,,Yes,,,,,,Yes,Yes,,,,,,85,South Parkdale,85,South Parkdale (85),D14,"{""coordinates"": [[-79.4398220002662, 43.6398800002146]], ""type"": ""MultiPoint""}",2021
16958,16959,1000453193.0,2021-03-11,1440,PLAXTON  DR,ST CLAIR  AVE E,,Major Arterial,Toronto and East York,At Intersection,Traffic Signal,Clear,Daylight,Dry,Non-Fatal Injury,Pedestrian Collisions,Driver,60 to 64,,,North,Pick Up Truck,Turning Left,Failed to Yield Right of Way,Inattentive,,,,,,,Yes,,Yes,,,,,,,Yes,,,,54,O'Connor-Parkview,54,O'Connor-Parkview (54),D55,"{""coordinates"": [[-79.3026080001427, 43.7075980001244]], ""type"": ""MultiPoint""}",2021
16959,16960,1000453193.0,2021-03-11,1440,PLAXTON  DR,ST CLAIR  AVE E,,Major Arterial,Toronto and East York,At Intersection,Traffic Signal,Clear,Daylight,Dry,Non-Fatal Injury,Pedestrian Collisions,Pedestrian,55 to 59,Major,,South,,,,,Vehicle turns left while ped crosses with ROW at inter.,Crossing with right of way,Normal,,,,Yes,,Yes,,,,,,,Yes,,,,54,O'Connor-Parkview,54,O'Connor-Parkview (54),D55,"{""coordinates"": [[-79.3026080001427, 43.7075980001244]], ""type"": ""MultiPoint""}",2021
16960,16961,1000461944.0,2021-03-12,1912,PAPE AVE,GAMBLE AVE,30 m North o,Major Arterial,Toronto and East York,Intersection Related,No Control,Clear,"Dark, artificial",Dry,Non-Fatal Injury,Pedestrian Collisions,Driver,50 to 54,,,North,"Automobile, Station Wagon",Going Ahead,Speed too Fast For Condition,Normal,,,,,,,Yes,,Yes,,,,,,Yes,Yes,,,,58,Old East York,58,Old East York (58),D55,"{""coordinates"": [[-79.3491319998792, 43.690328999843]], ""type"": ""MultiPoint""}",2021
16961,16962,1000461944.0,2021-03-12,1912,PAPE AVE,GAMBLE AVE,30 m North o,Major Arterial,Toronto and East York,Intersection Related,No Control,Clear,"Dark, artificial",Dry,Non-Fatal Injury,Pedestrian Collisions,Pedestrian,80 to 84,Major,,West,,,,,Pedestrian hit at mid-block,"Crossing, no Traffic Control",Normal,,,,Yes,,Yes,,,,,,Yes,Yes,,,,58,Old East York,58,Old East York (58),D55,"{""coordinates"": [[-79.3491319998792, 43.690328999843]], ""type"": ""MultiPoint""}",2021
16962,16963,1000461944.0,2021-03-12,1912,PAPE AVE,GAMBLE AVE,30 m North o,Major Arterial,Toronto and East York,Intersection Related,No Control,Clear,"Dark, artificial",Dry,Non-Fatal Injury,Pedestrian Collisions,Pedestrian,55 to 59,Major,,West,,,,,Pedestrian hit at mid-block,"Crossing, no Traffic Control",Normal,,,,Yes,,Yes,,,,,,Yes,Yes,,,,58,Old East York,58,Old East York (58),D55,"{""coordinates"": [[-79.3491319998792, 43.690328999843]], ""type"": ""MultiPoint""}",2021
16963,16964,1000474155.0,2021-03-14,1804,DUNDAS ST W,BATHURST  ST,5 m West of,Major Arterial,Toronto and East York,At Intersection,Traffic Signal,Clear,Daylight,Dry,Non-Fatal Injury,Cyclist Collisions,Driver,30 to 34,,,West,"Automobile, Station Wagon",Going Ahead,Improper Passing,Normal,,,,,,,,Yes,Yes,,,,,,,Yes,,,,78,Kensington-Chinatown,78,Kensington-Chinatown (78),D14,"{""coordinates"": [[-79.4059780000479, 43.6522390000216]], ""type"": ""MultiPoint""}",2021
16964,16965,1000474155.0,2021-03-14,1804,DUNDAS ST W,BATHURST  ST,5 m West of,Major Arterial,Toronto and East York,At Intersection,Traffic Signal,Clear,Daylight,Dry,Non-Fatal Injury,Cyclist Collisions,Cyclist,40 to 44,Major,,West,Bicycle,Going Ahead,,,,,,Cyclist and Driver travelling in same direction. One vehicle sideswipes the other.,Driving Properly,Normal,,Yes,Yes,,,,,,,Yes,,,,78,Kensington-Chinatown,78,Kensington-Chinatown (78),D14,"{""coordinates"": [[-79.4059780000479, 43.6522390000216]], ""type"": ""MultiPoint""}",2021
16965,16966,1000488018.0,2021-03-16,1734,KENNEDY RD,FINCH AVE E,100 m North ,Major Arterial,Scarborough,Non Intersection,No Control,Clear,Daylight,Dry,Non-Fatal Injury,Approaching,Driver,15 to 19,Minor,,South,"Automobile, Station Wagon",Going Ahead,Lost control,Inattentive,,,,,,,,,Yes,,,,,Yes,Yes,Yes,,,,148,East L'Amoreaux,117,L'Amoreaux (117),D42,"{""coordinates"": [[-79.2973359999871, 43.8020689998884]], ""type"": ""MultiPoint""}",2021
16966,16967,1000488018.0,2021-03-16,1734,KENNEDY RD,FINCH AVE E,100 m North ,Major Arterial,Scarborough,Non Intersection,No Control,Clear,Daylight,Dry,Non-Fatal Injury,Approaching,Driver,70 to 74,Minor,,North,"Automobile, Station Wagon",Going Ahead,Driving Properly,Normal,,,,,,,,,Yes,,,,,Yes,Yes,Yes,,,,148,East L'Amoreaux,117,L'Amoreaux (117),D42,"{""coordinates"": [[-79.2973359999871, 43.8020689998884]], ""type"": ""MultiPoint""}",2021
16967,16968,1000488018.0,2021-03-16,1734,KENNEDY RD,FINCH AVE E,100 m North ,Major Arterial,Scarborough,Non Intersection,No Control,Clear,Daylight,Dry,Non-Fatal Injury,Approaching,Passenger,15 to 19,Major,,,,,,,,,,,,,,,Yes,,,,,Yes,Yes,Yes,,,,148,East L'Amoreaux,117,L'Amoreaux (117),D42,"{""coordinates"": [[-79.2973359999871, 43.8020689998884]], ""type"": ""MultiPoint""}",2021
16968,16969,1000488865.0,2021-03-16,2014,HIGHWAY 27  N,REXDALE BLVD,,Major Arterial,Etobicoke York,At Intersection,Traffic Signal,Clear,"Dark, artificial",Dry,Non-Fatal Injury,Turning Movement,Driver,30 to 34,Major,,South,Delivery Van,Turning Left,Improper Turn,Inattentive,,,,,,,,,Yes,,,,,,,,,,,1,West Humber-Clairville,1,West Humber-Clairville (1),D23,"{""coordinates"": [[-79.5955769997796, 43.717196000328]], ""type"": ""MultiPoint""}",2021
16969,16970,1000488865.0,2021-03-16,2014,HIGHWAY 27  N,REXDALE BLVD,,Major Arterial,Etobicoke York,At Intersection,Traffic Signal,Clear,"Dark, artificial",Dry,Non-Fatal Injury,Turning Movement,Driver,30 to 34,Major,,North,"Automobile, Station Wagon",Going Ahead,Driving Properly,Normal,,,,,,,,,Yes,,,,,,,,,,,1,West Humber-Clairville,1,West Humber-Clairville (1),D23,"{""coordinates"": [[-79.5955769997796, 43.717196000328]], ""type"": ""MultiPoint""}",2021
16970,16971,1000498081.0,2021-03-18,715,YONGE  ST,ALEXANDER  ST,2 m West of,Major Arterial,Toronto and East York,Intersection Related,Traffic Signal,Clear,Daylight,Wet,Non-Fatal Injury,Pedestrian Collisions,Driver,55 to 59,,,North,"Automobile, Station Wagon",Turning Right,Failed to Yield Right of Way,Unknown,,,,,,,Yes,,Yes,,,,,,,Yes,,,,167,Church-Wellesley,75,Church-Yonge Corridor (75),D51,"{""coordinates"": [[-79.3837459999255, 43.6629470000767]], ""type"": ""MultiPoint""}",2021
16971,16972,1000498081.0,2021-03-18,715,YONGE  ST,ALEXANDER  ST,2 m West of,Major Arterial,Toronto and East York,Intersection Related,Traffic Signal,Clear,Daylight,Wet,Non-Fatal Injury,Pedestrian Collisions,Pedestrian,40 to 44,Major,,West,,,,,Vehicle turns right while ped crosses with ROW at inter.,Crossing with right of way,Normal,,,,Yes,,Yes,,,,,,,Yes,,,,167,Church-Wellesley,75,Church-Yonge Corridor (75),D51,"{""coordinates"": [[-79.3837459999255, 43.6629470000767]], ""type"": ""MultiPoint""}",2021
16972,16973,1000499271.0,2021-03-18,1056,GREENWIN VILLAGE RD,BATHURST ST,50 m East of,Collector,North York,At/Near Private Drive,No Control,Clear,Daylight,Dry,Non-Fatal Injury,Pedestrian Collisions,Driver,55 to 59,,,South,"Automobile, Station Wagon",Turning Left,Improper Turn,Normal,,,,,,,Yes,,Yes,,,,,,,Yes,,,,36,Newtonbrook West,36,Newtonbrook West (36),D32,"{""coordinates"": [[-79.4448350001569, 43.7907549999148]], ""type"": ""MultiPoint""}",2021
16973,16974,1000499271.0,2021-03-18,1056,GREENWIN VILLAGE RD,BATHURST ST,50 m East of,Collector,North York,At/Near Private Drive,No Control,Clear,Daylight,Dry,Non-Fatal Injury,Pedestrian Collisions,Pedestrian,60 to 64,Major,,,,,,,Pedestrian hit at mid-block,"Crossing, no Traffic Control",Normal,,,,Yes,,Yes,,,,,,,Yes,,,,36,Newtonbrook West,36,Newtonbrook West (36),D32,"{""coordinates"": [[-79.4448350001569, 43.7907549999148]], ""type"": ""MultiPoint""}",2021
16974,16975,1000501047.0,2021-03-18,1515,204 CLEVELAND ST,,2 m South of,Collector,Toronto and East York,Non Intersection,No Control,Clear,Daylight,Dry,Non-Fatal Injury,Pedestrian Collisions,Driver,80 to 84,,,North,"Automobile, Station Wagon",Going Ahead,Driving Properly,Normal,,,,,,,Yes,,Yes,,,,,,,,,,,99,Mount Pleasant East,99,Mount Pleasant East (99),D53,"{""coordinates"": [[-79.378702999875, 43.7053169999316]], ""type"": ""MultiPoint""}",2021
16975,16976,1000501047.0,2021-03-18,1515,204 CLEVELAND ST,,2 m South of,Collector,Toronto and East York,Non Intersection,No Control,Clear,Daylight,Dry,Non-Fatal Injury,Pedestrian Collisions,Pedestrian,5 to 9,Major,,West,,,,,Pedestrian hit at mid-block,Running onto Roadway,Normal,,,,Yes,,Yes,,,,,,,,,,,99,Mount Pleasant East,99,Mount Pleasant East (99),D53,"{""coordinates"": [[-79.378702999875, 43.7053169999316]], ""type"": ""MultiPoint""}",2021
16976,16977,1000505074.0,2021-03-19,722,FINCH AVE W,HUMBERLINE DR,13 m East of,Major Arterial,Etobicoke York,Intersection Related,No Control,Clear,Daylight,Dry,Non-Fatal Injury,Pedestrian Collisions,Driver,50 to 54,,,East,"Automobile, Station Wagon",Going Ahead,Driving Properly,Normal,,,,,,,Yes,,Yes,,,,,,,,,,,1,West Humber-Clairville,1,West Humber-Clairville (1),D23,"{""coordinates"": [[-79.6178310004442, 43.7349689997462]], ""type"": ""MultiPoint""}",2021
16977,16978,1000505074.0,2021-03-19,722,FINCH AVE W,HUMBERLINE DR,13 m East of,Major Arterial,Etobicoke York,Intersection Related,No Control,Clear,Daylight,Dry,Non-Fatal Injury,Pedestrian Collisions,Pedestrian,15 to 19,Major,,North,,,,,Pedestrian hit at mid-block,"Crossing, no Traffic Control",Inattentive,,,,Yes,,Yes,,,,,,,,,,,1,West Humber-Clairville,1,West Humber-Clairville (1),D23,"{""coordinates"": [[-79.6178310004442, 43.7349689997462]], ""type"": ""MultiPoint""}",2021
16978,16979,1000521213.0,2021-03-21,1515,ORIOLE PKWY,WILBERTON RD,10 m South o,Major Arterial,Toronto and East York,Intersection Related,No Control,Clear,Daylight,Dry,Non-Fatal Injury,SMV Other,Motorcycle Driver,50 to 54,Major,,North,Motorcycle,Slowing or Stopping,Lost control,Normal,,,,,,,,,,Yes,,,,,,Yes,,,,97,Yonge-St.Clair,97,Yonge-St.Clair (97),D53,"{""coordinates"": [[-79.4021489997529, 43.6945029995905]], ""type"": ""MultiPoint""}",2021
16979,16980,1000534087.0,2021-03-23,1218,BURNHAMTHORPE RD,MILL RD,,Major Arterial,Etobicoke York,At Intersection,Traffic Signal,Clear,Daylight,Dry,Non-Fatal Injury,Turning Movement,Driver,15 to 19,Major,,West,"Automobile, Station Wagon",Turning Left,Improper Turn,Normal,,,,,,,,,Yes,,,,,Yes,,,,,,12,Markland Wood,12,Markland Wood (12),D22,"{""coordinates"": [[-79.5843230001543, 43.6391320000126]], ""type"": ""MultiPoint""}",2021
16980,16981,1000534087.0,2021-03-23,1218,BURNHAMTHORPE RD,MILL RD,,Major Arterial,Etobicoke York,At Intersection,Traffic Signal,Clear,Daylight,Dry,Non-Fatal Injury,Turning Movement,Driver,30 to 34,,,East,"Automobile, Station Wagon",Going Ahead,Driving Properly,Normal,,,,,,,,,Yes,,,,,Yes,,,,,,12,Markland Wood,12,Markland Wood (12),D22,"{""coordinates"": [[-79.5843230001543, 43.6391320000126]], ""type"": ""MultiPoint""}",2021
16981,16982,1000534087.0,2021-03-23,1218,BURNHAMTHORPE RD,MILL RD,,Major Arterial,Etobicoke York,At Intersection,Traffic Signal,Clear,Daylight,Dry,Non-Fatal Injury,Turning Movement,Passenger,10 to 14,,,,,,,,,,,,,,,,Yes,,,,,Yes,,,,,,12,Markland Wood,12,Markland Wood (12),D22,"{""coordinates"": [[-79.5843230001543, 43.6391320000126]], ""type"": ""MultiPoint""}",2021
16982,16983,1000534087.0,2021-03-23,1218,BURNHAMTHORPE RD,MILL RD,,Major Arterial,Etobicoke York,At Intersection,Traffic Signal,Clear,Daylight,Dry,Non-Fatal Injury,Turning Movement,Passenger,10 to 14,,,,,,,,,,,,,,,,Yes,,,,,Yes,,,,,,12,Markland Wood,12,Markland Wood (12),D22,"{""coordinates"": [[-79.5843230001543, 43.6391320000126]], ""type"": ""MultiPoint""}",2021
16983,16984,1000539353.0,2021-03-24,550,HENLEY CRES,KIPLING  AVE,1 m East of,Major Arterial,Etobicoke York,Intersection Related,Traffic Signal,Clear,"Dark, artificial",Dry,Non-Fatal Injury,Pedestrian Collisions,Driver,55 to 59,,,West,"Automobile, Station Wagon",Turning Left,Failed to Yield Right of Way,Inattentive,,,,,,,Yes,,Yes,,,,,,,Yes,,,,4,Rexdale-Kipling,4,Rexdale-Kipling (4),D23,"{""coordinates"": [[-79.5757939998879, 43.7304480000673]], ""type"": ""MultiPoint""}",2021
16984,16985,1000539353.0,2021-03-24,550,HENLEY CRES,KIPLING  AVE,1 m East of,Major Arterial,Etobicoke York,Intersection Related,Traffic Signal,Clear,"Dark, artificial",Dry,Non-Fatal Injury,Pedestrian Collisions,Pedestrian,25 to 29,Major,,West,,,,,Vehicle turns left while ped crosses with ROW at inter.,Crossing with right of way,Normal,,,,Yes,,Yes,,,,,,,Yes,,,,4,Rexdale-Kipling,4,Rexdale-Kipling (4),D23,"{""coordinates"": [[-79.5757939998879, 43.7304480000673]], ""type"": ""MultiPoint""}",2021