index,_id,ACCNUM,DATE,TIME,STREET1,STREET2,OFFSET,ROAD_CLASS,DISTRICT,ACCLOC,TRAFFCTL,VISIBILITY,LIGHT,RDSFCOND,ACCLASS,IMPACTYPE,INVTYPE,INVAGE,INJURY,FATAL_NO,INITDIR,VEHTYPE,MANOEUVER,DRIVACT,DRIVCOND,PEDTYPE,PEDACT,PEDCOND,CYCLISTYPE,CYCACT,CYCCOND,PEDESTRIAN,CYCLIST,AUTOMOBILE,MOTORCYCLE,TRUCK,TRSN_CITY_VEH,EMERG_VEH,PASSENGER,SPEEDING,AG_DRIV,REDLIGHT,ALCOHOL,DISABILITY,HOOD_158,NEIGHBOURHOOD_158,HOOD_140,NEIGHBOURHOOD_140,DIVISION,geometry,ACCIDENT_YEAR
16985,16986,1000552333.0,2021-03-25,2219,LAKE SHORE  BLVD E,DON ROADWAY,60 m West of,Major Arterial,Toronto and East York,Non Intersection,No Control,Clear,Dark,Dry,Non-Fatal Injury,SMV Other,Driver,35 to 39,Major,,East,"Automobile, Station Wagon",Going Ahead,Lost control,Normal,,,,,,,,,Yes,,,,,,,,,,,166,St Lawrence-East Bayfront-The Islands,77,Waterfront Communities-The Island (77),D51,"{""coordinates"": [[-79.3476140001109, 43.6505229999674]], ""type"": ""MultiPoint""}",2021
16986,16987,1000552546.0,2021-03-25,2300,VICTORIA PARK AVE,SPARKS AVE,,Major Arterial,Scarborough,At/Near Private Drive,No Control,Rain,"Dark, artificial",Wet,Fatal,Pedestrian Collisions,Pedestrian,30 to 34,Fatal,3.0,West,,,,,Pedestrian hit at mid-block,"Crossing, no Traffic Control",Inattentive,,,,Yes,,Yes,,,,,,,,,,,116,Steeles,116,Steeles (116),D42,"{""coordinates"": [[-79.338275000316, 43.8084550000509]], ""type"": ""MultiPoint""}",2021
16987,16988,1000552546.0,2021-03-25,2300,VICTORIA PARK AVE,SPARKS AVE,,Major Arterial,Scarborough,At/Near Private Drive,No Control,Rain,"Dark, artificial",Wet,Fatal,Pedestrian Collisions,Driver,45 to 49,,,North,"Automobile, Station Wagon",Going Ahead,Driving Properly,Normal,,,,,,,Yes,,Yes,,,,,,,,,,,116,Steeles,116,Steeles (116),D42,"{""coordinates"": [[-79.338275000316, 43.8084550000509]], ""type"": ""MultiPoint""}",2021
16988,16989,1000565882.0,2021-03-27,2235,HUNTINGWOOD  DR,LEAFIELD  DR,,Minor Arterial,Scarborough,Intersection Related,No Control,Clear,"Dark, artificial",Dry,Non-Fatal Injury,Cyclist Collisions,Driver,55 to 59,,,East,"Automobile, Station Wagon",Turning Left,Improper Turn,Inattentive,,,,,,,,Yes,Yes,,,,,,,,,,,147,L'Amoreaux West,117,L'Amoreaux (117),D42,"{""coordinates"": [[-79.3239010005603, 43.7806460003633]], ""type"": ""MultiPoint""}",2021
16989,16990,1000565882.0,2021-03-27,2235,HUNTINGWOOD  DR,LEAFIELD  DR,,Minor Arterial,Scarborough,Intersection Related,No Control,Clear,"Dark, artificial",Dry,Non-Fatal Injury,Cyclist Collisions,Cyclist,15 to 19,Major,,West,Bicycle,Going Ahead,,,,,,Motorist turned left across cyclists path.,Driving Properly,Normal,,Yes,Yes,,,,,,,,,,,147,L'Amoreaux West,117,L'Amoreaux (117),D42,"{""coordinates"": [[-79.3239010005603, 43.7806460003633]], ""type"": ""MultiPoint""}",2021
16990,16991,1000599778.0,2021-04-01,1902,QUEENS QUAY E,SMALL ST,20 m South o,Minor Arterial,Toronto and East York,Intersection Related,No Control,Clear,Daylight,Dry,Non-Fatal Injury,SMV Other,Motorcycle Driver,45 to 49,Major,,East,Motorcycle,Going Ahead,Lost control,Unknown,,,,,,,,,,Yes,,,,,,,,,,166,St Lawrence-East Bayfront-The Islands,77,Waterfront Communities-The Island (77),D51,"{""coordinates"": [[-79.3619419995551, 43.6463419996011]], ""type"": ""MultiPoint""}",2021
16991,16992,1000605999.0,2021-04-02,1857,LAWRENCE  AVE W,BLACK CREEK  DR,95 m East of,Major Arterial,Etobicoke York,At/Near Private Drive,Stop Sign,Clear,Daylight,Dry,Non-Fatal Injury,Cyclist Collisions,Driver,45 to 49,,,North,"Automobile, Station Wagon",Going Ahead,Failed to Yield Right of Way,Normal,,,,,,,,Yes,Yes,,,,,Yes,,Yes,,,,30,Brookhaven-Amesbury,30,Brookhaven-Amesbury (30),D12,"{""coordinates"": [[-79.4925569997764, 43.705226000331]], ""type"": ""MultiPoint""}",2021
16992,16993,1000605999.0,2021-04-02,1857,LAWRENCE  AVE W,BLACK CREEK  DR,95 m East of,Major Arterial,Etobicoke York,At/Near Private Drive,Stop Sign,Clear,Daylight,Dry,Non-Fatal Injury,Cyclist Collisions,Cyclist,45 to 49,Major,,West,Bicycle,Going Ahead,,,,,,"Motorist turns right at non-signal Inter.(stop, yield, no cont.,and dwy) and strikes cyclist.",Driving Properly,Normal,,Yes,Yes,,,,,Yes,,Yes,,,,30,Brookhaven-Amesbury,30,Brookhaven-Amesbury (30),D12,"{""coordinates"": [[-79.4925569997764, 43.705226000331]], ""type"": ""MultiPoint""}",2021
16993,16994,1000605999.0,2021-04-02,1857,LAWRENCE  AVE W,BLACK CREEK  DR,95 m East of,Major Arterial,Etobicoke York,At/Near Private Drive,Stop Sign,Clear,Daylight,Dry,Non-Fatal Injury,Cyclist Collisions,Passenger,40 to 44,,,,,,,,,,,,,,,Yes,Yes,,,,,Yes,,Yes,,,,30,Brookhaven-Amesbury,30,Brookhaven-Amesbury (30),D12,"{""coordinates"": [[-79.4925569997764, 43.705226000331]], ""type"": ""MultiPoint""}",2021
16994,16995,1000617527.0,2021-04-04,1719,WILSON  AVE,YONGE BLVD,,Major Arterial,North York,At Intersection,Traffic Signal,Clear,Daylight,Dry,Non-Fatal Injury,Angle,Passenger,50 to 54,,,,,,,,,,,,,,,,Yes,Yes,,,,Yes,,Yes,Yes,,,39,Bedford Park-Nortown,39,Bedford Park-Nortown (39),D32,"{""coordinates"": [[-79.4151870005282, 43.7412170003808]], ""type"": ""MultiPoint""}",2021
16995,16996,1000617527.0,2021-04-04,1719,WILSON  AVE,YONGE BLVD,,Major Arterial,North York,At Intersection,Traffic Signal,Clear,Daylight,Dry,Non-Fatal Injury,Angle,Motorcycle Driver,45 to 49,Major,,East,Motorcycle,Going Ahead,Disobeyed Traffic Control,Normal,,,,,,,,,Yes,Yes,,,,Yes,,Yes,Yes,,,39,Bedford Park-Nortown,39,Bedford Park-Nortown (39),D32,"{""coordinates"": [[-79.4151870005282, 43.7412170003808]], ""type"": ""MultiPoint""}",2021
16996,16997,1000617527.0,2021-04-04,1719,WILSON  AVE,YONGE BLVD,,Major Arterial,North York,At Intersection,Traffic Signal,Clear,Daylight,Dry,Non-Fatal Injury,Angle,Driver,15 to 19,,,North,"Automobile, Station Wagon",Going Ahead,Driving Properly,Normal,,,,,,,,,Yes,Yes,,,,Yes,,Yes,Yes,,,39,Bedford Park-Nortown,39,Bedford Park-Nortown (39),D32,"{""coordinates"": [[-79.4151870005282, 43.7412170003808]], ""type"": ""MultiPoint""}",2021
16997,16998,1000618818.0,2021-04-04,2120,LAKE SHORE  BLVD W,BATHURST ST,,Major Arterial,Toronto and East York,At Intersection,Traffic Signal,Clear,"Dark, artificial",Dry,Non-Fatal Injury,Pedestrian Collisions,Driver,25 to 29,,,West,"Automobile, Station Wagon",Going Ahead,Driving Properly,Normal,,,,,,,Yes,,Yes,,,,,,,,,,,163,Fort York-Liberty Village,82,Niagara (82),D14,"{""coordinates"": [[-79.3996080002653, 43.6364120002233]], ""type"": ""MultiPoint""}",2021
16998,16999,1000618818.0,2021-04-04,2120,LAKE SHORE  BLVD W,BATHURST ST,,Major Arterial,Toronto and East York,At Intersection,Traffic Signal,Clear,"Dark, artificial",Dry,Non-Fatal Injury,Pedestrian Collisions,Pedestrian,25 to 29,Major,,,,,,,Vehicle is going straight thru inter.while ped cross without ROW,Crossing without right of way,Inattentive,,,,Yes,,Yes,,,,,,,,,,,163,Fort York-Liberty Village,82,Niagara (82),D14,"{""coordinates"": [[-79.3996080002653, 43.6364120002233]], ""type"": ""MultiPoint""}",2021
16999,17000,1000625824.0,2021-04-05,2345,EASTERN  AVE,GILEAD  PL,50 m East of,Minor Arterial,Toronto and East York,Non Intersection,No Control,Clear,"Dark, artificial",Dry,Non-Fatal Injury,SMV Other,Driver,15 to 19,Major,,West,"Automobile, Station Wagon",Going Ahead,Other,"Ability Impaired, Alcohol",,,,,,,,,Yes,,,,,Yes,,Yes,,Yes,,166,St Lawrence-East Bayfront-The Islands,77,Waterfront Communities-The Island (77),D51,"{""coordinates"": [[-79.3596070004626, 43.6532079999052]], ""type"": ""MultiPoint""}",2021
17000,17001,1000625824.0,2021-04-05,2345,EASTERN  AVE,GILEAD  PL,50 m East of,Minor Arterial,Toronto and East York,Non Intersection,No Control,Clear,"Dark, artificial",Dry,Non-Fatal Injury,SMV Other,Driver,25 to 29,,,West,"Automobile, Station Wagon",Going Ahead,Driving Properly,Normal,,,,,,,,,Yes,,,,,Yes,,Yes,,Yes,,166,St Lawrence-East Bayfront-The Islands,77,Waterfront Communities-The Island (77),D51,"{""coordinates"": [[-79.3596070004626, 43.6532079999052]], ""type"": ""MultiPoint""}",2021
17001,17002,1000625824.0,2021-04-05,2345,EASTERN  AVE,GILEAD  PL,50 m East of,Minor Arterial,Toronto and East York,Non Intersection,No Control,Clear,"Dark, artificial",Dry,Non-Fatal Injury,SMV Other,Passenger,15 to 19,Minor,,,,,,,,,,,,,,,Yes,,,,,Yes,,Yes,,Yes,,166,St Lawrence-East Bayfront-The Islands,77,Waterfront Communities-The Island (77),D51,"{""coordinates"": [[-79.3596070004626, 43.6532079999052]], ""type"": ""MultiPoint""}",2021
17002,17003,1000625824.0,2021-04-05,2345,EASTERN  AVE,GILEAD  PL,50 m East of,Minor Arterial,Toronto and East York,Non Intersection,No Control,Clear,"Dark, artificial",Dry,Non-Fatal Injury,SMV Other,Passenger,15 to 19,Minor,,,,,,,,,,,,,,,Yes,,,,,Yes,,Yes,,Yes,,166,St Lawrence-East Bayfront-The Islands,77,Waterfront Communities-The Island (77),D51,"{""coordinates"": [[-79.3596070004626, 43.6532079999052]], ""type"": ""MultiPoint""}",2021
17003,17004,1000625824.0,2021-04-05,2345,EASTERN  AVE,GILEAD  PL,50 m East of,Minor Arterial,Toronto and East York,Non Intersection,No Control,Clear,"Dark, artificial",Dry,Non-Fatal Injury,SMV Other,Passenger,15 to 19,Major,,,,,,,,,,,,,,,Yes,,,,,Yes,,Yes,,Yes,,166,St Lawrence-East Bayfront-The Islands,77,Waterfront Communities-The Island (77),D51,"{""coordinates"": [[-79.3596070004626, 43.6532079999052]], ""type"": ""MultiPoint""}",2021
17004,17005,1000625824.0,2021-04-05,2345,EASTERN  AVE,GILEAD  PL,50 m East of,Minor Arterial,Toronto and East York,Non Intersection,No Control,Clear,"Dark, artificial",Dry,Non-Fatal Injury,SMV Other,Passenger,25 to 29,,,,,,,,,,,,,,,,Yes,,,,,Yes,,Yes,,Yes,,166,St Lawrence-East Bayfront-The Islands,77,Waterfront Communities-The Island (77),D51,"{""coordinates"": [[-79.3596070004626, 43.6532079999052]], ""type"": ""MultiPoint""}",2021
17005,17006,1000628967.0,2021-04-06,1238,107 THE QUEENSWAY,,,Major Arterial,Etobicoke York,Non Intersection,No Control,Clear,Daylight,Dry,Non-Fatal Injury,Other,Driver,50 to 54,,,East,Municipal Transit Bus (TTC),Going Ahead,Driving Properly,Normal,,,,,,,,,,,,Yes,,Yes,,,,,,87,High Park-Swansea,87,High Park-Swansea (87),D11,"{""coordinates"": [[-79.4713389993737, 43.6367400003209]], ""type"": ""MultiPoint""}",2021
17006,17007,1000628967.0,2021-04-06,1238,107 THE QUEENSWAY,,,Major Arterial,Etobicoke York,Non Intersection,No Control,Clear,Daylight,Dry,Non-Fatal Injury,Other,Passenger,75 to 79,Major,,,,,,,,,,,,,,,,,,Yes,,Yes,,,,,,87,High Park-Swansea,87,High Park-Swansea (87),D11,"{""coordinates"": [[-79.4713389993737, 43.6367400003209]], ""type"": ""MultiPoint""}",2021
17007,17008,1000635139.0,2021-04-07,1000,NIAGARA  ST,BATHURST  ST,,Major Arterial,Toronto and East York,At Intersection,Traffic Signal,Clear,Daylight,Dry,Non-Fatal Injury,Pedestrian Collisions,Driver,35 to 39,,,South,"Automobile, Station Wagon",Going Ahead,Driving Properly,Normal,,,,,,,Yes,,Yes,,,,,,,,,,,164,Wellington Place,77,Waterfront Communities-The Island (77),D14,"{""coordinates"": [[-79.4018510003805, 43.6418409998847]], ""type"": ""MultiPoint""}",2021
17008,17009,1000635139.0,2021-04-07,1000,NIAGARA  ST,BATHURST  ST,,Major Arterial,Toronto and East York,At Intersection,Traffic Signal,Clear,Daylight,Dry,Non-Fatal Injury,Pedestrian Collisions,Pedestrian,20 to 24,Major,,East,,,,,Vehicle is going straight thru inter.while ped cross without ROW,Crossing without right of way,Inattentive,,,,Yes,,Yes,,,,,,,,,,,164,Wellington Place,77,Waterfront Communities-The Island (77),D14,"{""coordinates"": [[-79.4018510003805, 43.6418409998847]], ""type"": ""MultiPoint""}",2021
17009,17010,1000646644.0,2021-04-08,1950,MORNINGSIDE AVE,MILNER AVE,,Major Arterial,Scarborough,At Intersection,Traffic Signal,Clear,"Dusk, artificial",Dry,Non-Fatal Injury,Turning Movement,Driver,55 to 59,,,South,"Automobile, Station Wagon",Turning Left,Failed to Yield Right of Way,Inattentive,,,,,,,,,Yes,Yes,,,,Yes,,Yes,,,,144,Morningside Heights,131,Rouge (131),D42,"{""coordinates"": [[-79.1990460001067, 43.8002080001168]], ""type"": ""MultiPoint""}",2021
17010,17011,1000646644.0,2021-04-08,1950,MORNINGSIDE AVE,MILNER AVE,,Major Arterial,Scarborough,At Intersection,Traffic Signal,Clear,"Dusk, artificial",Dry,Non-Fatal Injury,Turning Movement,Motorcycle Driver,30 to 34,Major,,North,Motorcycle,Going Ahead,Driving Properly,Normal,,,,,,,,,Yes,Yes,,,,Yes,,Yes,,,,144,Morningside Heights,131,Rouge (131),D42,"{""coordinates"": [[-79.1990460001067, 43.8002080001168]], ""type"": ""MultiPoint""}",2021
17011,17012,1000646644.0,2021-04-08,1950,MORNINGSIDE AVE,MILNER AVE,,Major Arterial,Scarborough,At Intersection,Traffic Signal,Clear,"Dusk, artificial",Dry,Non-Fatal Injury,Turning Movement,Passenger,25 to 29,,,,,,,,,,,,,,,,Yes,Yes,,,,Yes,,Yes,,,,144,Morningside Heights,131,Rouge (131),D42,"{""coordinates"": [[-79.1990460001067, 43.8002080001168]], ""type"": ""MultiPoint""}",2021
17012,17013,1000656014.0,2021-04-10,551,DANFORTH  AVE,DEWHURST BLVD,33 m East of,Major Arterial,Toronto and East York,Non Intersection,No Control,Clear,"Dark, artificial",Dry,Non-Fatal Injury,Approaching,Driver,25 to 29,Major,,East,"Automobile, Station Wagon",Going Ahead,Lost control,Unknown,,,,,,,,,Yes,,,Yes,,,Yes,Yes,,,,69,Blake-Jones,69,Blake-Jones (69),D55,"{""coordinates"": [[-79.3388929996404, 43.6800329995642]], ""type"": ""MultiPoint""}",2021
17013,17014,1000656014.0,2021-04-10,551,DANFORTH  AVE,DEWHURST BLVD,33 m East of,Major Arterial,Toronto and East York,Non Intersection,No Control,Clear,"Dark, artificial",Dry,Non-Fatal Injury,Approaching,Driver,45 to 49,Minor,,West,Municipal Transit Bus (TTC),Going Ahead,Driving Properly,Normal,,,,,,,,,Yes,,,Yes,,,Yes,Yes,,,,69,Blake-Jones,69,Blake-Jones (69),D55,"{""coordinates"": [[-79.3388929996404, 43.6800329995642]], ""type"": ""MultiPoint""}",2021
17014,17015,1000657323.0,2021-04-10,1000,COXWELL  AVE,QUEEN  ST E,25 m South o,Minor Arterial,Toronto and East York,Non Intersection,Traffic Signal,Clear,Daylight,Dry,Non-Fatal Injury,Cyclist Collisions,Driver,65 to 69,,,North,"Automobile, Station Wagon",Going Ahead,Improper Passing,Unknown,,,,,,,,Yes,Yes,,,,,,,Yes,,,,65,Greenwood-Coxwell,65,Greenwood-Coxwell (65),D55,"{""coordinates"": [[-79.3165620004792, 43.6662850004291]], ""type"": ""MultiPoint""}",2021
17015,17016,1000657323.0,2021-04-10,1000,COXWELL  AVE,QUEEN  ST E,25 m South o,Minor Arterial,Toronto and East York,Non Intersection,Traffic Signal,Clear,Daylight,Dry,Non-Fatal Injury,Cyclist Collisions,Cyclist,35 to 39,Major,,North,Bicycle,Going Ahead,,,,,,Cyclist and Driver travelling in same direction. One vehicle sideswipes the other.,Driving Properly,Normal,,Yes,Yes,,,,,,,Yes,,,,65,Greenwood-Coxwell,65,Greenwood-Coxwell (65),D55,"{""coordinates"": [[-79.3165620004792, 43.6662850004291]], ""type"": ""MultiPoint""}",2021
17016,17017,1000691488.0,2021-04-15,1212,QUEEN ST E,BROADVIEW  AVE,31 m East of,Minor Arterial,Toronto and East York,Non Intersection,No Control,Clear,Daylight,Dry,Non-Fatal Injury,Pedestrian Collisions,Driver,40 to 44,,,East,Pick Up Truck,Going Ahead,Driving Properly,Normal,,,,,,,Yes,,Yes,,,,,Yes,,,,,,70,South Riverdale,70,South Riverdale (70),D55,"{""coordinates"": [[-79.3492840002298, 43.6589230000854]], ""type"": ""MultiPoint""}",2021
17017,17018,1000691488.0,2021-04-15,1212,QUEEN ST E,BROADVIEW  AVE,31 m East of,Minor Arterial,Toronto and East York,Non Intersection,No Control,Clear,Daylight,Dry,Non-Fatal Injury,Pedestrian Collisions,Passenger,40 to 44,,,,,,,,,,,,,,Yes,,Yes,,,,,Yes,,,,,,70,South Riverdale,70,South Riverdale (70),D55,"{""coordinates"": [[-79.3492840002298, 43.6589230000854]], ""type"": ""MultiPoint""}",2021
17018,17019,1000691488.0,2021-04-15,1212,QUEEN ST E,BROADVIEW  AVE,31 m East of,Minor Arterial,Toronto and East York,Non Intersection,No Control,Clear,Daylight,Dry,Non-Fatal Injury,Pedestrian Collisions,Pedestrian,25 to 29,Major,,South,,,,,Pedestrian hit at mid-block,Running onto Roadway,Normal,,,,Yes,,Yes,,,,,Yes,,,,,,70,South Riverdale,70,South Riverdale (70),D55,"{""coordinates"": [[-79.3492840002298, 43.6589230000854]], ""type"": ""MultiPoint""}",2021
17019,17020,1000692826.0,2021-04-15,1530,FINCH AVE W,SENTINEL RD,,Major Arterial,North York,Non Intersection,No Control,Clear,Daylight,Dry,Fatal,Pedestrian Collisions,Pedestrian,45 to 49,Fatal,4.0,South,,,,,Pedestrian hit at mid-block,"Crossing, no Traffic Control",Normal,,,,Yes,,,,Yes,,,,,,,,,27,York University Heights,27,York University Heights (27),D31,"{""coordinates"": [[-79.5027730003091, 43.7603630004374]], ""type"": ""MultiPoint""}",2021
17020,17021,1000692826.0,2021-04-15,1530,FINCH AVE W,SENTINEL RD,,Major Arterial,North York,Non Intersection,No Control,Clear,Daylight,Dry,Fatal,Pedestrian Collisions,Truck Driver,55 to 59,,,West,Truck - Dump,Going Ahead,Driving Properly,Normal,,,,,,,Yes,,,,Yes,,,,,,,,,27,York University Heights,27,York University Heights (27),D31,"{""coordinates"": [[-79.5027730003091, 43.7603630004374]], ""type"": ""MultiPoint""}",2021
17021,17022,1000693871.0,2021-04-15,1800,DUNDAS ST W,BATHURST ST,,Major Arterial,Toronto and East York,At Intersection,Traffic Signal,Clear,Daylight,Dry,Non-Fatal Injury,Cyclist Collisions,Driver,unknown,,,North,"Automobile, Station Wagon",Turning Right,Improper Turn,Unknown,,,,,,,,Yes,Yes,,,,,,,,,,,78,Kensington-Chinatown,78,Kensington-Chinatown (78),D14,"{""coordinates"": [[-79.4059780000479, 43.6522390000216]], ""type"": ""MultiPoint""}",2021
17022,17023,1000693871.0,2021-04-15,1800,DUNDAS ST W,BATHURST ST,,Major Arterial,Toronto and East York,At Intersection,Traffic Signal,Clear,Daylight,Dry,Non-Fatal Injury,Cyclist Collisions,Cyclist,60 to 64,Major,,West,Bicycle,Going Ahead,,,,,,Motorist turning right on red at signalized intersection strikes cyclist.,Driving Properly,Normal,,Yes,Yes,,,,,,,,,,,78,Kensington-Chinatown,78,Kensington-Chinatown (78),D14,"{""coordinates"": [[-79.4059780000479, 43.6522390000216]], ""type"": ""MultiPoint""}",2021
17023,17024,1000734326.0,2021-04-21,2305,DUNDAS ST W,AUGUSTA AVE,,Major Arterial,Toronto and East York,Intersection Related,No Control,Clear,"Dark, artificial",Dry,Fatal,SMV Unattended Vehicle,Driver,30 to 34,Major,,East,"Automobile, Station Wagon",Going Ahead,Exceeding Speed Limit,Unknown,,,,,,,,,Yes,,,Yes,,Yes,Yes,Yes,,,,78,Kensington-Chinatown,78,Kensington-Chinatown (78),D14,"{""coordinates"": [[-79.4011030005256, 43.6522010000715]], ""type"": ""MultiPoint""}",2021
17024,17025,1000734326.0,2021-04-21,2305,DUNDAS ST W,AUGUSTA AVE,,Major Arterial,Toronto and East York,Intersection Related,No Control,Clear,"Dark, artificial",Dry,Fatal,SMV Unattended Vehicle,Driver,30 to 34,,,East,Street Car,Going Ahead,Driving Properly,Normal,,,,,,,,,Yes,,,Yes,,Yes,Yes,Yes,,,,78,Kensington-Chinatown,78,Kensington-Chinatown (78),D14,"{""coordinates"": [[-79.4011030005256, 43.6522010000715]], ""type"": ""MultiPoint""}",2021
17025,17026,1000734326.0,2021-04-21,2305,DUNDAS ST W,AUGUSTA AVE,,Major Arterial,Toronto and East York,Intersection Related,No Control,Clear,"Dark, artificial",Dry,Fatal,SMV Unattended Vehicle,Passenger,35 to 39,Fatal,5.0,,,,,,,,,,,,,,Yes,,,Yes,,Yes,Yes,Yes,,,,78,Kensington-Chinatown,78,Kensington-Chinatown (78),D14,"{""coordinates"": [[-79.4011030005256, 43.6522010000715]], ""type"": ""MultiPoint""}",2021
17026,17027,1000747804.0,2021-04-23,2113,LEITCH AVE,MURRAY ROSS PKWY,,Collector,North York,At Intersection,Stop Sign,Clear,"Dark, artificial",Dry,Non-Fatal Injury,Turning Movement,Driver,20 to 24,,,South,"Automobile, Station Wagon",Turning Left,Failed to Yield Right of Way,Inattentive,,,,,,,,,Yes,Yes,,,,Yes,Yes,Yes,,,,27,York University Heights,27,York University Heights (27),D31,"{""coordinates"": [[-79.496096999401, 43.7658409999378]], ""type"": ""MultiPoint""}",2021
17027,17028,1000747804.0,2021-04-23,2113,LEITCH AVE,MURRAY ROSS PKWY,,Collector,North York,At Intersection,Stop Sign,Clear,"Dark, artificial",Dry,Non-Fatal Injury,Turning Movement,Motorcycle Driver,30 to 34,Major,,West,Motorcycle,Going Ahead,Exceeding Speed Limit,Normal,,,,,,,,,Yes,Yes,,,,Yes,Yes,Yes,,,,27,York University Heights,27,York University Heights (27),D31,"{""coordinates"": [[-79.496096999401, 43.7658409999378]], ""type"": ""MultiPoint""}",2021
17028,17029,1000747804.0,2021-04-23,2113,LEITCH AVE,MURRAY ROSS PKWY,,Collector,North York,At Intersection,Stop Sign,Clear,"Dark, artificial",Dry,Non-Fatal Injury,Turning Movement,Passenger,20 to 24,,,,,,,,,,,,,,,,Yes,Yes,,,,Yes,Yes,Yes,,,,27,York University Heights,27,York University Heights (27),D31,"{""coordinates"": [[-79.496096999401, 43.7658409999378]], ""type"": ""MultiPoint""}",2021
17029,17030,1000747804.0,2021-04-23,2113,LEITCH AVE,MURRAY ROSS PKWY,,Collector,North York,At Intersection,Stop Sign,Clear,"Dark, artificial",Dry,Non-Fatal Injury,Turning Movement,Passenger,20 to 24,,,,,,,,,,,,,,,,Yes,Yes,,,,Yes,Yes,Yes,,,,27,York University Heights,27,York University Heights (27),D31,"{""coordinates"": [[-79.496096999401, 43.7658409999378]], ""type"": ""MultiPoint""}",2021
17030,17031,1000747804.0,2021-04-23,2113,LEITCH AVE,MURRAY ROSS PKWY,,Collector,North York,At Intersection,Stop Sign,Clear,"Dark, artificial",Dry,Non-Fatal Injury,Turning Movement,Passenger,20 to 24,,,,,,,,,,,,,,,,Yes,Yes,,,,Yes,Yes,Yes,,,,27,York University Heights,27,York University Heights (27),D31,"{""coordinates"": [[-79.496096999401, 43.7658409999378]], ""type"": ""MultiPoint""}",2021
17031,17032,1000747804.0,2021-04-23,2113,LEITCH AVE,MURRAY ROSS PKWY,,Collector,North York,At Intersection,Stop Sign,Clear,"Dark, artificial",Dry,Non-Fatal Injury,Turning Movement,Passenger,20 to 24,,,,,,,,,,,,,,,,Yes,Yes,,,,Yes,Yes,Yes,,,,27,York University Heights,27,York University Heights (27),D31,"{""coordinates"": [[-79.496096999401, 43.7658409999378]], ""type"": ""MultiPoint""}",2021
17032,17033,1000750988.0,2021-04-24,1110,EGLINTON  AVE W,LLOYD MANOR  RD,35 m East of,Major Arterial,Etobicoke York,Non Intersection,No Control,Clear,Daylight,Dry,Non-Fatal Injury,Rear End,Driver,25 to 29,,,West,"Automobile, Station Wagon",Going Ahead,Following too Close,Inattentive,,,,,,,,,Yes,,,,,,,Yes,,,,10,Princess-Rosethorn,10,Princess-Rosethorn (10),D22,"{""coordinates"": [[-79.557627999999, 43.6755510000253]], ""type"": ""MultiPoint""}",2021
17033,17034,1000750988.0,2021-04-24,1110,EGLINTON  AVE W,LLOYD MANOR  RD,35 m East of,Major Arterial,Etobicoke York,Non Intersection,No Control,Clear,Daylight,Dry,Non-Fatal Injury,Rear End,Driver,65 to 69,Major,,West,"Automobile, Station Wagon",Slowing or Stopping,Driving Properly,Normal,,,,,,,,,Yes,,,,,,,Yes,,,,10,Princess-Rosethorn,10,Princess-Rosethorn (10),D22,"{""coordinates"": [[-79.557627999999, 43.6755510000253]], ""type"": ""MultiPoint""}",2021
17034,17035,1000762323.0,2021-04-26,715,ARKONA DR,ARKONA  DR,,Collector,Scarborough,At Intersection,Stop Sign,Clear,Daylight,Dry,Non-Fatal Injury,Pedestrian Collisions,Driver,45 to 49,,,East,"Automobile, Station Wagon",Turning Left,Disobeyed Traffic Control,Inattentive,,,,,,,Yes,,Yes,,,,,,,Yes,,,,118,Tam O'Shanter-Sullivan,118,Tam O'Shanter-Sullivan (118),D42,"{""coordinates"": [[-79.3044690000787, 43.7731840001557]], ""type"": ""MultiPoint""}",2021
17035,17036,1000762323.0,2021-04-26,715,ARKONA DR,ARKONA  DR,,Collector,Scarborough,At Intersection,Stop Sign,Clear,Daylight,Dry,Non-Fatal Injury,Pedestrian Collisions,Pedestrian,55 to 59,Major,,North,,,,,Vehicle turns left while ped crosses with ROW at inter.,Crossing with right of way,Normal,,,,Yes,,Yes,,,,,,,Yes,,,,118,Tam O'Shanter-Sullivan,118,Tam O'Shanter-Sullivan (118),D42,"{""coordinates"": [[-79.3044690000787, 43.7731840001557]], ""type"": ""MultiPoint""}",2021
17036,17037,1000772458.0,2021-04-27,1510,MAIN ST,DANFORTH AVE,,Major Arterial,Toronto and East York,At Intersection,Traffic Signal,Clear,Daylight,Dry,Fatal,Pedestrian Collisions,Driver,50 to 54,,,North,Truck - Dump,Turning Right,Improper Turn,Inattentive,,,,,,,Yes,,,,Yes,,,,,,,,,62,East End-Danforth,62,East End-Danforth (62),D55,"{""coordinates"": [[-79.3017910005047, 43.6880710004258]], ""type"": ""MultiPoint""}",2021
17037,17038,1000772458.0,2021-04-27,1510,MAIN ST,DANFORTH AVE,,Major Arterial,Toronto and East York,At Intersection,Traffic Signal,Clear,Daylight,Dry,Fatal,Pedestrian Collisions,Wheelchair,80 to 84,Fatal,6.0,North,,,,,Vehicle turns right while ped crosses with ROW at inter.,Crossing with right of way,Normal,,,,Yes,,,,Yes,,,,,,,,,62,East End-Danforth,62,East End-Danforth (62),D55,"{""coordinates"": [[-79.3017910005047, 43.6880710004258]], ""type"": ""MultiPoint""}",2021