index,_id,ACCNUM,DATE,TIME,STREET1,STREET2,OFFSET,ROAD_CLASS,DISTRICT,ACCLOC,TRAFFCTL,VISIBILITY,LIGHT,RDSFCOND,ACCLASS,IMPACTYPE,INVTYPE,INVAGE,INJURY,FATAL_NO,INITDIR,VEHTYPE,MANOEUVER,DRIVACT,DRIVCOND,PEDTYPE,PEDACT,PEDCOND,CYCLISTYPE,CYCACT,CYCCOND,PEDESTRIAN,CYCLIST,AUTOMOBILE,MOTORCYCLE,TRUCK,TRSN_CITY_VEH,EMERG_VEH,PASSENGER,SPEEDING,AG_DRIV,REDLIGHT,ALCOHOL,DISABILITY,HOOD_158,NEIGHBOURHOOD_158,HOOD_140,NEIGHBOURHOOD_140,DIVISION,geometry,ACCIDENT_YEAR
17038,17039,1000799379.0,2021-05-01,1229,KANE AVE,ROGERS  RD,,Minor Arterial,Etobicoke York,At Intersection,Stop Sign,Clear,Daylight,Dry,Non-Fatal Injury,Angle,Driver,30 to 34,,,South,"Automobile, Station Wagon",Going Ahead,Failed to Yield Right of Way,Inattentive,,,,,,,,,Yes,,,,,Yes,,Yes,,,,110,Keelesdale-Eglinton West,110,Keelesdale-Eglinton West (110),D12,"{""coordinates"": [[-79.4665019997058, 43.6819830001657]], ""type"": ""MultiPoint""}",2021
17039,17040,1000799379.0,2021-05-01,1229,KANE AVE,ROGERS  RD,,Minor Arterial,Etobicoke York,At Intersection,Stop Sign,Clear,Daylight,Dry,Non-Fatal Injury,Angle,Driver,55 to 59,Minimal,,East,"Automobile, Station Wagon",Going Ahead,Driving Properly,Normal,,,,,,,,,Yes,,,,,Yes,,Yes,,,,110,Keelesdale-Eglinton West,110,Keelesdale-Eglinton West (110),D12,"{""coordinates"": [[-79.4665019997058, 43.6819830001657]], ""type"": ""MultiPoint""}",2021
17040,17041,1000799379.0,2021-05-01,1229,KANE AVE,ROGERS  RD,,Minor Arterial,Etobicoke York,At Intersection,Stop Sign,Clear,Daylight,Dry,Non-Fatal Injury,Angle,Passenger,35 to 39,Major,,,,,,,,,,,,,,,Yes,,,,,Yes,,Yes,,,,110,Keelesdale-Eglinton West,110,Keelesdale-Eglinton West (110),D12,"{""coordinates"": [[-79.4665019997058, 43.6819830001657]], ""type"": ""MultiPoint""}",2021
17041,17042,1000799560.0,2021-05-01,1303,LAWRENCE  AVE E,GREENBRAE  CRCT,11 m West of,Major Arterial,Scarborough,Intersection Related,Traffic Signal,Clear,Daylight,Dry,Non-Fatal Injury,Rear End,Motorcycle Driver,60 to 64,Major,,East,Motorcycle,Slowing or Stopping,Lost control,Normal,,,,,,,,,Yes,Yes,,,,Yes,,,,,,141,Golfdale-Cedarbrae-Woburn,137,Woburn (137),D43,"{""coordinates"": [[-79.2330429995757, 43.7581130001379]], ""type"": ""MultiPoint""}",2021
17042,17043,1000799560.0,2021-05-01,1303,LAWRENCE  AVE E,GREENBRAE  CRCT,11 m West of,Major Arterial,Scarborough,Intersection Related,Traffic Signal,Clear,Daylight,Dry,Non-Fatal Injury,Rear End,Driver,45 to 49,,,East,"Automobile, Station Wagon",Slowing or Stopping,Driving Properly,Normal,,,,,,,,,Yes,Yes,,,,Yes,,,,,,141,Golfdale-Cedarbrae-Woburn,137,Woburn (137),D43,"{""coordinates"": [[-79.2330429995757, 43.7581130001379]], ""type"": ""MultiPoint""}",2021
17043,17044,1000799560.0,2021-05-01,1303,LAWRENCE  AVE E,GREENBRAE  CRCT,11 m West of,Major Arterial,Scarborough,Intersection Related,Traffic Signal,Clear,Daylight,Dry,Non-Fatal Injury,Rear End,Passenger,45 to 49,Minimal,,,,,,,,,,,,,,,Yes,Yes,,,,Yes,,,,,,141,Golfdale-Cedarbrae-Woburn,137,Woburn (137),D43,"{""coordinates"": [[-79.2330429995757, 43.7581130001379]], ""type"": ""MultiPoint""}",2021
17044,17045,1000802607.0,2021-05-01,2217,KINGSTON  RD,MORNINGSIDE  AVE,,Major Arterial,Scarborough,At Intersection,Traffic Signal,Clear,"Dark, artificial",Dry,Non-Fatal Injury,Turning Movement,Driver,35 to 39,Major,,East,"Automobile, Station Wagon",Turning Left,Failed to Yield Right of Way,Had Been Drinking,,,,,,,,,Yes,,,,,,,Yes,,,,136,West Hill,136,West Hill (136),D43,"{""coordinates"": [[-79.186832000168, 43.7705410001608]], ""type"": ""MultiPoint""}",2021
17045,17046,1000802607.0,2021-05-01,2217,KINGSTON  RD,MORNINGSIDE  AVE,,Major Arterial,Scarborough,At Intersection,Traffic Signal,Clear,"Dark, artificial",Dry,Non-Fatal Injury,Turning Movement,Driver,50 to 54,Major,,West,"Automobile, Station Wagon",Going Ahead,Driving Properly,Normal,,,,,,,,,Yes,,,,,,,Yes,,,,136,West Hill,136,West Hill (136),D43,"{""coordinates"": [[-79.186832000168, 43.7705410001608]], ""type"": ""MultiPoint""}",2021
17046,17047,1000814402.0,2021-05-03,1824,SPADINA  AVE,NASSAU  ST,60 m South o,Major Arterial,Toronto and East York,Non Intersection,No Control,Clear,Daylight,Dry,Non-Fatal Injury,Pedestrian Collisions,Driver,35 to 39,,,North,Street Car,Going Ahead,Driving Properly,Normal,,,,,,,Yes,,,,,Yes,,Yes,,,,,,78,Kensington-Chinatown,78,Kensington-Chinatown (78),D52,"{""coordinates"": [[-79.3989670004029, 43.6552760001448]], ""type"": ""MultiPoint""}",2021
17047,17048,1000814402.0,2021-05-03,1824,SPADINA  AVE,NASSAU  ST,60 m South o,Major Arterial,Toronto and East York,Non Intersection,No Control,Clear,Daylight,Dry,Non-Fatal Injury,Pedestrian Collisions,Pedestrian,45 to 49,Major,,West,,,,,Pedestrian involved in a collision with transit vehicle anywhere along roadway,"Crossing, no Traffic Control",Inattentive,,,,Yes,,,,,Yes,,Yes,,,,,,78,Kensington-Chinatown,78,Kensington-Chinatown (78),D52,"{""coordinates"": [[-79.3989670004029, 43.6552760001448]], ""type"": ""MultiPoint""}",2021
17048,17049,1000814402.0,2021-05-03,1824,SPADINA  AVE,NASSAU  ST,60 m South o,Major Arterial,Toronto and East York,Non Intersection,No Control,Clear,Daylight,Dry,Non-Fatal Injury,Pedestrian Collisions,Passenger,50 to 54,Minimal,,,,,,,,,,,,,Yes,,,,,Yes,,Yes,,,,,,78,Kensington-Chinatown,78,Kensington-Chinatown (78),D52,"{""coordinates"": [[-79.3989670004029, 43.6552760001448]], ""type"": ""MultiPoint""}",2021
17049,17050,1000863120.0,2021-05-10,1752,WESTON  RD,STEELES AVE W,,Major Arterial,Etobicoke York,At Intersection,Traffic Signal,Clear,Daylight,Dry,Non-Fatal Injury,Rear End,Driver,55 to 59,Major,,North,"Automobile, Station Wagon",Going Ahead,Disobeyed Traffic Control,Unknown,,,,,,,,,Yes,,,,,,Yes,Yes,Yes,,,21,Humber Summit,21,Humber Summit (21),D31,"{""coordinates"": [[-79.5464810002699, 43.7702090002801]], ""type"": ""MultiPoint""}",2021
17050,17051,1000863120.0,2021-05-10,1752,WESTON  RD,STEELES AVE W,,Major Arterial,Etobicoke York,At Intersection,Traffic Signal,Clear,Daylight,Dry,Non-Fatal Injury,Rear End,Driver,55 to 59,Major,,North,"Automobile, Station Wagon",Stopped,Driving Properly,Normal,,,,,,,,,Yes,,,,,,Yes,Yes,Yes,,,21,Humber Summit,21,Humber Summit (21),D31,"{""coordinates"": [[-79.5464810002699, 43.7702090002801]], ""type"": ""MultiPoint""}",2021
17051,17052,1000863120.0,2021-05-10,1752,WESTON  RD,STEELES AVE W,,Major Arterial,Etobicoke York,At Intersection,Traffic Signal,Clear,Daylight,Dry,Non-Fatal Injury,Rear End,Driver,30 to 34,,,North,"Automobile, Station Wagon",Stopped,Driving Properly,Normal,,,,,,,,,Yes,,,,,,Yes,Yes,Yes,,,21,Humber Summit,21,Humber Summit (21),D31,"{""coordinates"": [[-79.5464810002699, 43.7702090002801]], ""type"": ""MultiPoint""}",2021
17052,17053,1000863120.0,2021-05-10,1752,WESTON  RD,STEELES AVE W,,Major Arterial,Etobicoke York,At Intersection,Traffic Signal,Clear,Daylight,Dry,Non-Fatal Injury,Rear End,Driver,25 to 29,,,North,"Automobile, Station Wagon",Stopped,Driving Properly,Normal,,,,,,,,,Yes,,,,,,Yes,Yes,Yes,,,21,Humber Summit,21,Humber Summit (21),D31,"{""coordinates"": [[-79.5464810002699, 43.7702090002801]], ""type"": ""MultiPoint""}",2021
17053,17054,1000863120.0,2021-05-10,1752,WESTON  RD,STEELES AVE W,,Major Arterial,Etobicoke York,At Intersection,Traffic Signal,Clear,Daylight,Dry,Non-Fatal Injury,Rear End,Driver,55 to 59,,,North,"Automobile, Station Wagon",Stopped,Driving Properly,Normal,,,,,,,,,Yes,,,,,,Yes,Yes,Yes,,,21,Humber Summit,21,Humber Summit (21),D31,"{""coordinates"": [[-79.5464810002699, 43.7702090002801]], ""type"": ""MultiPoint""}",2021
17054,17055,1000863120.0,2021-05-10,1752,WESTON  RD,STEELES AVE W,,Major Arterial,Etobicoke York,At Intersection,Traffic Signal,Clear,Daylight,Dry,Non-Fatal Injury,Rear End,Driver,55 to 59,Minor,,North,"Automobile, Station Wagon",Stopped,Driving Properly,Normal,,,,,,,,,Yes,,,,,,Yes,Yes,Yes,,,21,Humber Summit,21,Humber Summit (21),D31,"{""coordinates"": [[-79.5464810002699, 43.7702090002801]], ""type"": ""MultiPoint""}",2021
17055,17056,1000874624.0,2021-05-12,1040,LAWRENCE AVE E,STARSPRAY BLVD,20 m West of,Local,Scarborough,Intersection Related,No Control,Clear,Daylight,Dry,Non-Fatal Injury,Pedestrian Collisions,Driver,60 to 64,,,South,Municipal Transit Bus (TTC),Going Ahead,Driving Properly,Normal,,,,,,,Yes,,,,,Yes,,,,,,,,143,West Rouge,131,Rouge (131),D43,"{""coordinates"": [[-79.1229740002998, 43.7884280002166]], ""type"": ""MultiPoint""}",2021
17056,17057,1000874624.0,2021-05-12,1040,LAWRENCE AVE E,STARSPRAY BLVD,20 m West of,Local,Scarborough,Intersection Related,No Control,Clear,Daylight,Dry,Non-Fatal Injury,Pedestrian Collisions,Pedestrian,70 to 74,Major,,East,,,,,Pedestrian involved in a collision with transit vehicle anywhere along roadway,Other,Medical or Physical Disability,,,,Yes,,,,,Yes,,,,,,,,143,West Rouge,131,Rouge (131),D43,"{""coordinates"": [[-79.1229740002998, 43.7884280002166]], ""type"": ""MultiPoint""}",2021
17057,17058,1000874987.0,2021-05-12,1134,1190 WESTON  RD,,15 m South o,Minor Arterial,Etobicoke York,Non Intersection,No Control,Clear,Daylight,Dry,Non-Fatal Injury,Pedestrian Collisions,Driver,25 to 29,,,North,"Automobile, Station Wagon",Other,Lost control,Inattentive,,,,,,,Yes,,Yes,,,,,,,,,,,115,Mount Dennis,115,Mount Dennis (115),D12,"{""coordinates"": [[-79.491266999516, 43.6876280001299]], ""type"": ""MultiPoint""}",2021
17058,17059,1000874987.0,2021-05-12,1134,1190 WESTON  RD,,15 m South o,Minor Arterial,Etobicoke York,Non Intersection,No Control,Clear,Daylight,Dry,Non-Fatal Injury,Pedestrian Collisions,Pedestrian,80 to 84,Major,,Unknown,,,,,Pedestrian hit on sidewalk or shoulder,On Sidewalk or Shoulder,Normal,,,,Yes,,Yes,,,,,,,,,,,115,Mount Dennis,115,Mount Dennis (115),D12,"{""coordinates"": [[-79.491266999516, 43.6876280001299]], ""type"": ""MultiPoint""}",2021
17059,17060,1000876012.0,2021-05-12,1409,DON VALLEY PARKWAY  N,EGLINTON AVE E,100 m South ,Expressway,North York,Non Intersection,No Control,Clear,Daylight,Dry,Non-Fatal Injury,Rear End,Driver,20 to 24,Minimal,,North,"Automobile, Station Wagon",Stopped,Following too Close,Inattentive,,,,,,,,,Yes,,,,,Yes,,Yes,,,,44,Flemingdon Park,44,Flemingdon Park (44),D55,"{""coordinates"": [[-79.3297909998372, 43.7220679999024]], ""type"": ""MultiPoint""}",2021
17060,17061,1000876012.0,2021-05-12,1409,DON VALLEY PARKWAY  N,EGLINTON AVE E,100 m South ,Expressway,North York,Non Intersection,No Control,Clear,Daylight,Dry,Non-Fatal Injury,Rear End,Driver,55 to 59,,,North,Pick Up Truck,Slowing or Stopping,Driving Properly,Normal,,,,,,,,,Yes,,,,,Yes,,Yes,,,,44,Flemingdon Park,44,Flemingdon Park (44),D55,"{""coordinates"": [[-79.3297909998372, 43.7220679999024]], ""type"": ""MultiPoint""}",2021
17061,17062,1000876012.0,2021-05-12,1409,DON VALLEY PARKWAY  N,EGLINTON AVE E,100 m South ,Expressway,North York,Non Intersection,No Control,Clear,Daylight,Dry,Non-Fatal Injury,Rear End,Driver,20 to 24,Major,,North,"Automobile, Station Wagon",Slowing or Stopping,Driving Properly,Normal,,,,,,,,,Yes,,,,,Yes,,Yes,,,,44,Flemingdon Park,44,Flemingdon Park (44),D55,"{""coordinates"": [[-79.3297909998372, 43.7220679999024]], ""type"": ""MultiPoint""}",2021
17062,17063,1000876012.0,2021-05-12,1409,DON VALLEY PARKWAY  N,EGLINTON AVE E,100 m South ,Expressway,North York,Non Intersection,No Control,Clear,Daylight,Dry,Non-Fatal Injury,Rear End,Passenger,20 to 24,,,,,,,,,,,,,,,,Yes,,,,,Yes,,Yes,,,,44,Flemingdon Park,44,Flemingdon Park (44),D55,"{""coordinates"": [[-79.3297909998372, 43.7220679999024]], ""type"": ""MultiPoint""}",2021
17063,17064,1000878925.0,2021-05-12,2058,QUEEN ST E,MACLEAN AVE,10 m West of,Minor Arterial,Toronto and East York,Intersection Related,No Control,Clear,"Dark, artificial",Dry,Non-Fatal Injury,Sideswipe,Driver,40 to 44,Minor,,East,"Automobile, Station Wagon",Changing Lanes,Other,"Ability Impaired, Alcohol",,,,,,,,,Yes,,,Yes,,Yes,Yes,Yes,,Yes,,63,The Beaches,63,The Beaches (63),D55,"{""coordinates"": [[-79.2909729996707, 43.6718550002366]], ""type"": ""MultiPoint""}",2021
17064,17065,1000878925.0,2021-05-12,2058,QUEEN ST E,MACLEAN AVE,10 m West of,Minor Arterial,Toronto and East York,Intersection Related,No Control,Clear,"Dark, artificial",Dry,Non-Fatal Injury,Sideswipe,Driver,30 to 34,,,East,Street Car,Going Ahead,Driving Properly,Normal,,,,,,,,,Yes,,,Yes,,Yes,Yes,Yes,,Yes,,63,The Beaches,63,The Beaches (63),D55,"{""coordinates"": [[-79.2909729996707, 43.6718550002366]], ""type"": ""MultiPoint""}",2021
17065,17066,1000878925.0,2021-05-12,2058,QUEEN ST E,MACLEAN AVE,10 m West of,Minor Arterial,Toronto and East York,Intersection Related,No Control,Clear,"Dark, artificial",Dry,Non-Fatal Injury,Sideswipe,Passenger,30 to 34,Major,,,,,,,,,,,,,,,Yes,,,Yes,,Yes,Yes,Yes,,Yes,,63,The Beaches,63,The Beaches (63),D55,"{""coordinates"": [[-79.2909729996707, 43.6718550002366]], ""type"": ""MultiPoint""}",2021
17066,17067,1000885495.0,2021-05-13,1902,ATTWELL DR,BELFIELD  RD,,Minor Arterial,Etobicoke York,At Intersection,Traffic Signal,Clear,Daylight,Dry,Non-Fatal Injury,Turning Movement,Driver,45 to 49,,,North,"Automobile, Station Wagon",Turning Left,Failed to Yield Right of Way,Unknown,,,,,,,,,Yes,Yes,,,,,,Yes,,,,1,West Humber-Clairville,1,West Humber-Clairville (1),D23,"{""coordinates"": [[-79.5931429994399, 43.6977720000725]], ""type"": ""MultiPoint""}",2021
17067,17068,1000885495.0,2021-05-13,1902,ATTWELL DR,BELFIELD  RD,,Minor Arterial,Etobicoke York,At Intersection,Traffic Signal,Clear,Daylight,Dry,Non-Fatal Injury,Turning Movement,Motorcycle Driver,60 to 64,Major,,South,Motorcycle,Going Ahead,Driving Properly,Unknown,,,,,,,,,Yes,Yes,,,,,,Yes,,,,1,West Humber-Clairville,1,West Humber-Clairville (1),D23,"{""coordinates"": [[-79.5931429994399, 43.6977720000725]], ""type"": ""MultiPoint""}",2021
17068,17069,1000885795.0,2021-05-13,1949,SIXTH ST,BIRMINGHAM  ST,9 m North of,Collector,Etobicoke York,At Intersection,No Control,Clear,Daylight,Dry,Non-Fatal Injury,Angle,Motorcycle Driver,45 to 49,Major,,East,Motorcycle,Going Ahead,Driving Properly,Normal,,,,,,,,,,Yes,,,,Yes,,,,,,18,New Toronto,18,New Toronto (18),D22,"{""coordinates"": [[-79.5051530000538, 43.603434000309]], ""type"": ""MultiPoint""}",2021
17069,17070,1000885795.0,2021-05-13,1949,SIXTH ST,BIRMINGHAM  ST,9 m North of,Collector,Etobicoke York,At Intersection,No Control,Clear,Daylight,Dry,Non-Fatal Injury,Angle,Motorcycle Passenger,30 to 34,Minor,,,,,,,,,,,,,,,,Yes,,,,Yes,,,,,,18,New Toronto,18,New Toronto (18),D22,"{""coordinates"": [[-79.5051530000538, 43.603434000309]], ""type"": ""MultiPoint""}",2021
17070,17071,1000887036.0,2021-05-13,2353,GRAVENHURST AVE,CHALKFARM DR,,Collector,Etobicoke York,Intersection Related,Stop Sign,Clear,"Dark, artificial",Dry,Non-Fatal Injury,SMV Other,Motorcycle Driver,40 to 44,Major,,East,Motorcycle,Going Ahead,Lost control,Unknown,,,,,,,,,,Yes,,,,,,Yes,,,,154,Oakdale-Beverley Heights,26,Downsview-Roding-CFB (26),D31,"{""coordinates"": [[-79.5137890005396, 43.727954000131]], ""type"": ""MultiPoint""}",2021
17071,17072,1000906854.0,2021-05-16,2000,F G GARDINER C  E,GARDINER E PARK LAWN RAMP RD,2 m West of,Expressway,Etobicoke York,Non Intersection,No Control,Clear,Daylight,Dry,Non-Fatal Injury,SMV Other,Driver,70 to 74,Major,,East,"Automobile, Station Wagon",Going Ahead,Lost control,Normal,,,,,,,,,Yes,,,,,Yes,,,,,,160,Mimico-Queensway,17,Mimico (includes Humber Bay Shores) (17),D22,"{""coordinates"": [[-79.5057789996511, 43.6214780003484]], ""type"": ""MultiPoint""}",2021
17072,17073,1000906854.0,2021-05-16,2000,F G GARDINER C  E,GARDINER E PARK LAWN RAMP RD,2 m West of,Expressway,Etobicoke York,Non Intersection,No Control,Clear,Daylight,Dry,Non-Fatal Injury,SMV Other,Passenger,70 to 74,Minor,,,,,,,,,,,,,,,Yes,,,,,Yes,,,,,,160,Mimico-Queensway,17,Mimico (includes Humber Bay Shores) (17),D22,"{""coordinates"": [[-79.5057789996511, 43.6214780003484]], ""type"": ""MultiPoint""}",2021
17073,17074,1000909606.0,2021-05-17,849,YONGE ST,401 C E YONGE N RAMP ST,430 m South ,Major Arterial,North York,Non Intersection,No Control,Clear,Daylight,Dry,Non-Fatal Injury,Cyclist Collisions,Driver,55 to 59,,,South,"Automobile, Station Wagon",Overtaking,Improper Passing,Inattentive,,,,,,,,Yes,Yes,,,,,,,Yes,,,,40,St.Andrew-Windfields,40,St.Andrew-Windfields (40),D32,"{""coordinates"": [[-79.4080769997522, 43.7498189995995]], ""type"": ""MultiPoint""}",2021
17074,17075,1000909606.0,2021-05-17,849,YONGE ST,401 C E YONGE N RAMP ST,430 m South ,Major Arterial,North York,Non Intersection,No Control,Clear,Daylight,Dry,Non-Fatal Injury,Cyclist Collisions,Cyclist,35 to 39,Major,,South,Bicycle,Going Ahead,,,,,,Cyclist and Driver travelling in same direction. One vehicle sideswipes the other.,Driving Properly,Normal,,Yes,Yes,,,,,,,Yes,,,,40,St.Andrew-Windfields,40,St.Andrew-Windfields (40),D32,"{""coordinates"": [[-79.4080769997522, 43.7498189995995]], ""type"": ""MultiPoint""}",2021
17075,17076,1000915630.0,2021-05-17,2350,BAYVIEW AVE,FINCH AVE E,1 m South of,Major Arterial,North York,Non Intersection,No Control,Clear,"Dark, artificial",Dry,Non-Fatal Injury,Approaching,Driver,40 to 44,Major,,South,"Automobile, Station Wagon",Going Ahead,Other,Unknown,,,,,,,,,Yes,,,Yes,,,,,,,,52,Bayview Village,52,Bayview Village (52),D33,"{""coordinates"": [[-79.3920550001956, 43.7845639996899]], ""type"": ""MultiPoint""}",2021
17076,17077,1000915630.0,2021-05-17,2350,BAYVIEW AVE,FINCH AVE E,1 m South of,Major Arterial,North York,Non Intersection,No Control,Clear,"Dark, artificial",Dry,Non-Fatal Injury,Approaching,Driver,40 to 44,,,North,Municipal Transit Bus (TTC),Going Ahead,Driving Properly,Normal,,,,,,,,,Yes,,,Yes,,,,,,,,52,Bayview Village,52,Bayview Village (52),D33,"{""coordinates"": [[-79.3920550001956, 43.7845639996899]], ""type"": ""MultiPoint""}",2021
17077,17078,1000928847.0,2021-05-19,1752,8 FRASERWOOD AVE,,,Local,North York,Non Intersection,No Control,Clear,Daylight,Dry,Non-Fatal Injury,Pedestrian Collisions,Driver,45 to 49,,,West,"Automobile, Station Wagon",Going Ahead,Driving Properly,Normal,,,,,,,Yes,,Yes,,,,,Yes,,,,,,32,Englemount-Lawrence,32,Englemount-Lawrence (32),D13,"{""coordinates"": [[-79.4382050000104, 43.7139190001981]], ""type"": ""MultiPoint""}",2021
17078,17079,1000928847.0,2021-05-19,1752,8 FRASERWOOD AVE,,,Local,North York,Non Intersection,No Control,Clear,Daylight,Dry,Non-Fatal Injury,Pedestrian Collisions,Passenger,50 to 54,,,,,,,,,,,,,,Yes,,Yes,,,,,Yes,,,,,,32,Englemount-Lawrence,32,Englemount-Lawrence (32),D13,"{""coordinates"": [[-79.4382050000104, 43.7139190001981]], ""type"": ""MultiPoint""}",2021
17079,17080,1000928847.0,2021-05-19,1752,8 FRASERWOOD AVE,,,Local,North York,Non Intersection,No Control,Clear,Daylight,Dry,Non-Fatal Injury,Pedestrian Collisions,Passenger,0 to 4,,,,,,,,,,,,,,Yes,,Yes,,,,,Yes,,,,,,32,Englemount-Lawrence,32,Englemount-Lawrence (32),D13,"{""coordinates"": [[-79.4382050000104, 43.7139190001981]], ""type"": ""MultiPoint""}",2021
17080,17081,1000928847.0,2021-05-19,1752,8 FRASERWOOD AVE,,,Local,North York,Non Intersection,No Control,Clear,Daylight,Dry,Non-Fatal Injury,Pedestrian Collisions,Passenger,0 to 4,,,,,,,,,,,,,,Yes,,Yes,,,,,Yes,,,,,,32,Englemount-Lawrence,32,Englemount-Lawrence (32),D13,"{""coordinates"": [[-79.4382050000104, 43.7139190001981]], ""type"": ""MultiPoint""}",2021
17081,17082,1000928847.0,2021-05-19,1752,8 FRASERWOOD AVE,,,Local,North York,Non Intersection,No Control,Clear,Daylight,Dry,Non-Fatal Injury,Pedestrian Collisions,Pedestrian,5 to 9,Major,,South,,,,,Pedestrian hit at mid-block,Running onto Roadway,Normal,,,,Yes,,Yes,,,,,Yes,,,,,,32,Englemount-Lawrence,32,Englemount-Lawrence (32),D13,"{""coordinates"": [[-79.4382050000104, 43.7139190001981]], ""type"": ""MultiPoint""}",2021
17082,17083,1000934827.0,2021-05-20,1438,KINGSTON RD,DORSET RD,,Major Arterial,Scarborough,At Intersection,No Control,Clear,Daylight,Dry,Fatal,Pedestrian Collisions,Wheelchair,65 to 69,Fatal,7.0,East,,Making U Turn,,,Vehicle is going straight thru inter.while ped cross without ROW,Crossing without right of way,Inattentive,,,,Yes,,Yes,,,,,,,,,,,123,Cliffcrest,123,Cliffcrest (123),D43,"{""coordinates"": [[-79.2332720001987, 43.724313999976]], ""type"": ""MultiPoint""}",2021
17083,17084,1000934827.0,2021-05-20,1438,KINGSTON RD,DORSET RD,,Major Arterial,Scarborough,At Intersection,No Control,Clear,Daylight,Dry,Fatal,Pedestrian Collisions,Driver,30 to 34,,,West,Delivery Van,Going Ahead,Driving Properly,Normal,,,,,,,Yes,,Yes,,,,,,,,,,,123,Cliffcrest,123,Cliffcrest (123),D43,"{""coordinates"": [[-79.2332720001987, 43.724313999976]], ""type"": ""MultiPoint""}",2021
17084,17085,1000936048.0,2021-05-20,1738,MCKEE  AVE,KENNETH AVE,20 m South o,Collector,North York,Intersection Related,Stop Sign,Clear,Daylight,Dry,Non-Fatal Injury,Pedestrian Collisions,Driver,35 to 39,Minimal,,North,"Automobile, Station Wagon",Going Ahead,Improper Passing,Inattentive,,,,,,,Yes,,Yes,,,,,,,Yes,,,,152,East Willowdale,51,Willowdale East (51),D32,"{""coordinates"": [[-79.4094420001862, 43.7736270002995]], ""type"": ""MultiPoint""}",2021
17085,17086,1000936048.0,2021-05-20,1738,MCKEE  AVE,KENNETH AVE,20 m South o,Collector,North York,Intersection Related,Stop Sign,Clear,Daylight,Dry,Non-Fatal Injury,Pedestrian Collisions,Pedestrian,40 to 44,Major,,South,,,,,Pedestrian hit on sidewalk or shoulder,On Sidewalk or Shoulder,Normal,,,,Yes,,Yes,,,,,,,Yes,,,,152,East Willowdale,51,Willowdale East (51),D32,"{""coordinates"": [[-79.4094420001862, 43.7736270002995]], ""type"": ""MultiPoint""}",2021
17086,17087,1000937200.0,2021-05-20,2014,BLOOR ST W,JANE ST,20 m North o,Major Arterial,Etobicoke York,At Intersection,Traffic Signal,Clear,"Dark, artificial",Dry,Non-Fatal Injury,SMV Other,Motorcycle Driver,50 to 54,Major,,East,Motorcycle,Turning Left,Lost control,Inattentive,,,,,,,,,,Yes,,,,,,,,,,87,High Park-Swansea,87,High Park-Swansea (87),D11,"{""coordinates"": [[-79.4844389995997, 43.6492600003529]], ""type"": ""MultiPoint""}",2021
17087,17088,1000938844.0,2021-05-21,325,DUNDAS ST E,SHERBOURNE ST,,Major Arterial,Toronto and East York,Non Intersection,No Control,Clear,"Dark, artificial",Dry,Fatal,Pedestrian Collisions,Pedestrian,55 to 59,Fatal,8.0,South,,,,,Pedestrian hit at mid-block,"Crossing, no Traffic Control",Inattentive,,,,Yes,,Yes,,,,,,,,,,,73,Moss Park,73,Moss Park (73),D51,"{""coordinates"": [[-79.371027999978, 43.658202000292]], ""type"": ""MultiPoint""}",2021
17088,17089,1000938844.0,2021-05-21,325,DUNDAS ST E,SHERBOURNE ST,,Major Arterial,Toronto and East York,Non Intersection,No Control,Clear,"Dark, artificial",Dry,Fatal,Pedestrian Collisions,Driver,20 to 24,,,West,"Automobile, Station Wagon",Going Ahead,Driving Properly,Normal,,,,,,,Yes,,Yes,,,,,,,,,,,73,Moss Park,73,Moss Park (73),D51,"{""coordinates"": [[-79.371027999978, 43.658202000292]], ""type"": ""MultiPoint""}",2021
17089,17090,1000951822.0,2021-05-22,2200,EASTERN AVE,COXWELL AVE,,Minor Arterial,Toronto and East York,At Intersection,Traffic Signal,Clear,"Dark, artificial",Dry,Non-Fatal Injury,Pedestrian Collisions,Driver,65 to 69,,,West,"Automobile, Station Wagon",Turning Left,Failed to Yield Right of Way,Inattentive,,,,,,,Yes,,Yes,,,,,,,Yes,,,,63,The Beaches,63,The Beaches (63),D55,"{""coordinates"": [[-79.3161800001173, 43.6654189995648]], ""type"": ""MultiPoint""}",2021
17090,17091,1000951822.0,2021-05-22,2200,EASTERN AVE,COXWELL AVE,,Minor Arterial,Toronto and East York,At Intersection,Traffic Signal,Clear,"Dark, artificial",Dry,Non-Fatal Injury,Pedestrian Collisions,Pedestrian,10 to 14,Major,,East,,,,,Vehicle turns left while ped crosses with ROW at inter.,Crossing with right of way,Normal,,,,Yes,,Yes,,,,,,,Yes,,,,63,The Beaches,63,The Beaches (63),D55,"{""coordinates"": [[-79.3161800001173, 43.6654189995648]], ""type"": ""MultiPoint""}",2021
17091,17092,1000952186.0,2021-05-22,2312,DON MILLS RD,GATEWAY   BLVD,8 m South of,Major Arterial,North York,Intersection Related,Traffic Signal,Clear,"Dark, artificial",Dry,Non-Fatal Injury,Pedestrian Collisions,Driver,15 to 19,,,South,"Automobile, Station Wagon",Going Ahead,Exceeding Speed Limit,Had Been Drinking,,,,,,,Yes,,Yes,,,,,Yes,Yes,Yes,,,,44,Flemingdon Park,44,Flemingdon Park (44),D55,"{""coordinates"": [[-79.3363139999012, 43.7143310001622]], ""type"": ""MultiPoint""}",2021