index,_id,ACCNUM,DATE,TIME,STREET1,STREET2,OFFSET,ROAD_CLASS,DISTRICT,ACCLOC,TRAFFCTL,VISIBILITY,LIGHT,RDSFCOND,ACCLASS,IMPACTYPE,INVTYPE,INVAGE,INJURY,FATAL_NO,INITDIR,VEHTYPE,MANOEUVER,DRIVACT,DRIVCOND,PEDTYPE,PEDACT,PEDCOND,CYCLISTYPE,CYCACT,CYCCOND,PEDESTRIAN,CYCLIST,AUTOMOBILE,MOTORCYCLE,TRUCK,TRSN_CITY_VEH,EMERG_VEH,PASSENGER,SPEEDING,AG_DRIV,REDLIGHT,ALCOHOL,DISABILITY,HOOD_158,NEIGHBOURHOOD_158,HOOD_140,NEIGHBOURHOOD_140,DIVISION,geometry,ACCIDENT_YEAR
17092,17093,1000952186.0,2021-05-22,2312,DON MILLS RD,GATEWAY   BLVD,8 m South of,Major Arterial,North York,Intersection Related,Traffic Signal,Clear,"Dark, artificial",Dry,Non-Fatal Injury,Pedestrian Collisions,Passenger,20 to 24,,,,,,,,,,,,,,Yes,,Yes,,,,,Yes,Yes,Yes,,,,44,Flemingdon Park,44,Flemingdon Park (44),D55,"{""coordinates"": [[-79.3363139999012, 43.7143310001622]], ""type"": ""MultiPoint""}",2021
17093,17094,1000952186.0,2021-05-22,2312,DON MILLS RD,GATEWAY   BLVD,8 m South of,Major Arterial,North York,Intersection Related,Traffic Signal,Clear,"Dark, artificial",Dry,Non-Fatal Injury,Pedestrian Collisions,Pedestrian,15 to 19,Major,,Unknown,,,,,Pedestrian hit on sidewalk or shoulder,On Sidewalk or Shoulder,Normal,,,,Yes,,Yes,,,,,Yes,Yes,Yes,,,,44,Flemingdon Park,44,Flemingdon Park (44),D55,"{""coordinates"": [[-79.3363139999012, 43.7143310001622]], ""type"": ""MultiPoint""}",2021
17094,17095,1000955837.0,2021-05-23,1501,1418 QUEEN ST W,,,Major Arterial,Toronto and East York,Non Intersection,No Control,Clear,Daylight,Dry,Non-Fatal Injury,Pedestrian Collisions,Driver,25 to 29,,,West,"Automobile, Station Wagon",Going Ahead,Driving Properly,Normal,,,,,,,Yes,,Yes,,,,,,,,,,,85,South Parkdale,85,South Parkdale (85),D14,"{""coordinates"": [[-79.4348250005235, 43.6408790002123]], ""type"": ""MultiPoint""}",2021
17095,17096,1000955837.0,2021-05-23,1501,1418 QUEEN ST W,,,Major Arterial,Toronto and East York,Non Intersection,No Control,Clear,Daylight,Dry,Non-Fatal Injury,Pedestrian Collisions,Pedestrian,45 to 49,Major,,North,,,,,Pedestrian hit at mid-block,"Crossing, no Traffic Control",Inattentive,,,,Yes,,Yes,,,,,,,,,,,85,South Parkdale,85,South Parkdale (85),D14,"{""coordinates"": [[-79.4348250005235, 43.6408790002123]], ""type"": ""MultiPoint""}",2021
17096,17097,1000962145.0,2021-05-24,1415,DUFFERIN  ST,ST CLAIR AVE W,,Major Arterial,Toronto and East York,At Intersection,Traffic Signal,Clear,Daylight,Dry,Non-Fatal Injury,Pedestrian Collisions,Driver,50 to 54,,,South,"Automobile, Station Wagon",Going Ahead,Speed too Fast For Condition,Inattentive,,,,,,,Yes,,Yes,,,,,,Yes,Yes,,,,92,Corso Italia-Davenport,92,Corso Italia-Davenport (92),D13,"{""coordinates"": [[-79.4430419999948, 43.677889999653]], ""type"": ""MultiPoint""}",2021
17097,17098,1000962145.0,2021-05-24,1415,DUFFERIN  ST,ST CLAIR AVE W,,Major Arterial,Toronto and East York,At Intersection,Traffic Signal,Clear,Daylight,Dry,Non-Fatal Injury,Pedestrian Collisions,Pedestrian,15 to 19,Major,,East,,,,,Vehicle is going straight thru inter.while ped cross with ROW,Crossing with right of way,Normal,,,,Yes,,Yes,,,,,,Yes,Yes,,,,92,Corso Italia-Davenport,92,Corso Italia-Davenport (92),D13,"{""coordinates"": [[-79.4430419999948, 43.677889999653]], ""type"": ""MultiPoint""}",2021
17098,17099,1000969867.0,2021-05-25,1520,QUEENS PARK CRES E,QUEENS PARK,200 m North ,Major Arterial,Toronto and East York,Non Intersection,No Control,Clear,Daylight,Dry,Non-Fatal Injury,Other,Driver,40 to 44,,,North,Municipal Transit Bus (TTC),Going Ahead,Driving Properly,Normal,,,,,,,,,,,,Yes,,Yes,,,,,,169,Bay-Cloverhill,76,Bay Street Corridor (76),D52,"{""coordinates"": [[-79.3899720001496, 43.6612609999822]], ""type"": ""MultiPoint""}",2021
17099,17100,1000969867.0,2021-05-25,1520,QUEENS PARK CRES E,QUEENS PARK,200 m North ,Major Arterial,Toronto and East York,Non Intersection,No Control,Clear,Daylight,Dry,Non-Fatal Injury,Other,Passenger,70 to 74,Major,,,,,,,,,,,,,,,,,,Yes,,Yes,,,,,,169,Bay-Cloverhill,76,Bay Street Corridor (76),D52,"{""coordinates"": [[-79.3899720001496, 43.6612609999822]], ""type"": ""MultiPoint""}",2021
17100,17101,1000977879.0,2021-05-26,1729,818 HUNTINGWOOD DR,,10 m North o,Minor Arterial,Scarborough,At/Near Private Drive,No Control,Clear,Daylight,Dry,Non-Fatal Injury,Cyclist Collisions,Cyclist,20 to 24,Major,,West,Bicycle,Going Ahead,,,,,,"Cyclist loses control and strikes object (pole, ttc track)",Lost control,Inattentive,,Yes,,,,,,,,,,,,118,Tam O'Shanter-Sullivan,118,Tam O'Shanter-Sullivan (118),D42,"{""coordinates"": [[-79.2964280001172, 43.7937299998856]], ""type"": ""MultiPoint""}",2021
17101,17102,1000983324.0,2021-05-27,1315,44 RUSSELL HILL RD,,92 m North o,Collector,Toronto and East York,Non Intersection,No Control,Clear,Daylight,Dry,Non-Fatal Injury,Cyclist Collisions,Driver,70 to 74,,,East,"Automobile, Station Wagon",Turning Right,Improper Turn,Inattentive,,,,,,,,Yes,Yes,,,,,,,,,,,96,Casa Loma,96,Casa Loma (96),D53,"{""coordinates"": [[-79.4041169996353, 43.6812429996932]], ""type"": ""MultiPoint""}",2021
17102,17103,1000983324.0,2021-05-27,1315,44 RUSSELL HILL RD,,92 m North o,Collector,Toronto and East York,Non Intersection,No Control,Clear,Daylight,Dry,Non-Fatal Injury,Cyclist Collisions,Cyclist,30 to 34,Major,,East,Bicycle,Going Ahead,,,,,,"Motorist turns right at non-signal Inter.(stop, yield, no cont.,and dwy) and strikes cyclist.",Driving Properly,Normal,,Yes,Yes,,,,,,,,,,,96,Casa Loma,96,Casa Loma (96),D53,"{""coordinates"": [[-79.4041169996353, 43.6812429996932]], ""type"": ""MultiPoint""}",2021
17103,17104,1000988001.0,2021-05-28,527,2043 DUNDAS ST W,,,Minor Arterial,Toronto and East York,Non Intersection,No Control,Clear,"Dark, artificial",Dry,Non-Fatal Injury,SMV Unattended Vehicle,Driver,15 to 19,Minor,,East,Passenger Van,Going Ahead,Lost control,Inattentive,,,,,,,,,Yes,,,,,Yes,,,,,,86,Roncesvalles,86,Roncesvalles (86),D11,"{""coordinates"": [[-79.4471999997741, 43.651698000054]], ""type"": ""MultiPoint""}",2021
17104,17105,1000988001.0,2021-05-28,527,2043 DUNDAS ST W,,,Minor Arterial,Toronto and East York,Non Intersection,No Control,Clear,"Dark, artificial",Dry,Non-Fatal Injury,SMV Unattended Vehicle,Other,unknown,,,East,"Automobile, Station Wagon",Parked,,,,,,,,,,,Yes,,,,,Yes,,,,,,86,Roncesvalles,86,Roncesvalles (86),D11,"{""coordinates"": [[-79.4471999997741, 43.651698000054]], ""type"": ""MultiPoint""}",2021
17105,17106,1000988001.0,2021-05-28,527,2043 DUNDAS ST W,,,Minor Arterial,Toronto and East York,Non Intersection,No Control,Clear,"Dark, artificial",Dry,Non-Fatal Injury,SMV Unattended Vehicle,Passenger,20 to 24,Major,,,,,,,,,,,,,,,Yes,,,,,Yes,,,,,,86,Roncesvalles,86,Roncesvalles (86),D11,"{""coordinates"": [[-79.4471999997741, 43.651698000054]], ""type"": ""MultiPoint""}",2021
17106,17107,1000995012.0,2021-05-29,605,CITY VIEW DR,DIXON  RD,45 m North o,Local,Etobicoke York,Non Intersection,No Control,Clear,Daylight,Dry,Non-Fatal Injury,SMV Other,Driver,30 to 34,Major,,South,"Automobile, Station Wagon",Going Ahead,Lost control,Normal,,,,,,,,,Yes,,,,,,Yes,Yes,,,,1,West Humber-Clairville,1,West Humber-Clairville (1),D23,"{""coordinates"": [[-79.5794250003266, 43.6901540001963]], ""type"": ""MultiPoint""}",2021
17107,17108,1000999578.0,2021-05-29,2040,LAKE SHORE  BLVD W,YORK  ST,,Major Arterial,Toronto and East York,At Intersection,Traffic Signal,Clear,"Dusk, artificial",Dry,Non-Fatal Injury,Pedestrian Collisions,Motorcycle Driver,35 to 39,Major,,West,Motorcycle,Going Ahead,Driving Properly,Normal,,,,,,,Yes,,,Yes,,,,,,,,,,166,St Lawrence-East Bayfront-The Islands,77,Waterfront Communities-The Island (77),D52,"{""coordinates"": [[-79.3808319996283, 43.641387000096]], ""type"": ""MultiPoint""}",2021
17108,17109,1000999578.0,2021-05-29,2040,LAKE SHORE  BLVD W,YORK  ST,,Major Arterial,Toronto and East York,At Intersection,Traffic Signal,Clear,"Dusk, artificial",Dry,Non-Fatal Injury,Pedestrian Collisions,Pedestrian,25 to 29,Major,,North,,,,,Vehicle is going straight thru inter.while ped cross without ROW,Crossing without right of way,Inattentive,,,,Yes,,,Yes,,,,,,,,,,166,St Lawrence-East Bayfront-The Islands,77,Waterfront Communities-The Island (77),D52,"{""coordinates"": [[-79.3808319996283, 43.641387000096]], ""type"": ""MultiPoint""}",2021
17109,17110,1001001420.0,2021-05-30,450,SHEPPARD AVE W,WILLIAM R ALLEN RD,1 m East of,Major Arterial,North York,Intersection Related,Traffic Signal,Clear,"Dark, artificial",Dry,Non-Fatal Injury,SMV Other,Driver,35 to 39,Major,,East,"Automobile, Station Wagon",Going Ahead,Lost control,Unknown,,,,,,,,,Yes,,,,,,,,,,,155,Downsview,26,Downsview-Roding-CFB (26),D32,"{""coordinates"": [[-79.4633439996719, 43.7501780003524]], ""type"": ""MultiPoint""}",2021
17110,17111,1001003363.0,2021-05-30,1315,BLOOR  ST W,GLENDONWYNNE RD,52 m East of,Major Arterial,Etobicoke York,Non Intersection,No Control,Clear,Daylight,Dry,Non-Fatal Injury,Pedestrian Collisions,Driver,15 to 19,,,West,"Automobile, Station Wagon",Going Ahead,Driving Properly,Normal,,,,,,,Yes,,Yes,,,,,Yes,,,,,,87,High Park-Swansea,87,High Park-Swansea (87),D11,"{""coordinates"": [[-79.4733229995886, 43.6516979995892]], ""type"": ""MultiPoint""}",2021
17111,17112,1001003363.0,2021-05-30,1315,BLOOR  ST W,GLENDONWYNNE RD,52 m East of,Major Arterial,Etobicoke York,Non Intersection,No Control,Clear,Daylight,Dry,Non-Fatal Injury,Pedestrian Collisions,Passenger,15 to 19,,,,,,,,,,,,,,Yes,,Yes,,,,,Yes,,,,,,87,High Park-Swansea,87,High Park-Swansea (87),D11,"{""coordinates"": [[-79.4733229995886, 43.6516979995892]], ""type"": ""MultiPoint""}",2021
17112,17113,1001003363.0,2021-05-30,1315,BLOOR  ST W,GLENDONWYNNE RD,52 m East of,Major Arterial,Etobicoke York,Non Intersection,No Control,Clear,Daylight,Dry,Non-Fatal Injury,Pedestrian Collisions,Pedestrian,65 to 69,Major,,South,,,,,Pedestrian hit at mid-block,"Crossing, no Traffic Control",Normal,,,,Yes,,Yes,,,,,Yes,,,,,,87,High Park-Swansea,87,High Park-Swansea (87),D11,"{""coordinates"": [[-79.4733229995886, 43.6516979995892]], ""type"": ""MultiPoint""}",2021
17113,17114,1001004435.0,2021-05-30,1610,LAING ST,QUEEN ST E,,Minor Arterial,Toronto and East York,At Intersection,Stop Sign,Clear,Daylight,Dry,Non-Fatal Injury,Turning Movement,Driver,20 to 24,,,North,"Automobile, Station Wagon",Turning Left,Failed to Yield Right of Way,Inattentive,,,,,,,,,Yes,Yes,,,,Yes,,Yes,,,,65,Greenwood-Coxwell,65,Greenwood-Coxwell (65),D55,"{""coordinates"": [[-79.3273119997643, 43.6638359998018]], ""type"": ""MultiPoint""}",2021
17114,17115,1001004435.0,2021-05-30,1610,LAING ST,QUEEN ST E,,Minor Arterial,Toronto and East York,At Intersection,Stop Sign,Clear,Daylight,Dry,Non-Fatal Injury,Turning Movement,Motorcycle Driver,40 to 44,Major,,East,Motorcycle,Going Ahead,Driving Properly,Unknown,,,,,,,,,Yes,Yes,,,,Yes,,Yes,,,,65,Greenwood-Coxwell,65,Greenwood-Coxwell (65),D55,"{""coordinates"": [[-79.3273119997643, 43.6638359998018]], ""type"": ""MultiPoint""}",2021
17115,17116,1001004435.0,2021-05-30,1610,LAING ST,QUEEN ST E,,Minor Arterial,Toronto and East York,At Intersection,Stop Sign,Clear,Daylight,Dry,Non-Fatal Injury,Turning Movement,Passenger,40 to 44,,,,,,,,,,,,,,,,Yes,Yes,,,,Yes,,Yes,,,,65,Greenwood-Coxwell,65,Greenwood-Coxwell (65),D55,"{""coordinates"": [[-79.3273119997643, 43.6638359998018]], ""type"": ""MultiPoint""}",2021
17116,17117,1001004435.0,2021-05-30,1610,LAING ST,QUEEN ST E,,Minor Arterial,Toronto and East York,At Intersection,Stop Sign,Clear,Daylight,Dry,Non-Fatal Injury,Turning Movement,Passenger,20 to 24,,,,,,,,,,,,,,,,Yes,Yes,,,,Yes,,Yes,,,,65,Greenwood-Coxwell,65,Greenwood-Coxwell (65),D55,"{""coordinates"": [[-79.3273119997643, 43.6638359998018]], ""type"": ""MultiPoint""}",2021
17117,17118,1001013918.0,2021-05-31,2240,DON VALLEY PARKWAY  S,DON MILLS RD,,Expressway,North York,Non Intersection,No Control,Clear,"Dark, artificial",Dry,Fatal,SMV Other,Motorcycle Passenger,35 to 39,Fatal,9.0,,,,,,,,,,,,,,,Yes,,,,Yes,,,,,,58,Old East York,58,Old East York (58),D55,"{""coordinates"": [[-79.3404420002497, 43.6982520001409]], ""type"": ""MultiPoint""}",2021
17118,17119,1001013918.0,2021-05-31,2240,DON VALLEY PARKWAY  S,DON MILLS RD,,Expressway,North York,Non Intersection,No Control,Clear,"Dark, artificial",Dry,Fatal,SMV Other,Motorcycle Driver,35 to 39,Major,,South,Motorcycle,Changing Lanes,Lost control,Unknown,,,,,,,,,,Yes,,,,Yes,,,,,,58,Old East York,58,Old East York (58),D55,"{""coordinates"": [[-79.3404420002497, 43.6982520001409]], ""type"": ""MultiPoint""}",2021
17119,17120,1001013918.0,2021-05-31,2240,DON VALLEY PARKWAY  S,DON MILLS RD,,Expressway,North York,Non Intersection,No Control,Clear,"Dark, artificial",Dry,Fatal,SMV Other,Motorcycle Driver,40 to 44,Major,,South,Motorcycle,Changing Lanes,Lost control,Unknown,,,,,,,,,,Yes,,,,Yes,,,,,,58,Old East York,58,Old East York (58),D55,"{""coordinates"": [[-79.3404420002497, 43.6982520001409]], ""type"": ""MultiPoint""}",2021
17120,17121,1001036123.0,2021-06-03,2332,1651 ELLESMERE RD,,,Major Arterial,Scarborough,At/Near Private Drive,Yield Sign,Clear,"Dark, artificial",Dry,Non-Fatal Injury,Turning Movement,Driver,20 to 24,,,South,"Automobile, Station Wagon",Turning Left,Improper Turn,Inattentive,,,,,,,,,Yes,Yes,,,,Yes,,,,,,142,Woburn North,137,Woburn (137),D43,"{""coordinates"": [[-79.2502699998657, 43.7723530002079]], ""type"": ""MultiPoint""}",2021
17121,17122,1001036123.0,2021-06-03,2332,1651 ELLESMERE RD,,,Major Arterial,Scarborough,At/Near Private Drive,Yield Sign,Clear,"Dark, artificial",Dry,Non-Fatal Injury,Turning Movement,Motorcycle Driver,15 to 19,Major,,West,Motorcycle,Going Ahead,Driving Properly,Normal,,,,,,,,,Yes,Yes,,,,Yes,,,,,,142,Woburn North,137,Woburn (137),D43,"{""coordinates"": [[-79.2502699998657, 43.7723530002079]], ""type"": ""MultiPoint""}",2021
17122,17123,1001036123.0,2021-06-03,2332,1651 ELLESMERE RD,,,Major Arterial,Scarborough,At/Near Private Drive,Yield Sign,Clear,"Dark, artificial",Dry,Non-Fatal Injury,Turning Movement,Passenger,20 to 24,,,,,,,,,,,,,,,,Yes,Yes,,,,Yes,,,,,,142,Woburn North,137,Woburn (137),D43,"{""coordinates"": [[-79.2502699998657, 43.7723530002079]], ""type"": ""MultiPoint""}",2021
17123,17124,1001036123.0,2021-06-03,2332,1651 ELLESMERE RD,,,Major Arterial,Scarborough,At/Near Private Drive,Yield Sign,Clear,"Dark, artificial",Dry,Non-Fatal Injury,Turning Movement,Passenger,20 to 24,,,,,,,,,,,,,,,,Yes,Yes,,,,Yes,,,,,,142,Woburn North,137,Woburn (137),D43,"{""coordinates"": [[-79.2502699998657, 43.7723530002079]], ""type"": ""MultiPoint""}",2021
17124,17125,1001036123.0,2021-06-03,2332,1651 ELLESMERE RD,,,Major Arterial,Scarborough,At/Near Private Drive,Yield Sign,Clear,"Dark, artificial",Dry,Non-Fatal Injury,Turning Movement,Passenger,20 to 24,,,,,,,,,,,,,,,,Yes,Yes,,,,Yes,,,,,,142,Woburn North,137,Woburn (137),D43,"{""coordinates"": [[-79.2502699998657, 43.7723530002079]], ""type"": ""MultiPoint""}",2021
17125,17126,1001039843.0,2021-06-04,1321,SCARLETT  RD,EGLINTON  AVE W,,Major Arterial,Etobicoke York,At Intersection,Traffic Controller,Clear,Daylight,Dry,Non-Fatal Injury,Cyclist Collisions,Driver,45 to 49,,,West,"Automobile, Station Wagon",Turning Left,Improper Turn,Normal,,,,,,,,Yes,Yes,,,,,,,,,,,9,Edenbridge-Humber Valley,9,Edenbridge-Humber Valley (9),D22,"{""coordinates"": [[-79.5114169998017, 43.6838900003964]], ""type"": ""MultiPoint""}",2021
17126,17127,1001039843.0,2021-06-04,1321,SCARLETT  RD,EGLINTON  AVE W,,Major Arterial,Etobicoke York,At Intersection,Traffic Controller,Clear,Daylight,Dry,Non-Fatal Injury,Cyclist Collisions,Cyclist,20 to 24,Major,,East,Bicycle,Going Ahead,,,,,,Motorist turned left across cyclists path.,Driving Properly,Normal,,Yes,Yes,,,,,,,,,,,9,Edenbridge-Humber Valley,9,Edenbridge-Humber Valley (9),D22,"{""coordinates"": [[-79.5114169998017, 43.6838900003964]], ""type"": ""MultiPoint""}",2021
17127,17128,1001045574.0,2021-06-05,851,PARLIAMENT  ST,RICHMOND  ST E,7 m West of,Major Arterial,Toronto and East York,At Intersection,Traffic Signal,Clear,Daylight,Dry,Non-Fatal Injury,Angle,Driver,40 to 44,Major,,North,"Automobile, Station Wagon",Going Ahead,Disobeyed Traffic Control,Normal,,,,,,,,,Yes,,,,,,,Yes,Yes,,,73,Moss Park,73,Moss Park (73),D51,"{""coordinates"": [[-79.3639860001817, 43.654486000192]], ""type"": ""MultiPoint""}",2021
17128,17129,1001045574.0,2021-06-05,851,PARLIAMENT  ST,RICHMOND  ST E,7 m West of,Major Arterial,Toronto and East York,At Intersection,Traffic Signal,Clear,Daylight,Dry,Non-Fatal Injury,Angle,Driver,75 to 79,Major,,West,Pick Up Truck,Going Ahead,Driving Properly,Normal,,,,,,,,,Yes,,,,,,,Yes,Yes,,,73,Moss Park,73,Moss Park (73),D51,"{""coordinates"": [[-79.3639860001817, 43.654486000192]], ""type"": ""MultiPoint""}",2021
17129,17130,1001046834.0,2021-06-05,1246,PARK LAWN RD,LAKE SHORE BLVD W,13 m  of,Major Arterial,Etobicoke York,At Intersection,Traffic Signal,Clear,Daylight,Dry,Non-Fatal Injury,Turning Movement,Motorcycle Driver,30 to 34,Major,,North,Motorcycle,Turning Right,Disobeyed Traffic Control,Unknown,,,,,,,,,,Yes,Yes,,,,,Yes,Yes,,,161,Humber Bay Shores,17,Mimico (includes Humber Bay Shores) (17),D22,"{""coordinates"": [[-79.4811660002888, 43.6228970003593]], ""type"": ""MultiPoint""}",2021
17130,17131,1001046834.0,2021-06-05,1246,PARK LAWN RD,LAKE SHORE BLVD W,13 m  of,Major Arterial,Etobicoke York,At Intersection,Traffic Signal,Clear,Daylight,Dry,Non-Fatal Injury,Turning Movement,Truck Driver,20 to 24,,,South,Truck-Tractor,Turning Left,Driving Properly,Normal,,,,,,,,,,Yes,Yes,,,,,Yes,Yes,,,161,Humber Bay Shores,17,Mimico (includes Humber Bay Shores) (17),D22,"{""coordinates"": [[-79.4811660002888, 43.6228970003593]], ""type"": ""MultiPoint""}",2021
17131,17132,1001050264.0,2021-06-05,2120,LAWRENCE  AVE E,RODDA BLVD,,Major Arterial,Scarborough,At Intersection,No Control,Clear,"Dark, artificial",Dry,Non-Fatal Injury,Pedestrian Collisions,Driver,25 to 29,,,East,"Automobile, Station Wagon",Turning Left,Failed to Yield Right of Way,Had Been Drinking,,,,,,,Yes,,Yes,,,,,,,Yes,,,,136,West Hill,136,West Hill (136),D43,"{""coordinates"": [[-79.1906239995102, 43.7673400002293]], ""type"": ""MultiPoint""}",2021
17132,17133,1001050264.0,2021-06-05,2120,LAWRENCE  AVE E,RODDA BLVD,,Major Arterial,Scarborough,At Intersection,No Control,Clear,"Dark, artificial",Dry,Non-Fatal Injury,Pedestrian Collisions,Pedestrian,30 to 34,Major,,North,,,,,Vehicle turns left while ped crosses with ROW at inter.,Crossing with right of way,Normal,,,,Yes,,Yes,,,,,,,Yes,,,,136,West Hill,136,West Hill (136),D43,"{""coordinates"": [[-79.1906239995102, 43.7673400002293]], ""type"": ""MultiPoint""}",2021
17133,17134,1001050264.0,2021-06-05,2120,LAWRENCE  AVE E,RODDA BLVD,,Major Arterial,Scarborough,At Intersection,No Control,Clear,"Dark, artificial",Dry,Non-Fatal Injury,Pedestrian Collisions,Pedestrian,25 to 29,Major,,North,,,,,Vehicle turns left while ped crosses with ROW at inter.,Crossing with right of way,Normal,,,,Yes,,Yes,,,,,,,Yes,,,,136,West Hill,136,West Hill (136),D43,"{""coordinates"": [[-79.1906239995102, 43.7673400002293]], ""type"": ""MultiPoint""}",2021
17134,17135,1001050520.0,2021-06-05,2159,QUEEN ST W,BAY ST,50 m West of,Major Arterial,Toronto and East York,Non Intersection,No Control,Clear,"Dark, artificial",Dry,Non-Fatal Injury,Rear End,Driver,15 to 19,,,East,"Automobile, Station Wagon",Going Ahead,Following too Close,Inattentive,,,,,,,,,Yes,Yes,,,,Yes,,Yes,,,,170,Yonge-Bay Corridor,76,Bay Street Corridor (76),D52,"{""coordinates"": [[-79.3827469995882, 43.6516099998707]], ""type"": ""MultiPoint""}",2021
17135,17136,1001050520.0,2021-06-05,2159,QUEEN ST W,BAY ST,50 m West of,Major Arterial,Toronto and East York,Non Intersection,No Control,Clear,"Dark, artificial",Dry,Non-Fatal Injury,Rear End,Motorcycle Driver,40 to 44,Minimal,,East,Motorcycle,Going Ahead,Driving Properly,Normal,,,,,,,,,Yes,Yes,,,,Yes,,Yes,,,,170,Yonge-Bay Corridor,76,Bay Street Corridor (76),D52,"{""coordinates"": [[-79.3827469995882, 43.6516099998707]], ""type"": ""MultiPoint""}",2021
17136,17137,1001050520.0,2021-06-05,2159,QUEEN ST W,BAY ST,50 m West of,Major Arterial,Toronto and East York,Non Intersection,No Control,Clear,"Dark, artificial",Dry,Non-Fatal Injury,Rear End,Passenger,15 to 19,,,,,,,,,,,,,,,,Yes,Yes,,,,Yes,,Yes,,,,170,Yonge-Bay Corridor,76,Bay Street Corridor (76),D52,"{""coordinates"": [[-79.3827469995882, 43.6516099998707]], ""type"": ""MultiPoint""}",2021
17137,17138,1001050520.0,2021-06-05,2159,QUEEN ST W,BAY ST,50 m West of,Major Arterial,Toronto and East York,Non Intersection,No Control,Clear,"Dark, artificial",Dry,Non-Fatal Injury,Rear End,Motorcycle Passenger,30 to 34,Major,,,,,,,,,,,,,,,Yes,Yes,,,,Yes,,Yes,,,,170,Yonge-Bay Corridor,76,Bay Street Corridor (76),D52,"{""coordinates"": [[-79.3827469995882, 43.6516099998707]], ""type"": ""MultiPoint""}",2021
17138,17139,1001050592.0,2021-06-05,2211,DON VALLEY PY S,EASTERN AVE DN,16 m North o,Major Arterial,Toronto and East York,Intersection Related,Traffic Signal,Clear,"Dark, artificial",Loose Sand or Gravel,Non-Fatal Injury,SMV Other,Motorcycle Driver,20 to 24,Major,,South,Motorcycle,Going Ahead,Improper Passing,Unknown,,,,,,,,,Yes,Yes,,,,,Yes,Yes,,,,70,South Riverdale,70,South Riverdale (70),D55,"{""coordinates"": [[-79.3525270000301, 43.6566379998437]], ""type"": ""MultiPoint""}",2021
17139,17140,1001050592.0,2021-06-05,2211,DON VALLEY PY S,EASTERN AVE DN,16 m North o,Major Arterial,Toronto and East York,Intersection Related,Traffic Signal,Clear,"Dark, artificial",Loose Sand or Gravel,Non-Fatal Injury,SMV Other,Driver,20 to 24,,,South,"Automobile, Station Wagon",Going Ahead,Driving Properly,Normal,,,,,,,,,Yes,Yes,,,,,Yes,Yes,,,,70,South Riverdale,70,South Riverdale (70),D55,"{""coordinates"": [[-79.3525270000301, 43.6566379998437]], ""type"": ""MultiPoint""}",2021
17140,17141,1001069325.0,2021-06-08,1444,QUEEN  ST W,MANNING  AVE,10 m East of,Major Arterial,Toronto and East York,Intersection Related,No Control,Clear,Daylight,Dry,Non-Fatal Injury,Pedestrian Collisions,Driver,25 to 29,,,East,"Automobile, Station Wagon",Going Ahead,Driving Properly,Normal,,,,,,,Yes,,Yes,,,,,,,,,,,162,West Queen West,82,Niagara (82),D14,"{""coordinates"": [[-79.4085420000451, 43.6462160002387]], ""type"": ""MultiPoint""}",2021
17141,17142,1001069325.0,2021-06-08,1444,QUEEN  ST W,MANNING  AVE,10 m East of,Major Arterial,Toronto and East York,Intersection Related,No Control,Clear,Daylight,Dry,Non-Fatal Injury,Pedestrian Collisions,Pedestrian,35 to 39,Major,,North,,,,,Vehicle is going straight thru inter.while ped cross without ROW,Running onto Roadway,Had Been Drinking,,,,Yes,,Yes,,,,,,,,,,,162,West Queen West,82,Niagara (82),D14,"{""coordinates"": [[-79.4085420000451, 43.6462160002387]], ""type"": ""MultiPoint""}",2021
17142,17143,1001072175.0,2021-06-08,2209,WARDEN AVE,MCNICOLL AVE,320 m North ,Major Arterial,Scarborough,Non Intersection,No Control,Clear,"Dark, artificial",Dry,Non-Fatal Injury,Pedestrian Collisions,Driver,60 to 64,,,North,Passenger Van,Going Ahead,Driving Properly,Normal,,,,,,,Yes,,Yes,,,,,,,,,,,116,Steeles,116,Steeles (116),D42,"{""coordinates"": [[-79.3222080001231, 43.8090269997918]], ""type"": ""MultiPoint""}",2021
17143,17144,1001072175.0,2021-06-08,2209,WARDEN AVE,MCNICOLL AVE,320 m North ,Major Arterial,Scarborough,Non Intersection,No Control,Clear,"Dark, artificial",Dry,Non-Fatal Injury,Pedestrian Collisions,Pedestrian,45 to 49,Major,,East,,,,,Pedestrian hit at mid-block,"Crossing, no Traffic Control",Inattentive,,,,Yes,,Yes,,,,,,,,,,,116,Steeles,116,Steeles (116),D42,"{""coordinates"": [[-79.3222080001231, 43.8090269997918]], ""type"": ""MultiPoint""}",2021
17144,17145,1001078704.0,2021-06-09,1945,F G GARDINER XY  W,YORK ST,14 m East of,Expressway,Toronto and East York,Non Intersection,No Control,Clear,Daylight,Dry,Non-Fatal Injury,SMV Other,Motorcycle Driver,35 to 39,Major,,West,Motorcycle,Going Ahead,Exceeding Speed Limit,Normal,,,,,,,,,,Yes,,,,,Yes,Yes,,,,166,St Lawrence-East Bayfront-The Islands,77,Waterfront Communities-The Island (77),D52,"{""coordinates"": [[-79.3806869999643, 43.6417300004392]], ""type"": ""MultiPoint""}",2021