index,_id,ACCNUM,DATE,TIME,STREET1,STREET2,OFFSET,ROAD_CLASS,DISTRICT,ACCLOC,TRAFFCTL,VISIBILITY,LIGHT,RDSFCOND,ACCLASS,IMPACTYPE,INVTYPE,INVAGE,INJURY,FATAL_NO,INITDIR,VEHTYPE,MANOEUVER,DRIVACT,DRIVCOND,PEDTYPE,PEDACT,PEDCOND,CYCLISTYPE,CYCACT,CYCCOND,PEDESTRIAN,CYCLIST,AUTOMOBILE,MOTORCYCLE,TRUCK,TRSN_CITY_VEH,EMERG_VEH,PASSENGER,SPEEDING,AG_DRIV,REDLIGHT,ALCOHOL,DISABILITY,HOOD_158,NEIGHBOURHOOD_158,HOOD_140,NEIGHBOURHOOD_140,DIVISION,geometry,ACCIDENT_YEAR
17145,17146,1001104105.0,2021-06-13,1315,VICTORIA PARK AVE,FINCH AVE E,,Major Arterial,Scarborough,At Intersection,Traffic Signal,Clear,Daylight,Dry,Fatal,Pedestrian Collisions,Driver,unknown,,,East,Other,Going Ahead,Other,Unknown,,,,,,,Yes,,,,,,,,,,,,,147,L'Amoreaux West,117,L'Amoreaux (117),D42,"{""coordinates"": [[-79.3313709996095, 43.793036000075]], ""type"": ""MultiPoint""}",2021
17146,17147,1001104105.0,2021-06-13,1315,VICTORIA PARK AVE,FINCH AVE E,,Major Arterial,Scarborough,At Intersection,Traffic Signal,Clear,Daylight,Dry,Fatal,Pedestrian Collisions,Pedestrian,65 to 69,Fatal,11.0,North,,Going Ahead,,,Vehicle is going straight thru inter.while ped cross without ROW,Other,Unknown,,,,Yes,,,,,,,,,,,,,147,L'Amoreaux West,117,L'Amoreaux (117),D42,"{""coordinates"": [[-79.3313709996095, 43.793036000075]], ""type"": ""MultiPoint""}",2021
17147,17148,1001141851.0,2021-06-18,1550,LAWRENCE  AVE W,WESTON RD,17 m West of,Major Arterial,Etobicoke York,Intersection Related,No Control,Clear,Daylight,Dry,Non-Fatal Injury,Pedestrian Collisions,Driver,50 to 54,,,West,"Automobile, Station Wagon",Going Ahead,Driving Properly,Normal,,,,,,,Yes,,Yes,,,,,,,,,,,113,Weston,113,Weston (113),D12,"{""coordinates"": [[-79.516155000482, 43.700086999867]], ""type"": ""MultiPoint""}",2021
17148,17149,1001141851.0,2021-06-18,1550,LAWRENCE  AVE W,WESTON RD,17 m West of,Major Arterial,Etobicoke York,Intersection Related,No Control,Clear,Daylight,Dry,Non-Fatal Injury,Pedestrian Collisions,Pedestrian,70 to 74,Major,,North,,,,,Pedestrian hit at mid-block,"Crossing, no Traffic Control",Inattentive,,,,Yes,,Yes,,,,,,,,,,,113,Weston,113,Weston (113),D12,"{""coordinates"": [[-79.516155000482, 43.700086999867]], ""type"": ""MultiPoint""}",2021
17149,17150,1001142501.0,2021-06-18,1725,720 ARROW RD,,,Minor Arterial,North York,Non Intersection,No Control,Clear,Daylight,Dry,Fatal,Approaching,Motorcycle Driver,60 to 64,Fatal,18.0,South,Motorcycle,Going Ahead,Improper Passing,Unknown,,,,,,,,,Yes,Yes,,,,,,Yes,,,,22,Humbermede,22,Humbermede (22),D31,"{""coordinates"": [[-79.5298869994459, 43.7470690004284]], ""type"": ""MultiPoint""}",2021
17150,17151,1001142501.0,2021-06-18,1725,720 ARROW RD,,,Minor Arterial,North York,Non Intersection,No Control,Clear,Daylight,Dry,Fatal,Approaching,Driver,30 to 34,,,North,"Automobile, Station Wagon",Going Ahead,Driving Properly,Normal,,,,,,,,,Yes,Yes,,,,,,Yes,,,,22,Humbermede,22,Humbermede (22),D31,"{""coordinates"": [[-79.5298869994459, 43.7470690004284]], ""type"": ""MultiPoint""}",2021
17151,17152,1001142501.0,2021-06-18,1725,720 ARROW RD,,,Minor Arterial,North York,Non Intersection,No Control,Clear,Daylight,Dry,Fatal,Approaching,Driver,65 to 69,,,North,"Automobile, Station Wagon",Going Ahead,Driving Properly,Normal,,,,,,,,,Yes,Yes,,,,,,Yes,,,,22,Humbermede,22,Humbermede (22),D31,"{""coordinates"": [[-79.5298869994459, 43.7470690004284]], ""type"": ""MultiPoint""}",2021
17152,17153,1001146779.0,2021-06-19,1015,FOREST MANOR  RD,PARKWAY FOREST  DR,,Collector,North York,At Intersection,Stop Sign,Clear,Daylight,Dry,Non-Fatal Injury,Pedestrian Collisions,Driver,30 to 34,,,East,"Automobile, Station Wagon",Turning Left,Failed to Yield Right of Way,Inattentive,,,,,,,Yes,,Yes,,,,,,,Yes,,,,53,Henry Farm,53,Henry Farm (53),D33,"{""coordinates"": [[-79.3433489999848, 43.7750000000689]], ""type"": ""MultiPoint""}",2021
17153,17154,1001146779.0,2021-06-19,1015,FOREST MANOR  RD,PARKWAY FOREST  DR,,Collector,North York,At Intersection,Stop Sign,Clear,Daylight,Dry,Non-Fatal Injury,Pedestrian Collisions,Pedestrian,75 to 79,Major,,East,,,,,Vehicle turns left while ped crosses with ROW at inter.,Crossing with right of way,Normal,,,,Yes,,Yes,,,,,,,Yes,,,,53,Henry Farm,53,Henry Farm (53),D33,"{""coordinates"": [[-79.3433489999848, 43.7750000000689]], ""type"": ""MultiPoint""}",2021
17154,17155,1001147674.0,2021-06-19,1250,DAVISVILLE AV,MOUNT PLEASANT RD,6 m West of,Major Arterial,Toronto and East York,At Intersection,Traffic Signal,Clear,Daylight,Dry,Non-Fatal Injury,Pedestrian Collisions,Truck Driver,unknown,,,North,Truck (other),Turning Left,Improper Turn,Inattentive,,,,,,,Yes,,,,Yes,,,,,,,,,99,Mount Pleasant East,99,Mount Pleasant East (99),D53,"{""coordinates"": [[-79.3869199997471, 43.7002359997493]], ""type"": ""MultiPoint""}",2021
17155,17156,1001147674.0,2021-06-19,1250,DAVISVILLE AV,MOUNT PLEASANT RD,6 m West of,Major Arterial,Toronto and East York,At Intersection,Traffic Signal,Clear,Daylight,Dry,Non-Fatal Injury,Pedestrian Collisions,Pedestrian,20 to 24,Major,,South,,,,,Vehicle turns left while ped crosses with ROW at inter.,Crossing with right of way,Normal,,,,Yes,,,,Yes,,,,,,,,,99,Mount Pleasant East,99,Mount Pleasant East (99),D53,"{""coordinates"": [[-79.3869199997471, 43.7002359997493]], ""type"": ""MultiPoint""}",2021
17156,17157,1001151188.0,2021-06-19,2219,LAKE SHORE BLVD W,FORTY SECOND ST,,Major Arterial,Etobicoke York,At Intersection,Stop Sign,Clear,"Dark, artificial",Dry,Fatal,Turning Movement,Driver,30 to 34,,,North,"Automobile, Station Wagon",Turning Left,Driving Properly,Normal,,,,,,,,,Yes,Yes,,,,,,,,,,19,Long Branch,19,Long Branch (19),D22,"{""coordinates"": [[-79.5455960001094, 43.5896779998149]], ""type"": ""MultiPoint""}",2021
17157,17158,1001151188.0,2021-06-19,2219,LAKE SHORE BLVD W,FORTY SECOND ST,,Major Arterial,Etobicoke York,At Intersection,Stop Sign,Clear,"Dark, artificial",Dry,Fatal,Turning Movement,Motorcycle Driver,35 to 39,Fatal,10.0,East,Motorcycle,Going Ahead,Other,Unknown,,,,,,,,,Yes,Yes,,,,,,,,,,19,Long Branch,19,Long Branch (19),D22,"{""coordinates"": [[-79.5455960001094, 43.5896779998149]], ""type"": ""MultiPoint""}",2021
17158,17159,1001163687.0,2021-06-21,1842,FINCH AVE E,KENNETH AVE,90 m West of,Major Arterial,North York,Non Intersection,No Control,Clear,Daylight,Dry,Fatal,Rear End,Driver,75 to 79,Major,,West,"Automobile, Station Wagon",Going Ahead,Lost control,Unknown,,,,,,,,,Yes,,,Yes,,Yes,,,,,,151,Yonge-Doris,51,Willowdale East (51),D32,"{""coordinates"": [[-79.4132950001995, 43.7801649998196]], ""type"": ""MultiPoint""}",2021
17159,17160,1001163687.0,2021-06-21,1842,FINCH AVE E,KENNETH AVE,90 m West of,Major Arterial,North York,Non Intersection,No Control,Clear,Daylight,Dry,Fatal,Rear End,Driver,60 to 64,Minor,,West,Municipal Transit Bus (TTC),Going Ahead,Driving Properly,Normal,,,,,,,,,Yes,,,Yes,,Yes,,,,,,151,Yonge-Doris,51,Willowdale East (51),D32,"{""coordinates"": [[-79.4132950001995, 43.7801649998196]], ""type"": ""MultiPoint""}",2021
17160,17161,1001163687.0,2021-06-21,1842,FINCH AVE E,KENNETH AVE,90 m West of,Major Arterial,North York,Non Intersection,No Control,Clear,Daylight,Dry,Fatal,Rear End,Passenger,75 to 79,Fatal,12.0,,,,,,,,,,,,,,Yes,,,Yes,,Yes,,,,,,151,Yonge-Doris,51,Willowdale East (51),D32,"{""coordinates"": [[-79.4132950001995, 43.7801649998196]], ""type"": ""MultiPoint""}",2021
17161,17162,1001163687.0,2021-06-21,1842,FINCH AVE E,KENNETH AVE,90 m West of,Major Arterial,North York,Non Intersection,No Control,Clear,Daylight,Dry,Fatal,Rear End,Passenger,60 to 64,Minor,,,,,,,,,,,,,,,Yes,,,Yes,,Yes,,,,,,151,Yonge-Doris,51,Willowdale East (51),D32,"{""coordinates"": [[-79.4132950001995, 43.7801649998196]], ""type"": ""MultiPoint""}",2021
17162,17163,1001195784.0,2021-06-26,1004,HUNTINGWOOD DR,COLINAYRE CRES,,Minor Arterial,Scarborough,At Intersection,No Control,Clear,Daylight,Dry,Fatal,SMV Other,Motorcycle Driver,55 to 59,Fatal,13.0,East,Motorcycle,Going Ahead,Lost control,Unknown,,,,,,,,,,Yes,,,,,,,,,,118,Tam O'Shanter-Sullivan,118,Tam O'Shanter-Sullivan (118),D42,"{""coordinates"": [[-79.2955280005149, 43.7945050003368]], ""type"": ""MultiPoint""}",2021
17163,17164,1001241239.0,2021-07-02,1711,JANE  ST,WILSON  AVE,5 m North of,Major Arterial,North York,Intersection Related,Traffic Signal,Clear,Daylight,Wet,Non-Fatal Injury,Pedestrian Collisions,Driver,30 to 34,,,West,Pick Up Truck,Turning Right,Driving Properly,Normal,,,,,,,Yes,,Yes,,,,,Yes,,,,,,154,Oakdale-Beverley Heights,26,Downsview-Roding-CFB (26),D31,"{""coordinates"": [[-79.5085939994999, 43.7208429996106]], ""type"": ""MultiPoint""}",2021
17164,17165,1001241239.0,2021-07-02,1711,JANE  ST,WILSON  AVE,5 m North of,Major Arterial,North York,Intersection Related,Traffic Signal,Clear,Daylight,Wet,Non-Fatal Injury,Pedestrian Collisions,Passenger,55 to 59,,,,,,,,,,,,,,Yes,,Yes,,,,,Yes,,,,,,154,Oakdale-Beverley Heights,26,Downsview-Roding-CFB (26),D31,"{""coordinates"": [[-79.5085939994999, 43.7208429996106]], ""type"": ""MultiPoint""}",2021
17165,17166,1001241239.0,2021-07-02,1711,JANE  ST,WILSON  AVE,5 m North of,Major Arterial,North York,Intersection Related,Traffic Signal,Clear,Daylight,Wet,Non-Fatal Injury,Pedestrian Collisions,Pedestrian,60 to 64,Major,,West,,,,,Vehicle turns right while ped crosses without ROW at inter.,Crossing without right of way,Inattentive,,,,Yes,,Yes,,,,,Yes,,,,,,154,Oakdale-Beverley Heights,26,Downsview-Roding-CFB (26),D31,"{""coordinates"": [[-79.5085939994999, 43.7208429996106]], ""type"": ""MultiPoint""}",2021
17166,17167,1001246886.0,2021-07-03,1440,RIPLEY AV,SOUTH KINGSWAY,4 m South of,Minor Arterial,Toronto and East York,At Intersection,Stop Sign,Clear,Daylight,Dry,Non-Fatal Injury,Turning Movement,Driver,55 to 59,,,South,"Automobile, Station Wagon",Turning Left,Improper Turn,Inattentive,,,,,,,,,Yes,Yes,,,,,,,,,,87,High Park-Swansea,87,High Park-Swansea (87),D11,"{""coordinates"": [[-79.4750780004116, 43.636766999781]], ""type"": ""MultiPoint""}",2021
17167,17168,1001246886.0,2021-07-03,1440,RIPLEY AV,SOUTH KINGSWAY,4 m South of,Minor Arterial,Toronto and East York,At Intersection,Stop Sign,Clear,Daylight,Dry,Non-Fatal Injury,Turning Movement,Motorcycle Driver,45 to 49,Major,,North,Motorcycle,Going Ahead,Driving Properly,Normal,,,,,,,,,Yes,Yes,,,,,,,,,,87,High Park-Swansea,87,High Park-Swansea (87),D11,"{""coordinates"": [[-79.4750780004116, 43.636766999781]], ""type"": ""MultiPoint""}",2021
17168,17169,1001249614.0,2021-07-03,2233,DON VALLEY PARKWAY  S,GERRARD ST E,,Expressway,Toronto and East York,Non Intersection,No Control,Clear,"Dark, artificial",Dry,Fatal,Pedestrian Collisions,Pedestrian,15 to 19,Fatal,14.0,West,,,,,Pedestrian hit at mid-block,"Crossing, no Traffic Control",Unknown,,,,Yes,,Yes,,,,,,,,,,,70,South Riverdale,70,South Riverdale (70),D55,"{""coordinates"": [[-79.3552580000335, 43.6622649999108]], ""type"": ""MultiPoint""}",2021
17169,17170,1001249614.0,2021-07-03,2233,DON VALLEY PARKWAY  S,GERRARD ST E,,Expressway,Toronto and East York,Non Intersection,No Control,Clear,"Dark, artificial",Dry,Fatal,Pedestrian Collisions,Driver,60 to 64,,,South,"Automobile, Station Wagon",Going Ahead,Driving Properly,Normal,,,,,,,Yes,,Yes,,,,,,,,,,,70,South Riverdale,70,South Riverdale (70),D55,"{""coordinates"": [[-79.3552580000335, 43.6622649999108]], ""type"": ""MultiPoint""}",2021
17170,17171,1001250454.0,2021-07-04,138,KINGSTON RD,SHEPPARD AVE E,,Major Arterial,Scarborough,At Intersection,Traffic Signal,Clear,"Dark, artificial",Dry,Fatal,Angle,Driver,20 to 24,Fatal,15.0,West,"Automobile, Station Wagon",Going Ahead,Disobeyed Traffic Control,Normal,,,,,,,,,Yes,,,Yes,,,,Yes,Yes,,,133,Centennial Scarborough,133,Centennial Scarborough (133),D42,"{""coordinates"": [[-79.1461900003546, 43.7988500004037]], ""type"": ""MultiPoint""}",2021
17171,17172,1001250454.0,2021-07-04,138,KINGSTON RD,SHEPPARD AVE E,,Major Arterial,Scarborough,At Intersection,Traffic Signal,Clear,"Dark, artificial",Dry,Fatal,Angle,Driver,60 to 64,,,North,Municipal Transit Bus (TTC),Going Ahead,Driving Properly,Normal,,,,,,,,,Yes,,,Yes,,,,Yes,Yes,,,133,Centennial Scarborough,133,Centennial Scarborough (133),D42,"{""coordinates"": [[-79.1461900003546, 43.7988500004037]], ""type"": ""MultiPoint""}",2021
17172,17173,1001250737.0,2021-07-04,325,SHEPPARD AVE W,WILLIAM R ALLEN RD,,Major Arterial,North York,Non Intersection,No Control,Clear,Dark,Dry,Fatal,SMV Other,Motorcycle Driver,30 to 34,Fatal,16.0,East,Motorcycle,Going Ahead,Lost control,Inattentive,,,,,,,,,,Yes,,,,,,,,,,155,Downsview,26,Downsview-Roding-CFB (26),D32,"{""coordinates"": [[-79.4654040006148, 43.7502730001109]], ""type"": ""MultiPoint""}",2021
17173,17174,1001268493.0,2021-07-06,1455,GREENCEDAR CRCT,LAWRENCE  AVE E,25 m South o,Collector,Scarborough,Intersection Related,No Control,Clear,Daylight,Dry,Non-Fatal Injury,Pedestrian Collisions,Pedestrian,75 to 79,Major,,East,,,,,Pedestrian hit at mid-block,"Crossing, no Traffic Control",Normal,,,,Yes,,,,,,,,,,,,,141,Golfdale-Cedarbrae-Woburn,137,Woburn (137),D43,"{""coordinates"": [[-79.2330050001319, 43.7580209997184]], ""type"": ""MultiPoint""}",2021
17174,17175,1001274605.0,2021-07-07,1156,WOODMOUNT  AVE,STRATHMORE BLVD,,Local,Toronto and East York,At Intersection,Stop Sign,Clear,Daylight,Dry,Non-Fatal Injury,Pedestrian Collisions,Driver,35 to 39,,,North,Pick Up Truck,Going Ahead,Failed to Yield Right of Way,Inattentive,,,,,,,Yes,,Yes,,,,,,,Yes,,,,66,Danforth,66,Danforth (66),D55,"{""coordinates"": [[-79.3155700003484, 43.6858770004522]], ""type"": ""MultiPoint""}",2021
17175,17176,1001274605.0,2021-07-07,1156,WOODMOUNT  AVE,STRATHMORE BLVD,,Local,Toronto and East York,At Intersection,Stop Sign,Clear,Daylight,Dry,Non-Fatal Injury,Pedestrian Collisions,Pedestrian,30 to 34,Major,,East,,,,,Vehicle is going straight thru inter.while ped cross with ROW,Crossing with right of way,Normal,,,,Yes,,Yes,,,,,,,Yes,,,,66,Danforth,66,Danforth (66),D55,"{""coordinates"": [[-79.3155700003484, 43.6858770004522]], ""type"": ""MultiPoint""}",2021
17176,17177,1001297899.0,2021-07-10,2147,WINTERTON DR,LLOYD MANOR RD,,Collector,Etobicoke York,At Intersection,Stop Sign,Clear,"Dark, artificial",Dry,Fatal,SMV Other,Driver,60 to 64,Fatal,17.0,North,"Automobile, Station Wagon",Going Ahead,Lost control,"Ability Impaired, Drugs",,,,,,,,,Yes,,,,,,Yes,Yes,,,,10,Princess-Rosethorn,10,Princess-Rosethorn (10),D22,"{""coordinates"": [[-79.5550030001844, 43.6718469997525]], ""type"": ""MultiPoint""}",2021
17177,17178,1001311707.0,2021-07-13,745,GERRARD ST E,HORTICULTURAL AVE,5 m East of,Minor Arterial,Toronto and East York,Intersection Related,Stop Sign,Clear,Daylight,Dry,Non-Fatal Injury,Cyclist Collisions,Cyclist,75 to 79,Major,,South,Bicycle,Going Ahead,,,,,,"Cyclist without ROW rides into path of motorist at inter, lnwy, dwy-Cyclist not turn.",Improper Passing,Inattentive,,Yes,Yes,,,,,,,,,,,73,Moss Park,73,Moss Park (73),D51,"{""coordinates"": [[-79.3746980000729, 43.6606090001281]], ""type"": ""MultiPoint""}",2021
17178,17179,1001311707.0,2021-07-13,745,GERRARD ST E,HORTICULTURAL AVE,5 m East of,Minor Arterial,Toronto and East York,Intersection Related,Stop Sign,Clear,Daylight,Dry,Non-Fatal Injury,Cyclist Collisions,Driver,50 to 54,,,East,"Automobile, Station Wagon",Going Ahead,Driving Properly,Normal,,,,,,,,Yes,Yes,,,,,,,,,,,73,Moss Park,73,Moss Park (73),D51,"{""coordinates"": [[-79.3746980000729, 43.6606090001281]], ""type"": ""MultiPoint""}",2021
17179,17180,1001321784.0,2021-07-14,1440,DON MILLS RD,GREEN BELT DR,270 m North ,Major Arterial,Toronto and East York,Non Intersection,No Control,Clear,Daylight,Dry,Non-Fatal Injury,Pedestrian Collisions,Driver,70 to 74,,,North,"Automobile, Station Wagon",Going Ahead,Driving Properly,Normal,,,,,,,Yes,,Yes,,,,,,,,,,,42,Banbury-Don Mills,42,Banbury-Don Mills (42),D33,"{""coordinates"": [[-79.3415250000001, 43.7300170003494]], ""type"": ""MultiPoint""}",2021
17180,17181,1001321784.0,2021-07-14,1440,DON MILLS RD,GREEN BELT DR,270 m North ,Major Arterial,Toronto and East York,Non Intersection,No Control,Clear,Daylight,Dry,Non-Fatal Injury,Pedestrian Collisions,Pedestrian,15 to 19,Major,,East,,,,,Pedestrian hit at mid-block,"Crossing, no Traffic Control",Medical or Physical Disability,,,,Yes,,Yes,,,,,,,,,,,42,Banbury-Don Mills,42,Banbury-Don Mills (42),D33,"{""coordinates"": [[-79.3415250000001, 43.7300170003494]], ""type"": ""MultiPoint""}",2021
17181,17182,1001358291.0,2021-07-19,1740,5231 YONGE ST,ELLERSLIE AVE,64 m South o,Major Arterial,North York,Non Intersection,No Control,Clear,Daylight,Dry,Non-Fatal Injury,Cyclist Collisions,Cyclist,30 to 34,Major,,South,Bicycle,Going Ahead,,,,,,Cyclist and Driver travelling in same direction. One vehicle rear-ended the other.,Lost control,Unknown,,Yes,Yes,,,,,,,,,,,151,Yonge-Doris,51,Willowdale East (51),D32,"{""coordinates"": [[-79.4134089994446, 43.7713990003311]], ""type"": ""MultiPoint""}",2021
17182,17183,1001358291.0,2021-07-19,1740,5231 YONGE ST,ELLERSLIE AVE,64 m South o,Major Arterial,North York,Non Intersection,No Control,Clear,Daylight,Dry,Non-Fatal Injury,Cyclist Collisions,Driver,45 to 49,,,South,"Automobile, Station Wagon",Stopped,Driving Properly,Unknown,,,,,,,,Yes,Yes,,,,,,,,,,,151,Yonge-Doris,51,Willowdale East (51),D32,"{""coordinates"": [[-79.4134089994446, 43.7713990003311]], ""type"": ""MultiPoint""}",2021
17183,17184,1001358898.0,2021-07-19,1915,RIDELLE AVE,TIMES RD,5 m East of,Local,North York,At Intersection,Stop Sign,Clear,Daylight,Dry,Non-Fatal Injury,Pedestrian Collisions,Truck Driver,45 to 49,,,East,Tow Truck,Going Ahead,Failed to Yield Right of Way,Normal,,,,,,,Yes,,Yes,,,,,,,Yes,,,,108,Briar Hill-Belgravia,108,Briar Hill-Belgravia (108),D13,"{""coordinates"": [[-79.4467190005003, 43.7027309998936]], ""type"": ""MultiPoint""}",2021
17184,17185,1001358898.0,2021-07-19,1915,RIDELLE AVE,TIMES RD,5 m East of,Local,North York,At Intersection,Stop Sign,Clear,Daylight,Dry,Non-Fatal Injury,Pedestrian Collisions,Pedestrian,75 to 79,Major,,South,,,,,Vehicle is going straight thru inter.while ped cross with ROW,Crossing with right of way,Normal,,,,Yes,,Yes,,,,,,,Yes,,,,108,Briar Hill-Belgravia,108,Briar Hill-Belgravia (108),D13,"{""coordinates"": [[-79.4467190005003, 43.7027309998936]], ""type"": ""MultiPoint""}",2021
17185,17186,1001360205.0,2021-07-19,2343,DIXON  RD,ST PHILLIPS RD,8 m East of,Major Arterial,Etobicoke York,Intersection Related,No Control,Clear,"Dark, artificial",Dry,Non-Fatal Injury,Pedestrian Collisions,Driver,60 to 64,,,East,"Automobile, Station Wagon",Going Ahead,Driving Properly,Normal,,,,,,,Yes,,Yes,,,,,,,,,,,8,Humber Heights-Westmount,8,Humber Heights-Westmount (8),D23,"{""coordinates"": [[-79.5342289999141, 43.6997519997928]], ""type"": ""MultiPoint""}",2021
17186,17187,1001360205.0,2021-07-19,2343,DIXON  RD,ST PHILLIPS RD,8 m East of,Major Arterial,Etobicoke York,Intersection Related,No Control,Clear,"Dark, artificial",Dry,Non-Fatal Injury,Pedestrian Collisions,Pedestrian,50 to 54,Major,,South,,,,,Vehicle is going straight thru inter.while ped cross without ROW,Running onto Roadway,Inattentive,,,,Yes,,Yes,,,,,,,,,,,8,Humber Heights-Westmount,8,Humber Heights-Westmount (8),D23,"{""coordinates"": [[-79.5342289999141, 43.6997519997928]], ""type"": ""MultiPoint""}",2021
17187,17188,1001364901.0,2021-07-20,1611,CARLINGVIEW DR,CONSTELLATION CRT,,Major Arterial,Etobicoke York,At Intersection,No Control,Clear,Daylight,Dry,Fatal,SMV Other,Driver,65 to 69,Fatal,20.0,South,"Automobile, Station Wagon",Going Ahead,Lost control,Unknown,,,,,,,,,Yes,,,,,Yes,,,,,,1,West Humber-Clairville,1,West Humber-Clairville (1),D23,"{""coordinates"": [[-79.5973160004258, 43.6906880000958]], ""type"": ""MultiPoint""}",2021
17188,17189,1001364901.0,2021-07-20,1611,CARLINGVIEW DR,CONSTELLATION CRT,,Major Arterial,Etobicoke York,At Intersection,No Control,Clear,Daylight,Dry,Fatal,SMV Other,Passenger,65 to 69,Fatal,19.0,,,,,,,,,,,,,,Yes,,,,,Yes,,,,,,1,West Humber-Clairville,1,West Humber-Clairville (1),D23,"{""coordinates"": [[-79.5973160004258, 43.6906880000958]], ""type"": ""MultiPoint""}",2021
17189,17190,1001373443.0,2021-07-21,1937,27 S 427 C S RAMP,HIGHWAY 401 X  E,,Expressway Ramp,Etobicoke York,Non Intersection,No Control,Clear,Daylight,Dry,Fatal,Rear End,Driver,35 to 39,Minimal,,South,"Automobile, Station Wagon",Going Ahead,Exceeding Speed Limit,Normal,,,,,,,,,Yes,,,,,Yes,Yes,Yes,,,,1,West Humber-Clairville,1,West Humber-Clairville (1),D23,"{""coordinates"": [[-79.5779680005712, 43.6774280001154]], ""type"": ""MultiPoint""}",2021
17190,17191,1001373443.0,2021-07-21,1937,27 S 427 C S RAMP,HIGHWAY 401 X  E,,Expressway Ramp,Etobicoke York,Non Intersection,No Control,Clear,Daylight,Dry,Fatal,Rear End,Driver,35 to 39,,,South,"Automobile, Station Wagon",Going Ahead,Driving Properly,Normal,,,,,,,,,Yes,,,,,Yes,Yes,Yes,,,,1,West Humber-Clairville,1,West Humber-Clairville (1),D23,"{""coordinates"": [[-79.5779680005712, 43.6774280001154]], ""type"": ""MultiPoint""}",2021
17191,17192,1001373443.0,2021-07-21,1937,27 S 427 C S RAMP,HIGHWAY 401 X  E,,Expressway Ramp,Etobicoke York,Non Intersection,No Control,Clear,Daylight,Dry,Fatal,Rear End,Passenger,35 to 39,Fatal,21.0,,,,,,,,,,,,,,Yes,,,,,Yes,Yes,Yes,,,,1,West Humber-Clairville,1,West Humber-Clairville (1),D23,"{""coordinates"": [[-79.5779680005712, 43.6774280001154]], ""type"": ""MultiPoint""}",2021
17192,17193,1001373443.0,2021-07-21,1937,27 S 427 C S RAMP,HIGHWAY 401 X  E,,Expressway Ramp,Etobicoke York,Non Intersection,No Control,Clear,Daylight,Dry,Fatal,Rear End,Passenger,35 to 39,Minimal,,,,,,,,,,,,,,,Yes,,,,,Yes,Yes,Yes,,,,1,West Humber-Clairville,1,West Humber-Clairville (1),D23,"{""coordinates"": [[-79.5779680005712, 43.6774280001154]], ""type"": ""MultiPoint""}",2021
17193,17194,1001375642.0,2021-07-22,624,1854 EGLINTON AVE W,1854 EGLINTON AVE W,,Major Arterial,North York,At Intersection,Stop Sign,Clear,Daylight,Dry,Non-Fatal Injury,SMV Other,Driver,25 to 29,,,West,"Automobile, Station Wagon",Going Ahead,Driving Properly,Normal,,,,,,,Yes,,Yes,,,,,,,,,,,109,Caledonia-Fairbank,109,Caledonia-Fairbank (109),D13,"{""coordinates"": [[-79.4512669999574, 43.6954260000467]], ""type"": ""MultiPoint""}",2021
17194,17195,1001375642.0,2021-07-22,624,1854 EGLINTON AVE W,1854 EGLINTON AVE W,,Major Arterial,North York,At Intersection,Stop Sign,Clear,Daylight,Dry,Non-Fatal Injury,SMV Other,Pedestrian,25 to 29,Major,,South,,Going Ahead,,,,Crossing without right of way,Inattentive,,,,Yes,,Yes,,,,,,,,,,,109,Caledonia-Fairbank,109,Caledonia-Fairbank (109),D13,"{""coordinates"": [[-79.4512669999574, 43.6954260000467]], ""type"": ""MultiPoint""}",2021
17195,17196,1001385290.0,2021-07-23,1335,VICTORIA PARK AVE,EDGE PARK  AVE,19 m North o,Major Arterial,Scarborough,Non Intersection,No Control,Clear,Daylight,Dry,Non-Fatal Injury,Pedestrian Collisions,Driver,35 to 39,,,North,Pick Up Truck,Going Ahead,Driving Properly,Normal,,,,,,,Yes,,Yes,,,,,Yes,,,,,,43,Victoria Village,120,Clairlea-Birchmount (120),D55,"{""coordinates"": [[-79.2998839998304, 43.7180809998153]], ""type"": ""MultiPoint""}",2021
17196,17197,1001385290.0,2021-07-23,1335,VICTORIA PARK AVE,EDGE PARK  AVE,19 m North o,Major Arterial,Scarborough,Non Intersection,No Control,Clear,Daylight,Dry,Non-Fatal Injury,Pedestrian Collisions,Passenger,35 to 39,,,,Pick Up Truck,,,,,,,,,,Yes,,Yes,,,,,Yes,,,,,,43,Victoria Village,120,Clairlea-Birchmount (120),D55,"{""coordinates"": [[-79.2998839998304, 43.7180809998153]], ""type"": ""MultiPoint""}",2021
17197,17198,1001385290.0,2021-07-23,1335,VICTORIA PARK AVE,EDGE PARK  AVE,19 m North o,Major Arterial,Scarborough,Non Intersection,No Control,Clear,Daylight,Dry,Non-Fatal Injury,Pedestrian Collisions,Pedestrian,20 to 24,Major,,East,,,,,Pedestrian hit at mid-block,Running onto Roadway,Inattentive,,,,Yes,,Yes,,,,,Yes,,,,,,43,Victoria Village,120,Clairlea-Birchmount (120),D55,"{""coordinates"": [[-79.2998839998304, 43.7180809998153]], ""type"": ""MultiPoint""}",2021
17198,17199,1001386663.0,2021-07-23,1655,ALBION RD,FINCH AV W,200 m West o,Major Arterial,North York,Non Intersection,No Control,Clear,Daylight,Dry,Non-Fatal Injury,Turning Movement,Driver,50 to 54,Major,,North,"Automobile, Station Wagon",Turning Left,Failed to Yield Right of Way,Normal,,,,,,,,,Yes,,,,,,,Yes,,,,2,Mount Olive-Silverstone-Jamestown,2,Mount Olive-Silverstone-Jamestown (2),D23,"{""coordinates"": [[-79.5916020006133, 43.7415260002299]], ""type"": ""MultiPoint""}",2021