index,_id,ACCNUM,DATE,TIME,STREET1,STREET2,OFFSET,ROAD_CLASS,DISTRICT,ACCLOC,TRAFFCTL,VISIBILITY,LIGHT,RDSFCOND,ACCLASS,IMPACTYPE,INVTYPE,INVAGE,INJURY,FATAL_NO,INITDIR,VEHTYPE,MANOEUVER,DRIVACT,DRIVCOND,PEDTYPE,PEDACT,PEDCOND,CYCLISTYPE,CYCACT,CYCCOND,PEDESTRIAN,CYCLIST,AUTOMOBILE,MOTORCYCLE,TRUCK,TRSN_CITY_VEH,EMERG_VEH,PASSENGER,SPEEDING,AG_DRIV,REDLIGHT,ALCOHOL,DISABILITY,HOOD_158,NEIGHBOURHOOD_158,HOOD_140,NEIGHBOURHOOD_140,DIVISION,geometry,ACCIDENT_YEAR
17199,17200,1001386663.0,2021-07-23,1655,ALBION RD,FINCH AV W,200 m West o,Major Arterial,North York,Non Intersection,No Control,Clear,Daylight,Dry,Non-Fatal Injury,Turning Movement,Driver,50 to 54,,,East,"Automobile, Station Wagon",Going Ahead,Driving Properly,Normal,,,,,,,,,Yes,,,,,,,Yes,,,,2,Mount Olive-Silverstone-Jamestown,2,Mount Olive-Silverstone-Jamestown (2),D23,"{""coordinates"": [[-79.5916020006133, 43.7415260002299]], ""type"": ""MultiPoint""}",2021
17200,17201,1001388501.0,2021-07-23,2110,2472 KINGSTON RD,,120 M WEST O,Major Arterial,Scarborough,Non Intersection,,Clear,"Dark, artificial",Dry,Fatal,Pedestrian Collisions,Pedestrian,70 to 74,Fatal,22.0,Unknown,,,,,Pedestrian hit at mid-block,"Crossing, no Traffic Control",Inattentive,,,,Yes,,Yes,,,,,,Yes,Yes,,,,122,Birchcliffe-Cliffside,122,Birchcliffe-Cliffside (122),D41,"{""coordinates"": [[-79.2490190004003, 43.7097959998311]], ""type"": ""MultiPoint""}",2021
17201,17202,1001388501.0,2021-07-23,2110,2472 KINGSTON RD,,120 M WEST O,Major Arterial,Scarborough,Non Intersection,,Clear,"Dark, artificial",Dry,Fatal,Pedestrian Collisions,Driver,20 to 24,,,West,"Automobile, Station Wagon",Going Ahead,Exceeding Speed Limit,Normal,,,,,,,Yes,,Yes,,,,,,Yes,Yes,,,,122,Birchcliffe-Cliffside,122,Birchcliffe-Cliffside (122),D41,"{""coordinates"": [[-79.2490190004003, 43.7097959998311]], ""type"": ""MultiPoint""}",2021
17202,17203,1001390189.0,2021-07-24,440,670 BIRCHMOUNT RD,ANACONDA AVENUE,139 m North ,,,At/Near Private Drive,Traffic Signal,Clear,"Dark, artificial",Dry,Non-Fatal Injury,SMV Other,Driver,30 to 34,Minor,,North,"Automobile, Station Wagon",Going Ahead,Lost control,Fatigue,,,,,,,,,Yes,,,,,Yes,Yes,Yes,,,,120,Clairlea-Birchmount,120,Clairlea-Birchmount (120),D41,"{""coordinates"": [[-79.2741890002492, 43.7210839999258]], ""type"": ""MultiPoint""}",2021
17203,17204,1001390189.0,2021-07-24,440,670 BIRCHMOUNT RD,ANACONDA AVENUE,139 m North ,,,At/Near Private Drive,Traffic Signal,Clear,"Dark, artificial",Dry,Non-Fatal Injury,SMV Other,Passenger,10 to 14,Major,,,,,,,,,,,,,,,Yes,,,,,Yes,Yes,Yes,,,,120,Clairlea-Birchmount,120,Clairlea-Birchmount (120),D41,"{""coordinates"": [[-79.2741890002492, 43.7210839999258]], ""type"": ""MultiPoint""}",2021
17204,17205,1001390189.0,2021-07-24,440,670 BIRCHMOUNT RD,ANACONDA AVENUE,139 m North ,,,At/Near Private Drive,Traffic Signal,Clear,"Dark, artificial",Dry,Non-Fatal Injury,SMV Other,Passenger,5 to 9,Major,,,,,,,,,,,,,,,Yes,,,,,Yes,Yes,Yes,,,,120,Clairlea-Birchmount,120,Clairlea-Birchmount (120),D41,"{""coordinates"": [[-79.2741890002492, 43.7210839999258]], ""type"": ""MultiPoint""}",2021
17205,17206,1001392111.0,2021-07-24,1311,ROYAL YORK  RD,BLOOR  ST W,,Major Arterial,Etobicoke York,At Intersection,Traffic Signal,Rain,Daylight,Wet,Non-Fatal Injury,Pedestrian Collisions,Driver,45 to 49,,,South,Pick Up Truck,Turning Right,Failed to Yield Right of Way,Normal,,,,,,,Yes,,Yes,,,,,,,Yes,,,,16,Stonegate-Queensway,16,Stonegate-Queensway (16),D22,"{""coordinates"": [[-79.5113249995502, 43.6472919996745]], ""type"": ""MultiPoint""}",2021
17206,17207,1001392111.0,2021-07-24,1311,ROYAL YORK  RD,BLOOR  ST W,,Major Arterial,Etobicoke York,At Intersection,Traffic Signal,Rain,Daylight,Wet,Non-Fatal Injury,Pedestrian Collisions,Pedestrian,55 to 59,Major,,South,,,,,Vehicle turns right while ped crosses with ROW at inter.,Crossing with right of way,Normal,,,,Yes,,Yes,,,,,,,Yes,,,,16,Stonegate-Queensway,16,Stonegate-Queensway (16),D22,"{""coordinates"": [[-79.5113249995502, 43.6472919996745]], ""type"": ""MultiPoint""}",2021
17207,17208,1001394967.0,2021-07-24,2137,WILLIAM R ALLEN RD N,WILSON AVE,,,,Intersection Related,No Control,Rain,"Dark, artificial",Wet,Non-Fatal Injury,Rear End,Driver,20 to 24,,,North,"Automobile, Station Wagon",Going Ahead,Failed to Yield Right of Way,Inattentive,,,,,,,,,Yes,,,,,Yes,,Yes,,,,33,Clanton Park,33,Clanton Park (33),D32,"{""coordinates"": [[-79.449664000085, 43.7339809996612]], ""type"": ""MultiPoint""}",2021
17208,17209,1001394967.0,2021-07-24,2137,WILLIAM R ALLEN RD N,WILSON AVE,,,,Intersection Related,No Control,Rain,"Dark, artificial",Wet,Non-Fatal Injury,Rear End,Driver,30 to 34,Major,,North,"Automobile, Station Wagon",Going Ahead,Driving Properly,Normal,,,,,,,,,Yes,,,,,Yes,,Yes,,,,33,Clanton Park,33,Clanton Park (33),D32,"{""coordinates"": [[-79.449664000085, 43.7339809996612]], ""type"": ""MultiPoint""}",2021
17209,17210,1001394967.0,2021-07-24,2137,WILLIAM R ALLEN RD N,WILSON AVE,,,,Intersection Related,No Control,Rain,"Dark, artificial",Wet,Non-Fatal Injury,Rear End,Passenger,15 to 19,,,,,,,,,,,,,,,,Yes,,,,,Yes,,Yes,,,,33,Clanton Park,33,Clanton Park (33),D32,"{""coordinates"": [[-79.449664000085, 43.7339809996612]], ""type"": ""MultiPoint""}",2021
17210,17211,1001394967.0,2021-07-24,2137,WILLIAM R ALLEN RD N,WILSON AVE,,,,Intersection Related,No Control,Rain,"Dark, artificial",Wet,Non-Fatal Injury,Rear End,Passenger,15 to 19,,,,,,,,,,,,,,,,Yes,,,,,Yes,,Yes,,,,33,Clanton Park,33,Clanton Park (33),D32,"{""coordinates"": [[-79.449664000085, 43.7339809996612]], ""type"": ""MultiPoint""}",2021
17211,17212,1001394967.0,2021-07-24,2137,WILLIAM R ALLEN RD N,WILSON AVE,,,,Intersection Related,No Control,Rain,"Dark, artificial",Wet,Non-Fatal Injury,Rear End,Passenger,30 to 34,Minor,,,,,,,,,,,,,,,Yes,,,,,Yes,,Yes,,,,33,Clanton Park,33,Clanton Park (33),D32,"{""coordinates"": [[-79.449664000085, 43.7339809996612]], ""type"": ""MultiPoint""}",2021
17212,17213,1001394967.0,2021-07-24,2137,WILLIAM R ALLEN RD N,WILSON AVE,,,,Intersection Related,No Control,Rain,"Dark, artificial",Wet,Non-Fatal Injury,Rear End,Passenger,35 to 39,Minor,,,,,,,,,,,,,,,Yes,,,,,Yes,,Yes,,,,33,Clanton Park,33,Clanton Park (33),D32,"{""coordinates"": [[-79.449664000085, 43.7339809996612]], ""type"": ""MultiPoint""}",2021
17213,17214,1001394967.0,2021-07-24,2137,WILLIAM R ALLEN RD N,WILSON AVE,,,,Intersection Related,No Control,Rain,"Dark, artificial",Wet,Non-Fatal Injury,Rear End,Passenger,35 to 39,Major,,,,,,,,,,,,,,,Yes,,,,,Yes,,Yes,,,,33,Clanton Park,33,Clanton Park (33),D32,"{""coordinates"": [[-79.449664000085, 43.7339809996612]], ""type"": ""MultiPoint""}",2021
17214,17215,1001400939.0,2021-07-25,1922,52 HOLLAND AVE,VICTORIA PARK AVE,22 m West of,Local,Toronto and East York,At/Near Private Drive,No Control,Clear,Daylight,Dry,Non-Fatal Injury,Angle,Driver,45 to 49,,,South,"Automobile, Station Wagon",Reversing,Other,Normal,,,,,,,,,Yes,,,,,,,,,,,54,O'Connor-Parkview,54,O'Connor-Parkview (54),D55,"{""coordinates"": [[-79.299365000471, 43.7157240002321]], ""type"": ""MultiPoint""}",2021
17215,17216,1001400939.0,2021-07-25,1922,52 HOLLAND AVE,VICTORIA PARK AVE,22 m West of,Local,Toronto and East York,At/Near Private Drive,No Control,Clear,Daylight,Dry,Non-Fatal Injury,Angle,Driver,60 to 64,Major,,West,"Automobile, Station Wagon",Stopped,Other,Normal,,,,,,,,,Yes,,,,,,,,,,,54,O'Connor-Parkview,54,O'Connor-Parkview (54),D55,"{""coordinates"": [[-79.299365000471, 43.7157240002321]], ""type"": ""MultiPoint""}",2021
17216,17217,1001402939.0,2021-07-26,400,OAKWOOD AVE,ROGERS RD,,Minor Arterial,Toronto and East York,At Intersection,Traffic Signal,Clear,"Dark, artificial",Dry,Non-Fatal Injury,Turning Movement,Driver,20 to 24,Minor,,South,"Automobile, Station Wagon",Making U Turn,Improper Turn,Unknown,,,,,,,,,Yes,,,,,Yes,,Yes,,,,107,Oakwood Village,107,Oakwood Village (107),D13,"{""coordinates"": [[-79.4386549999731, 43.68706000008]], ""type"": ""MultiPoint""}",2021
17217,17218,1001402939.0,2021-07-26,400,OAKWOOD AVE,ROGERS RD,,Minor Arterial,Toronto and East York,At Intersection,Traffic Signal,Clear,"Dark, artificial",Dry,Non-Fatal Injury,Turning Movement,Driver,25 to 29,Major,,North,"Automobile, Station Wagon",Going Ahead,Driving Properly,Had Been Drinking,,,,,,,,,Yes,,,,,Yes,,Yes,,,,107,Oakwood Village,107,Oakwood Village (107),D13,"{""coordinates"": [[-79.4386549999731, 43.68706000008]], ""type"": ""MultiPoint""}",2021
17218,17219,1001402939.0,2021-07-26,400,OAKWOOD AVE,ROGERS RD,,Minor Arterial,Toronto and East York,At Intersection,Traffic Signal,Clear,"Dark, artificial",Dry,Non-Fatal Injury,Turning Movement,Passenger,20 to 24,Minimal,,,,,,,,,,,,,,,Yes,,,,,Yes,,Yes,,,,107,Oakwood Village,107,Oakwood Village (107),D13,"{""coordinates"": [[-79.4386549999731, 43.68706000008]], ""type"": ""MultiPoint""}",2021
17219,17220,1001402939.0,2021-07-26,400,OAKWOOD AVE,ROGERS RD,,Minor Arterial,Toronto and East York,At Intersection,Traffic Signal,Clear,"Dark, artificial",Dry,Non-Fatal Injury,Turning Movement,Passenger,20 to 24,Minimal,,,,,,,,,,,,,,,Yes,,,,,Yes,,Yes,,,,107,Oakwood Village,107,Oakwood Village (107),D13,"{""coordinates"": [[-79.4386549999731, 43.68706000008]], ""type"": ""MultiPoint""}",2021
17220,17221,1001406643.0,2021-07-26,1532,FRONT ST W,SPADINA AVE,,Major Arterial,Toronto and East York,At Intersection,Traffic Controller,Clear,Daylight,Dry,Non-Fatal Injury,SMV Other,Driver,65 to 69,,,West,"Automobile, Station Wagon",Going Ahead,Driving Properly,Normal,,,,,,,Yes,,Yes,,,,,,,,,,,165,Harbourfront-CityPlace,77,Waterfront Communities-The Island (77),D14,"{""coordinates"": [[-79.3939009998708, 43.6426720002776]], ""type"": ""MultiPoint""}",2021
17221,17222,1001406643.0,2021-07-26,1532,FRONT ST W,SPADINA AVE,,Major Arterial,Toronto and East York,At Intersection,Traffic Controller,Clear,Daylight,Dry,Non-Fatal Injury,SMV Other,Pedestrian,55 to 59,Major,,South,,Going Ahead,,,,Crossing without right of way,Had Been Drinking,,,,Yes,,Yes,,,,,,,,,,,165,Harbourfront-CityPlace,77,Waterfront Communities-The Island (77),D14,"{""coordinates"": [[-79.3939009998708, 43.6426720002776]], ""type"": ""MultiPoint""}",2021
17222,17223,1001428194.0,2021-07-29,1522,751 KIPLING AVE,,JUTLAND RD,Major Arterial,Etobicoke York,At/Near Private Drive,No Control,Clear,Daylight,Dry,Fatal,Turning Movement,Motorcycle Driver,35 to 39,Fatal,23.0,North,Motorcycle,Going Ahead,Exceeding Speed Limit,Unknown,,,,,,,,,Yes,Yes,,,,,Yes,Yes,,,,159,Etobicoke City Centre,14,Islington-City Centre West (14),D22,"{""coordinates"": [[-79.5292690005633, 43.6273069996581]], ""type"": ""MultiPoint""}",2021
17223,17224,1001428194.0,2021-07-29,1522,751 KIPLING AVE,,JUTLAND RD,Major Arterial,Etobicoke York,At/Near Private Drive,No Control,Clear,Daylight,Dry,Fatal,Turning Movement,Driver,15 to 19,,,West,"Automobile, Station Wagon",Turning Left,Failed to Yield Right of Way,Inattentive,,,,,,,,,Yes,Yes,,,,,Yes,Yes,,,,159,Etobicoke City Centre,14,Islington-City Centre West (14),D22,"{""coordinates"": [[-79.5292690005633, 43.6273069996581]], ""type"": ""MultiPoint""}",2021
17224,17225,1001438929.0,2021-07-31,36,F G GARDINER XY E,LOWER JARVIS ST,30 m West of,Expressway,Toronto and East York,Non Intersection,No Control,Clear,"Dark, artificial",Dry,Non-Fatal Injury,Rear End,Motorcycle Driver,35 to 39,Major,,East,Motorcycle,Going Ahead,Speed too Fast For Condition,Inattentive,,,,,,,,,Yes,Yes,,,,Yes,Yes,Yes,,,,166,St Lawrence-East Bayfront-The Islands,77,Waterfront Communities-The Island (77),D51,"{""coordinates"": [[-79.3703949994382, 43.6456359998622]], ""type"": ""MultiPoint""}",2021
17225,17226,1001438929.0,2021-07-31,36,F G GARDINER XY E,LOWER JARVIS ST,30 m West of,Expressway,Toronto and East York,Non Intersection,No Control,Clear,"Dark, artificial",Dry,Non-Fatal Injury,Rear End,Driver,50 to 54,,,East,"Automobile, Station Wagon",Going Ahead,Driving Properly,Normal,,,,,,,,,Yes,Yes,,,,Yes,Yes,Yes,,,,166,St Lawrence-East Bayfront-The Islands,77,Waterfront Communities-The Island (77),D51,"{""coordinates"": [[-79.3703949994382, 43.6456359998622]], ""type"": ""MultiPoint""}",2021
17226,17227,1001438929.0,2021-07-31,36,F G GARDINER XY E,LOWER JARVIS ST,30 m West of,Expressway,Toronto and East York,Non Intersection,No Control,Clear,"Dark, artificial",Dry,Non-Fatal Injury,Rear End,Passenger,50 to 54,,,East,"Automobile, Station Wagon",Going Ahead,,,,,,,,,,,Yes,Yes,,,,Yes,Yes,Yes,,,,166,St Lawrence-East Bayfront-The Islands,77,Waterfront Communities-The Island (77),D51,"{""coordinates"": [[-79.3703949994382, 43.6456359998622]], ""type"": ""MultiPoint""}",2021
17227,17228,1001438929.0,2021-07-31,36,F G GARDINER XY E,LOWER JARVIS ST,30 m West of,Expressway,Toronto and East York,Non Intersection,No Control,Clear,"Dark, artificial",Dry,Non-Fatal Injury,Rear End,Passenger,15 to 19,,,East,"Automobile, Station Wagon",Going Ahead,,,,,,,,,,,Yes,Yes,,,,Yes,Yes,Yes,,,,166,St Lawrence-East Bayfront-The Islands,77,Waterfront Communities-The Island (77),D51,"{""coordinates"": [[-79.3703949994382, 43.6456359998622]], ""type"": ""MultiPoint""}",2021
17228,17229,1001445870.0,2021-08-01,54,LAKE SHORE BLVD W,BATHURST ST,,Major Arterial,Toronto and East York,At Intersection,Traffic Signal,Clear,"Dark, artificial",Dry,Non-Fatal Injury,Angle,Driver,30 to 34,Minimal,,North,"Automobile, Station Wagon",Going Ahead,Other,Normal,,,,,,,,,Yes,,,,,Yes,,Yes,Yes,,,163,Fort York-Liberty Village,82,Niagara (82),D14,"{""coordinates"": [[-79.3996079999677, 43.636385999618]], ""type"": ""MultiPoint""}",2021
17229,17230,1001445870.0,2021-08-01,54,LAKE SHORE BLVD W,BATHURST ST,,Major Arterial,Toronto and East York,At Intersection,Traffic Signal,Clear,"Dark, artificial",Dry,Non-Fatal Injury,Angle,Driver,40 to 44,Major,,West,"Automobile, Station Wagon",Going Ahead,Disobeyed Traffic Control,Other,,,,,,,,,Yes,,,,,Yes,,Yes,Yes,,,163,Fort York-Liberty Village,82,Niagara (82),D14,"{""coordinates"": [[-79.3996079999677, 43.636385999618]], ""type"": ""MultiPoint""}",2021
17230,17231,1001445870.0,2021-08-01,54,LAKE SHORE BLVD W,BATHURST ST,,Major Arterial,Toronto and East York,At Intersection,Traffic Signal,Clear,"Dark, artificial",Dry,Non-Fatal Injury,Angle,Passenger,30 to 34,Minimal,,North,"Automobile, Station Wagon",Going Ahead,,,,,,,,,,,Yes,,,,,Yes,,Yes,Yes,,,163,Fort York-Liberty Village,82,Niagara (82),D14,"{""coordinates"": [[-79.3996079999677, 43.636385999618]], ""type"": ""MultiPoint""}",2021
17231,17232,1001452685.0,2021-08-02,530,WESTON RD,ROGERS RD,38 m South o,Major Arterial ,Toronto and East York,At/Near Private Drive,No Control,Clear,"Dawn, artificial",Dry,Non-Fatal Injury,Turning Movement,Driver,70 to 74,,,North,"Automobile, Station Wagon",Turning Left,Improper Turn,Normal,,,,,,,,,Yes,Yes,,,,,Yes,Yes,,,,111,Rockcliffe-Smythe,111,Rockcliffe-Smythe (111),D12,"{""coordinates"": [[-79.4764589995279, 43.6813189996596]], ""type"": ""MultiPoint""}",2021
17232,17233,1001452685.0,2021-08-02,530,WESTON RD,ROGERS RD,38 m South o,Major Arterial ,Toronto and East York,At/Near Private Drive,No Control,Clear,"Dawn, artificial",Dry,Non-Fatal Injury,Turning Movement,Motorcycle Driver,35 to 39,Major,,South,Motorcycle,Going Ahead,Exceeding Speed Limit,Normal,,,,,,,,,Yes,Yes,,,,,Yes,Yes,,,,111,Rockcliffe-Smythe,111,Rockcliffe-Smythe (111),D12,"{""coordinates"": [[-79.4764589995279, 43.6813189996596]], ""type"": ""MultiPoint""}",2021
17233,17234,1001461087.0,2021-08-03,1230,PHARMACY AVE,DANFORTH AVE,,Major Arterial,Scarborough,At Intersection,Traffic Signal,Clear,Daylight,Dry,Non-Fatal Injury,Pedestrian Collisions,Driver,60 to 64,,,South,Passenger Van,Turning Left,Driving Properly,Normal,,,,,,,Yes,,Yes,,,,,,,,,,,121,Oakridge,121,Oakridge (121),D41,"{""coordinates"": [[-79.2833439994383, 43.6922559997205]], ""type"": ""MultiPoint""}",2021
17234,17235,1001461087.0,2021-08-03,1230,PHARMACY AVE,DANFORTH AVE,,Major Arterial,Scarborough,At Intersection,Traffic Signal,Clear,Daylight,Dry,Non-Fatal Injury,Pedestrian Collisions,Pedestrian,30 to 34,Major,,West,,,,,Vehicle turns left while ped crosses without ROW at inter.,Crossing without right of way,Inattentive,,,,Yes,,Yes,,,,,,,,,,,121,Oakridge,121,Oakridge (121),D41,"{""coordinates"": [[-79.2833439994383, 43.6922559997205]], ""type"": ""MultiPoint""}",2021
17235,17236,1001466029.0,2021-08-04,619,SUMACH ST,WASCANA AVE,5 m North of,Local,Toronto and East York,Non Intersection,No Control,Clear,"Daylight, artificial",Dry,Non-Fatal Injury,SMV Other,Driver,60 to 64,Major,,South,"Automobile, Station Wagon",Going Ahead,Lost control,Medical or Physical Disability,,,,,,,,,Yes,,,,,,,,,,Yes,72,Regent Park,72,Regent Park (72),D51,"{""coordinates"": [[-79.3592939998969, 43.6577629998763]], ""type"": ""MultiPoint""}",2021
17236,17237,1001469287.0,2021-08-04,1441,ALLANFORD RD,SHEPPARD AVE E,,Major Arterial,Scarborough,At Intersection,Traffic Signal,Clear,Daylight,Dry,Non-Fatal Injury,Pedestrian Collisions,Driver,45 to 49,,,North,"Automobile, Station Wagon",Turning Left,Failed to Yield Right of Way,Inattentive,,,,,,,Yes,,Yes,,,,,,,Yes,,,,118,Tam O'Shanter-Sullivan,118,Tam O'Shanter-Sullivan (118),D42,"{""coordinates"": [[-79.2934219994824, 43.7820459996059]], ""type"": ""MultiPoint""}",2021
17237,17238,1001469287.0,2021-08-04,1441,ALLANFORD RD,SHEPPARD AVE E,,Major Arterial,Scarborough,At Intersection,Traffic Signal,Clear,Daylight,Dry,Non-Fatal Injury,Pedestrian Collisions,Pedestrian,25 to 29,Major,,South,,,,,Vehicle turns left while ped crosses with ROW at inter.,Crossing with right of way,Normal,,,,Yes,,Yes,,,,,,,Yes,,,,118,Tam O'Shanter-Sullivan,118,Tam O'Shanter-Sullivan (118),D42,"{""coordinates"": [[-79.2934219994824, 43.7820459996059]], ""type"": ""MultiPoint""}",2021
17238,17239,1001479611.0,2021-08-05,2302,DUFFERIN ST,RANEE AVE,,Major Arterial,North York,At Intersection,Traffic Signal,Clear,"Dark, artificial",Dry,Fatal,Turning Movement,Motorcycle Driver,15 to 19,Fatal,24.0,North,Motorcycle,Going Ahead,Disobeyed Traffic Control,Unknown,,,,,,,,,Yes,Yes,,,,,,Yes,Yes,Yes,,31,Yorkdale-Glen Park,31,Yorkdale-Glen Park (31),D32,"{""coordinates"": [[-79.4563710001438, 43.7215450000169]], ""type"": ""MultiPoint""}",2021
17239,17240,1001479611.0,2021-08-05,2302,DUFFERIN ST,RANEE AVE,,Major Arterial,North York,At Intersection,Traffic Signal,Clear,"Dark, artificial",Dry,Fatal,Turning Movement,Driver,25 to 29,,,South,"Automobile, Station Wagon",Turning Left,Driving Properly,"Ability Impaired, Alcohol",,,,,,,,,Yes,Yes,,,,,,Yes,Yes,Yes,,31,Yorkdale-Glen Park,31,Yorkdale-Glen Park (31),D32,"{""coordinates"": [[-79.4563710001438, 43.7215450000169]], ""type"": ""MultiPoint""}",2021
17240,17241,1001488085.0,2021-08-07,253,401 EB OFF RAMP,KINGSTON RD,26 m East of,Minor Arterial,Scarborough,At Intersection,Traffic Signal,Clear,Dark,Dry,Non-Fatal Injury,SMV Other,Motorcycle Driver,40 to 44,Major,,East,Motorcycle,Going Ahead,Lost control,Normal,,,,,,,,,,Yes,,,,,,,,,,133,Centennial Scarborough,133,Centennial Scarborough (133),D42,"{""coordinates"": [[-79.1459310002795, 43.7987120001752]], ""type"": ""MultiPoint""}",2021
17241,17242,1001493213.0,2021-08-07,2150,VEROBEACH BLVD,ST LUCIE DR,5 m East of,Local,North York,Non Intersection,No Control,Clear,Dark,Dry,Non-Fatal Injury,SMV Unattended Vehicle,Motorcycle Driver,45 to 49,Major,,East,Motorcycle,Going Ahead,Exceeding Speed Limit,Unknown,,,,,,,,,,Yes,,,,,Yes,Yes,,,,22,Humbermede,22,Humbermede (22),D31,"{""coordinates"": [[-79.543925999765, 43.7374599999762]], ""type"": ""MultiPoint""}",2021
17242,17243,1001493289.0,2021-08-07,2205,ST CLAIR AV W,CALEDONIA RD,70 m East of,Major Arterial,Toronto and East York,Non Intersection,Traffic Signal,Clear,"Dark, artificial",Dry,Non-Fatal Injury,SMV Other,Driver,40 to 44,Major,,East,"Automobile, Station Wagon",Going Ahead,Lost control,Inattentive,,,,,,,,,Yes,,,,,,,Yes,,,,92,Corso Italia-Davenport,92,Corso Italia-Davenport (92),D13,"{""coordinates"": [[-79.4539220004255, 43.6755170000987]], ""type"": ""MultiPoint""}",2021
17243,17244,1001493415.0,2021-08-07,2236,FRONT ST W,SPADINA  AVE,15 m South o,Major Arterial,Toronto and East York,At Intersection,Traffic Signal,Clear,Dark,Dry,Non-Fatal Injury,Pedestrian Collisions,Driver,35 to 39,,,West,Passenger Van,Going Ahead,Driving Properly,Normal,,,,,,,Yes,,Yes,,,,,,,,,,,165,Harbourfront-CityPlace,77,Waterfront Communities-The Island (77),D52,"{""coordinates"": [[-79.3938859995596, 43.6426649996305]], ""type"": ""MultiPoint""}",2021
17244,17245,1001493415.0,2021-08-07,2236,FRONT ST W,SPADINA  AVE,15 m South o,Major Arterial,Toronto and East York,At Intersection,Traffic Signal,Clear,Dark,Dry,Non-Fatal Injury,Pedestrian Collisions,Pedestrian,20 to 24,Major,,North,,,,,Vehicle is going straight thru inter.while ped cross without ROW,Crossing without right of way,Had Been Drinking,,,,Yes,,Yes,,,,,,,,,,,165,Harbourfront-CityPlace,77,Waterfront Communities-The Island (77),D52,"{""coordinates"": [[-79.3938859995596, 43.6426649996305]], ""type"": ""MultiPoint""}",2021
17245,17246,1001512252.0,2021-08-10,1525,ST CLAIR  AVE W,ST CLAIR GDNS,18 m East of,Major Arterial,Etobicoke York,Intersection Related,Traffic Signal,Clear,Daylight,Dry,Non-Fatal Injury,Pedestrian Collisions,Driver,45 to 49,,,East,Street Car,Going Ahead,Driving Properly,Normal,,,,,,,Yes,,,,,Yes,,,,,,,,92,Corso Italia-Davenport,92,Corso Italia-Davenport (92),D13,"{""coordinates"": [[-79.4450259994214, 43.677431999972]], ""type"": ""MultiPoint""}",2021
17246,17247,1001512252.0,2021-08-10,1525,ST CLAIR  AVE W,ST CLAIR GDNS,18 m East of,Major Arterial,Etobicoke York,Intersection Related,Traffic Signal,Clear,Daylight,Dry,Non-Fatal Injury,Pedestrian Collisions,Pedestrian,55 to 59,Major,,North,,,,,Pedestrian involved in a collision with transit vehicle anywhere along roadway,"Crossing, no Traffic Control",Inattentive,,,,Yes,,,,,Yes,,,,,,,,92,Corso Italia-Davenport,92,Corso Italia-Davenport (92),D13,"{""coordinates"": [[-79.4450259994214, 43.677431999972]], ""type"": ""MultiPoint""}",2021
17247,17248,1001517326.0,2021-08-11,920,BROCK AVE,SEAFORTH AVE,5 m North of,Collector,Toronto and East York,At Intersection,No Control,Clear,Daylight,Dry,Non-Fatal Injury,Pedestrian Collisions,Driver,40 to 44,,,South,"Automobile, Station Wagon",Turning Right,Improper Turn,Inattentive,,,,,,,Yes,,Yes,,,,,,,,,,,86,Roncesvalles,86,Roncesvalles (86),D11,"{""coordinates"": [[-79.4331770003092, 43.643630000398]], ""type"": ""MultiPoint""}",2021
17248,17249,1001517326.0,2021-08-11,920,BROCK AVE,SEAFORTH AVE,5 m North of,Collector,Toronto and East York,At Intersection,No Control,Clear,Daylight,Dry,Non-Fatal Injury,Pedestrian Collisions,Pedestrian,20 to 24,Major,,South,,,,,Pedestrian hit on sidewalk or shoulder,On Sidewalk or Shoulder,Normal,,,,Yes,,Yes,,,,,,,,,,,86,Roncesvalles,86,Roncesvalles (86),D11,"{""coordinates"": [[-79.4331770003092, 43.643630000398]], ""type"": ""MultiPoint""}",2021
17249,17250,1001530843.0,2021-08-13,200,GARDIER XWY,DVP,,Major Arterial,Toronto and East York,Non Intersection,No Control,Clear,"Dark, artificial",Dry,Non-Fatal Injury,SMV Other,Motorcycle Driver,25 to 29,Major,,East,Motorcycle,Going Ahead,Lost control,Inattentive,,,,,,,,,,Yes,,,,,,,,,,70,South Riverdale,70,South Riverdale (70),D55,"{""coordinates"": [[-79.3465610005995, 43.6509919998138]], ""type"": ""MultiPoint""}",2021
17250,17251,1001537853.0,2021-08-13,2355,800 BATHURST ST,,30 m North o,Major Arterial,Toronto and East York,Non Intersection,No Control,Clear,"Dark, artificial",Dry,Non-Fatal Injury,Pedestrian Collisions,Driver,50 to 54,,,North,"Automobile, Station Wagon",Going Ahead,Driving Properly,Normal,,,,,,,Yes,,Yes,,,,,,,,,,,95,Annex,95,Annex (95),D14,"{""coordinates"": [[-79.4113650002182, 43.6655070004556]], ""type"": ""MultiPoint""}",2021
17251,17252,1001537853.0,2021-08-13,2355,800 BATHURST ST,,30 m North o,Major Arterial,Toronto and East York,Non Intersection,No Control,Clear,"Dark, artificial",Dry,Non-Fatal Injury,Pedestrian Collisions,Pedestrian,15 to 19,Major,,East,,,,,Pedestrian hit at mid-block,"Crossing, no Traffic Control",Inattentive,,,,Yes,,Yes,,,,,,,,,,,95,Annex,95,Annex (95),D14,"{""coordinates"": [[-79.4113650002182, 43.6655070004556]], ""type"": ""MultiPoint""}",2021