index,_id,ACCNUM,DATE,TIME,STREET1,STREET2,OFFSET,ROAD_CLASS,DISTRICT,ACCLOC,TRAFFCTL,VISIBILITY,LIGHT,RDSFCOND,ACCLASS,IMPACTYPE,INVTYPE,INVAGE,INJURY,FATAL_NO,INITDIR,VEHTYPE,MANOEUVER,DRIVACT,DRIVCOND,PEDTYPE,PEDACT,PEDCOND,CYCLISTYPE,CYCACT,CYCCOND,PEDESTRIAN,CYCLIST,AUTOMOBILE,MOTORCYCLE,TRUCK,TRSN_CITY_VEH,EMERG_VEH,PASSENGER,SPEEDING,AG_DRIV,REDLIGHT,ALCOHOL,DISABILITY,HOOD_158,NEIGHBOURHOOD_158,HOOD_140,NEIGHBOURHOOD_140,DIVISION,geometry,ACCIDENT_YEAR
17252,17253,1001538488.0,2021-08-14,243,BLOOR ST W,EAGLE RD,,Major Arterial,Etobicoke York,Non Intersection,No Control,Clear,"Dark, artificial",Dry,Fatal,Pedestrian Collisions,Passenger,20 to 24,Fatal,25.0,,,,,,,,,,,,,,Yes,,,,,Yes,Yes,Yes,,,,16,Stonegate-Queensway,16,Stonegate-Queensway (16),D22,"{""coordinates"": [[-79.5200529999975, 43.6453539995543]], ""type"": ""MultiPoint""}",2021
17253,17254,1001538488.0,2021-08-14,243,BLOOR ST W,EAGLE RD,,Major Arterial,Etobicoke York,Non Intersection,No Control,Clear,"Dark, artificial",Dry,Fatal,Pedestrian Collisions,Driver,20 to 24,Minor,,West,"Automobile, Station Wagon",Going Ahead,Speed too Fast For Condition,Inattentive,,,,,,,,,Yes,,,,,Yes,Yes,Yes,,,,16,Stonegate-Queensway,16,Stonegate-Queensway (16),D22,"{""coordinates"": [[-79.5200529999975, 43.6453539995543]], ""type"": ""MultiPoint""}",2021
17254,17255,1001545631.0,2021-08-15,550,106 BEECH AVE,,1 m East of,Major Arterial,Toronto and East York,At/Near Private Drive,No Control,Clear,"Dark, artificial",Dry,Non-Fatal Injury,Cyclist Collisions,Driver,25 to 29,,,West,"Automobile, Station Wagon",Reversing,Other,Normal,,,,,,,,Yes,Yes,,,,,,,,,,,63,The Beaches,63,The Beaches (63),D55,"{""coordinates"": [[-79.2879520004111, 43.6735559996212]], ""type"": ""MultiPoint""}",2021
17255,17256,1001545631.0,2021-08-15,550,106 BEECH AVE,,1 m East of,Major Arterial,Toronto and East York,At/Near Private Drive,No Control,Clear,"Dark, artificial",Dry,Non-Fatal Injury,Cyclist Collisions,Cyclist,55 to 59,Major,,South,Bicycle,Going Ahead,,,,,,Motorist reversing struck cyclist.,Wrong Way on One Way Road,Normal,,Yes,Yes,,,,,,,,,,,63,The Beaches,63,The Beaches (63),D55,"{""coordinates"": [[-79.2879520004111, 43.6735559996212]], ""type"": ""MultiPoint""}",2021
17256,17257,1001547694.0,2021-08-15,1415,DON VALLEY PARKWAY  N,BAYVIEW BLOOR DVP N RAMP,1 km North o,Expressway,Scarborough,Non Intersection,No Control,Clear,Daylight,Dry,Fatal,Rear End,Motorcycle Driver,20 to 24,Fatal,29.0,North,Motorcycle,Going Ahead,Speed too Fast For Condition,Unknown,,,,,,,,,,Yes,Yes,,,Yes,Yes,Yes,,,,57,Broadview North,57,Broadview North (57),D55,"{""coordinates"": [[-79.3592710000751, 43.6909969995754]], ""type"": ""MultiPoint""}",2021
17257,17258,1001547694.0,2021-08-15,1415,DON VALLEY PARKWAY  N,BAYVIEW BLOOR DVP N RAMP,1 km North o,Expressway,Scarborough,Non Intersection,No Control,Clear,Daylight,Dry,Fatal,Rear End,Truck Driver,20 to 24,,,North,Truck - Dump,Going Ahead,Driving Properly,Normal,,,,,,,,,,Yes,Yes,,,Yes,Yes,Yes,,,,57,Broadview North,57,Broadview North (57),D55,"{""coordinates"": [[-79.3592710000751, 43.6909969995754]], ""type"": ""MultiPoint""}",2021
17258,17259,1001547694.0,2021-08-15,1415,DON VALLEY PARKWAY  N,BAYVIEW BLOOR DVP N RAMP,1 km North o,Expressway,Scarborough,Non Intersection,No Control,Clear,Daylight,Dry,Fatal,Rear End,Passenger,30 to 34,,,,,,,,,,,,,,,,,Yes,Yes,,,Yes,Yes,Yes,,,,57,Broadview North,57,Broadview North (57),D55,"{""coordinates"": [[-79.3592710000751, 43.6909969995754]], ""type"": ""MultiPoint""}",2021
17259,17260,1001551843.0,2021-08-16,631,ISLINGTON AVE,THOROLD GT,1 m South of,Local,Etobicoke York,Intersection Related,Stop Sign,Clear,Daylight,Dry,Non-Fatal Injury,Turning Movement,Driver,45 to 49,,,East,"Automobile, Station Wagon",Turning Left,Failed to Yield Right of Way,Inattentive,,,,,,,,,Yes,Yes,,,,,,Yes,,,,21,Humber Summit,21,Humber Summit (21),D31,"{""coordinates"": [[-79.5735429996497, 43.7626860003341]], ""type"": ""MultiPoint""}",2021
17260,17261,1001551843.0,2021-08-16,631,ISLINGTON AVE,THOROLD GT,1 m South of,Local,Etobicoke York,Intersection Related,Stop Sign,Clear,Daylight,Dry,Non-Fatal Injury,Turning Movement,Motorcycle Driver,60 to 64,Major,,North,Motorcycle,Going Ahead,Driving Properly,Normal,,,,,,,,,Yes,Yes,,,,,,Yes,,,,21,Humber Summit,21,Humber Summit (21),D31,"{""coordinates"": [[-79.5735429996497, 43.7626860003341]], ""type"": ""MultiPoint""}",2021
17261,17262,1001562119.0,2021-08-17,1504,EGLINTON  AVE W,MARTIN GROVE RD,20 m East of,Major Arterial,Etobicoke York,Intersection Related,Traffic Signal,Clear,Daylight,Dry,Non-Fatal Injury,Pedestrian Collisions,Driver,20 to 24,,,South,"Automobile, Station Wagon",Turning Left,Lost control,Unknown,,,,,,,Yes,,Yes,,,,,,,,,,,10,Princess-Rosethorn,10,Princess-Rosethorn (10),D22,"{""coordinates"": [[-79.5631289995067, 43.6744069996091]], ""type"": ""MultiPoint""}",2021
17262,17263,1001562119.0,2021-08-17,1504,EGLINTON  AVE W,MARTIN GROVE RD,20 m East of,Major Arterial,Etobicoke York,Intersection Related,Traffic Signal,Clear,Daylight,Dry,Non-Fatal Injury,Pedestrian Collisions,Pedestrian,70 to 74,Major,,Unknown,,,,,Pedestrian hit on sidewalk or shoulder,On Sidewalk or Shoulder,Normal,,,,Yes,,Yes,,,,,,,,,,,10,Princess-Rosethorn,10,Princess-Rosethorn (10),D22,"{""coordinates"": [[-79.5631289995067, 43.6744069996091]], ""type"": ""MultiPoint""}",2021
17263,17264,1001563711.0,2021-08-17,1900,CHERRY ST,FRONT ST E,1 m West of,Collector,North York,At Intersection,Traffic Signal,Clear,Daylight,Dry,Non-Fatal Injury,Pedestrian Collisions,Driver,30 to 34,,,North,"Automobile, Station Wagon",Turning Left,Failed to Yield Right of Way,Unknown,,,,,,,Yes,,Yes,,,,,,,Yes,,,,166,St Lawrence-East Bayfront-The Islands,77,Waterfront Communities-The Island (77),D51,"{""coordinates"": [[-79.3579510000528, 43.6525869997955]], ""type"": ""MultiPoint""}",2021
17264,17265,1001563711.0,2021-08-17,1900,CHERRY ST,FRONT ST E,1 m West of,Collector,North York,At Intersection,Traffic Signal,Clear,Daylight,Dry,Non-Fatal Injury,Pedestrian Collisions,Pedestrian,25 to 29,Major,,North,,,,,Vehicle turns left while ped crosses with ROW at inter.,Crossing with right of way,Normal,,,,Yes,,Yes,,,,,,,Yes,,,,166,St Lawrence-East Bayfront-The Islands,77,Waterfront Communities-The Island (77),D51,"{""coordinates"": [[-79.3579510000528, 43.6525869997955]], ""type"": ""MultiPoint""}",2021
17265,17266,1001569148.0,2021-08-18,1442,YONGE ST,FINCH AVE E,,Major Arterial,North York,At Intersection,Traffic Signal,Clear,Daylight,Dry,Fatal,Pedestrian Collisions,Pedestrian,80 to 84,Fatal,35.0,East,,,,,Vehicle turns left while ped crosses with ROW at inter.,Crossing with right of way,Normal,,,,Yes,,,,,,,,,,,,,151,Yonge-Doris,51,Willowdale East (51),D32,"{""coordinates"": [[-79.4155459997531, 43.7797650002439]], ""type"": ""MultiPoint""}",2021
17266,17267,1001569148.0,2021-08-18,1442,YONGE ST,FINCH AVE E,,Major Arterial,North York,At Intersection,Traffic Signal,Clear,Daylight,Dry,Fatal,Pedestrian Collisions,,55 to 59,,,,,,,,,,,,,,Yes,,,,,,,,,,,,,151,Yonge-Doris,51,Willowdale East (51),D32,"{""coordinates"": [[-79.4155459997531, 43.7797650002439]], ""type"": ""MultiPoint""}",2021
17267,17268,1001570554.0,2021-08-18,1810,AVENUE RD,BLOOR ST W,,Major Arterial,North York,Non Intersection,No Control,Clear,Daylight,Dry,Fatal,Cyclist Collisions,Cyclist,15 to 19,Fatal,26.0,North,Bicycle,Going Ahead,,,,,,Cyclist and Driver travelling in same direction. One vehicle rear-ended the other.,Driving Properly,Unknown,,Yes,,,Yes,,,,,Yes,,,,169,Bay-Cloverhill,76,Bay Street Corridor (76),D52,"{""coordinates"": [[-79.3940990001688, 43.6686459997898]], ""type"": ""MultiPoint""}",2021
17268,17269,1001570554.0,2021-08-18,1810,AVENUE RD,BLOOR ST W,,Major Arterial,North York,Non Intersection,No Control,Clear,Daylight,Dry,Fatal,Cyclist Collisions,Truck Driver,50 to 54,,,North,Truck - Tank,Going Ahead,Improper Passing,Inattentive,,,,,,,,Yes,,,Yes,,,,,Yes,,,,169,Bay-Cloverhill,76,Bay Street Corridor (76),D52,"{""coordinates"": [[-79.3940990001688, 43.6686459997898]], ""type"": ""MultiPoint""}",2021
17269,17270,1001572143.0,2021-08-18,2240,KIPLING  AVE,DIXON RD,,Major Arterial,Etobicoke York,At Intersection,Traffic Signal,Clear,"Dark, artificial",Dry,Non-Fatal Injury,Pedestrian Collisions,Driver,45 to 49,,,South,"Automobile, Station Wagon",Going Ahead,Driving Properly,Normal,,,,,,,Yes,,Yes,,,,,,,,,,,6,Kingsview Village-The Westway,6,Kingsview Village-The Westway (6),D23,"{""coordinates"": [[-79.5586050005306, 43.6941779998349]], ""type"": ""MultiPoint""}",2021
17270,17271,1001572143.0,2021-08-18,2240,KIPLING  AVE,DIXON RD,,Major Arterial,Etobicoke York,At Intersection,Traffic Signal,Clear,"Dark, artificial",Dry,Non-Fatal Injury,Pedestrian Collisions,Pedestrian,45 to 49,Major,,West,,,,,Vehicle is going straight thru inter.while ped cross without ROW,Running onto Roadway,Normal,,,,Yes,,Yes,,,,,,,,,,,6,Kingsview Village-The Westway,6,Kingsview Village-The Westway (6),D23,"{""coordinates"": [[-79.5586050005306, 43.6941779998349]], ""type"": ""MultiPoint""}",2021
17271,17272,1001585997.0,2021-08-20,2020,NEILSON RD,OAKMEADOW BLVD,,Minor Arterial,Scarborough,Non Intersection,No Control,Clear,Daylight,Dry,Fatal,Pedestrian Collisions,Pedestrian,30 to 34,Fatal,27.0,Unknown,,,,,Pedestrian hit at mid-block,Other,Medical or Physical Disability,,,,Yes,,Yes,,,,,,,,,,,135,Morningside,135,Morningside (135),D43,"{""coordinates"": [[-79.2123370003209, 43.7903200000611]], ""type"": ""MultiPoint""}",2021
17272,17273,1001585997.0,2021-08-20,2020,NEILSON RD,OAKMEADOW BLVD,,Minor Arterial,Scarborough,Non Intersection,No Control,Clear,Daylight,Dry,Fatal,Pedestrian Collisions,Driver,50 to 54,,,South,"Automobile, Station Wagon",Going Ahead,Other,Normal,,,,,,,Yes,,Yes,,,,,,,,,,,135,Morningside,135,Morningside (135),D43,"{""coordinates"": [[-79.2123370003209, 43.7903200000611]], ""type"": ""MultiPoint""}",2021
17273,17274,1001587761.0,2021-08-21,516,MORNINGSIDE AVE,JOHN STONER DR,154 m East o,Collector,Scarborough,Non Intersection,No Control,Clear,"Dark, artificial",Dry,Non-Fatal Injury,SMV Other,Driver,25 to 29,Major,,West,"Automobile, Station Wagon",Pulling Onto Shoulder or towardCurb,Lost control,"Ability Impaired, Alcohol Over .08",,,,,,,,,Yes,,,,,,,,,Yes,,144,Morningside Heights,131,Rouge (131),D42,"{""coordinates"": [[-79.2051499994259, 43.8139290004355]], ""type"": ""MultiPoint""}",2021
17274,17275,1001592099.0,2021-08-21,1916,NANTUCKET BLVD,WICKWARE,50 m North o,Collector,Scarborough,Non Intersection,No Control,Clear,Daylight,Dry,Non-Fatal Injury,SMV Other,Motorcycle Driver,25 to 29,Major,,North,Motorcycle,Going Ahead,Speed too Fast For Condition,"Ability Impaired, Drugs",,,,,,,,,,Yes,,,,,Yes,Yes,,,,126,Dorset Park,126,Dorset Park (126),D41,"{""coordinates"": [[-79.2731889994187, 43.7544010000185]], ""type"": ""MultiPoint""}",2021
17275,17276,1001597350.0,2021-08-22,1533,CALEDONIA RD,LOTHERTON PTWY,,Minor Arterial,North York,At Intersection,No Control,Clear,Daylight,Dry,Fatal,Turning Movement,Motorcycle Driver,35 to 39,Fatal,28.0,South,Motorcycle,Going Ahead,Exceeding Speed Limit,Inattentive,,,,,,,,,Yes,Yes,,,,,Yes,Yes,,,,31,Yorkdale-Glen Park,31,Yorkdale-Glen Park (31),D13,"{""coordinates"": [[-79.4651060003119, 43.7058510000894]], ""type"": ""MultiPoint""}",2021
17276,17277,1001597350.0,2021-08-22,1533,CALEDONIA RD,LOTHERTON PTWY,,Minor Arterial,North York,At Intersection,No Control,Clear,Daylight,Dry,Fatal,Turning Movement,Driver,60 to 64,,,North,"Automobile, Station Wagon",Turning Left,Failed to Yield Right of Way,Inattentive,,,,,,,,,Yes,Yes,,,,,Yes,Yes,,,,31,Yorkdale-Glen Park,31,Yorkdale-Glen Park (31),D13,"{""coordinates"": [[-79.4651060003119, 43.7058510000894]], ""type"": ""MultiPoint""}",2021
17277,17278,1001598412.0,2021-08-22,1828,MARTIN GROVE RD,Near TOLLINGTON RD,1 m North of,Major Arterial,Etobicoke York,Non Intersection,No Control,Clear,Daylight,Dry,Non-Fatal Injury,Turning Movement,Driver,15 to 19,Minor,,North,"Automobile, Station Wagon",Making U Turn,Improper Turn,Inattentive,,,,,,,,,Yes,,,,,Yes,,,,,,7,Willowridge-Martingrove-Richview,7,Willowridge-Martingrove-Richview (7),D23,"{""coordinates"": [[-79.5686070002756, 43.686652000196]], ""type"": ""MultiPoint""}",2021
17278,17279,1001598412.0,2021-08-22,1828,MARTIN GROVE RD,Near TOLLINGTON RD,1 m North of,Major Arterial,Etobicoke York,Non Intersection,No Control,Clear,Daylight,Dry,Non-Fatal Injury,Turning Movement,Driver,30 to 34,Minimal,,North,"Automobile, Station Wagon",Going Ahead,Driving Properly,Normal,,,,,,,,,Yes,,,,,Yes,,,,,,7,Willowridge-Martingrove-Richview,7,Willowridge-Martingrove-Richview (7),D23,"{""coordinates"": [[-79.5686070002756, 43.686652000196]], ""type"": ""MultiPoint""}",2021
17279,17280,1001598412.0,2021-08-22,1828,MARTIN GROVE RD,Near TOLLINGTON RD,1 m North of,Major Arterial,Etobicoke York,Non Intersection,No Control,Clear,Daylight,Dry,Non-Fatal Injury,Turning Movement,Passenger,15 to 19,Minimal,,North,"Automobile, Station Wagon",Making U Turn,,,,,,,,,,,Yes,,,,,Yes,,,,,,7,Willowridge-Martingrove-Richview,7,Willowridge-Martingrove-Richview (7),D23,"{""coordinates"": [[-79.5686070002756, 43.686652000196]], ""type"": ""MultiPoint""}",2021
17280,17281,1001598412.0,2021-08-22,1828,MARTIN GROVE RD,Near TOLLINGTON RD,1 m North of,Major Arterial,Etobicoke York,Non Intersection,No Control,Clear,Daylight,Dry,Non-Fatal Injury,Turning Movement,Passenger,15 to 19,Major,,North,"Automobile, Station Wagon",Making U Turn,,,,,,,,,,,Yes,,,,,Yes,,,,,,7,Willowridge-Martingrove-Richview,7,Willowridge-Martingrove-Richview (7),D23,"{""coordinates"": [[-79.5686070002756, 43.686652000196]], ""type"": ""MultiPoint""}",2021
17281,17282,1001598412.0,2021-08-22,1828,MARTIN GROVE RD,Near TOLLINGTON RD,1 m North of,Major Arterial,Etobicoke York,Non Intersection,No Control,Clear,Daylight,Dry,Non-Fatal Injury,Turning Movement,Passenger,15 to 19,Major,,North,"Automobile, Station Wagon",Going Ahead,,,,,,,,,,,Yes,,,,,Yes,,,,,,7,Willowridge-Martingrove-Richview,7,Willowridge-Martingrove-Richview (7),D23,"{""coordinates"": [[-79.5686070002756, 43.686652000196]], ""type"": ""MultiPoint""}",2021
17282,17283,1001598412.0,2021-08-22,1828,MARTIN GROVE RD,Near TOLLINGTON RD,1 m North of,Major Arterial,Etobicoke York,Non Intersection,No Control,Clear,Daylight,Dry,Non-Fatal Injury,Turning Movement,Passenger,15 to 19,Minimal,,North,"Automobile, Station Wagon",Making U Turn,,,,,,,,,,,Yes,,,,,Yes,,,,,,7,Willowridge-Martingrove-Richview,7,Willowridge-Martingrove-Richview (7),D23,"{""coordinates"": [[-79.5686070002756, 43.686652000196]], ""type"": ""MultiPoint""}",2021
17283,17284,1001598412.0,2021-08-22,1828,MARTIN GROVE RD,Near TOLLINGTON RD,1 m North of,Major Arterial,Etobicoke York,Non Intersection,No Control,Clear,Daylight,Dry,Non-Fatal Injury,Turning Movement,Passenger,30 to 34,,,North,"Automobile, Station Wagon",Going Ahead,,,,,,,,,,,Yes,,,,,Yes,,,,,,7,Willowridge-Martingrove-Richview,7,Willowridge-Martingrove-Richview (7),D23,"{""coordinates"": [[-79.5686070002756, 43.686652000196]], ""type"": ""MultiPoint""}",2021
17284,17285,1001598412.0,2021-08-22,1828,MARTIN GROVE RD,Near TOLLINGTON RD,1 m North of,Major Arterial,Etobicoke York,Non Intersection,No Control,Clear,Daylight,Dry,Non-Fatal Injury,Turning Movement,Passenger,0 to 4,,,North,"Automobile, Station Wagon",Going Ahead,,,,,,,,,,,Yes,,,,,Yes,,,,,,7,Willowridge-Martingrove-Richview,7,Willowridge-Martingrove-Richview (7),D23,"{""coordinates"": [[-79.5686070002756, 43.686652000196]], ""type"": ""MultiPoint""}",2021
17285,17286,1001600132.0,2021-08-23,2,LAKE SHORE BV W,LOWER SIMCOE ST,,Expressway,Toronto and East York,At Intersection,Traffic Signal,Clear,"Dark, artificial",Dry,Non-Fatal Injury,Turning Movement,Driver,65 to 69,Minor,,South,"Automobile, Station Wagon",Turning Right,Improper Turn,Inattentive,,,,,,,,,Yes,,,,,Yes,Yes,Yes,,,,165,Harbourfront-CityPlace,77,Waterfront Communities-The Island (77),D52,"{""coordinates"": [[-79.3831359996211, 43.6405969999181]], ""type"": ""MultiPoint""}",2021
17286,17287,1001600132.0,2021-08-23,2,LAKE SHORE BV W,LOWER SIMCOE ST,,Expressway,Toronto and East York,At Intersection,Traffic Signal,Clear,"Dark, artificial",Dry,Non-Fatal Injury,Turning Movement,Driver,20 to 24,Major,,West,"Automobile, Station Wagon",Going Ahead,Driving Properly,Normal,,,,,,,,,Yes,,,,,Yes,Yes,Yes,,,,165,Harbourfront-CityPlace,77,Waterfront Communities-The Island (77),D52,"{""coordinates"": [[-79.3831359996211, 43.6405969999181]], ""type"": ""MultiPoint""}",2021
17287,17288,1001600132.0,2021-08-23,2,LAKE SHORE BV W,LOWER SIMCOE ST,,Expressway,Toronto and East York,At Intersection,Traffic Signal,Clear,"Dark, artificial",Dry,Non-Fatal Injury,Turning Movement,Passenger,20 to 24,Major,,West,"Automobile, Station Wagon",Going Ahead,,,,,,,,,,,Yes,,,,,Yes,Yes,Yes,,,,165,Harbourfront-CityPlace,77,Waterfront Communities-The Island (77),D52,"{""coordinates"": [[-79.3831359996211, 43.6405969999181]], ""type"": ""MultiPoint""}",2021
17288,17289,1001608912.0,2021-08-24,844,5 FAIRVIEW MALL DR,,,Minor Arterial,North York,Non Intersection,No Control,Clear,Daylight,Dry,Fatal,Pedestrian Collisions,Driver,40 to 44,,,North,"Automobile, Station Wagon",Going Ahead,Lost control,Other,,,,,,,Yes,,Yes,,,,,,,,,,,47,Don Valley Village,47,Don Valley Village (47),D33,"{""coordinates"": [[-79.347820000327, 43.7791620000342]], ""type"": ""MultiPoint""}",2021
17289,17290,1001608912.0,2021-08-24,844,5 FAIRVIEW MALL DR,,,Minor Arterial,North York,Non Intersection,No Control,Clear,Daylight,Dry,Fatal,Pedestrian Collisions,Pedestrian,85 to 89,Fatal,30.0,West,,,,,Pedestrian hit on sidewalk or shoulder,On Sidewalk or Shoulder,Normal,,,,Yes,,Yes,,,,,,,,,,,47,Don Valley Village,47,Don Valley Village (47),D33,"{""coordinates"": [[-79.347820000327, 43.7791620000342]], ""type"": ""MultiPoint""}",2021
17290,17291,1001613123.0,2021-08-24,1850,NIPIGON AV,DUMONT ST,,Local,North York,Intersection Related,Stop Sign,Clear,Daylight,Dry,Non-Fatal Injury,SMV Other,Driver,50 to 54,Major,,North,Passenger Van,Going Ahead,Lost control,Normal,,,,,,,,,Yes,,,,,,,Yes,,,,50,Newtonbrook East,50,Newtonbrook East (50),D32,"{""coordinates"": [[-79.4167280000076, 43.7977779996483]], ""type"": ""MultiPoint""}",2021
17291,17292,1001616611.0,2021-08-25,935,345 ADELAIDE ST W,,,Major Arterial,Toronto and East York,At/Near Private Drive,No Control,Clear,Daylight,Dry,Non-Fatal Injury,Cyclist Collisions,Driver,25 to 29,,,East,Delivery Van,Turning Right,Improper Turn,Inattentive,,,,,,,,Yes,Yes,,,,,,,,,,,164,Wellington Place,77,Waterfront Communities-The Island (77),D52,"{""coordinates"": [[-79.3937030004797, 43.6470550001347]], ""type"": ""MultiPoint""}",2021
17292,17293,1001616611.0,2021-08-25,935,345 ADELAIDE ST W,,,Major Arterial,Toronto and East York,At/Near Private Drive,No Control,Clear,Daylight,Dry,Non-Fatal Injury,Cyclist Collisions,Cyclist,25 to 29,Major,,East,Bicycle,Going Ahead,,,,,,"Motorist turns right at non-signal Inter.(stop, yield, no cont.,and dwy) and strikes cyclist.",Driving Properly,Normal,,Yes,Yes,,,,,,,,,,,164,Wellington Place,77,Waterfront Communities-The Island (77),D52,"{""coordinates"": [[-79.3937030004797, 43.6470550001347]], ""type"": ""MultiPoint""}",2021
17293,17294,1001622645.0,2021-08-26,330,HARBOUR ST,YORK ST,,Major Arterial,Toronto and East York,At Intersection,Traffic Signal,Clear,"Dark, artificial",Dry,Fatal,Pedestrian Collisions,Pedestrian,25 to 29,Fatal,31.0,Unknown,,,,,Unknown,Other,Unknown,,,,Yes,,Yes,,,,,,Yes,Yes,,,,166,St Lawrence-East Bayfront-The Islands,77,Waterfront Communities-The Island (77),D52,"{""coordinates"": [[-79.3806489997075, 43.6409330002265]], ""type"": ""MultiPoint""}",2021
17294,17295,1001622645.0,2021-08-26,330,HARBOUR ST,YORK ST,,Major Arterial,Toronto and East York,At Intersection,Traffic Signal,Clear,"Dark, artificial",Dry,Fatal,Pedestrian Collisions,Driver,45 to 49,,,East,"Automobile, Station Wagon",Going Ahead,Exceeding Speed Limit,"Ability Impaired, Drugs",,,,,,,Yes,,Yes,,,,,,Yes,Yes,,,,166,St Lawrence-East Bayfront-The Islands,77,Waterfront Communities-The Island (77),D52,"{""coordinates"": [[-79.3806489997075, 43.6409330002265]], ""type"": ""MultiPoint""}",2021
17295,17296,1001633249.0,2021-08-27,1400,QUEENS QUAY WEST,BATHURST ST,,Major Arterial,Toronto and East York,At Intersection,Traffic Signal,Clear,Daylight,Dry,Fatal,Pedestrian Collisions,Pedestrian,85 to 89,Fatal,32.0,North,,,,,Vehicle turns right while ped crosses with ROW at inter.,Crossing with right of way,Normal,,,,Yes,,Yes,,,,,,,Yes,,,,163,Fort York-Liberty Village,82,Niagara (82),D14,"{""coordinates"": [[-79.398326000413, 43.6356000002657]], ""type"": ""MultiPoint""}",2021
17296,17297,1001633249.0,2021-08-27,1400,QUEENS QUAY WEST,BATHURST ST,,Major Arterial,Toronto and East York,At Intersection,Traffic Signal,Clear,Daylight,Dry,Fatal,Pedestrian Collisions,Driver,30 to 34,,,South,Pick Up Truck,Turning Right,Failed to Yield Right of Way,Normal,,,,,,,Yes,,Yes,,,,,,,Yes,,,,163,Fort York-Liberty Village,82,Niagara (82),D14,"{""coordinates"": [[-79.398326000413, 43.6356000002657]], ""type"": ""MultiPoint""}",2021
17297,17298,1001637805.0,2021-08-28,300,YORE RD,KEELE ST,,Major Arterial,Etobicoke York,Intersection Related,No Control,Clear,"Dark, artificial",Dry,Non-Fatal Injury,SMV Other,Motorcycle Driver,15 to 19,Major,,West,Motorcycle,Going Ahead,Exceeding Speed Limit,Unknown,,,,,,,,,,Yes,,,,Yes,Yes,Yes,,,,112,Beechborough-Greenbrook,112,Beechborough-Greenbrook (112),D12,"{""coordinates"": [[-79.474246000593, 43.6917749998755]], ""type"": ""MultiPoint""}",2021
17298,17299,1001637805.0,2021-08-28,300,YORE RD,KEELE ST,,Major Arterial,Etobicoke York,Intersection Related,No Control,Clear,"Dark, artificial",Dry,Non-Fatal Injury,SMV Other,Motorcycle Passenger,unknown,Minor,,,Motorcycle,,,,,,,,,,,,,Yes,,,,Yes,Yes,Yes,,,,112,Beechborough-Greenbrook,112,Beechborough-Greenbrook (112),D12,"{""coordinates"": [[-79.474246000593, 43.6917749998755]], ""type"": ""MultiPoint""}",2021
17299,17300,1001647780.0,2021-08-29,1500,JANE ST,SHEPPARD AVE,,Major Arterial,North York,At Intersection,Traffic Signal,Clear,Daylight,Dry,Non-Fatal Injury,Turning Movement,Driver,55 to 59,,,South,"Automobile, Station Wagon",Turning Left,Failed to Yield Right of Way,Inattentive,,,,,,,,,Yes,Yes,,,,Yes,,Yes,,,,25,Glenfield-Jane Heights,25,Glenfield-Jane Heights (25),D31,"{""coordinates"": [[-79.5131940004418, 43.7393710003959]], ""type"": ""MultiPoint""}",2021
17300,17301,1001647780.0,2021-08-29,1500,JANE ST,SHEPPARD AVE,,Major Arterial,North York,At Intersection,Traffic Signal,Clear,Daylight,Dry,Non-Fatal Injury,Turning Movement,Motorcycle Driver,25 to 29,Major,,North,Motorcycle,Going Ahead,Driving Properly,Normal,,,,,,,,,Yes,Yes,,,,Yes,,Yes,,,,25,Glenfield-Jane Heights,25,Glenfield-Jane Heights (25),D31,"{""coordinates"": [[-79.5131940004418, 43.7393710003959]], ""type"": ""MultiPoint""}",2021
17301,17302,1001647780.0,2021-08-29,1500,JANE ST,SHEPPARD AVE,,Major Arterial,North York,At Intersection,Traffic Signal,Clear,Daylight,Dry,Non-Fatal Injury,Turning Movement,Passenger,50 to 54,,,South,"Automobile, Station Wagon",Turning Left,,,,,,,,,,,Yes,Yes,,,,Yes,,Yes,,,,25,Glenfield-Jane Heights,25,Glenfield-Jane Heights (25),D31,"{""coordinates"": [[-79.5131940004418, 43.7393710003959]], ""type"": ""MultiPoint""}",2021
17302,17303,1001657810.0,2021-08-30,2205,BLOOR ST W,DORVAL RD,,Major Arterial,Toronto and East York,Non Intersection,No Control,Clear,"Dusk, artificial",Dry,Fatal,Sideswipe,Motorcycle Driver,30 to 34,Fatal,33.0,West,Motorcycle,Going Ahead,Driving Properly,Unknown,,,,,,,,,Yes,Yes,,,,,,Yes,,,,87,High Park-Swansea,87,High Park-Swansea (87),D11,"{""coordinates"": [[-79.4549289995694, 43.6556959995475]], ""type"": ""MultiPoint""}",2021
17303,17304,1001657810.0,2021-08-30,2205,BLOOR ST W,DORVAL RD,,Major Arterial,Toronto and East York,Non Intersection,No Control,Clear,"Dusk, artificial",Dry,Fatal,Sideswipe,Driver,55 to 59,,,West,"Automobile, Station Wagon",Pulling Away from Shoulder or Curb,Failed to Yield Right of Way,Unknown,,,,,,,,,Yes,Yes,,,,,,Yes,,,,87,High Park-Swansea,87,High Park-Swansea (87),D11,"{""coordinates"": [[-79.4549289995694, 43.6556959995475]], ""type"": ""MultiPoint""}",2021