index,_id,ACCNUM,DATE,TIME,STREET1,STREET2,OFFSET,ROAD_CLASS,DISTRICT,ACCLOC,TRAFFCTL,VISIBILITY,LIGHT,RDSFCOND,ACCLASS,IMPACTYPE,INVTYPE,INVAGE,INJURY,FATAL_NO,INITDIR,VEHTYPE,MANOEUVER,DRIVACT,DRIVCOND,PEDTYPE,PEDACT,PEDCOND,CYCLISTYPE,CYCACT,CYCCOND,PEDESTRIAN,CYCLIST,AUTOMOBILE,MOTORCYCLE,TRUCK,TRSN_CITY_VEH,EMERG_VEH,PASSENGER,SPEEDING,AG_DRIV,REDLIGHT,ALCOHOL,DISABILITY,HOOD_158,NEIGHBOURHOOD_158,HOOD_140,NEIGHBOURHOOD_140,DIVISION,geometry,ACCIDENT_YEAR
17304,17305,1001660115.0,2021-08-31,910,VICTORIA PARK AV,MUSGRAVE ST,,Major Arterial,North York,At Intersection,Traffic Signal,Clear,Daylight,Dry,Non-Fatal Injury,SMV Other,Driver,80 to 84,,,North,"Automobile, Station Wagon",Turning Right,Failed to Yield Right of Way,Inattentive,,,,,,,Yes,,Yes,,,,,,,Yes,,,,122,Birchcliffe-Cliffside,122,Birchcliffe-Cliffside (122),D41,"{""coordinates"": [[-79.2869679994486, 43.6878879999525]], ""type"": ""MultiPoint""}",2021
17305,17306,1001660115.0,2021-08-31,910,VICTORIA PARK AV,MUSGRAVE ST,,Major Arterial,North York,At Intersection,Traffic Signal,Clear,Daylight,Dry,Non-Fatal Injury,SMV Other,Pedestrian,65 to 69,Major,,West,,Slowing or Stopping,,,,Crossing with right of way,Normal,,,,Yes,,Yes,,,,,,,Yes,,,,122,Birchcliffe-Cliffside,122,Birchcliffe-Cliffside (122),D41,"{""coordinates"": [[-79.2869679994486, 43.6878879999525]], ""type"": ""MultiPoint""}",2021
17306,17307,1001660333.0,2021-08-31,948,GRAND AVE,MANITOBA ST,162 m West o,Expressway,,Non Intersection,No Control,Clear,Daylight,Dry,Non-Fatal Injury,Sideswipe,Truck Driver,unknown,,,West,Truck-Tractor,Going Ahead,Driving Properly,Inattentive,,,,,,,,,Yes,Yes,Yes,,,,,,,,,160,Mimico-Queensway,17,Mimico (includes Humber Bay Shores) (17),D22,"{""coordinates"": [[-79.4948609999701, 43.6243309995904]], ""type"": ""MultiPoint""}",2021
17307,17308,1001660333.0,2021-08-31,948,GRAND AVE,MANITOBA ST,162 m West o,Expressway,,Non Intersection,No Control,Clear,Daylight,Dry,Non-Fatal Injury,Sideswipe,Driver,65 to 69,,,West,Pick Up Truck,Changing Lanes,Improper Lane Change,Inattentive,,,,,,,,,Yes,Yes,Yes,,,,,,,,,160,Mimico-Queensway,17,Mimico (includes Humber Bay Shores) (17),D22,"{""coordinates"": [[-79.4948609999701, 43.6243309995904]], ""type"": ""MultiPoint""}",2021
17308,17309,1001660333.0,2021-08-31,948,GRAND AVE,MANITOBA ST,162 m West o,Expressway,,Non Intersection,No Control,Clear,Daylight,Dry,Non-Fatal Injury,Sideswipe,Motorcycle Driver,25 to 29,Major,,West,Motorcycle,Going Ahead,Driving Properly,Normal,,,,,,,,,Yes,Yes,Yes,,,,,,,,,160,Mimico-Queensway,17,Mimico (includes Humber Bay Shores) (17),D22,"{""coordinates"": [[-79.4948609999701, 43.6243309995904]], ""type"": ""MultiPoint""}",2021
17309,17310,1001662122.0,2021-08-31,1345,FERN AVE,WESTON RD,1 m East of,Minor Arterial,North York,At Intersection,Traffic Signal,Clear,Daylight,Dry,Non-Fatal Injury,Pedestrian Collisions,Driver,60 to 64,,,South,Pick Up Truck,Turning Left,Failed to Yield Right of Way,Normal,,,,,,,Yes,,Yes,,,,,,,Yes,,,,113,Weston,113,Weston (113),D12,"{""coordinates"": [[-79.5237460001462, 43.7023040000892]], ""type"": ""MultiPoint""}",2021
17310,17311,1001662122.0,2021-08-31,1345,FERN AVE,WESTON RD,1 m East of,Minor Arterial,North York,At Intersection,Traffic Signal,Clear,Daylight,Dry,Non-Fatal Injury,Pedestrian Collisions,Pedestrian,75 to 79,Major,,North,,,,,Vehicle turns left while ped crosses with ROW at inter.,Crossing with right of way,Normal,,,,Yes,,Yes,,,,,,,Yes,,,,113,Weston,113,Weston (113),D12,"{""coordinates"": [[-79.5237460001462, 43.7023040000892]], ""type"": ""MultiPoint""}",2021
17311,17312,1001663013.0,2021-08-31,1553,723 PAPE AVE,,,Major Arterial,Toronto and East York,Non Intersection,No Control,Clear,Daylight,Dry,Non-Fatal Injury,Cyclist Collisions,Driver,30 to 34,,,North,"Automobile, Station Wagon",Other,Failed to Yield Right of Way,Normal,,,,,,,,Yes,Yes,,,,,,,Yes,,,,66,Danforth,66,Danforth (66),D55,"{""coordinates"": [[-79.344951000089, 43.6792209998775]], ""type"": ""MultiPoint""}",2021
17312,17313,1001663013.0,2021-08-31,1553,723 PAPE AVE,,,Major Arterial,Toronto and East York,Non Intersection,No Control,Clear,Daylight,Dry,Non-Fatal Injury,Cyclist Collisions,Cyclist,40 to 44,Major,,North,Bicycle,Going Ahead,,,,,,Cyclist struck opened vehicle door,Driving Properly,Normal,,Yes,Yes,,,,,,,Yes,,,,66,Danforth,66,Danforth (66),D55,"{""coordinates"": [[-79.344951000089, 43.6792209998775]], ""type"": ""MultiPoint""}",2021
17313,17314,1001719723.0,2021-09-01,1124,COXWELL AVE,GERRARD ST E,,Minor Arterial,Toronto and East York,At Intersection,Traffic Signal,Clear,Daylight,Dry,Fatal,Other,Passenger,85 to 89,Fatal,36.0,,,,,,,,,,,,,,,,,Yes,,Yes,,,,,,65,Greenwood-Coxwell,65,Greenwood-Coxwell (65),D55,"{""coordinates"": [[-79.3203160003972, 43.6752499998786]], ""type"": ""MultiPoint""}",2021
17314,17315,1001719723.0,2021-09-01,1124,COXWELL AVE,GERRARD ST E,,Minor Arterial,Toronto and East York,At Intersection,Traffic Signal,Clear,Daylight,Dry,Fatal,Other,Driver,60 to 64,,,North,Municipal Transit Bus (TTC),Going Ahead,Driving Properly,Normal,,,,,,,,,,,,Yes,,Yes,,,,,,65,Greenwood-Coxwell,65,Greenwood-Coxwell (65),D55,"{""coordinates"": [[-79.3203160003972, 43.6752499998786]], ""type"": ""MultiPoint""}",2021
17315,17316,1001676258.0,2021-09-02,1117,LAKE SHORE BLVD E,LESLIE ST,3 m East of,Major Arterial,Toronto and East York,At Intersection,Traffic Signal,Clear,Daylight,Dry,Non-Fatal Injury,Cyclist Collisions,Driver,75 to 79,,,South,"Automobile, Station Wagon",Turning Left,Failed to Yield Right of Way,Inattentive,,,,,,,,Yes,Yes,,,,,,,Yes,,,,70,South Riverdale,70,South Riverdale (70),D55,"{""coordinates"": [[-79.3284030000996, 43.6591590001952]], ""type"": ""MultiPoint""}",2021
17316,17317,1001676258.0,2021-09-02,1117,LAKE SHORE BLVD E,LESLIE ST,3 m East of,Major Arterial,Toronto and East York,At Intersection,Traffic Signal,Clear,Daylight,Dry,Non-Fatal Injury,Cyclist Collisions,Cyclist,50 to 54,Major,,North,Bicycle,Going Ahead,,,,,,Motorist turned left across cyclists path.,Driving Properly,Normal,,Yes,Yes,,,,,,,Yes,,,,70,South Riverdale,70,South Riverdale (70),D55,"{""coordinates"": [[-79.3284030000996, 43.6591590001952]], ""type"": ""MultiPoint""}",2021
17317,17318,1001685952.0,2021-09-03,1735,COLLEGE ST,UNIVERSITY AVE,,Major Arterial,Toronto and East York,At Intersection,Traffic Signal,Clear,Daylight,Dry,Fatal,Turning Movement,Motorcycle Driver,20 to 24,Fatal,34.0,East,Motorcycle,Going Ahead,Disobeyed Traffic Control,Inattentive,,,,,,,,,,Yes,,,Yes,,,Yes,Yes,,,170,Yonge-Bay Corridor,76,Bay Street Corridor (76),D52,"{""coordinates"": [[-79.390453000272, 43.6597849998312]], ""type"": ""MultiPoint""}",2021
17318,17319,1001685952.0,2021-09-03,1735,COLLEGE ST,UNIVERSITY AVE,,Major Arterial,Toronto and East York,At Intersection,Traffic Signal,Clear,Daylight,Dry,Fatal,Turning Movement,Driver,30 to 34,Minimal,,West,Police Vehicle,Turning Left,Improper Turn,Inattentive,,,,,,,,,,Yes,,,Yes,,,Yes,Yes,,,170,Yonge-Bay Corridor,76,Bay Street Corridor (76),D52,"{""coordinates"": [[-79.390453000272, 43.6597849998312]], ""type"": ""MultiPoint""}",2021
17319,17320,1001691363.0,2021-09-04,1400,LAWRENCE AVE E,BRIMLEY RD,,Major Arterial,Scarborough,Intersection Related,Traffic Signal,Clear,Daylight,Dry,Non-Fatal Injury,Turning Movement,Driver,35 to 39,,,South,"Automobile, Station Wagon",Going Ahead,Disobeyed Traffic Control,Unknown,,,,,,,,,Yes,,,,,,,Yes,Yes,,,157,Bendale South,127,Bendale (127),D41,"{""coordinates"": [[-79.2554959999674, 43.7534590004176]], ""type"": ""MultiPoint""}",2021
17320,17321,1001691363.0,2021-09-04,1400,LAWRENCE AVE E,BRIMLEY RD,,Major Arterial,Scarborough,Intersection Related,Traffic Signal,Clear,Daylight,Dry,Non-Fatal Injury,Turning Movement,Driver,25 to 29,Major,,North,"Automobile, Station Wagon",Turning Left,Driving Properly,Normal,,,,,,,,,Yes,,,,,,,Yes,Yes,,,157,Bendale South,127,Bendale (127),D41,"{""coordinates"": [[-79.2554959999674, 43.7534590004176]], ""type"": ""MultiPoint""}",2021
17321,17322,1001708062.0,2021-09-07,630,HORNER AV,ALDERCREST RD,5 m South of,Minor Arterial,Etobicoke York,Non Intersection,No Control,Clear,"Dark, artificial",Dry,Non-Fatal Injury,Rear End,Driver,20 to 24,Minor,,West,"Automobile, Station Wagon",Stopped,Lost control,Inattentive,,,,,,,,,Yes,,Yes,,,Yes,,,,,,20,Alderwood,20,Alderwood (20),D22,"{""coordinates"": [[-79.5397979995737, 43.6028390004437]], ""type"": ""MultiPoint""}",2021
17322,17323,1001708062.0,2021-09-07,630,HORNER AV,ALDERCREST RD,5 m South of,Minor Arterial,Etobicoke York,Non Intersection,No Control,Clear,"Dark, artificial",Dry,Non-Fatal Injury,Rear End,Truck Driver,70 to 74,,,West,Truck-Tractor,Going Ahead,Driving Properly,Normal,,,,,,,,,Yes,,Yes,,,Yes,,,,,,20,Alderwood,20,Alderwood (20),D22,"{""coordinates"": [[-79.5397979995737, 43.6028390004437]], ""type"": ""MultiPoint""}",2021
17323,17324,1001708062.0,2021-09-07,630,HORNER AV,ALDERCREST RD,5 m South of,Minor Arterial,Etobicoke York,Non Intersection,No Control,Clear,"Dark, artificial",Dry,Non-Fatal Injury,Rear End,Passenger,25 to 29,Major,,West,"Automobile, Station Wagon",Stopped,,,,,,,,,,,Yes,,Yes,,,Yes,,,,,,20,Alderwood,20,Alderwood (20),D22,"{""coordinates"": [[-79.5397979995737, 43.6028390004437]], ""type"": ""MultiPoint""}",2021
17324,17325,1001735558.0,2021-09-10,1926,GERRARD ST E,YONGE  ST,58 m East of,Minor Arterial,Toronto and East York,Non Intersection,No Control,Clear,"Dark, artificial",Dry,Non-Fatal Injury,Cyclist Collisions,Driver,25 to 29,,,West,Delivery Van,Pulling Onto Shoulder or towardCurb,Failed to Yield Right of Way,Normal,,,,,,,,Yes,Yes,,,,,Yes,,Yes,,,,168,Downtown Yonge East,75,Church-Yonge Corridor (75),D51,"{""coordinates"": [[-79.3811830001612, 43.659201000124]], ""type"": ""MultiPoint""}",2021
17325,17326,1001735558.0,2021-09-10,1926,GERRARD ST E,YONGE  ST,58 m East of,Minor Arterial,Toronto and East York,Non Intersection,No Control,Clear,"Dark, artificial",Dry,Non-Fatal Injury,Cyclist Collisions,Cyclist,30 to 34,Major,,West,Bicycle,Going Ahead,,,,,,Cyclist and Driver travelling in same direction. One vehicle sideswipes the other.,Driving Properly,Normal,,Yes,Yes,,,,,Yes,,Yes,,,,168,Downtown Yonge East,75,Church-Yonge Corridor (75),D51,"{""coordinates"": [[-79.3811830001612, 43.659201000124]], ""type"": ""MultiPoint""}",2021
17326,17327,1001735558.0,2021-09-10,1926,GERRARD ST E,YONGE  ST,58 m East of,Minor Arterial,Toronto and East York,Non Intersection,No Control,Clear,"Dark, artificial",Dry,Non-Fatal Injury,Cyclist Collisions,Passenger,20 to 24,,,,,,,,,,,,,,,Yes,Yes,,,,,Yes,,Yes,,,,168,Downtown Yonge East,75,Church-Yonge Corridor (75),D51,"{""coordinates"": [[-79.3811830001612, 43.659201000124]], ""type"": ""MultiPoint""}",2021
17327,17328,1001747721.0,2021-09-12,1500,BLOOR ST W,CHARLESTON RD,,Major Arterial,Etobicoke York,Intersection Related,Stop Sign,Clear,Daylight,Dry,Non-Fatal Injury,Turning Movement,Driver,90 to 94,Major,,South,"Automobile, Station Wagon",Turning Right,Disobeyed Traffic Control,Inattentive,,,,,,,,,Yes,,,,,Yes,,Yes,,,,158,Islington,14,Islington-City Centre West (14),D22,"{""coordinates"": [[-79.5461909995555, 43.6393500002372]], ""type"": ""MultiPoint""}",2021
17328,17329,1001747721.0,2021-09-12,1500,BLOOR ST W,CHARLESTON RD,,Major Arterial,Etobicoke York,Intersection Related,Stop Sign,Clear,Daylight,Dry,Non-Fatal Injury,Turning Movement,Driver,45 to 49,Minimal,,West,"Automobile, Station Wagon",Going Ahead,Driving Properly,Normal,,,,,,,,,Yes,,,,,Yes,,Yes,,,,158,Islington,14,Islington-City Centre West (14),D22,"{""coordinates"": [[-79.5461909995555, 43.6393500002372]], ""type"": ""MultiPoint""}",2021
17329,17330,1001747721.0,2021-09-12,1500,BLOOR ST W,CHARLESTON RD,,Major Arterial,Etobicoke York,Intersection Related,Stop Sign,Clear,Daylight,Dry,Non-Fatal Injury,Turning Movement,Passenger,15 to 19,,,West,"Automobile, Station Wagon",Going Ahead,,,,,,,,,,,Yes,,,,,Yes,,Yes,,,,158,Islington,14,Islington-City Centre West (14),D22,"{""coordinates"": [[-79.5461909995555, 43.6393500002372]], ""type"": ""MultiPoint""}",2021
17330,17331,1001747721.0,2021-09-12,1500,BLOOR ST W,CHARLESTON RD,,Major Arterial,Etobicoke York,Intersection Related,Stop Sign,Clear,Daylight,Dry,Non-Fatal Injury,Turning Movement,Passenger,10 to 14,,,West,"Automobile, Station Wagon",Going Ahead,,,,,,,,,,,Yes,,,,,Yes,,Yes,,,,158,Islington,14,Islington-City Centre West (14),D22,"{""coordinates"": [[-79.5461909995555, 43.6393500002372]], ""type"": ""MultiPoint""}",2021
17331,17332,1001791905.0,2021-09-18,1355,LAWRENCE AVE  W,WESTON RD,,Major Arterial,Etobicoke York,At Intersection,Traffic Signal,Clear,Daylight,Dry,Fatal,Turning Movement,Driver,60 to 64,,,North,Delivery Van,Turning Left,Improper Turn,Normal,,,,,,,,,Yes,Yes,,,,,Yes,Yes,,,,113,Weston,113,Weston (113),D12,"{""coordinates"": [[-79.516155000482, 43.700086999867]], ""type"": ""MultiPoint""}",2021
17332,17333,1001791905.0,2021-09-18,1355,LAWRENCE AVE  W,WESTON RD,,Major Arterial,Etobicoke York,At Intersection,Traffic Signal,Clear,Daylight,Dry,Fatal,Turning Movement,Motorcycle Driver,45 to 49,Fatal,37.0,South,Motorcycle,Going Ahead,Exceeding Speed Limit,Unknown,,,,,,,,,Yes,Yes,,,,,Yes,Yes,,,,113,Weston,113,Weston (113),D12,"{""coordinates"": [[-79.516155000482, 43.700086999867]], ""type"": ""MultiPoint""}",2021
17333,17334,1001794472.0,2021-09-18,2100,SHEPPARD AVE E,NEILSON RD,3 m West of,Major Arterial,Scarborough,Intersection Related,Traffic Signal,Clear,"Dark, artificial",Dry,Non-Fatal Injury,Turning Movement,Driver,25 to 29,,,West,"Automobile, Station Wagon",Turning Left,Failed to Yield Right of Way,Inattentive,,,,,,,,,Yes,Yes,,,,,,Yes,,,,146,Malvern East,132,Malvern (132),D42,"{""coordinates"": [[-79.2179219997731, 43.7980369999775]], ""type"": ""MultiPoint""}",2021
17334,17335,1001794472.0,2021-09-18,2100,SHEPPARD AVE E,NEILSON RD,3 m West of,Major Arterial,Scarborough,Intersection Related,Traffic Signal,Clear,"Dark, artificial",Dry,Non-Fatal Injury,Turning Movement,Motorcycle Driver,35 to 39,Major,,South,Motorcycle,Going Ahead,Driving Properly,Normal,,,,,,,,,Yes,Yes,,,,,,Yes,,,,146,Malvern East,132,Malvern (132),D42,"{""coordinates"": [[-79.2179219997731, 43.7980369999775]], ""type"": ""MultiPoint""}",2021
17335,17336,1001794472.0,2021-09-18,2100,SHEPPARD AVE E,NEILSON RD,3 m West of,Major Arterial,Scarborough,Intersection Related,Traffic Signal,Clear,"Dark, artificial",Dry,Non-Fatal Injury,Turning Movement,Other,25 to 29,,,,,,,,,,,,,,,,Yes,Yes,,,,,,Yes,,,,146,Malvern East,132,Malvern (132),D42,"{""coordinates"": [[-79.2179219997731, 43.7980369999775]], ""type"": ""MultiPoint""}",2021
17336,17337,1001795260.0,2021-09-18,2349,MANITOBA  DR,CANADA  BLVD,40 m West of,Local,Toronto and East York,Non Intersection,No Control,Clear,"Dark, artificial",Dry,Non-Fatal Injury,Pedestrian Collisions,Driver,55 to 59,,,West,"Automobile, Station Wagon",Going Ahead,Driving Properly,Normal,,,,,,,Yes,,Yes,,,,,,,,,,,163,Fort York-Liberty Village,82,Niagara (82),D14,"{""coordinates"": [[-79.4103350003233, 43.6361529996499]], ""type"": ""MultiPoint""}",2021
17337,17338,1001795260.0,2021-09-18,2349,MANITOBA  DR,CANADA  BLVD,40 m West of,Local,Toronto and East York,Non Intersection,No Control,Clear,"Dark, artificial",Dry,Non-Fatal Injury,Pedestrian Collisions,Pedestrian,25 to 29,Major,,South,,,,,Pedestrian hit at mid-block,"Crossing, no Traffic Control",Inattentive,,,,Yes,,Yes,,,,,,,,,,,163,Fort York-Liberty Village,82,Niagara (82),D14,"{""coordinates"": [[-79.4103350003233, 43.6361529996499]], ""type"": ""MultiPoint""}",2021
17338,17339,1001804125.0,2021-09-20,1033,VICTORIA PARK AVE,SHEPPARD AVE E,,Major Arterial,North York,At Intersection,Traffic Signal,Clear,Daylight,Dry,Fatal,Pedestrian Collisions,Driver,35 to 39,Minor,,West,"Automobile, Station Wagon",Turning Left,Driving Properly,Normal,,,,,,,Yes,,Yes,,,,,,Yes,Yes,,,,118,Tam O'Shanter-Sullivan,118,Tam O'Shanter-Sullivan (118),D42,"{""coordinates"": [[-79.3229779994162, 43.7751719997504]], ""type"": ""MultiPoint""}",2021
17339,17340,1001804125.0,2021-09-20,1033,VICTORIA PARK AVE,SHEPPARD AVE E,,Major Arterial,North York,At Intersection,Traffic Signal,Clear,Daylight,Dry,Fatal,Pedestrian Collisions,Driver,55 to 59,Minor,,East,"Automobile, Station Wagon",Going Ahead,Speed too Fast For Condition,Normal,,,,,,,Yes,,Yes,,,,,,Yes,Yes,,,,118,Tam O'Shanter-Sullivan,118,Tam O'Shanter-Sullivan (118),D42,"{""coordinates"": [[-79.3229779994162, 43.7751719997504]], ""type"": ""MultiPoint""}",2021
17340,17341,1001804125.0,2021-09-20,1033,VICTORIA PARK AVE,SHEPPARD AVE E,,Major Arterial,North York,At Intersection,Traffic Signal,Clear,Daylight,Dry,Fatal,Pedestrian Collisions,Pedestrian,70 to 74,Fatal,38.0,Unknown,,,,,Pedestrian hit on sidewalk or shoulder,On Sidewalk or Shoulder,Normal,,,,Yes,,Yes,,,,,,Yes,Yes,,,,118,Tam O'Shanter-Sullivan,118,Tam O'Shanter-Sullivan (118),D42,"{""coordinates"": [[-79.3229779994162, 43.7751719997504]], ""type"": ""MultiPoint""}",2021
17341,17342,1001822979.0,2021-09-22,2006,DAVENPORT  RD,BELMONT ST,,Major Arterial,Toronto and East York,At Intersection,Traffic Signal,Rain,"Dark, artificial",Wet,Non-Fatal Injury,Pedestrian Collisions,Driver,75 to 79,,,South,"Automobile, Station Wagon",Turning Left,Failed to Yield Right of Way,Inattentive,,,,,,,Yes,,Yes,,,,,,,Yes,,,,95,Annex,95,Annex (95),D53,"{""coordinates"": [[-79.3928790006219, 43.6746359996861]], ""type"": ""MultiPoint""}",2021
17342,17343,1001822979.0,2021-09-22,2006,DAVENPORT  RD,BELMONT ST,,Major Arterial,Toronto and East York,At Intersection,Traffic Signal,Rain,"Dark, artificial",Wet,Non-Fatal Injury,Pedestrian Collisions,Pedestrian,20 to 24,Major,,North,,,,,Vehicle turns left while ped crosses with ROW at inter.,Crossing with right of way,Normal,,,,Yes,,Yes,,,,,,,Yes,,,,95,Annex,95,Annex (95),D53,"{""coordinates"": [[-79.3928790006219, 43.6746359996861]], ""type"": ""MultiPoint""}",2021
17343,17344,1001834169.0,2021-09-24,1129,DUNDAS ST W,PRINCE EDWARD DR N,,Major Arterial,Etobicoke York,At Intersection,Traffic Signal,Clear,Daylight,Dry,Non-Fatal Injury,Pedestrian Collisions,Driver,40 to 44,,,West,"Automobile, Station Wagon",Going Ahead,Driving Properly,Normal,,,,,,,Yes,,Yes,,,,,,,,,,,15,Kingsway South,15,Kingsway South (15),D22,"{""coordinates"": [[-79.5104169997245, 43.6605589997521]], ""type"": ""MultiPoint""}",2021
17344,17345,1001834169.0,2021-09-24,1129,DUNDAS ST W,PRINCE EDWARD DR N,,Major Arterial,Etobicoke York,At Intersection,Traffic Signal,Clear,Daylight,Dry,Non-Fatal Injury,Pedestrian Collisions,Pedestrian,10 to 14,Major,,North,,,,,Vehicle is going straight thru inter.while ped cross without ROW,Running onto Roadway,Inattentive,,,,Yes,,Yes,,,,,,,,,,,15,Kingsway South,15,Kingsway South (15),D22,"{""coordinates"": [[-79.5104169997245, 43.6605589997521]], ""type"": ""MultiPoint""}",2021
17345,17346,1001851492.0,2021-09-26,2245,KINGSTON RD,HAREWOOD AVE,10 m West of,Major Arterial,Scarborough,Intersection Related,No Control,Clear,"Dark, artificial",Dry,Non-Fatal Injury,Pedestrian Collisions,Driver,40 to 44,,,West,"Automobile, Station Wagon",Going Ahead,Driving Properly,Normal,,,,,,,Yes,,Yes,,,,,,,,,,,123,Cliffcrest,123,Cliffcrest (123),D43,"{""coordinates"": [[-79.2351640003324, 43.7226439998319]], ""type"": ""MultiPoint""}",2021
17346,17347,1001851492.0,2021-09-26,2245,KINGSTON RD,HAREWOOD AVE,10 m West of,Major Arterial,Scarborough,Intersection Related,No Control,Clear,"Dark, artificial",Dry,Non-Fatal Injury,Pedestrian Collisions,Pedestrian,35 to 39,Major,,North,,,,,Vehicle turns left while ped crosses without ROW at inter.,Crossing without right of way,Had Been Drinking,,,,Yes,,Yes,,,,,,,,,,,123,Cliffcrest,123,Cliffcrest (123),D43,"{""coordinates"": [[-79.2351640003324, 43.7226439998319]], ""type"": ""MultiPoint""}",2021
17347,17348,1001867215.0,2021-09-29,306,LAWRENCE AVE E,ORTON PARK RD,20 m East of,Major Arterial,Scarborough,Intersection Related,Traffic Signal,Clear,Dark,Dry,Non-Fatal Injury,Pedestrian Collisions,Driver,30 to 34,,,West,"Automobile, Station Wagon",Going Ahead,Driving Properly,Normal,,,,,,,Yes,,Yes,,,,,,,Yes,,,,141,Golfdale-Cedarbrae-Woburn,137,Woburn (137),D43,"{""coordinates"": [[-79.2055919998818, 43.7639760004037]], ""type"": ""MultiPoint""}",2021
17348,17349,1001867215.0,2021-09-29,306,LAWRENCE AVE E,ORTON PARK RD,20 m East of,Major Arterial,Scarborough,Intersection Related,Traffic Signal,Clear,Dark,Dry,Non-Fatal Injury,Pedestrian Collisions,Pedestrian,50 to 54,Major,,North,,,,,Pedestrian hit at mid-block,Other,"Ability Impaired, Alcohol",,,,Yes,,Yes,,,,,,,Yes,,,,141,Golfdale-Cedarbrae-Woburn,137,Woburn (137),D43,"{""coordinates"": [[-79.2055919998818, 43.7639760004037]], ""type"": ""MultiPoint""}",2021
17349,17350,1001872479.0,2021-09-29,1814,FINCH AVE W,YONGE ST,1 m West of,Major Arterial,North York,Non Intersection,No Control,Clear,Daylight,Dry,Non-Fatal Injury,Pedestrian Collisions,Driver,30 to 34,,,West,"Automobile, Station Wagon",Going Ahead,Failed to Yield Right of Way,Inattentive,,,,,,,Yes,,Yes,,,,,,,Yes,,,,37,Willowdale West,37,Willowdale West (37),D32,"{""coordinates"": [[-79.4166440000561, 43.7794520001157]], ""type"": ""MultiPoint""}",2021
17350,17351,1001872479.0,2021-09-29,1814,FINCH AVE W,YONGE ST,1 m West of,Major Arterial,North York,Non Intersection,No Control,Clear,Daylight,Dry,Non-Fatal Injury,Pedestrian Collisions,Pedestrian,80 to 84,Major,,South,,,,,Pedestrian hit at mid-block,"Crossing, no Traffic Control",Inattentive,,,,Yes,,Yes,,,,,,,Yes,,,,37,Willowdale West,37,Willowdale West (37),D32,"{""coordinates"": [[-79.4166440000561, 43.7794520001157]], ""type"": ""MultiPoint""}",2021
17351,17352,1001872479.0,2021-09-29,1814,FINCH AVE W,YONGE ST,1 m West of,Major Arterial,North York,Non Intersection,No Control,Clear,Daylight,Dry,Non-Fatal Injury,Pedestrian Collisions,Pedestrian,65 to 69,Minor,,South,,,,,Pedestrian hit at mid-block,"Crossing, no Traffic Control",Inattentive,,,,Yes,,Yes,,,,,,,Yes,,,,37,Willowdale West,37,Willowdale West (37),D32,"{""coordinates"": [[-79.4166440000561, 43.7794520001157]], ""type"": ""MultiPoint""}",2021
17352,17353,1001881235.0,2021-09-30,2144,AVENUE RD,EGLINTON AVE W,,Major Arterial,North York,At Intersection,Traffic Controller,Clear,"Daylight, artificial",Dry,Non-Fatal Injury,Turning Movement,Driver,20 to 24,,,South,"Automobile, Station Wagon",Turning Left,Improper Turn,Normal,,,,,,,,,Yes,Yes,,,,Yes,,,,,,100,Yonge-Eglinton,100,Yonge-Eglinton (100),D53,"{""coordinates"": [[-79.4085650001843, 43.7045350004522]], ""type"": ""MultiPoint""}",2021
17353,17354,1001881235.0,2021-09-30,2144,AVENUE RD,EGLINTON AVE W,,Major Arterial,North York,At Intersection,Traffic Controller,Clear,"Daylight, artificial",Dry,Non-Fatal Injury,Turning Movement,Motorcycle Driver,55 to 59,Major,,North,Motorcycle,Going Ahead,Driving Properly,Normal,,,,,,,,,Yes,Yes,,,,Yes,,,,,,100,Yonge-Eglinton,100,Yonge-Eglinton (100),D53,"{""coordinates"": [[-79.4085650001843, 43.7045350004522]], ""type"": ""MultiPoint""}",2021
17354,17355,1001881235.0,2021-09-30,2144,AVENUE RD,EGLINTON AVE W,,Major Arterial,North York,At Intersection,Traffic Controller,Clear,"Daylight, artificial",Dry,Non-Fatal Injury,Turning Movement,Passenger,20 to 24,,,South,"Automobile, Station Wagon",Turning Left,,,,,,,,,,,Yes,Yes,,,,Yes,,,,,,100,Yonge-Eglinton,100,Yonge-Eglinton (100),D53,"{""coordinates"": [[-79.4085650001843, 43.7045350004522]], ""type"": ""MultiPoint""}",2021
17355,17356,1001888393.0,2021-10-01,2039,EGLINTON AVE E,MIDLAND AVE,,Major Arterial,Scarborough,At Intersection,Traffic Signal,Clear,Dark,Dry,Fatal,Pedestrian Collisions,Pedestrian,45 to 49,Fatal,39.0,South,,,,,Vehicle turns left while ped crosses with ROW at inter.,Crossing with right of way,Normal,,,,Yes,,Yes,,,,,Yes,,Yes,,,,124,Kennedy Park,124,Kennedy Park (124),D41,"{""coordinates"": [[-79.2580669998743, 43.734457999692]], ""type"": ""MultiPoint""}",2021
17356,17357,1001888393.0,2021-10-01,2039,EGLINTON AVE E,MIDLAND AVE,,Major Arterial,Scarborough,At Intersection,Traffic Signal,Clear,Dark,Dry,Fatal,Pedestrian Collisions,Driver,25 to 29,,,North,"Automobile, Station Wagon",Turning Left,Failed to Yield Right of Way,Had Been Drinking,,,,,,,Yes,,Yes,,,,,Yes,,Yes,,,,124,Kennedy Park,124,Kennedy Park (124),D41,"{""coordinates"": [[-79.2580669998743, 43.734457999692]], ""type"": ""MultiPoint""}",2021