index,_id,ACCNUM,DATE,TIME,STREET1,STREET2,OFFSET,ROAD_CLASS,DISTRICT,ACCLOC,TRAFFCTL,VISIBILITY,LIGHT,RDSFCOND,ACCLASS,IMPACTYPE,INVTYPE,INVAGE,INJURY,FATAL_NO,INITDIR,VEHTYPE,MANOEUVER,DRIVACT,DRIVCOND,PEDTYPE,PEDACT,PEDCOND,CYCLISTYPE,CYCACT,CYCCOND,PEDESTRIAN,CYCLIST,AUTOMOBILE,MOTORCYCLE,TRUCK,TRSN_CITY_VEH,EMERG_VEH,PASSENGER,SPEEDING,AG_DRIV,REDLIGHT,ALCOHOL,DISABILITY,HOOD_158,NEIGHBOURHOOD_158,HOOD_140,NEIGHBOURHOOD_140,DIVISION,geometry,ACCIDENT_YEAR
17357,17358,1001888393.0,2021-10-01,2039,EGLINTON AVE E,MIDLAND AVE,,Major Arterial,Scarborough,At Intersection,Traffic Signal,Clear,Dark,Dry,Fatal,Pedestrian Collisions,Passenger,20 to 24,,,,,,,,,,,,,,Yes,,Yes,,,,,Yes,,Yes,,,,124,Kennedy Park,124,Kennedy Park (124),D41,"{""coordinates"": [[-79.2580669998743, 43.734457999692]], ""type"": ""MultiPoint""}",2021
17358,17359,1001896382.0,2021-10-03,132,F G GARDINER XY  E,ISLINGTON AVE,,Expressway,Etobicoke York,Non Intersection,No Control,Clear,Dark,Dry,Fatal,Rear End,Passenger,55 to 59,Fatal,40.0,,,,,,,,,,,,,,Yes,,,,,Yes,Yes,Yes,,,,160,Mimico-Queensway,17,Mimico (includes Humber Bay Shores) (17),D22,"{""coordinates"": [[-79.5078000002493, 43.6212369997827]], ""type"": ""MultiPoint""}",2021
17359,17360,1001896382.0,2021-10-03,132,F G GARDINER XY  E,ISLINGTON AVE,,Expressway,Etobicoke York,Non Intersection,No Control,Clear,Dark,Dry,Fatal,Rear End,Driver,60 to 64,Minor,,East,"Automobile, Station Wagon",Going Ahead,Driving Properly,Normal,,,,,,,,,Yes,,,,,Yes,Yes,Yes,,,,160,Mimico-Queensway,17,Mimico (includes Humber Bay Shores) (17),D22,"{""coordinates"": [[-79.5078000002493, 43.6212369997827]], ""type"": ""MultiPoint""}",2021
17360,17361,1001896382.0,2021-10-03,132,F G GARDINER XY  E,ISLINGTON AVE,,Expressway,Etobicoke York,Non Intersection,No Control,Clear,Dark,Dry,Fatal,Rear End,Driver,30 to 34,,,East,"Automobile, Station Wagon",Going Ahead,Exceeding Speed Limit,Unknown,,,,,,,,,Yes,,,,,Yes,Yes,Yes,,,,160,Mimico-Queensway,17,Mimico (includes Humber Bay Shores) (17),D22,"{""coordinates"": [[-79.5078000002493, 43.6212369997827]], ""type"": ""MultiPoint""}",2021
17361,17362,1001897187.0,2021-10-03,609,477 DUNDAS ST W,,52 m East of,Major Arterial,Toronto and East York,Non Intersection,No Control,Rain,"Dark, artificial",Wet,Non-Fatal Injury,Pedestrian Collisions,Driver,70 to 74,,,West,"Automobile, Station Wagon",Going Ahead,Driving Properly,Normal,,,,,,,Yes,,Yes,,,,,,,,,,,78,Kensington-Chinatown,78,Kensington-Chinatown (78),D52,"{""coordinates"": [[-79.3972200002829, 43.6530330000303]], ""type"": ""MultiPoint""}",2021
17362,17363,1001897187.0,2021-10-03,609,477 DUNDAS ST W,,52 m East of,Major Arterial,Toronto and East York,Non Intersection,No Control,Rain,"Dark, artificial",Wet,Non-Fatal Injury,Pedestrian Collisions,Pedestrian,70 to 74,Major,,South,,,,,Pedestrian hit at mid-block,"Crossing, no Traffic Control",Inattentive,,,,Yes,,Yes,,,,,,,,,,,78,Kensington-Chinatown,78,Kensington-Chinatown (78),D52,"{""coordinates"": [[-79.3972200002829, 43.6530330000303]], ""type"": ""MultiPoint""}",2021
17363,17364,1001904901.0,2021-10-04,1150,BAYVIEW AVE,CUMMER  AVE,,Major Arterial,North York,At Intersection,Traffic Signal,Clear,Daylight,Wet,Non-Fatal Injury,Pedestrian Collisions,Driver,70 to 74,,,North,"Automobile, Station Wagon",Going Ahead,Driving Properly,Normal,,,,,,,Yes,,Yes,,,,,,,,,,,49,Bayview Woods-Steeles,49,Bayview Woods-Steeles (49),D33,"{""coordinates"": [[-79.3935579999182, 43.7922270003937]], ""type"": ""MultiPoint""}",2021
17364,17365,1001904901.0,2021-10-04,1150,BAYVIEW AVE,CUMMER  AVE,,Major Arterial,North York,At Intersection,Traffic Signal,Clear,Daylight,Wet,Non-Fatal Injury,Pedestrian Collisions,Pedestrian,75 to 79,Major,,West,,,,,Vehicle is going straight thru inter.while ped cross without ROW,Crossing without right of way,Normal,,,,Yes,,Yes,,,,,,,,,,,49,Bayview Woods-Steeles,49,Bayview Woods-Steeles (49),D33,"{""coordinates"": [[-79.3935579999182, 43.7922270003937]], ""type"": ""MultiPoint""}",2021
17365,17366,1001912719.0,2021-10-05,1230,755 OAKDALE ROAD (WESTVIEW CENTENN,OAKDALE ROAD,5 m West of,Minor Arterial,North York,At Intersection,Traffic Signal,Clear,"Daylight, artificial",Dry,Non-Fatal Injury,Turning Movement,Driver,15 to 19,Major,,East,"Automobile, Station Wagon",Turning Left,Failed to Yield Right of Way,Inattentive,,,,,,,,,Yes,,,,,,,Yes,,,,25,Glenfield-Jane Heights,25,Glenfield-Jane Heights (25),D31,"{""coordinates"": [[-79.5265309999611, 43.752390999748]], ""type"": ""MultiPoint""}",2021
17366,17367,1001912719.0,2021-10-05,1230,755 OAKDALE ROAD (WESTVIEW CENTENN,OAKDALE ROAD,5 m West of,Minor Arterial,North York,At Intersection,Traffic Signal,Clear,"Daylight, artificial",Dry,Non-Fatal Injury,Turning Movement,Driver,70 to 74,Major,,North,"Automobile, Station Wagon",Going Ahead,Driving Properly,Normal,,,,,,,,,Yes,,,,,,,Yes,,,,25,Glenfield-Jane Heights,25,Glenfield-Jane Heights (25),D31,"{""coordinates"": [[-79.5265309999611, 43.752390999748]], ""type"": ""MultiPoint""}",2021
17367,17368,1001924845.0,2021-10-07,637,DISCO RD,120,5 m West of,Collector,Etobicoke York,At/Near Private Drive,No Control,Clear,Daylight,Dry,Non-Fatal Injury,Turning Movement,Driver,35 to 39,,,West,Delivery Van,Turning Left,Failed to Yield Right of Way,Inattentive,,,,,,,,,Yes,Yes,,,,,,Yes,,,,1,West Humber-Clairville,1,West Humber-Clairville (1),D23,"{""coordinates"": [[-79.6019780004817, 43.6996179999468]], ""type"": ""MultiPoint""}",2021
17368,17369,1001924845.0,2021-10-07,637,DISCO RD,120,5 m West of,Collector,Etobicoke York,At/Near Private Drive,No Control,Clear,Daylight,Dry,Non-Fatal Injury,Turning Movement,Motorcycle Driver,25 to 29,Major,,East,Motorcycle,Going Ahead,Driving Properly,Normal,,,,,,,,,Yes,Yes,,,,,,Yes,,,,1,West Humber-Clairville,1,West Humber-Clairville (1),D23,"{""coordinates"": [[-79.6019780004817, 43.6996179999468]], ""type"": ""MultiPoint""}",2021
17369,17370,1001924954.0,2021-10-07,702,LAKE SHORE BV E,DON RY,54 m West of,Expressway,Toronto and East York,Non Intersection,No Control,Clear,Daylight,Dry,Non-Fatal Injury,SMV Other,Driver,45 to 49,Major,,East,"Automobile, Station Wagon",Pulling Onto Shoulder or towardCurb,Lost control,Unknown,,,,,,,,,Yes,,,,,,Yes,Yes,,,,166,St Lawrence-East Bayfront-The Islands,77,Waterfront Communities-The Island (77),D51,"{""coordinates"": [[-79.347491999645, 43.6507289996087]], ""type"": ""MultiPoint""}",2021
17370,17371,1001936756.0,2021-10-08,1912,WELLINGTON ST W,UNIVERSITY  AVE,,Major Arterial,Toronto and East York,At Intersection,Traffic Signal,Clear,Daylight,Dry,Non-Fatal Injury,Pedestrian Collisions,Driver,unknown,,,West,"Automobile, Station Wagon",Turning Left,Improper Turn,Inattentive,,,,,,,Yes,,Yes,,,,,,,,,,,170,Yonge-Bay Corridor,76,Bay Street Corridor (76),D52,"{""coordinates"": [[-79.38405900056, 43.6463110004575]], ""type"": ""MultiPoint""}",2021
17371,17372,1001936756.0,2021-10-08,1912,WELLINGTON ST W,UNIVERSITY  AVE,,Major Arterial,Toronto and East York,At Intersection,Traffic Signal,Clear,Daylight,Dry,Non-Fatal Injury,Pedestrian Collisions,Pedestrian,35 to 39,Major,,East,,,,,Vehicle turns left while ped crosses with ROW at inter.,Crossing with right of way,Normal,,,,Yes,,Yes,,,,,,,,,,,170,Yonge-Bay Corridor,76,Bay Street Corridor (76),D52,"{""coordinates"": [[-79.38405900056, 43.6463110004575]], ""type"": ""MultiPoint""}",2021
17372,17373,1001953329.0,2021-10-11,1358,VALLEY WOODS RD,YORK MILLS RD,200 m South ,Collector,Toronto and East York,Non Intersection,No Control,Clear,Daylight,Dry,Non-Fatal Injury,SMV Other,Motorcycle Driver,35 to 39,Major,,South,Motorcycle,Going Ahead,Exceeding Speed Limit,Normal,,,,,,,,,,Yes,,,,,Yes,Yes,,,,150,Fenside-Parkwoods,45,Parkwoods-Donalda (45),D33,"{""coordinates"": [[-79.333652000344, 43.7578680000705]], ""type"": ""MultiPoint""}",2021
17373,17374,1001955597.0,2021-10-11,2102,Bayview Avenue,Rosedale Valley Road,350 m South ,,,Non Intersection,No Control,Clear,Dark,Dry,Non-Fatal Injury,Approaching,Motorcycle Driver,55 to 59,Major,,South,Motorcycle,Going Ahead,Other,Normal,,,,,,,,,Yes,Yes,,,,,,Yes,,,,72,Regent Park,72,Regent Park (72),D51,"{""coordinates"": [[-79.3567919994596, 43.6628869998783]], ""type"": ""MultiPoint""}",2021
17374,17375,1001955597.0,2021-10-11,2102,Bayview Avenue,Rosedale Valley Road,350 m South ,,,Non Intersection,No Control,Clear,Dark,Dry,Non-Fatal Injury,Approaching,Driver,25 to 29,,,North,"Automobile, Station Wagon",Going Ahead,Other,Normal,,,,,,,,,Yes,Yes,,,,,,Yes,,,,72,Regent Park,72,Regent Park (72),D51,"{""coordinates"": [[-79.3567919994596, 43.6628869998783]], ""type"": ""MultiPoint""}",2021
17375,17376,1001960285.0,2021-10-12,1356,LAWRENCE  AVE W,DUPLEX AVE,135 m West o,Major Arterial,North York,Non Intersection,No Control,Clear,Daylight,Dry,Non-Fatal Injury,Pedestrian Collisions,Driver,40 to 44,,,East,"Bus (Other) (Go Bus, Gray Coa",Going Ahead,Driving Properly,Normal,,,,,,,Yes,,,,,Yes,,,,,,,,103,Lawrence Park South,103,Lawrence Park South (103),D53,"{""coordinates"": [[-79.4073289998391, 43.7239409997769]], ""type"": ""MultiPoint""}",2021
17376,17377,1001960285.0,2021-10-12,1356,LAWRENCE  AVE W,DUPLEX AVE,135 m West o,Major Arterial,North York,Non Intersection,No Control,Clear,Daylight,Dry,Non-Fatal Injury,Pedestrian Collisions,Pedestrian,85 to 89,Major,,Unknown,,,,,Pedestrian hit on sidewalk or shoulder,On Sidewalk or Shoulder,Medical or Physical Disability,,,,Yes,,,,,Yes,,,,,,,,103,Lawrence Park South,103,Lawrence Park South (103),D53,"{""coordinates"": [[-79.4073289998391, 43.7239409997769]], ""type"": ""MultiPoint""}",2021
17377,17378,1001961568.0,2021-10-12,1639,PARKSIDE DR,SPRING RD,,Major Arterial,Scarborough,Intersection Related,Traffic Signal,Clear,Daylight,Dry,Fatal,Rear End,Passenger,70 to 74,,,,,,,,,,,,,,,,Yes,,,,,Yes,Yes,Yes,,,,87,High Park-Swansea,87,High Park-Swansea (87),D11,"{""coordinates"": [[-79.4546160005191, 43.6409139995845]], ""type"": ""MultiPoint""}",2021
17378,17379,1001961568.0,2021-10-12,1639,PARKSIDE DR,SPRING RD,,Major Arterial,Scarborough,Intersection Related,Traffic Signal,Clear,Daylight,Dry,Fatal,Rear End,Passenger,65 to 69,Fatal,42.0,,,,,,,,,,,,,,Yes,,,,,Yes,Yes,Yes,,,,87,High Park-Swansea,87,High Park-Swansea (87),D11,"{""coordinates"": [[-79.4546160005191, 43.6409139995845]], ""type"": ""MultiPoint""}",2021
17379,17380,1001961568.0,2021-10-12,1639,PARKSIDE DR,SPRING RD,,Major Arterial,Scarborough,Intersection Related,Traffic Signal,Clear,Daylight,Dry,Fatal,Rear End,Driver,50 to 54,,,South,"Automobile, Station Wagon",Slowing or Stopping,Driving Properly,Normal,,,,,,,,,Yes,,,,,Yes,Yes,Yes,,,,87,High Park-Swansea,87,High Park-Swansea (87),D11,"{""coordinates"": [[-79.4546160005191, 43.6409139995845]], ""type"": ""MultiPoint""}",2021
17380,17381,1001961568.0,2021-10-12,1639,PARKSIDE DR,SPRING RD,,Major Arterial,Scarborough,Intersection Related,Traffic Signal,Clear,Daylight,Dry,Fatal,Rear End,Driver,35 to 39,Major,,South,"Automobile, Station Wagon",Going Ahead,Exceeding Speed Limit,Unknown,,,,,,,,,Yes,,,,,Yes,Yes,Yes,,,,87,High Park-Swansea,87,High Park-Swansea (87),D11,"{""coordinates"": [[-79.4546160005191, 43.6409139995845]], ""type"": ""MultiPoint""}",2021
17381,17382,1001961568.0,2021-10-12,1639,PARKSIDE DR,SPRING RD,,Major Arterial,Scarborough,Intersection Related,Traffic Signal,Clear,Daylight,Dry,Fatal,Rear End,Driver,70 to 74,Minor,,South,"Automobile, Station Wagon",Slowing or Stopping,Driving Properly,Normal,,,,,,,,,Yes,,,,,Yes,Yes,Yes,,,,87,High Park-Swansea,87,High Park-Swansea (87),D11,"{""coordinates"": [[-79.4546160005191, 43.6409139995845]], ""type"": ""MultiPoint""}",2021
17382,17383,1001961568.0,2021-10-12,1639,PARKSIDE DR,SPRING RD,,Major Arterial,Scarborough,Intersection Related,Traffic Signal,Clear,Daylight,Dry,Fatal,Rear End,Passenger,70 to 74,Minor,,,,,,,,,,,,,,,Yes,,,,,Yes,Yes,Yes,,,,87,High Park-Swansea,87,High Park-Swansea (87),D11,"{""coordinates"": [[-79.4546160005191, 43.6409139995845]], ""type"": ""MultiPoint""}",2021
17383,17384,1001961568.0,2021-10-12,1639,PARKSIDE DR,SPRING RD,,Major Arterial,Scarborough,Intersection Related,Traffic Signal,Clear,Daylight,Dry,Fatal,Rear End,Driver,55 to 59,,,South,"Automobile, Station Wagon",Slowing or Stopping,Driving Properly,Normal,,,,,,,,,Yes,,,,,Yes,Yes,Yes,,,,87,High Park-Swansea,87,High Park-Swansea (87),D11,"{""coordinates"": [[-79.4546160005191, 43.6409139995845]], ""type"": ""MultiPoint""}",2021
17384,17385,1001961568.0,2021-10-12,1639,PARKSIDE DR,SPRING RD,,Major Arterial,Scarborough,Intersection Related,Traffic Signal,Clear,Daylight,Dry,Fatal,Rear End,Driver,70 to 74,Fatal,41.0,South,"Automobile, Station Wagon",Going Ahead,Driving Properly,Unknown,,,,,,,,,Yes,,,,,Yes,Yes,Yes,,,,87,High Park-Swansea,87,High Park-Swansea (87),D11,"{""coordinates"": [[-79.4546160005191, 43.6409139995845]], ""type"": ""MultiPoint""}",2021
17385,17386,1001963083.0,2021-10-12,2035,40 FARNSWORTH DR,FARNSWORTH DR,10 m North o,Local,North York,Non Intersection,No Control,Clear,"Dark, artificial",Dry,Non-Fatal Injury,SMV Other,Driver,40 to 44,Major,,West,Off Road - 4 Wheels,Turning Right,Lost control,Normal,,,,,,,,,,,,,,,,,,,,23,Pelmo Park-Humberlea,23,Pelmo Park-Humberlea (23),D12,"{""coordinates"": [[-79.5147130003707, 43.7110930003765]], ""type"": ""MultiPoint""}",2021
17386,17387,1001968469.0,2021-10-13,1520,KINGSTON RD,#4351,,Major Arterial,Scarborough,At/Near Private Drive,No Control,Clear,Daylight,Dry,Non-Fatal Injury,Turning Movement,Driver,65 to 69,,,West,"Automobile, Station Wagon",Turning Left,Failed to Yield Right of Way,Inattentive,,,,,,,,,Yes,Yes,,,,,,Yes,,,,136,West Hill,136,West Hill (136),D43,"{""coordinates"": [[-79.1920579998531, 43.7649829999551]], ""type"": ""MultiPoint""}",2021
17387,17388,1001968469.0,2021-10-13,1520,KINGSTON RD,#4351,,Major Arterial,Scarborough,At/Near Private Drive,No Control,Clear,Daylight,Dry,Non-Fatal Injury,Turning Movement,Motorcycle Driver,45 to 49,Major,,East,Motorcycle,Going Ahead,Driving Properly,Normal,,,,,,,,,Yes,Yes,,,,,,Yes,,,,136,West Hill,136,West Hill (136),D43,"{""coordinates"": [[-79.1920579998531, 43.7649829999551]], ""type"": ""MultiPoint""}",2021
17388,17389,1001970214.0,2021-10-13,1927,DON MILLS RD,THE DONWAY  W,,Minor Arterial,North York,Non Intersection,No Control,Clear,"Dark, artificial",Dry,Fatal,Pedestrian Collisions,Pedestrian,60 to 64,Fatal,43.0,South,,,,,Pedestrian hit at mid-block,"Crossing, no Traffic Control",Inattentive,,,,Yes,,Yes,,,,,Yes,,,,,,42,Banbury-Don Mills,42,Banbury-Don Mills (42),D33,"{""coordinates"": [[-79.3428680001323, 43.7318900000469]], ""type"": ""MultiPoint""}",2021
17389,17390,1001970214.0,2021-10-13,1927,DON MILLS RD,THE DONWAY  W,,Minor Arterial,North York,Non Intersection,No Control,Clear,"Dark, artificial",Dry,Fatal,Pedestrian Collisions,Driver,35 to 39,,,West,"Automobile, Station Wagon",Going Ahead,Driving Properly,Normal,,,,,,,Yes,,Yes,,,,,Yes,,,,,,42,Banbury-Don Mills,42,Banbury-Don Mills (42),D33,"{""coordinates"": [[-79.3428680001323, 43.7318900000469]], ""type"": ""MultiPoint""}",2021
17390,17391,1001970214.0,2021-10-13,1927,DON MILLS RD,THE DONWAY  W,,Minor Arterial,North York,Non Intersection,No Control,Clear,"Dark, artificial",Dry,Fatal,Pedestrian Collisions,Passenger,5 to 9,,,,,,,,,,,,,,Yes,,Yes,,,,,Yes,,,,,,42,Banbury-Don Mills,42,Banbury-Don Mills (42),D33,"{""coordinates"": [[-79.3428680001323, 43.7318900000469]], ""type"": ""MultiPoint""}",2021
17391,17392,1001970214.0,2021-10-13,1927,DON MILLS RD,THE DONWAY  W,,Minor Arterial,North York,Non Intersection,No Control,Clear,"Dark, artificial",Dry,Fatal,Pedestrian Collisions,Passenger,5 to 9,,,,,,,,,,,,,,Yes,,Yes,,,,,Yes,,,,,,42,Banbury-Don Mills,42,Banbury-Don Mills (42),D33,"{""coordinates"": [[-79.3428680001323, 43.7318900000469]], ""type"": ""MultiPoint""}",2021
17392,17393,1001982074.0,2021-10-15,1201,BURNHAMTHORPE RD,SHAVER AVE N,,Major Arterial,Etobicoke York,At Intersection,Stop Sign,Clear,Daylight,Dry,Fatal,Angle,Driver,55 to 59,Fatal,44.0,South,"Automobile, Station Wagon",Going Ahead,Disobeyed Traffic Control,Unknown,,,,,,,,,Yes,,,,,,Yes,Yes,,,,158,Islington,14,Islington-City Centre West (14),D22,"{""coordinates"": [[-79.5516539999868, 43.6481039999983]], ""type"": ""MultiPoint""}",2021
17393,17394,1001982074.0,2021-10-15,1201,BURNHAMTHORPE RD,SHAVER AVE N,,Major Arterial,Etobicoke York,At Intersection,Stop Sign,Clear,Daylight,Dry,Fatal,Angle,Driver,20 to 24,Minor,,West,Passenger Van,Going Ahead,Speed too Fast For Condition,Unknown,,,,,,,,,Yes,,,,,,Yes,Yes,,,,158,Islington,14,Islington-City Centre West (14),D22,"{""coordinates"": [[-79.5516539999868, 43.6481039999983]], ""type"": ""MultiPoint""}",2021
17394,17395,1001983260.0,2021-10-15,1450,RICHMOND ST W,DUNCAN  ST,,Major Arterial,Toronto and East York,At Intersection,Traffic Signal,Clear,Daylight,Dry,Non-Fatal Injury,Pedestrian Collisions,Driver,20 to 24,,,West,"Automobile, Station Wagon",Turning Left,Failed to Yield Right of Way,Normal,,,,,,,Yes,,Yes,,,,,,,Yes,,,,164,Wellington Place,77,Waterfront Communities-The Island (77),D52,"{""coordinates"": [[-79.3891400001499, 43.6493820002826]], ""type"": ""MultiPoint""}",2021
17395,17396,1001983260.0,2021-10-15,1450,RICHMOND ST W,DUNCAN  ST,,Major Arterial,Toronto and East York,At Intersection,Traffic Signal,Clear,Daylight,Dry,Non-Fatal Injury,Pedestrian Collisions,Pedestrian,55 to 59,Major,,East,,,,,Vehicle turns left while ped crosses with ROW at inter.,Crossing with right of way,Normal,,,,Yes,,Yes,,,,,,,Yes,,,,164,Wellington Place,77,Waterfront Communities-The Island (77),D52,"{""coordinates"": [[-79.3891400001499, 43.6493820002826]], ""type"": ""MultiPoint""}",2021
17396,17397,1001991750.0,2021-10-16,1917,BAY  ST,CUMBERLAND ST,,Major Arterial,Toronto and East York,At Intersection,Traffic Signal,Clear,"Dark, artificial",Dry,Non-Fatal Injury,Pedestrian Collisions,Driver,unknown,,,South,"Automobile, Station Wagon",Going Ahead,Exceeding Speed Limit,Unknown,,,,,,,Yes,,Yes,,,,,,Yes,Yes,,,,95,Annex,95,Annex (95),D53,"{""coordinates"": [[-79.3898040004758, 43.6704890001901]], ""type"": ""MultiPoint""}",2021
17397,17398,1001991750.0,2021-10-16,1917,BAY  ST,CUMBERLAND ST,,Major Arterial,Toronto and East York,At Intersection,Traffic Signal,Clear,"Dark, artificial",Dry,Non-Fatal Injury,Pedestrian Collisions,Pedestrian,20 to 24,Major,,East,,,,,Vehicle is going straight thru inter.while ped cross without ROW,Crossing with right of way,Normal,,,,Yes,,Yes,,,,,,Yes,Yes,,,,95,Annex,95,Annex (95),D53,"{""coordinates"": [[-79.3898040004758, 43.6704890001901]], ""type"": ""MultiPoint""}",2021
17398,17399,1002003556.0,2021-10-18,1504,MCCOWAN RD,FINCH  AVE E,75 m North o,Major Arterial,Scarborough,Non Intersection,No Control,Clear,Daylight,Dry,Non-Fatal Injury,Rear End,Driver,60 to 64,Major,,South,"Automobile, Station Wagon",Slowing or Stopping,Other,Medical or Physical Disability,,,,,,,,,Yes,,,,,,,,,,Yes,129,Agincourt North,129,Agincourt North (129),D42,"{""coordinates"": [[-79.2667499995005, 43.8087220000308]], ""type"": ""MultiPoint""}",2021
17399,17400,1002003556.0,2021-10-18,1504,MCCOWAN RD,FINCH  AVE E,75 m North o,Major Arterial,Scarborough,Non Intersection,No Control,Clear,Daylight,Dry,Non-Fatal Injury,Rear End,Driver,55 to 59,Minimal,,South,"Automobile, Station Wagon",Slowing or Stopping,Driving Properly,Normal,,,,,,,,,Yes,,,,,,,,,,Yes,129,Agincourt North,129,Agincourt North (129),D42,"{""coordinates"": [[-79.2667499995005, 43.8087220000308]], ""type"": ""MultiPoint""}",2021
17400,17401,1002009493.0,2021-10-19,1140,DANFORTH AVE,BIRCHMOUNT RD,,Minor Arterial,Scarborough,At Intersection,Traffic Signal,Clear,Daylight,Dry,Fatal,Pedestrian Collisions,Pedestrian,15 to 19,Fatal,45.0,North,,,,,Vehicle turns left while ped crosses with ROW at inter.,Crossing with right of way,Normal,,,,Yes,,Yes,,,,,,,Yes,,,,122,Birchcliffe-Cliffside,122,Birchcliffe-Cliffside (122),D41,"{""coordinates"": [[-79.263964999988, 43.6969210002973]], ""type"": ""MultiPoint""}",2021
17401,17402,1002009493.0,2021-10-19,1140,DANFORTH AVE,BIRCHMOUNT RD,,Minor Arterial,Scarborough,At Intersection,Traffic Signal,Clear,Daylight,Dry,Fatal,Pedestrian Collisions,Driver,40 to 44,,,South,"Automobile, Station Wagon",Turning Left,Failed to Yield Right of Way,Inattentive,,,,,,,Yes,,Yes,,,,,,,Yes,,,,122,Birchcliffe-Cliffside,122,Birchcliffe-Cliffside (122),D41,"{""coordinates"": [[-79.263964999988, 43.6969210002973]], ""type"": ""MultiPoint""}",2021
17402,17403,1002013655.0,2021-10-19,2136,O CONNOR DR,PEPLER AVE,,Major Arterial,Toronto and East York,Non Intersection,No Control,Clear,"Dark, artificial",Dry,Fatal,Pedestrian Collisions,Driver,80 to 84,,,East,"Automobile, Station Wagon",Going Ahead,Driving Properly,Unknown,,,,,,,Yes,,Yes,,,,,,,,,,,58,Old East York,58,Old East York (58),D55,"{""coordinates"": [[-79.3492389995034, 43.6933159995651]], ""type"": ""MultiPoint""}",2021
17403,17404,1002013655.0,2021-10-19,2136,O CONNOR DR,PEPLER AVE,,Major Arterial,Toronto and East York,Non Intersection,No Control,Clear,"Dark, artificial",Dry,Fatal,Pedestrian Collisions,Driver,40 to 44,,,West,"Automobile, Station Wagon",Going Ahead,Driving Properly,Normal,,,,,,,Yes,,Yes,,,,,,,,,,,58,Old East York,58,Old East York (58),D55,"{""coordinates"": [[-79.3492389995034, 43.6933159995651]], ""type"": ""MultiPoint""}",2021
17404,17405,1002013655.0,2021-10-19,2136,O CONNOR DR,PEPLER AVE,,Major Arterial,Toronto and East York,Non Intersection,No Control,Clear,"Dark, artificial",Dry,Fatal,Pedestrian Collisions,Pedestrian,80 to 84,Fatal,46.0,North,,,,,Pedestrian hit at mid-block,"Crossing, no Traffic Control",Inattentive,,,,Yes,,Yes,,,,,,,,,,,58,Old East York,58,Old East York (58),D55,"{""coordinates"": [[-79.3492389995034, 43.6933159995651]], ""type"": ""MultiPoint""}",2021
17405,17406,1002021609.0,2021-10-20,2318,LAWRENCE AVE EAST,GREENHOLM CRCT,2 m North of,Major Arterial,Scarborough,Intersection Related,Traffic Signal,Clear,"Dark, artificial",Dry,Non-Fatal Injury,Turning Movement,Driver,20 to 24,Major,,East,"Automobile, Station Wagon",Turning Left,Failed to Yield Right of Way,Inattentive,,,,,,,,,Yes,,,,,Yes,,Yes,,,,141,Golfdale-Cedarbrae-Woburn,137,Woburn (137),D43,"{""coordinates"": [[-79.2227359994509, 43.7602950001581]], ""type"": ""MultiPoint""}",2021
17406,17407,1002021609.0,2021-10-20,2318,LAWRENCE AVE EAST,GREENHOLM CRCT,2 m North of,Major Arterial,Scarborough,Intersection Related,Traffic Signal,Clear,"Dark, artificial",Dry,Non-Fatal Injury,Turning Movement,Driver,25 to 29,Minimal,,West,"Automobile, Station Wagon",Going Ahead,Driving Properly,Normal,,,,,,,,,Yes,,,,,Yes,,Yes,,,,141,Golfdale-Cedarbrae-Woburn,137,Woburn (137),D43,"{""coordinates"": [[-79.2227359994509, 43.7602950001581]], ""type"": ""MultiPoint""}",2021
17407,17408,1002021609.0,2021-10-20,2318,LAWRENCE AVE EAST,GREENHOLM CRCT,2 m North of,Major Arterial,Scarborough,Intersection Related,Traffic Signal,Clear,"Dark, artificial",Dry,Non-Fatal Injury,Turning Movement,Passenger,15 to 19,,,West,"Automobile, Station Wagon",Going Ahead,,,,,,,,,,,Yes,,,,,Yes,,Yes,,,,141,Golfdale-Cedarbrae-Woburn,137,Woburn (137),D43,"{""coordinates"": [[-79.2227359994509, 43.7602950001581]], ""type"": ""MultiPoint""}",2021
17408,17409,1002028747.0,2021-10-21,2222,MCCOWAN RD,EGLINTON AVE E,,Major Arterial,Scarborough,At Intersection,Traffic Signal,Rain,"Dark, artificial",Wet,Non-Fatal Injury,Pedestrian Collisions,Driver,45 to 49,,,North,"Automobile, Station Wagon",Turning Left,Failed to Yield Right of Way,Inattentive,,,,,,,Yes,,Yes,,,,,,,Yes,,,,138,Eglinton East,138,Eglinton East (138),D43,"{""coordinates"": [[-79.2383229995179, 43.7387799995934]], ""type"": ""MultiPoint""}",2021
17409,17410,1002028747.0,2021-10-21,2222,MCCOWAN RD,EGLINTON AVE E,,Major Arterial,Scarborough,At Intersection,Traffic Signal,Rain,"Dark, artificial",Wet,Non-Fatal Injury,Pedestrian Collisions,Pedestrian,20 to 24,Major,,North,,,,,Vehicle turns left while ped crosses with ROW at inter.,Crossing with right of way,Normal,,,,Yes,,Yes,,,,,,,Yes,,,,138,Eglinton East,138,Eglinton East (138),D43,"{""coordinates"": [[-79.2383229995179, 43.7387799995934]], ""type"": ""MultiPoint""}",2021