index,_id,ACCNUM,DATE,TIME,STREET1,STREET2,OFFSET,ROAD_CLASS,DISTRICT,ACCLOC,TRAFFCTL,VISIBILITY,LIGHT,RDSFCOND,ACCLASS,IMPACTYPE,INVTYPE,INVAGE,INJURY,FATAL_NO,INITDIR,VEHTYPE,MANOEUVER,DRIVACT,DRIVCOND,PEDTYPE,PEDACT,PEDCOND,CYCLISTYPE,CYCACT,CYCCOND,PEDESTRIAN,CYCLIST,AUTOMOBILE,MOTORCYCLE,TRUCK,TRSN_CITY_VEH,EMERG_VEH,PASSENGER,SPEEDING,AG_DRIV,REDLIGHT,ALCOHOL,DISABILITY,HOOD_158,NEIGHBOURHOOD_158,HOOD_140,NEIGHBOURHOOD_140,DIVISION,geometry,ACCIDENT_YEAR
17410,17411,1002036399.0,2021-10-22,2319,WILSON AV,ALLINGHAM GS,,Major Arterial,North York,Intersection Related,Traffic Signal,Clear,"Dark, artificial",Dry,Non-Fatal Injury,Approaching,Driver,20 to 24,Minor,,West,"Automobile, Station Wagon",Going Ahead,Lost control,Inattentive,,,,,,,,,Yes,,,Yes,,Yes,Yes,Yes,,,,33,Clanton Park,33,Clanton Park (33),D32,"{""coordinates"": [[-79.4426380004157, 43.7355790004074]], ""type"": ""MultiPoint""}",2021
17411,17412,1002036399.0,2021-10-22,2319,WILSON AV,ALLINGHAM GS,,Major Arterial,North York,Intersection Related,Traffic Signal,Clear,"Dark, artificial",Dry,Non-Fatal Injury,Approaching,Driver,45 to 49,Minimal,,East,Municipal Transit Bus (TTC),Going Ahead,Driving Properly,Normal,,,,,,,,,Yes,,,Yes,,Yes,Yes,Yes,,,,33,Clanton Park,33,Clanton Park (33),D32,"{""coordinates"": [[-79.4426380004157, 43.7355790004074]], ""type"": ""MultiPoint""}",2021
17412,17413,1002036399.0,2021-10-22,2319,WILSON AV,ALLINGHAM GS,,Major Arterial,North York,Intersection Related,Traffic Signal,Clear,"Dark, artificial",Dry,Non-Fatal Injury,Approaching,Passenger,15 to 19,Major,,,,,,,,,,,,,,,Yes,,,Yes,,Yes,Yes,Yes,,,,33,Clanton Park,33,Clanton Park (33),D32,"{""coordinates"": [[-79.4426380004157, 43.7355790004074]], ""type"": ""MultiPoint""}",2021
17413,17414,1002036399.0,2021-10-22,2319,WILSON AV,ALLINGHAM GS,,Major Arterial,North York,Intersection Related,Traffic Signal,Clear,"Dark, artificial",Dry,Non-Fatal Injury,Approaching,Passenger,15 to 19,Major,,,,,,,,,,,,,,,Yes,,,Yes,,Yes,Yes,Yes,,,,33,Clanton Park,33,Clanton Park (33),D32,"{""coordinates"": [[-79.4426380004157, 43.7355790004074]], ""type"": ""MultiPoint""}",2021
17414,17415,1002036399.0,2021-10-22,2319,WILSON AV,ALLINGHAM GS,,Major Arterial,North York,Intersection Related,Traffic Signal,Clear,"Dark, artificial",Dry,Non-Fatal Injury,Approaching,Passenger,15 to 19,Major,,,,,,,,,,,,,,,Yes,,,Yes,,Yes,Yes,Yes,,,,33,Clanton Park,33,Clanton Park (33),D32,"{""coordinates"": [[-79.4426380004157, 43.7355790004074]], ""type"": ""MultiPoint""}",2021
17415,17416,1002036399.0,2021-10-22,2319,WILSON AV,ALLINGHAM GS,,Major Arterial,North York,Intersection Related,Traffic Signal,Clear,"Dark, artificial",Dry,Non-Fatal Injury,Approaching,Passenger,15 to 19,Minor,,,,,,,,,,,,,,,Yes,,,Yes,,Yes,Yes,Yes,,,,33,Clanton Park,33,Clanton Park (33),D32,"{""coordinates"": [[-79.4426380004157, 43.7355790004074]], ""type"": ""MultiPoint""}",2021
17416,17417,1002048741.0,2021-10-24,2019,2233 BARTOR RD,,100 m South ,Minor Arterial,Etobicoke York,Non Intersection,No Control,Clear,Dark,Dry,Fatal,Rear End,Driver,30 to 34,,,South,"Automobile, Station Wagon",Going Ahead,Lost control,Unknown,,,,,,,,,Yes,,,,,,,,,,,154,Oakdale-Beverley Heights,26,Downsview-Roding-CFB (26),D31,"{""coordinates"": [[-79.5268279994209, 43.7346100002972]], ""type"": ""MultiPoint""}",2021
17417,17418,1002048741.0,2021-10-24,2019,2233 BARTOR RD,,100 m South ,Minor Arterial,Etobicoke York,Non Intersection,No Control,Clear,Dark,Dry,Fatal,Rear End,Driver,45 to 49,Fatal,49.0,South,"Automobile, Station Wagon",Stopped,Other,Unknown,,,,,,,,,Yes,,,,,,,,,,,154,Oakdale-Beverley Heights,26,Downsview-Roding-CFB (26),D31,"{""coordinates"": [[-79.5268279994209, 43.7346100002972]], ""type"": ""MultiPoint""}",2021
17418,17419,1002052752.0,2021-10-25,1255,ORIOLE PKWY,EGLINTON AVE W,50 m South o,Minor Arterial,Toronto and East York,Non Intersection,No Control,Rain,Daylight,Wet,Non-Fatal Injury,Pedestrian Collisions,Driver,30 to 34,,,South,"Automobile, Station Wagon",Going Ahead,Driving Properly,Normal,,,,,,,Yes,,Yes,,,,,,,,,,,100,Yonge-Eglinton,100,Yonge-Eglinton (100),D53,"{""coordinates"": [[-79.4058790005166, 43.7044820001671]], ""type"": ""MultiPoint""}",2021
17419,17420,1002052752.0,2021-10-25,1255,ORIOLE PKWY,EGLINTON AVE W,50 m South o,Minor Arterial,Toronto and East York,Non Intersection,No Control,Rain,Daylight,Wet,Non-Fatal Injury,Pedestrian Collisions,Pedestrian,30 to 34,Major,,East,,,,,Pedestrian hit at mid-block,"Crossing, Pedestrian Crossover",Inattentive,,,,Yes,,Yes,,,,,,,,,,,100,Yonge-Eglinton,100,Yonge-Eglinton (100),D53,"{""coordinates"": [[-79.4058790005166, 43.7044820001671]], ""type"": ""MultiPoint""}",2021
17420,17421,1002054917.0,2021-10-25,1835,LAKE SHORE BLVD W,TWENTY FIRST ST,21 m west of,Major Arterial,Etobicoke York,Non Intersection,No Control,Rain,"Dusk, artificial",Wet,Fatal,Pedestrian Collisions,Pedestrian,65 to 69,Fatal,48.0,South,,,,,Pedestrian hit at mid-block,"Crossing, no Traffic Control",Medical or Physical Disability,,,,Yes,,Yes,,,,,,,,,,,18,New Toronto,18,New Toronto (18),D22,"{""coordinates"": [[-79.5201980003681, 43.5973689999103]], ""type"": ""MultiPoint""}",2021
17421,17422,1002054917.0,2021-10-25,1835,LAKE SHORE BLVD W,TWENTY FIRST ST,21 m west of,Major Arterial,Etobicoke York,Non Intersection,No Control,Rain,"Dusk, artificial",Wet,Fatal,Pedestrian Collisions,Driver,40 to 44,,,East,"Automobile, Station Wagon",Going Ahead,Driving Properly,Normal,,,,,,,Yes,,Yes,,,,,,,,,,,18,New Toronto,18,New Toronto (18),D22,"{""coordinates"": [[-79.5201980003681, 43.5973689999103]], ""type"": ""MultiPoint""}",2021
17422,17423,1002064782.0,2021-10-27,812,DUNCANWOODS DR,NAVENBY  CRES,3 m South of,Collector,Etobicoke York,Intersection Related,No Control,Clear,"Daylight, artificial",Dry,Non-Fatal Injury,Pedestrian Collisions,Driver,20 to 24,,,South,"Automobile, Station Wagon",Going Ahead,Lost control,Fatigue,,,,,,,Yes,,Yes,,,,,,,,,,,21,Humber Summit,21,Humber Summit (21),D31,"{""coordinates"": [[-79.5653719995587, 43.7537449998278]], ""type"": ""MultiPoint""}",2021
17423,17424,1002064782.0,2021-10-27,812,DUNCANWOODS DR,NAVENBY  CRES,3 m South of,Collector,Etobicoke York,Intersection Related,No Control,Clear,"Daylight, artificial",Dry,Non-Fatal Injury,Pedestrian Collisions,Pedestrian,40 to 44,Major,,Unknown,,,,,Pedestrian hit on sidewalk or shoulder,On Sidewalk or Shoulder,Normal,,,,Yes,,Yes,,,,,,,,,,,21,Humber Summit,21,Humber Summit (21),D31,"{""coordinates"": [[-79.5653719995587, 43.7537449998278]], ""type"": ""MultiPoint""}",2021
17424,17425,1002064782.0,2021-10-27,812,DUNCANWOODS DR,NAVENBY  CRES,3 m South of,Collector,Etobicoke York,Intersection Related,No Control,Clear,"Daylight, artificial",Dry,Non-Fatal Injury,Pedestrian Collisions,Pedestrian,5 to 9,Minor,,Unknown,,,,,Pedestrian hit on sidewalk or shoulder,On Sidewalk or Shoulder,Normal,,,,Yes,,Yes,,,,,,,,,,,21,Humber Summit,21,Humber Summit (21),D31,"{""coordinates"": [[-79.5653719995587, 43.7537449998278]], ""type"": ""MultiPoint""}",2021
17425,17426,1002078919.0,2021-10-29,248,VICTORIA PARK AV,GERRARD ST E,,Major Arterial,Scarborough,At Intersection,Traffic Signal,Clear,"Dark, artificial",Dry,Non-Fatal Injury,SMV Other,Driver,30 to 34,,,South,"Automobile, Station Wagon",Going Ahead,Driving Properly,Normal,,,,,,,,,Yes,,,,,Yes,,,,,,62,East End-Danforth,62,East End-Danforth (62),D55,"{""coordinates"": [[-79.286547999722, 43.686831000308]], ""type"": ""MultiPoint""}",2021
17426,17427,1002078919.0,2021-10-29,248,VICTORIA PARK AV,GERRARD ST E,,Major Arterial,Scarborough,At Intersection,Traffic Signal,Clear,"Dark, artificial",Dry,Non-Fatal Injury,SMV Other,Passenger,30 to 34,Major,,,,,,,,,,,,,,,Yes,,,,,Yes,,,,,,62,East End-Danforth,62,East End-Danforth (62),D55,"{""coordinates"": [[-79.286547999722, 43.686831000308]], ""type"": ""MultiPoint""}",2021
17427,17428,1002085130.0,2021-10-29,2300,3600 STEELES AVE W,,1 m West of,Major Arterial,Etobicoke York,Non Intersection,No Control,Rain,"Dark, artificial",Wet,Non-Fatal Injury,Pedestrian Collisions,Driver,25 to 29,,,West,"Automobile, Station Wagon",Going Ahead,Driving Properly,Normal,,,,,,,Yes,,Yes,,,,,,,,,,,21,Humber Summit,21,Humber Summit (21),D31,"{""coordinates"": [[-79.5387910004865, 43.7717919997116]], ""type"": ""MultiPoint""}",2021
17428,17429,1002085130.0,2021-10-29,2300,3600 STEELES AVE W,,1 m West of,Major Arterial,Etobicoke York,Non Intersection,No Control,Rain,"Dark, artificial",Wet,Non-Fatal Injury,Pedestrian Collisions,Pedestrian,35 to 39,Major,,South,,,,,Pedestrian hit at mid-block,Running onto Roadway,Inattentive,,,,Yes,,Yes,,,,,,,,,,,21,Humber Summit,21,Humber Summit (21),D31,"{""coordinates"": [[-79.5387910004865, 43.7717919997116]], ""type"": ""MultiPoint""}",2021
17429,17430,1002090164.0,2021-10-30,1840,KENNEDY RD,LAWRENCE AVE E,,Major Arterial,Scarborough,Non Intersection,No Control,Rain,"Dark, artificial",Wet,Fatal,Pedestrian Collisions,Pedestrian,65 to 69,Fatal,47.0,East,,,,,Pedestrian hit at mid-block,"Crossing, no Traffic Control",Normal,,,,Yes,,Yes,,,,,,,,,,,126,Dorset Park,126,Dorset Park (126),D41,"{""coordinates"": [[-79.2754010005105, 43.7509790001074]], ""type"": ""MultiPoint""}",2021
17430,17431,1002090164.0,2021-10-30,1840,KENNEDY RD,LAWRENCE AVE E,,Major Arterial,Scarborough,Non Intersection,No Control,Rain,"Dark, artificial",Wet,Fatal,Pedestrian Collisions,Driver,35 to 39,,,North,"Automobile, Station Wagon",Going Ahead,Driving Properly,Normal,,,,,,,Yes,,Yes,,,,,,,,,,,126,Dorset Park,126,Dorset Park (126),D41,"{""coordinates"": [[-79.2754010005105, 43.7509790001074]], ""type"": ""MultiPoint""}",2021
17431,17432,1002092719.0,2021-10-31,324,WESTON RD,JUBILEE CRES,40 m North o,Major Arterial,North York,Non Intersection,No Control,Clear,"Dark, artificial",Wet,Non-Fatal Injury,SMV Other,Driver,20 to 24,Major,,South,"Automobile, Station Wagon",Going Ahead,Lost control,Had Been Drinking,,,,,,,,,Yes,,,,,,,Yes,,,,23,Pelmo Park-Humberlea,23,Pelmo Park-Humberlea (23),D31,"{""coordinates"": [[-79.5355790001898, 43.7261719999163]], ""type"": ""MultiPoint""}",2021
17432,17433,1002105025.0,2021-11-01,2205,2275 WARDEN AVE,,1 m South of,Major Arterial,Scarborough,At/Near Private Drive,No Control,Clear,"Dark, artificial",Dry,Non-Fatal Injury,Cyclist Collisions,Driver,30 to 34,,,South,"Automobile, Station Wagon",Turning Left,Failed to Yield Right of Way,Inattentive,,,,,,,,Yes,Yes,,,,,,,Yes,,,,118,Tam O'Shanter-Sullivan,118,Tam O'Shanter-Sullivan (118),D42,"{""coordinates"": [[-79.3095890003764, 43.7823049999774]], ""type"": ""MultiPoint""}",2021
17433,17434,1002105025.0,2021-11-01,2205,2275 WARDEN AVE,,1 m South of,Major Arterial,Scarborough,At/Near Private Drive,No Control,Clear,"Dark, artificial",Dry,Non-Fatal Injury,Cyclist Collisions,Cyclist,40 to 44,Major,,North,Bicycle,Going Ahead,,,,,,Motorist turned left across cyclists path.,Driving Properly,Normal,,Yes,Yes,,,,,,,Yes,,,,118,Tam O'Shanter-Sullivan,118,Tam O'Shanter-Sullivan (118),D42,"{""coordinates"": [[-79.3095890003764, 43.7823049999774]], ""type"": ""MultiPoint""}",2021
17434,17435,1002132451.0,2021-11-05,1711,THE QUEENSWAY,NORTH QUEEN ST,135 m West o,Major Arterial,Etobicoke York,Non Intersection,No Control,Clear,Daylight,Dry,Non-Fatal Injury,Pedestrian Collisions,Driver,30 to 34,,,West,"Automobile, Station Wagon",Going Ahead,Driving Properly,Normal,,,,,,,Yes,,Yes,,,,,,,,,,,159,Etobicoke City Centre,14,Islington-City Centre West (14),D22,"{""coordinates"": [[-79.5580019995394, 43.6140659999091]], ""type"": ""MultiPoint""}",2021
17435,17436,1002132451.0,2021-11-05,1711,THE QUEENSWAY,NORTH QUEEN ST,135 m West o,Major Arterial,Etobicoke York,Non Intersection,No Control,Clear,Daylight,Dry,Non-Fatal Injury,Pedestrian Collisions,Pedestrian,75 to 79,Major,,South,,,,,Pedestrian hit at mid-block,Crossing without right of way,Normal,,,,Yes,,Yes,,,,,,,,,,,159,Etobicoke City Centre,14,Islington-City Centre West (14),D22,"{""coordinates"": [[-79.5580019995394, 43.6140659999091]], ""type"": ""MultiPoint""}",2021
17436,17437,1002135282.0,2021-11-06,125,MIDDLEFIELD RD,FINCH  AVE E,10 m North o,Minor Arterial,Scarborough,Intersection Related,Traffic Signal,Clear,"Dark, artificial",Dry,Non-Fatal Injury,Pedestrian Collisions,Driver,25 to 29,,,South,"Automobile, Station Wagon",Going Ahead,Lost control,Unknown,,,,,,,Yes,,Yes,,,,,,,,,,,129,Agincourt North,129,Agincourt North (129),D42,"{""coordinates"": [[-79.2576629997092, 43.8098169996083]], ""type"": ""MultiPoint""}",2021
17437,17438,1002135282.0,2021-11-06,125,MIDDLEFIELD RD,FINCH  AVE E,10 m North o,Minor Arterial,Scarborough,Intersection Related,Traffic Signal,Clear,"Dark, artificial",Dry,Non-Fatal Injury,Pedestrian Collisions,Pedestrian,25 to 29,Major,,Unknown,,,,,Vehicle is going straight thru inter.while ped cross without ROW,Other,Had Been Drinking,,,,Yes,,Yes,,,,,,,,,,,129,Agincourt North,129,Agincourt North (129),D42,"{""coordinates"": [[-79.2576629997092, 43.8098169996083]], ""type"": ""MultiPoint""}",2021
17438,17439,1002145902.0,2021-11-07,1614,DUFFERIN ST,DUPONT ST,,Major Arterial,Toronto and East York,Intersection Related,Traffic Signal,Clear,Daylight,Dry,Non-Fatal Injury,Sideswipe,Driver,35 to 39,Minor,,East,"Automobile, Station Wagon",Going Ahead,Lost control,Unknown,,,,,,,,,Yes,,,,,Yes,Yes,Yes,,,,172,Dovercourt Village,93,Dovercourt-Wallace Emerson-Junction (93),D14,"{""coordinates"": [[-79.4388760004463, 43.6684289996363]], ""type"": ""MultiPoint""}",2021
17439,17440,1002145902.0,2021-11-07,1614,DUFFERIN ST,DUPONT ST,,Major Arterial,Toronto and East York,Intersection Related,Traffic Signal,Clear,Daylight,Dry,Non-Fatal Injury,Sideswipe,Driver,60 to 64,,,East,"Automobile, Station Wagon",Going Ahead,Driving Properly,Normal,,,,,,,,,Yes,,,,,Yes,Yes,Yes,,,,172,Dovercourt Village,93,Dovercourt-Wallace Emerson-Junction (93),D14,"{""coordinates"": [[-79.4388760004463, 43.6684289996363]], ""type"": ""MultiPoint""}",2021
17440,17441,1002145902.0,2021-11-07,1614,DUFFERIN ST,DUPONT ST,,Major Arterial,Toronto and East York,Intersection Related,Traffic Signal,Clear,Daylight,Dry,Non-Fatal Injury,Sideswipe,Driver,65 to 69,Major,,East,"Automobile, Station Wagon",Going Ahead,Driving Properly,Normal,,,,,,,,,Yes,,,,,Yes,Yes,Yes,,,,172,Dovercourt Village,93,Dovercourt-Wallace Emerson-Junction (93),D14,"{""coordinates"": [[-79.4388760004463, 43.6684289996363]], ""type"": ""MultiPoint""}",2021
17441,17442,1002145902.0,2021-11-07,1614,DUFFERIN ST,DUPONT ST,,Major Arterial,Toronto and East York,Intersection Related,Traffic Signal,Clear,Daylight,Dry,Non-Fatal Injury,Sideswipe,Driver,30 to 34,,,East,"Automobile, Station Wagon",Going Ahead,Driving Properly,Normal,,,,,,,,,Yes,,,,,Yes,Yes,Yes,,,,172,Dovercourt Village,93,Dovercourt-Wallace Emerson-Junction (93),D14,"{""coordinates"": [[-79.4388760004463, 43.6684289996363]], ""type"": ""MultiPoint""}",2021
17442,17443,1002145902.0,2021-11-07,1614,DUFFERIN ST,DUPONT ST,,Major Arterial,Toronto and East York,Intersection Related,Traffic Signal,Clear,Daylight,Dry,Non-Fatal Injury,Sideswipe,Driver,55 to 59,Minimal,,East,"Automobile, Station Wagon",Going Ahead,Driving Properly,Normal,,,,,,,,,Yes,,,,,Yes,Yes,Yes,,,,172,Dovercourt Village,93,Dovercourt-Wallace Emerson-Junction (93),D14,"{""coordinates"": [[-79.4388760004463, 43.6684289996363]], ""type"": ""MultiPoint""}",2021
17443,17444,1002145902.0,2021-11-07,1614,DUFFERIN ST,DUPONT ST,,Major Arterial,Toronto and East York,Intersection Related,Traffic Signal,Clear,Daylight,Dry,Non-Fatal Injury,Sideswipe,Driver,50 to 54,,,West,"Automobile, Station Wagon",Going Ahead,Driving Properly,Normal,,,,,,,,,Yes,,,,,Yes,Yes,Yes,,,,172,Dovercourt Village,93,Dovercourt-Wallace Emerson-Junction (93),D14,"{""coordinates"": [[-79.4388760004463, 43.6684289996363]], ""type"": ""MultiPoint""}",2021
17444,17445,1002145902.0,2021-11-07,1614,DUFFERIN ST,DUPONT ST,,Major Arterial,Toronto and East York,Intersection Related,Traffic Signal,Clear,Daylight,Dry,Non-Fatal Injury,Sideswipe,Driver,20 to 24,,,West,"Automobile, Station Wagon",Stopped,Driving Properly,Normal,,,,,,,,,Yes,,,,,Yes,Yes,Yes,,,,172,Dovercourt Village,93,Dovercourt-Wallace Emerson-Junction (93),D14,"{""coordinates"": [[-79.4388760004463, 43.6684289996363]], ""type"": ""MultiPoint""}",2021
17445,17446,1002145902.0,2021-11-07,1614,DUFFERIN ST,DUPONT ST,,Major Arterial,Toronto and East York,Intersection Related,Traffic Signal,Clear,Daylight,Dry,Non-Fatal Injury,Sideswipe,Driver,50 to 54,,,West,"Automobile, Station Wagon",Stopped,Driving Properly,Normal,,,,,,,,,Yes,,,,,Yes,Yes,Yes,,,,172,Dovercourt Village,93,Dovercourt-Wallace Emerson-Junction (93),D14,"{""coordinates"": [[-79.4388760004463, 43.6684289996363]], ""type"": ""MultiPoint""}",2021
17446,17447,1002145902.0,2021-11-07,1614,DUFFERIN ST,DUPONT ST,,Major Arterial,Toronto and East York,Intersection Related,Traffic Signal,Clear,Daylight,Dry,Non-Fatal Injury,Sideswipe,Driver,30 to 34,,,West,"Automobile, Station Wagon",Stopped,Driving Properly,Normal,,,,,,,,,Yes,,,,,Yes,Yes,Yes,,,,172,Dovercourt Village,93,Dovercourt-Wallace Emerson-Junction (93),D14,"{""coordinates"": [[-79.4388760004463, 43.6684289996363]], ""type"": ""MultiPoint""}",2021
17447,17448,1002145902.0,2021-11-07,1614,DUFFERIN ST,DUPONT ST,,Major Arterial,Toronto and East York,Intersection Related,Traffic Signal,Clear,Daylight,Dry,Non-Fatal Injury,Sideswipe,Passenger,35 to 39,Minor,,East,"Automobile, Station Wagon",Going Ahead,,,,,,,,,,,Yes,,,,,Yes,Yes,Yes,,,,172,Dovercourt Village,93,Dovercourt-Wallace Emerson-Junction (93),D14,"{""coordinates"": [[-79.4388760004463, 43.6684289996363]], ""type"": ""MultiPoint""}",2021
17448,17449,1002145902.0,2021-11-07,1614,DUFFERIN ST,DUPONT ST,,Major Arterial,Toronto and East York,Intersection Related,Traffic Signal,Clear,Daylight,Dry,Non-Fatal Injury,Sideswipe,Passenger,45 to 49,Minimal,,East,"Automobile, Station Wagon",Going Ahead,,,,,,,,,,,Yes,,,,,Yes,Yes,Yes,,,,172,Dovercourt Village,93,Dovercourt-Wallace Emerson-Junction (93),D14,"{""coordinates"": [[-79.4388760004463, 43.6684289996363]], ""type"": ""MultiPoint""}",2021
17449,17450,1002145902.0,2021-11-07,1614,DUFFERIN ST,DUPONT ST,,Major Arterial,Toronto and East York,Intersection Related,Traffic Signal,Clear,Daylight,Dry,Non-Fatal Injury,Sideswipe,Passenger,5 to 9,,,East,"Automobile, Station Wagon",Going Ahead,,,,,,,,,,,Yes,,,,,Yes,Yes,Yes,,,,172,Dovercourt Village,93,Dovercourt-Wallace Emerson-Junction (93),D14,"{""coordinates"": [[-79.4388760004463, 43.6684289996363]], ""type"": ""MultiPoint""}",2021
17450,17451,1002145902.0,2021-11-07,1614,DUFFERIN ST,DUPONT ST,,Major Arterial,Toronto and East York,Intersection Related,Traffic Signal,Clear,Daylight,Dry,Non-Fatal Injury,Sideswipe,Passenger,15 to 19,,,West,"Automobile, Station Wagon",Going Ahead,,,,,,,,,,,Yes,,,,,Yes,Yes,Yes,,,,172,Dovercourt Village,93,Dovercourt-Wallace Emerson-Junction (93),D14,"{""coordinates"": [[-79.4388760004463, 43.6684289996363]], ""type"": ""MultiPoint""}",2021
17451,17452,1002145902.0,2021-11-07,1614,DUFFERIN ST,DUPONT ST,,Major Arterial,Toronto and East York,Intersection Related,Traffic Signal,Clear,Daylight,Dry,Non-Fatal Injury,Sideswipe,Passenger,20 to 24,,,West,"Automobile, Station Wagon",Stopped,,,,,,,,,,,Yes,,,,,Yes,Yes,Yes,,,,172,Dovercourt Village,93,Dovercourt-Wallace Emerson-Junction (93),D14,"{""coordinates"": [[-79.4388760004463, 43.6684289996363]], ""type"": ""MultiPoint""}",2021
17452,17453,1002145902.0,2021-11-07,1614,DUFFERIN ST,DUPONT ST,,Major Arterial,Toronto and East York,Intersection Related,Traffic Signal,Clear,Daylight,Dry,Non-Fatal Injury,Sideswipe,Passenger,55 to 59,,,West,"Automobile, Station Wagon",Stopped,,,,,,,,,,,Yes,,,,,Yes,Yes,Yes,,,,172,Dovercourt Village,93,Dovercourt-Wallace Emerson-Junction (93),D14,"{""coordinates"": [[-79.4388760004463, 43.6684289996363]], ""type"": ""MultiPoint""}",2021
17453,17454,1002157696.0,2021-11-09,1013,BEDFORD RD,DAVENPORT RD,2 m East of,Major Arterial,Toronto and East York,At Intersection,Traffic Signal,Clear,Daylight,Dry,Non-Fatal Injury,Pedestrian Collisions,Driver,60 to 64,,,North,"Automobile, Station Wagon",Turning Right,Driving Properly,Normal,,,,,,,Yes,,Yes,,,,,,,,,,,95,Annex,95,Annex (95),D53,"{""coordinates"": [[-79.3998059998459, 43.6743000004001]], ""type"": ""MultiPoint""}",2021
17454,17455,1002157696.0,2021-11-09,1013,BEDFORD RD,DAVENPORT RD,2 m East of,Major Arterial,Toronto and East York,At Intersection,Traffic Signal,Clear,Daylight,Dry,Non-Fatal Injury,Pedestrian Collisions,Pedestrian,85 to 89,Major,,Unknown,,,,,Other / Undefined,Other,Other,,,,Yes,,Yes,,,,,,,,,,,95,Annex,95,Annex (95),D53,"{""coordinates"": [[-79.3998059998459, 43.6743000004001]], ""type"": ""MultiPoint""}",2021
17455,17456,1002160067.0,2021-11-09,1550,LAWRENCE  AVE W,DUFFLAW  RD,3 m West of,Major Arterial,North York,At Intersection,Traffic Signal,Rain,Daylight,Wet,Non-Fatal Injury,Pedestrian Collisions,Driver,60 to 64,,,East,"Automobile, Station Wagon",Turning Left,Failed to Yield Right of Way,Inattentive,,,,,,,Yes,,Yes,,,,,,,Yes,,,,31,Yorkdale-Glen Park,31,Yorkdale-Glen Park (31),D13,"{""coordinates"": [[-79.4608340001309, 43.7126830003598]], ""type"": ""MultiPoint""}",2021
17456,17457,1002160067.0,2021-11-09,1550,LAWRENCE  AVE W,DUFFLAW  RD,3 m West of,Major Arterial,North York,At Intersection,Traffic Signal,Rain,Daylight,Wet,Non-Fatal Injury,Pedestrian Collisions,Pedestrian,20 to 24,Major,,West,,,,,Vehicle turns left while ped crosses with ROW at inter.,Crossing with right of way,Normal,,,,Yes,,Yes,,,,,,,Yes,,,,31,Yorkdale-Glen Park,31,Yorkdale-Glen Park (31),D13,"{""coordinates"": [[-79.4608340001309, 43.7126830003598]], ""type"": ""MultiPoint""}",2021
17457,17458,1002179415.0,2021-11-10,1900,Aukland Road,Kipling Go station,,Major Arterial,Etobicoke York,At/Near Private Drive,No Control,Clear,"Dark, artificial",Dry,Non-Fatal Injury,SMV Other,Driver,unknown,,,South,Municipal Transit Bus (TTC),Turning Left,Driving Properly,Unknown,,,,,,,,,,,,Yes,,Yes,,,,,,159,Etobicoke City Centre,14,Islington-City Centre West (14),D22,"{""coordinates"": [[-79.5341220002196, 43.6386789998211]], ""type"": ""MultiPoint""}",2021
17458,17459,1002179415.0,2021-11-10,1900,Aukland Road,Kipling Go station,,Major Arterial,Etobicoke York,At/Near Private Drive,No Control,Clear,"Dark, artificial",Dry,Non-Fatal Injury,SMV Other,Passenger,75 to 79,Major,,,,,,,,,,,,,,,,,,Yes,,Yes,,,,,,159,Etobicoke City Centre,14,Islington-City Centre West (14),D22,"{""coordinates"": [[-79.5341220002196, 43.6386789998211]], ""type"": ""MultiPoint""}",2021
17459,17460,1002183621.0,2021-11-12,2009,650 OLD WESTON RD,,55 m South o,Minor Arterial,Etobicoke York,Non Intersection,No Control,Rain,"Dark, artificial",Wet,Non-Fatal Injury,Pedestrian Collisions,Driver,35 to 39,Minimal,,North,"Automobile, Station Wagon",Going Ahead,Exceeding Speed Limit,Inattentive,,,,,,,Yes,,Yes,,,,,,Yes,Yes,,,,91,Weston-Pelham Park,91,Weston-Pellam Park (91),D12,"{""coordinates"": [[-79.4653889999974, 43.6794539997537]], ""type"": ""MultiPoint""}",2021
17460,17461,1002183621.0,2021-11-12,2009,650 OLD WESTON RD,,55 m South o,Minor Arterial,Etobicoke York,Non Intersection,No Control,Rain,"Dark, artificial",Wet,Non-Fatal Injury,Pedestrian Collisions,Pedestrian,30 to 34,Major,,Unknown,,,,,Pedestrian hit at mid-block,Coming From Behind Parked Vehicle,Normal,,,,Yes,,Yes,,,,,,Yes,Yes,,,,91,Weston-Pelham Park,91,Weston-Pellam Park (91),D12,"{""coordinates"": [[-79.4653889999974, 43.6794539997537]], ""type"": ""MultiPoint""}",2021
17461,17462,1002183788.0,2021-11-12,2030,DON VALLEY PARKWAY  S,DUNDAS ST E,,Expressway,Toronto and East York,Non Intersection,No Control,Clear,"Dark, artificial",Wet,Fatal,Pedestrian Collisions,Pedestrian,30 to 34,Fatal,50.0,West,,,,,Pedestrian hit at mid-block,"Crossing, no Traffic Control",Other,,,,Yes,,Yes,,,,,Yes,,,,,,70,South Riverdale,70,South Riverdale (70),D55,"{""coordinates"": [[-79.3551589997681, 43.6620009998029]], ""type"": ""MultiPoint""}",2021