index,_id,ACCNUM,DATE,TIME,STREET1,STREET2,OFFSET,ROAD_CLASS,DISTRICT,ACCLOC,TRAFFCTL,VISIBILITY,LIGHT,RDSFCOND,ACCLASS,IMPACTYPE,INVTYPE,INVAGE,INJURY,FATAL_NO,INITDIR,VEHTYPE,MANOEUVER,DRIVACT,DRIVCOND,PEDTYPE,PEDACT,PEDCOND,CYCLISTYPE,CYCACT,CYCCOND,PEDESTRIAN,CYCLIST,AUTOMOBILE,MOTORCYCLE,TRUCK,TRSN_CITY_VEH,EMERG_VEH,PASSENGER,SPEEDING,AG_DRIV,REDLIGHT,ALCOHOL,DISABILITY,HOOD_158,NEIGHBOURHOOD_158,HOOD_140,NEIGHBOURHOOD_140,DIVISION,geometry,ACCIDENT_YEAR
17462,17463,1002183788.0,2021-11-12,2030,DON VALLEY PARKWAY  S,DUNDAS ST E,,Expressway,Toronto and East York,Non Intersection,No Control,Clear,"Dark, artificial",Wet,Fatal,Pedestrian Collisions,Driver,25 to 29,,,South,"Automobile, Station Wagon",Going Ahead,Driving Properly,Normal,,,,,,,Yes,,Yes,,,,,Yes,,,,,,70,South Riverdale,70,South Riverdale (70),D55,"{""coordinates"": [[-79.3551589997681, 43.6620009998029]], ""type"": ""MultiPoint""}",2021
17463,17464,1002183788.0,2021-11-12,2030,DON VALLEY PARKWAY  S,DUNDAS ST E,,Expressway,Toronto and East York,Non Intersection,No Control,Clear,"Dark, artificial",Wet,Fatal,Pedestrian Collisions,Passenger,30 to 34,,,,,,,,,,,,,,Yes,,Yes,,,,,Yes,,,,,,70,South Riverdale,70,South Riverdale (70),D55,"{""coordinates"": [[-79.3551589997681, 43.6620009998029]], ""type"": ""MultiPoint""}",2021
17464,17465,1002190393.0,2021-11-13,2012,THE QUEENSWAY,HIGH ST,,Major Arterial,Etobicoke York,Non Intersection,No Control,Clear,"Dark, artificial",Dry,Fatal,SMV Other,Driver,20 to 24,Fatal,51.0,,"Automobile, Station Wagon",,,,,,,,,,,,Yes,,,,,,,,,,,16,Stonegate-Queensway,16,Stonegate-Queensway (16),D22,"{""coordinates"": [[-79.4777249997576, 43.6320560002552]], ""type"": ""MultiPoint""}",2021
17465,17466,1002190393.0,2021-11-13,2012,THE QUEENSWAY,HIGH ST,,Major Arterial,Etobicoke York,Non Intersection,No Control,Clear,"Dark, artificial",Dry,Fatal,SMV Other,Driver,20 to 24,Major,,West,"Automobile, Station Wagon",Overtaking,Lost control,Unknown,,,,,,,,,Yes,,,,,,,,,,,16,Stonegate-Queensway,16,Stonegate-Queensway (16),D22,"{""coordinates"": [[-79.4777249997576, 43.6320560002552]], ""type"": ""MultiPoint""}",2021
17466,17467,1002190676.0,2021-11-13,2100,RENFORTH DR,CENTENNIAL PARK GT,,Minor Arterial,Etobicoke York,Non Intersection,No Control,Clear,"Dark, artificial",Dry,Fatal,SMV Other,Passenger,5 to 9,Fatal,52.0,,,,,,,,,,,,,,Yes,,,,,Yes,,,,,,11,Eringate-Centennial-West Deane,11,Eringate-Centennial-West Deane (11),D22,"{""coordinates"": [[-79.5804859995227, 43.6537199996162]], ""type"": ""MultiPoint""}",2021
17467,17468,1002190676.0,2021-11-13,2100,RENFORTH DR,CENTENNIAL PARK GT,,Minor Arterial,Etobicoke York,Non Intersection,No Control,Clear,"Dark, artificial",Dry,Fatal,SMV Other,Driver,30 to 34,Major,,South,"Automobile, Station Wagon",Going Ahead,Lost control,Unknown,,,,,,,,,Yes,,,,,Yes,,,,,,11,Eringate-Centennial-West Deane,11,Eringate-Centennial-West Deane (11),D22,"{""coordinates"": [[-79.5804859995227, 43.6537199996162]], ""type"": ""MultiPoint""}",2021
17468,17469,1002211724.0,2021-11-16,2130,DUNDAS ST W,HIGHWAY 427 C N,65 m West of,Major Arterial,Etobicoke York,Intersection Related,No Control,Clear,"Dark, artificial",Dry,Non-Fatal Injury,SMV Other,Driver,15 to 19,Major,,East,"Automobile, Station Wagon",Going Ahead,Lost control,Inattentive,,,,,,,,,Yes,,,,,,Yes,Yes,,,,159,Etobicoke City Centre,14,Islington-City Centre West (14),D22,"{""coordinates"": [[-79.5570789994396, 43.6283940002528]], ""type"": ""MultiPoint""}",2021
17469,17470,1002212268.0,2021-11-16,2330,LAKE SHORE BLVD W,BATHURST ST,,Major Arterial,Toronto and East York,At Intersection,Traffic Signal,Clear,"Dark, artificial",Dry,Non-Fatal Injury,Pedestrian Collisions,Driver,25 to 29,,,West,"Automobile, Station Wagon",Going Ahead,Other,Unknown,,,,,,,Yes,,Yes,,,,,,,,,,,163,Fort York-Liberty Village,82,Niagara (82),D14,"{""coordinates"": [[-79.3996080002653, 43.6364120002233]], ""type"": ""MultiPoint""}",2021
17470,17471,1002212268.0,2021-11-16,2330,LAKE SHORE BLVD W,BATHURST ST,,Major Arterial,Toronto and East York,At Intersection,Traffic Signal,Clear,"Dark, artificial",Dry,Non-Fatal Injury,Pedestrian Collisions,Pedestrian,35 to 39,Major,,North,,,,,Vehicle is going straight thru inter.while ped cross without ROW,Crossing without right of way,Normal,,,,Yes,,Yes,,,,,,,,,,,163,Fort York-Liberty Village,82,Niagara (82),D14,"{""coordinates"": [[-79.3996080002653, 43.6364120002233]], ""type"": ""MultiPoint""}",2021
17471,17472,1002218081.0,2021-11-17,1856,LAKE SHORE BLVD W,SHORE BREEZE DR,3 m West of,Major Arterial,Etobicoke York,Intersection Related,No Control,Rain,Dark,Wet,Non-Fatal Injury,Pedestrian Collisions,Driver,15 to 19,,,East,"Automobile, Station Wagon",Going Ahead,Driving Properly,Normal,,,,,,,Yes,,Yes,,,,,,,,,,,161,Humber Bay Shores,17,Mimico (includes Humber Bay Shores) (17),D22,"{""coordinates"": [[-79.4804870003234, 43.6240719999557]], ""type"": ""MultiPoint""}",2021
17472,17473,1002218081.0,2021-11-17,1856,LAKE SHORE BLVD W,SHORE BREEZE DR,3 m West of,Major Arterial,Etobicoke York,Intersection Related,No Control,Rain,Dark,Wet,Non-Fatal Injury,Pedestrian Collisions,Pedestrian,25 to 29,Major,,Unknown,,,,,Vehicle is going straight thru inter.while ped cross without ROW,"Crossing, no Traffic Control",Inattentive,,,,Yes,,Yes,,,,,,,,,,,161,Humber Bay Shores,17,Mimico (includes Humber Bay Shores) (17),D22,"{""coordinates"": [[-79.4804870003234, 43.6240719999557]], ""type"": ""MultiPoint""}",2021
17473,17474,1002221731.0,2021-11-18,959,SHERBOURNE ST,DUNDAS ST  E,,Major Arterial,Toronto and East York,At Intersection,Traffic Signal,Clear,Daylight,Dry,Fatal,Pedestrian Collisions,Truck Driver,55 to 59,Minimal,,South,Truck (other),Turning Left,Driving Properly,Normal,,,,,,,Yes,,,,Yes,,,,,,,,,73,Moss Park,73,Moss Park (73),D51,"{""coordinates"": [[-79.3709899997577, 43.6582209997492]], ""type"": ""MultiPoint""}",2021
17474,17475,1002221731.0,2021-11-18,959,SHERBOURNE ST,DUNDAS ST  E,,Major Arterial,Toronto and East York,At Intersection,Traffic Signal,Clear,Daylight,Dry,Fatal,Pedestrian Collisions,Wheelchair,55 to 59,Fatal,53.0,West,,Going Ahead,,,Vehicle turns left while ped crosses without ROW at inter.,Crossing without right of way,Inattentive,,,,Yes,,,,Yes,,,,,,,,,73,Moss Park,73,Moss Park (73),D51,"{""coordinates"": [[-79.3709899997577, 43.6582209997492]], ""type"": ""MultiPoint""}",2021
17475,17476,1002246954.0,2021-11-21,1923,JANE ST,SHEPPARD AV W,,Major Arterial,Etobicoke York,At Intersection,Traffic Signal,Rain,"Dark, artificial",Wet,Non-Fatal Injury,Turning Movement,Driver,55 to 59,,,North,"Automobile, Station Wagon",Turning Left,Driving Properly,Normal,,,,,,,,,Yes,,,,,,,,,,,25,Glenfield-Jane Heights,25,Glenfield-Jane Heights (25),D31,"{""coordinates"": [[-79.5131869996252, 43.7393790001109]], ""type"": ""MultiPoint""}",2021
17476,17477,1002246954.0,2021-11-21,1923,JANE ST,SHEPPARD AV W,,Major Arterial,Etobicoke York,At Intersection,Traffic Signal,Rain,"Dark, artificial",Wet,Non-Fatal Injury,Turning Movement,Driver,35 to 39,Major,,South,Other,Going Ahead,Driving Properly,Normal,,,,,,,,,Yes,,,,,,,,,,,25,Glenfield-Jane Heights,25,Glenfield-Jane Heights (25),D31,"{""coordinates"": [[-79.5131869996252, 43.7393790001109]], ""type"": ""MultiPoint""}",2021
17477,17478,1002268507.0,2021-11-24,1810,24 GRANDVIEW AVE,,101 m East o,Local,Toronto and East York,Non Intersection,No Control,Clear,"Dark, artificial",Dry,Non-Fatal Injury,Pedestrian Collisions,Truck Driver,55 to 59,,,East,Truck - Dump,Going Ahead,Driving Properly,Normal,,,,,,,Yes,,,,Yes,,,,,,,,,68,North Riverdale,68,North Riverdale (68),D55,"{""coordinates"": [[-79.3499629998532, 43.6735249995977]], ""type"": ""MultiPoint""}",2021
17478,17479,1002268507.0,2021-11-24,1810,24 GRANDVIEW AVE,,101 m East o,Local,Toronto and East York,Non Intersection,No Control,Clear,"Dark, artificial",Dry,Non-Fatal Injury,Pedestrian Collisions,Pedestrian,60 to 64,Major,,Unknown,,,,,Pedestrian hit at mid-block,Coming From Behind Parked Vehicle,Inattentive,,,,Yes,,,,Yes,,,,,,,,,68,North Riverdale,68,North Riverdale (68),D55,"{""coordinates"": [[-79.3499629998532, 43.6735249995977]], ""type"": ""MultiPoint""}",2021
17479,17480,1002303219.0,2021-11-29,1855,BURNHAMTHORPE RD,CORDOVA AV,,Major Arterial,Etobicoke York,At Intersection,Traffic Signal,Snow,"Dark, artificial",Wet,Non-Fatal Injury,Turning Movement,Driver,50 to 54,Minimal,,North,"Automobile, Station Wagon",Going Ahead,Disobeyed Traffic Control,Inattentive,,,,,,,,,Yes,,,,,,Yes,Yes,Yes,,,158,Islington,14,Islington-City Centre West (14),D22,"{""coordinates"": [[-79.5287199994672, 43.6487680003109]], ""type"": ""MultiPoint""}",2021
17480,17481,1002303219.0,2021-11-29,1855,BURNHAMTHORPE RD,CORDOVA AV,,Major Arterial,Etobicoke York,At Intersection,Traffic Signal,Snow,"Dark, artificial",Wet,Non-Fatal Injury,Turning Movement,Driver,20 to 24,Major,,West,"Automobile, Station Wagon",Turning Right,Driving Properly,Normal,,,,,,,,,Yes,,,,,,Yes,Yes,Yes,,,158,Islington,14,Islington-City Centre West (14),D22,"{""coordinates"": [[-79.5287199994672, 43.6487680003109]], ""type"": ""MultiPoint""}",2021
17481,17482,1002310021.0,2021-11-30,1700,PLAINS RD,GREENWOOD AVE,,Minor Arterial,Toronto and East York,At Intersection,Stop Sign,Rain,"Dusk, artificial",Wet,Non-Fatal Injury,Cyclist Collisions,Driver,unknown,,,West,"Automobile, Station Wagon",Going Ahead,Failed to Yield Right of Way,Inattentive,,,,,,,,Yes,Yes,,,,,,,Yes,,,,58,Old East York,58,Old East York (58),D55,"{""coordinates"": [[-79.3384579999723, 43.6937890000479]], ""type"": ""MultiPoint""}",2021
17482,17483,1002310021.0,2021-11-30,1700,PLAINS RD,GREENWOOD AVE,,Minor Arterial,Toronto and East York,At Intersection,Stop Sign,Rain,"Dusk, artificial",Wet,Non-Fatal Injury,Cyclist Collisions,Cyclist,65 to 69,Major,,West,Bicycle,Going Ahead,,,,,,Cyclist and Driver travelling in same direction. One vehicle rear-ended the other.,Driving Properly,Normal,,Yes,Yes,,,,,,,Yes,,,,58,Old East York,58,Old East York (58),D55,"{""coordinates"": [[-79.3384579999723, 43.6937890000479]], ""type"": ""MultiPoint""}",2021
17483,17484,1002309701.0,2021-11-30,1721,JANE ST,HUMBERVIEW  RD,,Major Arterial,North York,At Intersection,No Control,Clear,Dark,Wet,Non-Fatal Injury,Pedestrian Collisions,Driver,55 to 59,,,North,"Automobile, Station Wagon",Turning Left,Failed to Yield Right of Way,Normal,,,,,,,Yes,,Yes,,,,,,,Yes,,,,89,Runnymede-Bloor West Village,89,Runnymede-Bloor West Village (89),D11,"{""coordinates"": [[-79.4863690002762, 43.6539369996278]], ""type"": ""MultiPoint""}",2021
17484,17485,1002309701.0,2021-11-30,1721,JANE ST,HUMBERVIEW  RD,,Major Arterial,North York,At Intersection,No Control,Clear,Dark,Wet,Non-Fatal Injury,Pedestrian Collisions,Pedestrian,65 to 69,Major,,North,,,,,Vehicle turns left while ped crosses with ROW at inter.,"Crossing, no Traffic Control",Normal,,,,Yes,,Yes,,,,,,,Yes,,,,89,Runnymede-Bloor West Village,89,Runnymede-Bloor West Village (89),D11,"{""coordinates"": [[-79.4863690002762, 43.6539369996278]], ""type"": ""MultiPoint""}",2021
17485,17486,1002314690.0,2021-12-01,1130,SEATON ST,SHUTER ST,160 m North ,Local,Toronto and East York,Non Intersection,No Control,Clear,Daylight,Dry,Non-Fatal Injury,SMV Unattended Vehicle,Driver,30 to 34,Major,,North,"Automobile, Station Wagon",Going Ahead,Lost control,Unknown,,,,,,,,,Yes,,,,,,Yes,Yes,,,,73,Moss Park,73,Moss Park (73),D51,"{""coordinates"": [[-79.368999000139, 43.6574889999434]], ""type"": ""MultiPoint""}",2021
17486,17487,1002330287.0,2021-12-03,1325,TOWER DR,BRIAN AVE,,Local,Scarborough,Intersection Related,Stop Sign,Clear,Daylight,Dry,Fatal,SMV Other,Driver,80 to 84,Fatal,54.0,East,"Automobile, Station Wagon",Going Ahead,Lost control,Unknown,,,,,,,,,Yes,,,,,,,,,,,119,Wexford/Maryvale,119,Wexford/Maryvale (119),D41,"{""coordinates"": [[-79.2997239994959, 43.7474390003671]], ""type"": ""MultiPoint""}",2021
17487,17488,1002332405.0,2021-12-03,1826,REXDALE  BLVD,QUEENS PLATE DR,,Major Arterial,Etobicoke York,At Intersection,Traffic Signal,Clear,Dark,Dry,Non-Fatal Injury,Pedestrian Collisions,Pedestrian,50 to 54,Major,,North,,,,,Vehicle is going straight thru inter.while ped cross with ROW,Crossing with right of way,Normal,,,,Yes,,,,,,,,,,,,,1,West Humber-Clairville,1,West Humber-Clairville (1),D23,"{""coordinates"": [[-79.6034200005117, 43.7190840003591]], ""type"": ""MultiPoint""}",2021
17488,17489,1002360804.0,2021-12-07,1825,DUNDAS ST W,LANSDOWNE AVE,,Minor Arterial,Toronto and East York,At Intersection,Traffic Signal,Clear,"Dusk, artificial",Dry,Non-Fatal Injury,Pedestrian Collisions,Driver,35 to 39,,,West,"Automobile, Station Wagon",Going Ahead,Driving Properly,Normal,,,,,,,Yes,,Yes,,,,,Yes,,,,,,84,Little Portugal,84,Little Portugal (84),D11,"{""coordinates"": [[-79.4396929998137, 43.6500959998966]], ""type"": ""MultiPoint""}",2021
17489,17490,1002360804.0,2021-12-07,1825,DUNDAS ST W,LANSDOWNE AVE,,Minor Arterial,Toronto and East York,At Intersection,Traffic Signal,Clear,"Dusk, artificial",Dry,Non-Fatal Injury,Pedestrian Collisions,Pedestrian,20 to 24,Major,,North,,,,,Vehicle is going straight thru inter.while ped cross without ROW,Running onto Roadway,Inattentive,,,,Yes,,Yes,,,,,Yes,,,,,,84,Little Portugal,84,Little Portugal (84),D11,"{""coordinates"": [[-79.4396929998137, 43.6500959998966]], ""type"": ""MultiPoint""}",2021
17490,17491,1002360804.0,2021-12-07,1825,DUNDAS ST W,LANSDOWNE AVE,,Minor Arterial,Toronto and East York,At Intersection,Traffic Signal,Clear,"Dusk, artificial",Dry,Non-Fatal Injury,Pedestrian Collisions,Passenger,unknown,,,,,,,,,,,,,,Yes,,Yes,,,,,Yes,,,,,,84,Little Portugal,84,Little Portugal (84),D11,"{""coordinates"": [[-79.4396929998137, 43.6500959998966]], ""type"": ""MultiPoint""}",2021
17491,17492,1002361100.0,2021-12-07,1904,BATHURST ST,ULSTER  ST,7 m South of,Major Arterial,Toronto and East York,At Intersection,Traffic Signal,Clear,"Dark, artificial",Dry,Non-Fatal Injury,Pedestrian Collisions,Driver,25 to 29,,,North,"Automobile, Station Wagon",Going Ahead,Driving Properly,Normal,,,,,,,Yes,,Yes,,,,,,,,,,,79,University,79,University (79),D14,"{""coordinates"": [[-79.4090449999738, 43.6597350001005]], ""type"": ""MultiPoint""}",2021
17492,17493,1002361100.0,2021-12-07,1904,BATHURST ST,ULSTER  ST,7 m South of,Major Arterial,Toronto and East York,At Intersection,Traffic Signal,Clear,"Dark, artificial",Dry,Non-Fatal Injury,Pedestrian Collisions,Pedestrian,15 to 19,Major,,East,,,,,Vehicle is going straight thru inter.while ped cross without ROW,Running onto Roadway,Normal,,,,Yes,,Yes,,,,,,,,,,,79,University,79,University (79),D14,"{""coordinates"": [[-79.4090449999738, 43.6597350001005]], ""type"": ""MultiPoint""}",2021
17493,17494,1002368883.0,2021-12-08,2102,AVENUE RD,ST CLAIR AVE W,,Major Arterial,Toronto and East York,Intersection Related,Traffic Signal,Clear,"Dark, artificial",Wet,Non-Fatal Injury,Turning Movement,Driver,80 to 84,Major,,East,"Automobile, Station Wagon",Turning Left,Improper Turn,Unknown,,,,,,,,,Yes,,,,Yes,Yes,,Yes,,,,97,Yonge-St.Clair,97,Yonge-St.Clair (97),D53,"{""coordinates"": [[-79.4014689994581, 43.686632999559]], ""type"": ""MultiPoint""}",2021
17494,17495,1002368883.0,2021-12-08,2102,AVENUE RD,ST CLAIR AVE W,,Major Arterial,Toronto and East York,Intersection Related,Traffic Signal,Clear,"Dark, artificial",Wet,Non-Fatal Injury,Turning Movement,Driver,25 to 29,Minimal,,South,Police Vehicle,Going Ahead,Driving Properly,Normal,,,,,,,,,Yes,,,,Yes,Yes,,Yes,,,,97,Yonge-St.Clair,97,Yonge-St.Clair (97),D53,"{""coordinates"": [[-79.4014689994581, 43.686632999559]], ""type"": ""MultiPoint""}",2021
17495,17496,1002368883.0,2021-12-08,2102,AVENUE RD,ST CLAIR AVE W,,Major Arterial,Toronto and East York,Intersection Related,Traffic Signal,Clear,"Dark, artificial",Wet,Non-Fatal Injury,Turning Movement,Driver,60 to 64,,,East,Pick Up Truck,Stopped,Driving Properly,Unknown,,,,,,,,,Yes,,,,Yes,Yes,,Yes,,,,97,Yonge-St.Clair,97,Yonge-St.Clair (97),D53,"{""coordinates"": [[-79.4014689994581, 43.686632999559]], ""type"": ""MultiPoint""}",2021
17496,17497,1002368883.0,2021-12-08,2102,AVENUE RD,ST CLAIR AVE W,,Major Arterial,Toronto and East York,Intersection Related,Traffic Signal,Clear,"Dark, artificial",Wet,Non-Fatal Injury,Turning Movement,Driver,40 to 44,,,East,"Automobile, Station Wagon",Stopped,Driving Properly,Unknown,,,,,,,,,Yes,,,,Yes,Yes,,Yes,,,,97,Yonge-St.Clair,97,Yonge-St.Clair (97),D53,"{""coordinates"": [[-79.4014689994581, 43.686632999559]], ""type"": ""MultiPoint""}",2021
17497,17498,1002368883.0,2021-12-08,2102,AVENUE RD,ST CLAIR AVE W,,Major Arterial,Toronto and East York,Intersection Related,Traffic Signal,Clear,"Dark, artificial",Wet,Non-Fatal Injury,Turning Movement,Passenger,75 to 79,Major,,,,,,,,,,,,,,,Yes,,,,Yes,Yes,,Yes,,,,97,Yonge-St.Clair,97,Yonge-St.Clair (97),D53,"{""coordinates"": [[-79.4014689994581, 43.686632999559]], ""type"": ""MultiPoint""}",2021
17498,17499,1002368883.0,2021-12-08,2102,AVENUE RD,ST CLAIR AVE W,,Major Arterial,Toronto and East York,Intersection Related,Traffic Signal,Clear,"Dark, artificial",Wet,Non-Fatal Injury,Turning Movement,Passenger,40 to 44,Minimal,,,,,,,,,,,,,,,Yes,,,,Yes,Yes,,Yes,,,,97,Yonge-St.Clair,97,Yonge-St.Clair (97),D53,"{""coordinates"": [[-79.4014689994581, 43.686632999559]], ""type"": ""MultiPoint""}",2021
17499,17500,1002384384.0,2021-12-10,2345,LAKE SHORE BLVD E,LOWER JARVIS ST,,Major Arterial,Scarborough,Non Intersection,Traffic Signal,Clear,Dark,Dry,Fatal,Pedestrian Collisions,Pedestrian,35 to 39,Fatal,57.0,Unknown,,,,,Vehicle is going straight thru inter.while ped cross without ROW,Other,Other,,,,Yes,,Yes,,,,,,Yes,Yes,,,,166,St Lawrence-East Bayfront-The Islands,77,Waterfront Communities-The Island (77),D51,"{""coordinates"": [[-79.369814999729, 43.6455029998913]], ""type"": ""MultiPoint""}",2021
17500,17501,1002384384.0,2021-12-10,2345,LAKE SHORE BLVD E,LOWER JARVIS ST,,Major Arterial,Scarborough,Non Intersection,Traffic Signal,Clear,Dark,Dry,Fatal,Pedestrian Collisions,Driver,unknown,,,East,"Automobile, Station Wagon",Going Ahead,Exceeding Speed Limit,Unknown,,,,,,,Yes,,Yes,,,,,,Yes,Yes,,,,166,St Lawrence-East Bayfront-The Islands,77,Waterfront Communities-The Island (77),D51,"{""coordinates"": [[-79.369814999729, 43.6455029998913]], ""type"": ""MultiPoint""}",2021
17501,17502,1002386733.0,2021-12-11,1132,MIDLAND AVE,BROADBENT AVE,,Major Arterial,Scarborough,At Intersection,Traffic Signal,Clear,Daylight,Wet,Fatal,Pedestrian Collisions,Pedestrian,65 to 69,Fatal,55.0,West,,,,,Vehicle is going straight thru inter.while ped cross with ROW,Crossing with right of way,Unknown,,,,Yes,,Yes,,,,,,,Yes,Yes,Yes,,138,Eglinton East,138,Eglinton East (138),D41,"{""coordinates"": [[-79.2599369997652, 43.738864000236]], ""type"": ""MultiPoint""}",2021
17502,17503,1002386733.0,2021-12-11,1132,MIDLAND AVE,BROADBENT AVE,,Major Arterial,Scarborough,At Intersection,Traffic Signal,Clear,Daylight,Wet,Fatal,Pedestrian Collisions,Driver,30 to 34,,,North,"Automobile, Station Wagon",Going Ahead,Disobeyed Traffic Control,"Ability Impaired, Alcohol",,,,,,,Yes,,Yes,,,,,,,Yes,Yes,Yes,,138,Eglinton East,138,Eglinton East (138),D41,"{""coordinates"": [[-79.2599369997652, 43.738864000236]], ""type"": ""MultiPoint""}",2021
17503,17504,1002396112.0,2021-12-12,1930,3805 SHEPPARD AVE E,,,Major Arterial,Scarborough,Non Intersection,No Control,Strong wind,"Dark, artificial",Dry,Fatal,Pedestrian Collisions,Pedestrian,80 to 84,Fatal,56.0,South,,,,,Pedestrian hit at mid-block,"Crossing, no Traffic Control",Inattentive,,,,Yes,,Yes,,,,,,,,,,,118,Tam O'Shanter-Sullivan,118,Tam O'Shanter-Sullivan (118),D42,"{""coordinates"": [[-79.2918200005582, 43.7823889996638]], ""type"": ""MultiPoint""}",2021
17504,17505,1002396112.0,2021-12-12,1930,3805 SHEPPARD AVE E,,,Major Arterial,Scarborough,Non Intersection,No Control,Strong wind,"Dark, artificial",Dry,Fatal,Pedestrian Collisions,Driver,35 to 39,,,East,"Automobile, Station Wagon",Going Ahead,Other,Unknown,,,,,,,Yes,,Yes,,,,,,,,,,,118,Tam O'Shanter-Sullivan,118,Tam O'Shanter-Sullivan (118),D42,"{""coordinates"": [[-79.2918200005582, 43.7823889996638]], ""type"": ""MultiPoint""}",2021
17505,17506,1002401336.0,2021-12-13,1430,MARTIN GROVE RD,GIHON SPRING DR,,Minor Arterial,Etobicoke York,Intersection Related,Traffic Signal,Clear,Daylight,Dry,Non-Fatal Injury,Cyclist Collisions,Driver,55 to 59,,,West,"Automobile, Station Wagon",Turning Left,Other,Normal,,,,,,,,Yes,Yes,,,,,,,,,,,2,Mount Olive-Silverstone-Jamestown,2,Mount Olive-Silverstone-Jamestown (2),D23,"{""coordinates"": [[-79.6000240005456, 43.7540190002517]], ""type"": ""MultiPoint""}",2021
17506,17507,1002401336.0,2021-12-13,1430,MARTIN GROVE RD,GIHON SPRING DR,,Minor Arterial,Etobicoke York,Intersection Related,Traffic Signal,Clear,Daylight,Dry,Non-Fatal Injury,Cyclist Collisions,Cyclist,75 to 79,Major,,East,Bicycle,Going Ahead,,,,,,Motorist turned left across cyclists path.,Other,Normal,,Yes,Yes,,,,,,,,,,,2,Mount Olive-Silverstone-Jamestown,2,Mount Olive-Silverstone-Jamestown (2),D23,"{""coordinates"": [[-79.6000240005456, 43.7540190002517]], ""type"": ""MultiPoint""}",2021
17507,17508,1002433057.0,2021-12-17,2234,KENNEDY RD,VILLAGE GREEN  SQ,2 m North of,Major Arterial,Scarborough,Intersection Related,Traffic Signal,Clear,"Dark, artificial",Dry,Non-Fatal Injury,Pedestrian Collisions,Driver,30 to 34,,,North,"Automobile, Station Wagon",Going Ahead,Driving Properly,Normal,,,,,,,Yes,,Yes,,,,,,,,,,,128,Agincourt South-Malvern West,128,Agincourt South-Malvern West (128),D42,"{""coordinates"": [[-79.2855179997829, 43.7771820000386]], ""type"": ""MultiPoint""}",2021
17508,17509,1002433057.0,2021-12-17,2234,KENNEDY RD,VILLAGE GREEN  SQ,2 m North of,Major Arterial,Scarborough,Intersection Related,Traffic Signal,Clear,"Dark, artificial",Dry,Non-Fatal Injury,Pedestrian Collisions,Pedestrian,20 to 24,Major,,East,,,,,Pedestrian hit at mid-block,"Crossing, no Traffic Control",Normal,,,,Yes,,Yes,,,,,,,,,,,128,Agincourt South-Malvern West,128,Agincourt South-Malvern West (128),D42,"{""coordinates"": [[-79.2855179997829, 43.7771820000386]], ""type"": ""MultiPoint""}",2021
17509,17510,1002433478.0,2021-12-18,10,LAWRENCE AVE E,PHARMACY AVE,,Major Arterial,Scarborough,At Intersection,Traffic Signal,Clear,"Dark, artificial",Dry,Fatal,Turning Movement,Driver,55 to 59,Fatal,58.0,West,"Automobile, Station Wagon",Turning Left,Driving Properly,Unknown,,,,,,,,,Yes,,,,,Yes,Yes,Yes,,,,119,Wexford/Maryvale,119,Wexford/Maryvale (119),D41,"{""coordinates"": [[-79.30460700061, 43.7431699999848]], ""type"": ""MultiPoint""}",2021
17510,17511,1002433478.0,2021-12-18,10,LAWRENCE AVE E,PHARMACY AVE,,Major Arterial,Scarborough,At Intersection,Traffic Signal,Clear,"Dark, artificial",Dry,Fatal,Turning Movement,Driver,15 to 19,Major,,East,"Automobile, Station Wagon",Going Ahead,Exceeding Speed Limit,Unknown,,,,,,,,,Yes,,,,,Yes,Yes,Yes,,,,119,Wexford/Maryvale,119,Wexford/Maryvale (119),D41,"{""coordinates"": [[-79.30460700061, 43.7431699999848]], ""type"": ""MultiPoint""}",2021
17511,17512,1002433478.0,2021-12-18,10,LAWRENCE AVE E,PHARMACY AVE,,Major Arterial,Scarborough,At Intersection,Traffic Signal,Clear,"Dark, artificial",Dry,Fatal,Turning Movement,Passenger,20 to 24,Major,,,,,,,,,,,,,,,Yes,,,,,Yes,Yes,Yes,,,,119,Wexford/Maryvale,119,Wexford/Maryvale (119),D41,"{""coordinates"": [[-79.30460700061, 43.7431699999848]], ""type"": ""MultiPoint""}",2021
17512,17513,1002457803.0,2021-12-21,1908,GARDINER XWY W,ROYAL YORK RD,50 m East of,Expressway,Toronto and East York,Non Intersection,No Control,Clear,"Dark, artificial",Dry,Non-Fatal Injury,Sideswipe,Driver,30 to 34,Major,,West,"Automobile, Station Wagon",Pulling Away from Shoulder or Curb,Improper Lane Change,"Ability Impaired, Alcohol",,,,,,,,,Yes,,,Yes,,,,,,Yes,,160,Mimico-Queensway,17,Mimico (includes Humber Bay Shores) (17),D22,"{""coordinates"": [[-79.5008960005641, 43.6228890001422]], ""type"": ""MultiPoint""}",2021
17513,17514,1002457803.0,2021-12-21,1908,GARDINER XWY W,ROYAL YORK RD,50 m East of,Expressway,Toronto and East York,Non Intersection,No Control,Clear,"Dark, artificial",Dry,Non-Fatal Injury,Sideswipe,Driver,55 to 59,,,West,Municipal Transit Bus (TTC),Going Ahead,Driving Properly,Normal,,,,,,,,,Yes,,,Yes,,,,,,Yes,,160,Mimico-Queensway,17,Mimico (includes Humber Bay Shores) (17),D22,"{""coordinates"": [[-79.5008960005641, 43.6228890001422]], ""type"": ""MultiPoint""}",2021