index,_id,ACCNUM,DATE,TIME,STREET1,STREET2,OFFSET,ROAD_CLASS,DISTRICT,ACCLOC,TRAFFCTL,VISIBILITY,LIGHT,RDSFCOND,ACCLASS,IMPACTYPE,INVTYPE,INVAGE,INJURY,FATAL_NO,INITDIR,VEHTYPE,MANOEUVER,DRIVACT,DRIVCOND,PEDTYPE,PEDACT,PEDCOND,CYCLISTYPE,CYCACT,CYCCOND,PEDESTRIAN,CYCLIST,AUTOMOBILE,MOTORCYCLE,TRUCK,TRSN_CITY_VEH,EMERG_VEH,PASSENGER,SPEEDING,AG_DRIV,REDLIGHT,ALCOHOL,DISABILITY,HOOD_158,NEIGHBOURHOOD_158,HOOD_140,NEIGHBOURHOOD_140,DIVISION,geometry,ACCIDENT_YEAR
17514,17515,1002458151.0,2021-12-21,1908,GARDINER EXPRESSWAY W,ROYAL YORK RD,300 m East o,Expressway,Etobicoke York,Non Intersection,No Control,Clear,"Dark, artificial",Dry,Non-Fatal Injury,Sideswipe,Driver,30 to 34,Major,,West,"Automobile, Station Wagon",Changing Lanes,Improper Lane Change,"Ability Impaired, Alcohol",,,,,,,,,Yes,,,,,,,,,Yes,,160,Mimico-Queensway,17,Mimico (includes Humber Bay Shores) (17),D22,"{""coordinates"": [[-79.4981799999255, 43.6235759998203]], ""type"": ""MultiPoint""}",2021
17515,17516,1002458151.0,2021-12-21,1908,GARDINER EXPRESSWAY W,ROYAL YORK RD,300 m East o,Expressway,Etobicoke York,Non Intersection,No Control,Clear,"Dark, artificial",Dry,Non-Fatal Injury,Sideswipe,Driver,60 to 64,Minor,,West,"Automobile, Station Wagon",Going Ahead,Driving Properly,Normal,,,,,,,,,Yes,,,,,,,,,Yes,,160,Mimico-Queensway,17,Mimico (includes Humber Bay Shores) (17),D22,"{""coordinates"": [[-79.4981799999255, 43.6235759998203]], ""type"": ""MultiPoint""}",2021
17516,17517,1002462552.0,2021-12-22,1353,MCCOWAN RD,ALTON TOWERS CRCL,,Major Arterial,Scarborough,Non Intersection,No Control,Snow,Daylight,Wet,Fatal,SMV Other,Driver,65 to 69,Fatal,59.0,North,"Automobile, Station Wagon",Going Ahead,Lost control,Unknown,,,,,,,,,Yes,,,,,,,,,,,130,Milliken,130,Milliken (130),D42,"{""coordinates"": [[-79.2732730004216, 43.8208340000208]], ""type"": ""MultiPoint""}",2021
17517,17518,1002480548.0,2021-12-25,1219,KING ST W,JAMESON AVE,1 m East of,Major Arterial,Toronto and East York,Non Intersection,No Control,Clear,Daylight,Wet,Non-Fatal Injury,SMV Other,Driver,25 to 29,,,East,Municipal Transit Bus (TTC),Going Ahead,Driving Properly,Normal,,,,,,,,,,,,Yes,,Yes,,,,,,85,South Parkdale,85,South Parkdale (85),D14,"{""coordinates"": [[-79.4357710001341, 43.6371290002974]], ""type"": ""MultiPoint""}",2021
17518,17519,1002480548.0,2021-12-25,1219,KING ST W,JAMESON AVE,1 m East of,Major Arterial,Toronto and East York,Non Intersection,No Control,Clear,Daylight,Wet,Non-Fatal Injury,SMV Other,Passenger,85 to 89,Major,,East,Municipal Transit Bus (TTC),Going Ahead,,,,,,,,,,,,,,Yes,,Yes,,,,,,85,South Parkdale,85,South Parkdale (85),D14,"{""coordinates"": [[-79.4357710001341, 43.6371290002974]], ""type"": ""MultiPoint""}",2021
17519,17520,1002486085.0,2021-12-26,1402,YONGE ST,RICHMOND ST E,,Major Arterial,Toronto and East York,At Intersection,Traffic Signal,Clear,Daylight,Dry,Fatal,Pedestrian Collisions,Pedestrian,0 to 4,,,Unknown,,,,,Pedestrian hit on sidewalk or shoulder,On Sidewalk or Shoulder,Normal,,,,Yes,,Yes,,,,,,,,,,,168,Downtown Yonge East,75,Church-Yonge Corridor (75),D51,"{""coordinates"": [[-79.3789480005665, 43.6516180002004]], ""type"": ""MultiPoint""}",2021
17520,17521,1002486085.0,2021-12-26,1402,YONGE ST,RICHMOND ST E,,Major Arterial,Toronto and East York,At Intersection,Traffic Signal,Clear,Daylight,Dry,Fatal,Pedestrian Collisions,Pedestrian,15 to 19,Fatal,60.0,Unknown,,,,,Pedestrian hit on sidewalk or shoulder,On Sidewalk or Shoulder,Normal,,,,Yes,,Yes,,,,,,,,,,,168,Downtown Yonge East,75,Church-Yonge Corridor (75),D51,"{""coordinates"": [[-79.3789480005665, 43.6516180002004]], ""type"": ""MultiPoint""}",2021
17521,17522,1002486085.0,2021-12-26,1402,YONGE ST,RICHMOND ST E,,Major Arterial,Toronto and East York,At Intersection,Traffic Signal,Clear,Daylight,Dry,Fatal,Pedestrian Collisions,Pedestrian,45 to 49,Major,,Unknown,,,,,Pedestrian hit on sidewalk or shoulder,On Sidewalk or Shoulder,Normal,,,,Yes,,Yes,,,,,,,,,,,168,Downtown Yonge East,75,Church-Yonge Corridor (75),D51,"{""coordinates"": [[-79.3789480005665, 43.6516180002004]], ""type"": ""MultiPoint""}",2021
17522,17523,1002486085.0,2021-12-26,1402,YONGE ST,RICHMOND ST E,,Major Arterial,Toronto and East York,At Intersection,Traffic Signal,Clear,Daylight,Dry,Fatal,Pedestrian Collisions,Pedestrian,35 to 39,Minor,,Unknown,,,,,Pedestrian hit on sidewalk or shoulder,On Sidewalk or Shoulder,Normal,,,,Yes,,Yes,,,,,,,,,,,168,Downtown Yonge East,75,Church-Yonge Corridor (75),D51,"{""coordinates"": [[-79.3789480005665, 43.6516180002004]], ""type"": ""MultiPoint""}",2021
17523,17524,1002486085.0,2021-12-26,1402,YONGE ST,RICHMOND ST E,,Major Arterial,Toronto and East York,At Intersection,Traffic Signal,Clear,Daylight,Dry,Fatal,Pedestrian Collisions,Pedestrian,35 to 39,Minor,,Unknown,,,,,Pedestrian hit on sidewalk or shoulder,On Sidewalk or Shoulder,Normal,,,,Yes,,Yes,,,,,,,,,,,168,Downtown Yonge East,75,Church-Yonge Corridor (75),D51,"{""coordinates"": [[-79.3789480005665, 43.6516180002004]], ""type"": ""MultiPoint""}",2021
17524,17525,1002486085.0,2021-12-26,1402,YONGE ST,RICHMOND ST E,,Major Arterial,Toronto and East York,At Intersection,Traffic Signal,Clear,Daylight,Dry,Fatal,Pedestrian Collisions,Pedestrian,15 to 19,Major,,Unknown,,,,,Pedestrian hit on sidewalk or shoulder,On Sidewalk or Shoulder,Normal,,,,Yes,,Yes,,,,,,,,,,,168,Downtown Yonge East,75,Church-Yonge Corridor (75),D51,"{""coordinates"": [[-79.3789480005665, 43.6516180002004]], ""type"": ""MultiPoint""}",2021
17525,17526,1002486085.0,2021-12-26,1402,YONGE ST,RICHMOND ST E,,Major Arterial,Toronto and East York,At Intersection,Traffic Signal,Clear,Daylight,Dry,Fatal,Pedestrian Collisions,Driver,30 to 34,,,West,"Automobile, Station Wagon",Turning Left,Improper Turn,Normal,,,,,,,Yes,,Yes,,,,,,,,,,,168,Downtown Yonge East,75,Church-Yonge Corridor (75),D51,"{""coordinates"": [[-79.3789480005665, 43.6516180002004]], ""type"": ""MultiPoint""}",2021
17526,17527,1002486085.0,2021-12-26,1402,YONGE ST,RICHMOND ST E,,Major Arterial,Toronto and East York,At Intersection,Traffic Signal,Clear,Daylight,Dry,Fatal,Pedestrian Collisions,Driver,20 to 24,Minor,,West,"Automobile, Station Wagon",Going Ahead,Driving Properly,Normal,,,,,,,Yes,,Yes,,,,,,,,,,,168,Downtown Yonge East,75,Church-Yonge Corridor (75),D51,"{""coordinates"": [[-79.3789480005665, 43.6516180002004]], ""type"": ""MultiPoint""}",2021
17527,17528,1002486085.0,2021-12-26,1402,YONGE ST,RICHMOND ST E,,Major Arterial,Toronto and East York,At Intersection,Traffic Signal,Clear,Daylight,Dry,Fatal,Pedestrian Collisions,Pedestrian,40 to 44,Minor,,Unknown,,,,,Pedestrian hit on sidewalk or shoulder,On Sidewalk or Shoulder,Normal,,,,Yes,,Yes,,,,,,,,,,,168,Downtown Yonge East,75,Church-Yonge Corridor (75),D51,"{""coordinates"": [[-79.3789480005665, 43.6516180002004]], ""type"": ""MultiPoint""}",2021
17528,17529,2000034069.0,2022-01-06,1209,174 DELAWARE AVE,,,Local,Toronto and East York,Non Intersection,No Control,Clear,Daylight,Dry,Non-Fatal Injury,Pedestrian Collisions,Driver,30 to 34,,,North,"Automobile, Station Wagon",Going Ahead,Driving Properly,Normal,,,,,,,Yes,,Yes,,,,,,,,,,,80,Palmerston-Little Italy,80,Palmerston-Little Italy (80),D14,"{""coordinates"": [[-79.4276989994691, 43.6601739997958]], ""type"": ""MultiPoint""}",2022
17529,17530,2000034069.0,2022-01-06,1209,174 DELAWARE AVE,,,Local,Toronto and East York,Non Intersection,No Control,Clear,Daylight,Dry,Non-Fatal Injury,Pedestrian Collisions,Pedestrian,5 to 9,Major,,West,,,,,Pedestrian hit at mid-block,"Crossing, no Traffic Control",Inattentive,,,,Yes,,Yes,,,,,,,,,,,80,Palmerston-Little Italy,80,Palmerston-Little Italy (80),D14,"{""coordinates"": [[-79.4276989994691, 43.6601739997958]], ""type"": ""MultiPoint""}",2022
17530,17531,2000036960.0,2022-01-06,1942,LAWRENCE AVE E,BROCKLEY DR,,Major Arterial,Scarborough,At Intersection,Traffic Signal,Clear,Dark,Dry,Fatal,Pedestrian Collisions,Passenger,20 to 24,,,,,,,,,,,,,,Yes,,Yes,,,,,Yes,,Yes,,,,157,Bendale South,127,Bendale (127),D41,"{""coordinates"": [[-79.2624770000423, 43.7519590001058]], ""type"": ""MultiPoint""}",2022
17531,17532,2000036960.0,2022-01-06,1942,LAWRENCE AVE E,BROCKLEY DR,,Major Arterial,Scarborough,At Intersection,Traffic Signal,Clear,Dark,Dry,Fatal,Pedestrian Collisions,Driver,20 to 24,,,East,"Automobile, Station Wagon",Going Ahead,Failed to Yield Right of Way,Unknown,,,,,,,Yes,,Yes,,,,,Yes,,Yes,,,,157,Bendale South,127,Bendale (127),D41,"{""coordinates"": [[-79.2624770000423, 43.7519590001058]], ""type"": ""MultiPoint""}",2022
17532,17533,2000036960.0,2022-01-06,1942,LAWRENCE AVE E,BROCKLEY DR,,Major Arterial,Scarborough,At Intersection,Traffic Signal,Clear,Dark,Dry,Fatal,Pedestrian Collisions,Pedestrian,75 to 79,Fatal,1.0,South,,,,,Vehicle is going straight thru inter.while ped cross without ROW,Crossing without right of way,Normal,,,,Yes,,Yes,,,,,Yes,,Yes,,,,157,Bendale South,127,Bendale (127),D41,"{""coordinates"": [[-79.2624770000423, 43.7519590001058]], ""type"": ""MultiPoint""}",2022
17533,17534,2000038978.0,2022-01-07,622,DON VALLEY PARKWAY  N,LEASIDE BDGE,120 m South ,Expressway,,Non Intersection,No Control,Clear,"Dark, artificial",Dry,Non-Fatal Injury,SMV Other,Driver,25 to 29,Major,,North,"Automobile, Station Wagon",Going Ahead,Lost control,Unknown,,,,,,,,,Yes,,,,,Yes,Yes,Yes,,,,58,Old East York,58,Old East York (58),D55,"{""coordinates"": [[-79.3482240002959, 43.6977219999113]], ""type"": ""MultiPoint""}",2022
17534,17535,2000038978.0,2022-01-07,622,DON VALLEY PARKWAY  N,LEASIDE BDGE,120 m South ,Expressway,,Non Intersection,No Control,Clear,"Dark, artificial",Dry,Non-Fatal Injury,SMV Other,Driver,25 to 29,,,South,"Automobile, Station Wagon",Going Ahead,Driving Properly,Normal,,,,,,,,,Yes,,,,,Yes,Yes,Yes,,,,58,Old East York,58,Old East York (58),D55,"{""coordinates"": [[-79.3482240002959, 43.6977219999113]], ""type"": ""MultiPoint""}",2022
17535,17536,2000038978.0,2022-01-07,622,DON VALLEY PARKWAY  N,LEASIDE BDGE,120 m South ,Expressway,,Non Intersection,No Control,Clear,"Dark, artificial",Dry,Non-Fatal Injury,SMV Other,Driver,40 to 44,,,South,"Automobile, Station Wagon",Going Ahead,Driving Properly,Normal,,,,,,,,,Yes,,,,,Yes,Yes,Yes,,,,58,Old East York,58,Old East York (58),D55,"{""coordinates"": [[-79.3482240002959, 43.6977219999113]], ""type"": ""MultiPoint""}",2022
17536,17537,2000038978.0,2022-01-07,622,DON VALLEY PARKWAY  N,LEASIDE BDGE,120 m South ,Expressway,,Non Intersection,No Control,Clear,"Dark, artificial",Dry,Non-Fatal Injury,SMV Other,Passenger,25 to 29,Major,,,,,,,,,,,,,,,Yes,,,,,Yes,Yes,Yes,,,,58,Old East York,58,Old East York (58),D55,"{""coordinates"": [[-79.3482240002959, 43.6977219999113]], ""type"": ""MultiPoint""}",2022
17537,17538,2000038978.0,2022-01-07,622,DON VALLEY PARKWAY  N,LEASIDE BDGE,120 m South ,Expressway,,Non Intersection,No Control,Clear,"Dark, artificial",Dry,Non-Fatal Injury,SMV Other,Passenger,25 to 29,Major,,,,,,,,,,,,,,,Yes,,,,,Yes,Yes,Yes,,,,58,Old East York,58,Old East York (58),D55,"{""coordinates"": [[-79.3482240002959, 43.6977219999113]], ""type"": ""MultiPoint""}",2022
17538,17539,2000039834.0,2022-01-07,938,MIDDLEFIELD RD,STEELES AVE E,,Minor Arterial,Scarborough,At Intersection,Traffic Signal,Clear,Daylight,Dry,Non-Fatal Injury,Pedestrian Collisions,Driver,65 to 69,,,South,"Automobile, Station Wagon",Turning Left,Failed to Yield Right of Way,Normal,,,,,,,Yes,,Yes,,,,,,,Yes,,,,130,Milliken,130,Milliken (130),D42,"{""coordinates"": [[-79.2679319996985, 43.8326210001191]], ""type"": ""MultiPoint""}",2022
17539,17540,2000039834.0,2022-01-07,938,MIDDLEFIELD RD,STEELES AVE E,,Minor Arterial,Scarborough,At Intersection,Traffic Signal,Clear,Daylight,Dry,Non-Fatal Injury,Pedestrian Collisions,Pedestrian,50 to 54,Major,,North,,,,,Vehicle turns left while ped crosses with ROW at inter.,Crossing with right of way,Normal,,,,Yes,,Yes,,,,,,,Yes,,,,130,Milliken,130,Milliken (130),D42,"{""coordinates"": [[-79.2679319996985, 43.8326210001191]], ""type"": ""MultiPoint""}",2022
17540,17541,2000083530.0,2022-01-13,2130,WESTON RD,LANYARD RD,1 m West of,Major Arterial,Etobicoke York,At Intersection,Traffic Signal,Clear,"Dark, artificial",Dry,Non-Fatal Injury,Pedestrian Collisions,Driver,60 to 64,,,North,"Automobile, Station Wagon",Turning Left,Failed to Yield Right of Way,Inattentive,,,,,,,Yes,,Yes,,,,,,,Yes,,,,22,Humbermede,22,Humbermede (22),D31,"{""coordinates"": [[-79.5415600005466, 43.7481640001794]], ""type"": ""MultiPoint""}",2022
17541,17542,2000083530.0,2022-01-13,2130,WESTON RD,LANYARD RD,1 m West of,Major Arterial,Etobicoke York,At Intersection,Traffic Signal,Clear,"Dark, artificial",Dry,Non-Fatal Injury,Pedestrian Collisions,Pedestrian,55 to 59,Major,,North,,,,,Vehicle turns left while ped crosses with ROW at inter.,Crossing with right of way,Normal,,,,Yes,,Yes,,,,,,,Yes,,,,22,Humbermede,22,Humbermede (22),D31,"{""coordinates"": [[-79.5415600005466, 43.7481640001794]], ""type"": ""MultiPoint""}",2022
17542,17543,2000088172.0,2022-01-14,1441,DAVENPORT RD,LANSDOWNE AVE,8 m South of,Minor Arterial,Toronto and East York,At Intersection,Traffic Signal,Clear,Daylight,Dry,Non-Fatal Injury,Pedestrian Collisions,Driver,55 to 59,,,West,Pick Up Truck,Turning Left,Driving Properly,Normal,,,,,,,Yes,,Yes,,,,,,,,,,,171,Junction-Wallace Emerson,93,Dovercourt-Wallace Emerson-Junction (93),D13,"{""coordinates"": [[-79.4482609997363, 43.671484999579]], ""type"": ""MultiPoint""}",2022
17543,17544,2000088172.0,2022-01-14,1441,DAVENPORT RD,LANSDOWNE AVE,8 m South of,Minor Arterial,Toronto and East York,At Intersection,Traffic Signal,Clear,Daylight,Dry,Non-Fatal Injury,Pedestrian Collisions,Pedestrian,75 to 79,Major,,East,,,,,Vehicle turns left while ped crosses without ROW at inter.,Crossing without right of way,Had Been Drinking,,,,Yes,,Yes,,,,,,,,,,,171,Junction-Wallace Emerson,93,Dovercourt-Wallace Emerson-Junction (93),D13,"{""coordinates"": [[-79.4482609997363, 43.671484999579]], ""type"": ""MultiPoint""}",2022
17544,17545,2000129056.0,2022-01-20,1610,VICTORIA PARK AVE,COMBERMERE DR,10 m South o,Major Arterial,North York,At Intersection,Traffic Signal,Clear,Daylight,Dry,Non-Fatal Injury,Rear End,Driver,20 to 24,Major,,South,"Automobile, Station Wagon",Going Ahead,Speed too Fast For Condition,Normal,,,,,,,,,Yes,,,,,Yes,Yes,Yes,,,,119,Wexford/Maryvale,119,Wexford/Maryvale (119),D41,"{""coordinates"": [[-79.3145779997824, 43.7559920000422]], ""type"": ""MultiPoint""}",2022
17545,17546,2000129056.0,2022-01-20,1610,VICTORIA PARK AVE,COMBERMERE DR,10 m South o,Major Arterial,North York,At Intersection,Traffic Signal,Clear,Daylight,Dry,Non-Fatal Injury,Rear End,Driver,60 to 64,,,South,"Automobile, Station Wagon",Stopped,Driving Properly,Normal,,,,,,,,,Yes,,,,,Yes,Yes,Yes,,,,119,Wexford/Maryvale,119,Wexford/Maryvale (119),D41,"{""coordinates"": [[-79.3145779997824, 43.7559920000422]], ""type"": ""MultiPoint""}",2022
17546,17547,2000129056.0,2022-01-20,1610,VICTORIA PARK AVE,COMBERMERE DR,10 m South o,Major Arterial,North York,At Intersection,Traffic Signal,Clear,Daylight,Dry,Non-Fatal Injury,Rear End,Passenger,80 to 84,,,,,,,,,,,,,,,,Yes,,,,,Yes,Yes,Yes,,,,119,Wexford/Maryvale,119,Wexford/Maryvale (119),D41,"{""coordinates"": [[-79.3145779997824, 43.7559920000422]], ""type"": ""MultiPoint""}",2022
17547,17548,2000130290.0,2022-01-20,1910,1875 STEELES AVE W,,120 m East o,Major Arterial,North York,Non Intersection,No Control,Clear,"Dark, artificial",Dry,Property Damage O,Turning Movement,Driver,25 to 29,,,North,Pick Up Truck,Turning Left,Failed to Yield Right of Way,Inattentive,,,,,,,,,Yes,,,,,,,Yes,,,,34,Bathurst Manor,34,Bathurst Manor (34),D32,"{""coordinates"": [[-79.4680590004993, 43.7875850003184]], ""type"": ""MultiPoint""}",2022
17548,17549,2000130290.0,2022-01-20,1910,1875 STEELES AVE W,,120 m East o,Major Arterial,North York,Non Intersection,No Control,Clear,"Dark, artificial",Dry,Property Damage O,Turning Movement,Driver,70 to 74,Major,,East,"Automobile, Station Wagon",Going Ahead,Driving Properly,Normal,,,,,,,,,Yes,,,,,,,Yes,,,,34,Bathurst Manor,34,Bathurst Manor (34),D32,"{""coordinates"": [[-79.4680590004993, 43.7875850003184]], ""type"": ""MultiPoint""}",2022
17549,17550,2000144156.0,2022-01-22,1914,92 ASHRIDGE DR,,100 m North ,Local,Scarborough,Non Intersection,No Control,Clear,"Dark, artificial",Packed Snow,Non-Fatal Injury,Pedestrian Collisions,Driver,unknown,,,North,"Automobile, Station Wagon",Going Ahead,,,,,,,,,Yes,,Yes,,,,,,,,,,,129,Agincourt North,129,Agincourt North (129),D42,"{""coordinates"": [[-79.2687639995574, 43.8153100004301]], ""type"": ""MultiPoint""}",2022
17550,17551,2000144156.0,2022-01-22,1914,92 ASHRIDGE DR,,100 m North ,Local,Scarborough,Non Intersection,No Control,Clear,"Dark, artificial",Packed Snow,Non-Fatal Injury,Pedestrian Collisions,Pedestrian,90 to 94,Major,,Unknown,,,,,Pedestrian hit at mid-block,Person Getting on/off Vehicle,Normal,,,,Yes,,Yes,,,,,,,,,,,129,Agincourt North,129,Agincourt North (129),D42,"{""coordinates"": [[-79.2687639995574, 43.8153100004301]], ""type"": ""MultiPoint""}",2022
17551,17552,2000145218.0,2022-01-22,2306,WESTON RD,DEE AVE,,Major Arterial,Etobicoke York,Intersection Related,No Control,Clear,"Dark, artificial",Dry,Fatal,Pedestrian Collisions,Driver,30 to 34,,,North,"Automobile, Station Wagon",Going Ahead,Improper Passing,Unknown,,,,,,,Yes,,Yes,,,,,,,Yes,,,,23,Pelmo Park-Humberlea,23,Pelmo Park-Humberlea (23),D12,"{""coordinates"": [[-79.5351360005508, 43.7111309999907]], ""type"": ""MultiPoint""}",2022
17552,17553,2000145218.0,2022-01-22,2306,WESTON RD,DEE AVE,,Major Arterial,Etobicoke York,Intersection Related,No Control,Clear,"Dark, artificial",Dry,Fatal,Pedestrian Collisions,Pedestrian,50 to 54,Fatal,2.0,West,,,,,Vehicle is going straight thru inter.while ped cross without ROW,Crossing without right of way,Other,,,,Yes,,Yes,,,,,,,Yes,,,,23,Pelmo Park-Humberlea,23,Pelmo Park-Humberlea (23),D12,"{""coordinates"": [[-79.5351360005508, 43.7111309999907]], ""type"": ""MultiPoint""}",2022
17553,17554,2000170861.0,2022-01-26,1600,STEELES AV W,NORFINCH DR,230 m West o,Major Arterial,,Non Intersection,No Control,Clear,Daylight,Dry,Non-Fatal Injury,Sideswipe,Driver,25 to 29,Major,,West,"Automobile, Station Wagon",Going Ahead,Other,Other,,,,,,,,,Yes,,,,,,,,,,,24,Black Creek,24,Black Creek (24),D31,"{""coordinates"": [[-79.5337329995677, 43.7727720001052]], ""type"": ""MultiPoint""}",2022
17554,17555,2000170861.0,2022-01-26,1600,STEELES AV W,NORFINCH DR,230 m West o,Major Arterial,,Non Intersection,No Control,Clear,Daylight,Dry,Non-Fatal Injury,Sideswipe,Driver,50 to 54,,,West,School Bus,Stopped,Driving Properly,Normal,,,,,,,,,Yes,,,,,,,,,,,24,Black Creek,24,Black Creek (24),D31,"{""coordinates"": [[-79.5337329995677, 43.7727720001052]], ""type"": ""MultiPoint""}",2022
17555,17556,2000170861.0,2022-01-26,1600,STEELES AV W,NORFINCH DR,230 m West o,Major Arterial,,Non Intersection,No Control,Clear,Daylight,Dry,Non-Fatal Injury,Sideswipe,Driver,40 to 44,,,West,"Automobile, Station Wagon",Stopped,Driving Properly,Normal,,,,,,,,,Yes,,,,,,,,,,,24,Black Creek,24,Black Creek (24),D31,"{""coordinates"": [[-79.5337329995677, 43.7727720001052]], ""type"": ""MultiPoint""}",2022
17556,17557,2000170861.0,2022-01-26,1600,STEELES AV W,NORFINCH DR,230 m West o,Major Arterial,,Non Intersection,No Control,Clear,Daylight,Dry,Non-Fatal Injury,Sideswipe,Driver,50 to 54,,,West,"Automobile, Station Wagon",Stopped,Driving Properly,Normal,,,,,,,,,Yes,,,,,,,,,,,24,Black Creek,24,Black Creek (24),D31,"{""coordinates"": [[-79.5337329995677, 43.7727720001052]], ""type"": ""MultiPoint""}",2022
17557,17558,2000176791.0,2022-01-27,1447,FINCH AVE W,ELANA DR,,Major Arterial,North York,At/Near Private Drive,No Control,Clear,Daylight,Wet,Non-Fatal Injury,Pedestrian Collisions,Driver,35 to 39,,,East,"Automobile, Station Wagon",Going Ahead,Driving Properly,Normal,,,,,,,Yes,,Yes,,,,,,,,,,,25,Glenfield-Jane Heights,25,Glenfield-Jane Heights (25),D31,"{""coordinates"": [[-79.5199079994047, 43.7568229999109]], ""type"": ""MultiPoint""}",2022
17558,17559,2000176791.0,2022-01-27,1447,FINCH AVE W,ELANA DR,,Major Arterial,North York,At/Near Private Drive,No Control,Clear,Daylight,Wet,Non-Fatal Injury,Pedestrian Collisions,Pedestrian,45 to 49,Major,,North,,,,,Pedestrian hit at mid-block,"Crossing, no Traffic Control",Inattentive,,,,Yes,,Yes,,,,,,,,,,,25,Glenfield-Jane Heights,25,Glenfield-Jane Heights (25),D31,"{""coordinates"": [[-79.5199079994047, 43.7568229999109]], ""type"": ""MultiPoint""}",2022
17559,17560,2000184133.0,2022-01-28,1506,THE QUEENSWAY,ISLINGTON AVE,ISLINGTON AV,Major Arterial,Etobicoke York,Non Intersection,No Control,Clear,Daylight,Dry,Fatal,Pedestrian Collisions,Passenger,30 to 34,,,,,,,,,,,,,,Yes,,Yes,,,,,Yes,,Yes,,,,159,Etobicoke City Centre,14,Islington-City Centre West (14),D22,"{""coordinates"": [[-79.5154979997098, 43.6233510001925]], ""type"": ""MultiPoint""}",2022
17560,17561,2000184133.0,2022-01-28,1506,THE QUEENSWAY,ISLINGTON AVE,ISLINGTON AV,Major Arterial,Etobicoke York,Non Intersection,No Control,Clear,Daylight,Dry,Fatal,Pedestrian Collisions,Driver,30 to 34,,,South,"Automobile, Station Wagon",Turning Right,Failed to Yield Right of Way,Inattentive,,,,,,,Yes,,Yes,,,,,Yes,,Yes,,,,159,Etobicoke City Centre,14,Islington-City Centre West (14),D22,"{""coordinates"": [[-79.5154979997098, 43.6233510001925]], ""type"": ""MultiPoint""}",2022
17561,17562,2000184133.0,2022-01-28,1506,THE QUEENSWAY,ISLINGTON AVE,ISLINGTON AV,Major Arterial,Etobicoke York,Non Intersection,No Control,Clear,Daylight,Dry,Fatal,Pedestrian Collisions,Pedestrian,80 to 84,Fatal,3.0,East,,,,,Pedestrian hit on sidewalk or shoulder,On Sidewalk or Shoulder,Normal,,,,Yes,,Yes,,,,,Yes,,Yes,,,,159,Etobicoke City Centre,14,Islington-City Centre West (14),D22,"{""coordinates"": [[-79.5154979997098, 43.6233510001925]], ""type"": ""MultiPoint""}",2022
17562,17563,2000196904.0,2022-01-30,1415,GARDINER XWY W,STRACHAN AVE,374 m West o,Expressway,Toronto and East York,Non Intersection,No Control,Clear,Daylight,Dry,Non-Fatal Injury,Rear End,Driver,35 to 39,Minor,,West,"Automobile, Station Wagon",Going Ahead,Lost control,Inattentive,,,,,,,,,Yes,,,,,Yes,Yes,Yes,,,,163,Fort York-Liberty Village,82,Niagara (82),D14,"{""coordinates"": [[-79.4144320002118, 43.6368240000426]], ""type"": ""MultiPoint""}",2022
17563,17564,2000196904.0,2022-01-30,1415,GARDINER XWY W,STRACHAN AVE,374 m West o,Expressway,Toronto and East York,Non Intersection,No Control,Clear,Daylight,Dry,Non-Fatal Injury,Rear End,Driver,35 to 39,Major,,West,"Automobile, Station Wagon",Going Ahead,Driving Properly,Normal,,,,,,,,,Yes,,,,,Yes,Yes,Yes,,,,163,Fort York-Liberty Village,82,Niagara (82),D14,"{""coordinates"": [[-79.4144320002118, 43.6368240000426]], ""type"": ""MultiPoint""}",2022
17564,17565,2000196904.0,2022-01-30,1415,GARDINER XWY W,STRACHAN AVE,374 m West o,Expressway,Toronto and East York,Non Intersection,No Control,Clear,Daylight,Dry,Non-Fatal Injury,Rear End,Passenger,30 to 34,Minimal,,,,,,,,,,,,,,,Yes,,,,,Yes,Yes,Yes,,,,163,Fort York-Liberty Village,82,Niagara (82),D14,"{""coordinates"": [[-79.4144320002118, 43.6368240000426]], ""type"": ""MultiPoint""}",2022
17565,17566,2000220559.0,2022-02-02,2000,BATHURST ST,WOLSELEY ST,5 m East of,Major Arterial,Toronto and East York,At Intersection,No Control,Snow,Dark,Wet,Non-Fatal Injury,SMV Other,Driver,60 to 64,Major,,South,"Automobile, Station Wagon",Going Ahead,Lost control,Medical or Physical Disability,,,,,,,,,Yes,,,,,,,,,,Yes,78,Kensington-Chinatown,78,Kensington-Chinatown (78),D14,"{""coordinates"": [[-79.404284999966, 43.6479520002139]], ""type"": ""MultiPoint""}",2022
17566,17567,2000223282.0,2022-02-03,922,F G GARDINER XY  W,ROYAL YORK RD,EAST OF ISLI,Expressway,Etobicoke York,Non Intersection,No Control,Clear,Daylight,Wet,Fatal,Rear End,Driver,25 to 29,Fatal,4.0,West,"Automobile, Station Wagon",Going Ahead,Exceeding Speed Limit,Inattentive,,,,,,,,,Yes,,Yes,,,,Yes,Yes,,,,160,Mimico-Queensway,17,Mimico (includes Humber Bay Shores) (17),D22,"{""coordinates"": [[-79.5016510001304, 43.6227180000986]], ""type"": ""MultiPoint""}",2022