index,_id,ACCNUM,DATE,TIME,STREET1,STREET2,OFFSET,ROAD_CLASS,DISTRICT,ACCLOC,TRAFFCTL,VISIBILITY,LIGHT,RDSFCOND,ACCLASS,IMPACTYPE,INVTYPE,INVAGE,INJURY,FATAL_NO,INITDIR,VEHTYPE,MANOEUVER,DRIVACT,DRIVCOND,PEDTYPE,PEDACT,PEDCOND,CYCLISTYPE,CYCACT,CYCCOND,PEDESTRIAN,CYCLIST,AUTOMOBILE,MOTORCYCLE,TRUCK,TRSN_CITY_VEH,EMERG_VEH,PASSENGER,SPEEDING,AG_DRIV,REDLIGHT,ALCOHOL,DISABILITY,HOOD_158,NEIGHBOURHOOD_158,HOOD_140,NEIGHBOURHOOD_140,DIVISION,geometry,ACCIDENT_YEAR
17567,17568,2000223282.0,2022-02-03,922,F G GARDINER XY  W,ROYAL YORK RD,EAST OF ISLI,Expressway,Etobicoke York,Non Intersection,No Control,Clear,Daylight,Wet,Fatal,Rear End,Truck Driver,25 to 29,,,West,Truck - Open,Going Ahead,Driving Properly,Normal,,,,,,,,,Yes,,Yes,,,,Yes,Yes,,,,160,Mimico-Queensway,17,Mimico (includes Humber Bay Shores) (17),D22,"{""coordinates"": [[-79.5016510001304, 43.6227180000986]], ""type"": ""MultiPoint""}",2022
17568,17569,2000226271.0,2022-02-03,1655,JANE ST,DRIFTWOOD AVE,,Major Arterial,North York,At Intersection,Traffic Signal,Drifting Snow,Dusk,Wet,Non-Fatal Injury,Pedestrian Collisions,Driver,50 to 54,,,West,"Automobile, Station Wagon",Turning Left,Failed to Yield Right of Way,Unknown,,,,,,,Yes,,Yes,,,,,,,Yes,,,,24,Black Creek,24,Black Creek (24),D31,"{""coordinates"": [[-79.5196409996611, 43.7658369999581]], ""type"": ""MultiPoint""}",2022
17569,17570,2000226271.0,2022-02-03,1655,JANE ST,DRIFTWOOD AVE,,Major Arterial,North York,At Intersection,Traffic Signal,Drifting Snow,Dusk,Wet,Non-Fatal Injury,Pedestrian Collisions,Pedestrian,65 to 69,Major,,South,,,,,Vehicle turns left while ped crosses with ROW at inter.,Crossing with right of way,Normal,,,,Yes,,Yes,,,,,,,Yes,,,,24,Black Creek,24,Black Creek (24),D31,"{""coordinates"": [[-79.5196409996611, 43.7658369999581]], ""type"": ""MultiPoint""}",2022
17570,17571,2000232737.0,2022-02-04,1623,SHEPPARD AVE E,YONGE ST,75 m East of,Major Arterial,North York,Non Intersection,No Control,Clear,Daylight,Slush,Non-Fatal Injury,Pedestrian Collisions,Driver,65 to 69,,,East,"Automobile, Station Wagon",Going Ahead,Driving Properly,Normal,,,,,,,Yes,,Yes,,,,,,,,,,,153,Avondale,51,Willowdale East (51),D32,"{""coordinates"": [[-79.4100599995521, 43.7615840000624]], ""type"": ""MultiPoint""}",2022
17571,17572,2000232737.0,2022-02-04,1623,SHEPPARD AVE E,YONGE ST,75 m East of,Major Arterial,North York,Non Intersection,No Control,Clear,Daylight,Slush,Non-Fatal Injury,Pedestrian Collisions,Pedestrian,80 to 84,Major,,North,,,,,Pedestrian hit at mid-block,"Crossing, no Traffic Control",Normal,,,,Yes,,Yes,,,,,,,,,,,153,Avondale,51,Willowdale East (51),D32,"{""coordinates"": [[-79.4100599995521, 43.7615840000624]], ""type"": ""MultiPoint""}",2022
17572,17573,2000258732.0,2022-02-08,2039,BIRCHMOUNT ROAD,ZENITH DR,18 m S of,Minor Arterial,Scarborough,Intersection Related,Stop Sign,Clear,Dark,Dry,Non-Fatal Injury,Pedestrian Collisions,Driver,50 to 54,,,West,Pick Up Truck,Turning Left,Lost control,Normal,,,,,,,Yes,,Yes,,,,,,,,,,,120,Clairlea-Birchmount,120,Clairlea-Birchmount (120),D41,"{""coordinates"": [[-79.2697709995797, 43.7110089998849]], ""type"": ""MultiPoint""}",2022
17573,17574,2000258732.0,2022-02-08,2039,BIRCHMOUNT ROAD,ZENITH DR,18 m S of,Minor Arterial,Scarborough,Intersection Related,Stop Sign,Clear,Dark,Dry,Non-Fatal Injury,Pedestrian Collisions,Pedestrian,30 to 34,Major,,Unknown,,,,,Pedestrian hit on sidewalk or shoulder,On Sidewalk or Shoulder,Normal,,,,Yes,,Yes,,,,,,,,,,,120,Clairlea-Birchmount,120,Clairlea-Birchmount (120),D41,"{""coordinates"": [[-79.2697709995797, 43.7110089998849]], ""type"": ""MultiPoint""}",2022
17574,17575,2000267263.0,2022-02-10,700,WILLIAM R ALLEN RD,TRANSIT RD,,Major Arterial,North York,At Intersection,Traffic Signal,Clear,Daylight,Wet,Non-Fatal Injury,Turning Movement,Truck Driver,25 to 29,,,South,Truck-Tractor,Going Ahead,Disobeyed Traffic Control,Normal,,,,,,,,,Yes,,Yes,,,,,Yes,Yes,,,33,Clanton Park,33,Clanton Park (33),D32,"{""coordinates"": [[-79.4542499996726, 43.7417630000316]], ""type"": ""MultiPoint""}",2022
17575,17576,2000267263.0,2022-02-10,700,WILLIAM R ALLEN RD,TRANSIT RD,,Major Arterial,North York,At Intersection,Traffic Signal,Clear,Daylight,Wet,Non-Fatal Injury,Turning Movement,Driver,65 to 69,Major,,East,"Automobile, Station Wagon",Turning Left,Driving Properly,Normal,,,,,,,,,Yes,,Yes,,,,,Yes,Yes,,,33,Clanton Park,33,Clanton Park (33),D32,"{""coordinates"": [[-79.4542499996726, 43.7417630000316]], ""type"": ""MultiPoint""}",2022
17576,17577,2000271559.0,2022-02-10,1900,YONGE ST,ERSKINE AVE,,Major Arterial,,At Intersection,No Control,Clear,"Dark, artificial",Dry,Non-Fatal Injury,Pedestrian Collisions,Driver,30 to 34,,,South,"Automobile, Station Wagon",Turning Left,Failed to Yield Right of Way,Inattentive,,,,,,,Yes,,Yes,,,,,Yes,,Yes,,,,173,North Toronto,104,Mount Pleasant West (104),D53,"{""coordinates"": [[-79.3992720005377, 43.7110050000545]], ""type"": ""MultiPoint""}",2022
17577,17578,2000271559.0,2022-02-10,1900,YONGE ST,ERSKINE AVE,,Major Arterial,,At Intersection,No Control,Clear,"Dark, artificial",Dry,Non-Fatal Injury,Pedestrian Collisions,Passenger,35 to 39,,,,,,,,,,,,,,Yes,,Yes,,,,,Yes,,Yes,,,,173,North Toronto,104,Mount Pleasant West (104),D53,"{""coordinates"": [[-79.3992720005377, 43.7110050000545]], ""type"": ""MultiPoint""}",2022
17578,17579,2000271559.0,2022-02-10,1900,YONGE ST,ERSKINE AVE,,Major Arterial,,At Intersection,No Control,Clear,"Dark, artificial",Dry,Non-Fatal Injury,Pedestrian Collisions,Pedestrian,60 to 64,Major,,North,,,,,Vehicle turns left while ped crosses with ROW at inter.,Crossing with right of way,Normal,,,,Yes,,Yes,,,,,Yes,,Yes,,,,173,North Toronto,104,Mount Pleasant West (104),D53,"{""coordinates"": [[-79.3992720005377, 43.7110050000545]], ""type"": ""MultiPoint""}",2022
17579,17580,2000284125.0,2022-02-12,1945,384 O CONNOR DR,,100 m East o,Major Arterial,Toronto and East York,Non Intersection,No Control,Clear,"Dark, artificial",Dry,Non-Fatal Injury,Other,Driver,40 to 44,,,West,Municipal Transit Bus (TTC),Slowing or Stopping,Driving Properly,Normal,,,,,,,,,,,,Yes,,Yes,,,,,,58,Old East York,58,Old East York (58),D55,"{""coordinates"": [[-79.3375499998007, 43.6959369999414]], ""type"": ""MultiPoint""}",2022
17580,17581,2000284125.0,2022-02-12,1945,384 O CONNOR DR,,100 m East o,Major Arterial,Toronto and East York,Non Intersection,No Control,Clear,"Dark, artificial",Dry,Non-Fatal Injury,Other,Passenger,65 to 69,Major,,,,,,,,,,,,,,,,,,Yes,,Yes,,,,,,58,Old East York,58,Old East York (58),D55,"{""coordinates"": [[-79.3375499998007, 43.6959369999414]], ""type"": ""MultiPoint""}",2022
17581,17582,2000320162.0,2022-02-18,1144,BAY ST,COLLEGE ST,,Major Arterial,Etobicoke York,At Intersection,Traffic Signal,Clear,Daylight,Wet,Fatal,Pedestrian Collisions,Pedestrian,80 to 84,Fatal,5.0,North,,,,,Vehicle turns right while ped crosses with ROW at inter.,Crossing with right of way,Normal,,,,Yes,,Yes,,,,,,,Yes,,,,170,Yonge-Bay Corridor,76,Bay Street Corridor (76),D52,"{""coordinates"": [[-79.3858140005424, 43.6607419998138]], ""type"": ""MultiPoint""}",2022
17582,17583,2000320162.0,2022-02-18,1144,BAY ST,COLLEGE ST,,Major Arterial,Etobicoke York,At Intersection,Traffic Signal,Clear,Daylight,Wet,Fatal,Pedestrian Collisions,Driver,80 to 84,,,South,"Automobile, Station Wagon",Turning Right,Failed to Yield Right of Way,Normal,,,,,,,Yes,,Yes,,,,,,,Yes,,,,170,Yonge-Bay Corridor,76,Bay Street Corridor (76),D52,"{""coordinates"": [[-79.3858140005424, 43.6607419998138]], ""type"": ""MultiPoint""}",2022
17583,17584,2000348171.0,2022-02-22,2350,484 WILSON HEIGHTS BLVD,,,Minor Arterial,North York,Non Intersection,No Control,Clear,"Dark, artificial",Wet,Non-Fatal Injury,SMV Other,Driver,25 to 29,Major,,North,"Automobile, Station Wagon",Going Ahead,Lost control,Unknown,,,,,,,,,Yes,,,,,,,,,,,155,Downsview,26,Downsview-Roding-CFB (26),D32,"{""coordinates"": [[-79.4541809998679, 43.7468480001216]], ""type"": ""MultiPoint""}",2022
17584,17585,2000368462.0,2022-02-25,2216,BAYVIEW AV,DAVISVILLE AV,5 m West of,Major Arterial,North York,Intersection Related,Traffic Signal,Snow,"Dark, artificial",Wet,Non-Fatal Injury,Pedestrian Collisions,Driver,50 to 54,,,North,Pick Up Truck,Turning Left,Failed to Yield Right of Way,Unknown,,,,,,,Yes,,Yes,,,,,,,Yes,,,,56,Leaside-Bennington,56,Leaside-Bennington (56),D53,"{""coordinates"": [[-79.3741030001094, 43.702994000294]], ""type"": ""MultiPoint""}",2022
17585,17586,2000368462.0,2022-02-25,2216,BAYVIEW AV,DAVISVILLE AV,5 m West of,Major Arterial,North York,Intersection Related,Traffic Signal,Snow,"Dark, artificial",Wet,Non-Fatal Injury,Pedestrian Collisions,Pedestrian,45 to 49,Major,,North,,,,,Vehicle turns left while ped crosses with ROW at inter.,Crossing with right of way,Normal,,,,Yes,,Yes,,,,,,,Yes,,,,56,Leaside-Bennington,56,Leaside-Bennington (56),D53,"{""coordinates"": [[-79.3741030001094, 43.702994000294]], ""type"": ""MultiPoint""}",2022
17586,17587,2000370303.0,2022-02-26,813,BURNHAMTHORPE RD,HIGHWAY 427 C N,40 m West of,Major Arterial,Etobicoke York,Overpass or Bridge,No Control,Clear,Daylight,Dry,Non-Fatal Injury,Cyclist Collisions,Driver,unknown,,,East,"Automobile, Station Wagon",Going Ahead,Other,Unknown,,,,,,,,Yes,Yes,,,,,,,,,,,158,Islington,14,Islington-City Centre West (14),D22,"{""coordinates"": [[-79.562526000462, 43.6456249998068]], ""type"": ""MultiPoint""}",2022
17587,17588,2000370303.0,2022-02-26,813,BURNHAMTHORPE RD,HIGHWAY 427 C N,40 m West of,Major Arterial,Etobicoke York,Overpass or Bridge,No Control,Clear,Daylight,Dry,Non-Fatal Injury,Cyclist Collisions,Cyclist,60 to 64,Major,,East,Bicycle,Going Ahead,,,,,,Cyclist and Driver travelling in same direction. One vehicle sideswipes the other.,Driving Properly,Normal,,Yes,Yes,,,,,,,,,,,158,Islington,14,Islington-City Centre West (14),D22,"{""coordinates"": [[-79.562526000462, 43.6456249998068]], ""type"": ""MultiPoint""}",2022
17588,17589,2000372294.0,2022-02-26,1430,THE QUEENSWAY,SHERWAY GARDENS RD,,Major Arterial,Etobicoke York,At Intersection,Traffic Signal,Clear,Daylight,Dry,Non-Fatal Injury,Pedestrian Collisions,Driver,40 to 44,,,North,"Automobile, Station Wagon",Turning Right,Failed to Yield Right of Way,Inattentive,,,,,,,Yes,,Yes,,,,,,,Yes,,,,159,Etobicoke City Centre,14,Islington-City Centre West (14),D22,"{""coordinates"": [[-79.5522190003973, 43.6149969999266]], ""type"": ""MultiPoint""}",2022
17589,17590,2000372294.0,2022-02-26,1430,THE QUEENSWAY,SHERWAY GARDENS RD,,Major Arterial,Etobicoke York,At Intersection,Traffic Signal,Clear,Daylight,Dry,Non-Fatal Injury,Pedestrian Collisions,Pedestrian,65 to 69,Major,,North,,,,,Vehicle turns right while ped crosses with ROW at inter.,Crossing with right of way,Normal,,,,Yes,,Yes,,,,,,,Yes,,,,159,Etobicoke City Centre,14,Islington-City Centre West (14),D22,"{""coordinates"": [[-79.5522190003973, 43.6149969999266]], ""type"": ""MultiPoint""}",2022
17590,17591,2000375775.0,2022-02-27,348,YORE RD,KEELE ST,,Major Arterial,,Intersection Related,No Control,Clear,"Dark, artificial",Dry,Fatal,SMV Other,Driver,20 to 24,Fatal,6.0,West,"Automobile, Station Wagon",Going Ahead,Lost control,Unknown,,,,,,,,,Yes,,,,,,,,,,,112,Beechborough-Greenbrook,112,Beechborough-Greenbrook (112),D12,"{""coordinates"": [[-79.4742229998179, 43.6916949997352]], ""type"": ""MultiPoint""}",2022
17591,17592,2000383216.0,2022-02-28,1050,FINCH AVE E,MCCOWAN RD,,Major Arterial,Scarborough,At Intersection,Traffic Signal,Clear,Daylight,Dry,Fatal,Pedestrian Collisions,Pedestrian,45 to 49,Fatal,7.0,East,,,,,Vehicle turns right while ped crosses with ROW at inter.,Crossing with right of way,Normal,,,,Yes,,,,,Yes,,,,,,,,129,Agincourt North,129,Agincourt North (129),D42,"{""coordinates"": [[-79.2664670001342, 43.8079550004028]], ""type"": ""MultiPoint""}",2022
17592,17593,2000383216.0,2022-02-28,1050,FINCH AVE E,MCCOWAN RD,,Major Arterial,Scarborough,At Intersection,Traffic Signal,Clear,Daylight,Dry,Fatal,Pedestrian Collisions,Driver,45 to 49,,,East,Municipal Transit Bus (TTC),Turning Right,Improper Turn,Normal,,,,,,,Yes,,,,,Yes,,,,,,,,129,Agincourt North,129,Agincourt North (129),D42,"{""coordinates"": [[-79.2664670001342, 43.8079550004028]], ""type"": ""MultiPoint""}",2022
17593,17594,2000415804.0,2022-03-05,120,BRIMORTON DR,MCCOWAN RD,37 m West of,Collector,Scarborough,Intersection Related,Traffic Signal,Clear,"Dark, artificial",Dry,Non-Fatal Injury,SMV Other,Driver,20 to 24,Major,,West,"Automobile, Station Wagon",Going Ahead,Lost control,Inattentive,,,,,,,,,Yes,,,,,Yes,Yes,Yes,,,,142,Woburn North,137,Woburn (137),D43,"{""coordinates"": [[-79.2489269993944, 43.7653639997833]], ""type"": ""MultiPoint""}",2022
17594,17595,2000415804.0,2022-03-05,120,BRIMORTON DR,MCCOWAN RD,37 m West of,Collector,Scarborough,Intersection Related,Traffic Signal,Clear,"Dark, artificial",Dry,Non-Fatal Injury,SMV Other,Passenger,20 to 24,,,,,,,,,,,,,,,,Yes,,,,,Yes,Yes,Yes,,,,142,Woburn North,137,Woburn (137),D43,"{""coordinates"": [[-79.2489269993944, 43.7653639997833]], ""type"": ""MultiPoint""}",2022
17595,17596,2000422292.0,2022-03-06,240,LAKE SHORE BLVD W,JAMESON AVE,,Major Arterial,,Non Intersection,No Control,Clear,Dark,Dry,Fatal,SMV Other,Passenger,15 to 19,Fatal,8.0,,,,,,,,,,,,,,Yes,,,,,Yes,,,,,,85,South Parkdale,85,South Parkdale (85),D14,"{""coordinates"": [[-79.4364500000363, 43.633368000409]], ""type"": ""MultiPoint""}",2022
17596,17597,2000422292.0,2022-03-06,240,LAKE SHORE BLVD W,JAMESON AVE,,Major Arterial,,Non Intersection,No Control,Clear,Dark,Dry,Fatal,SMV Other,Driver,30 to 34,Major,,East,"Automobile, Station Wagon",Going Ahead,Lost control,Unknown,,,,,,,,,Yes,,,,,Yes,,,,,,85,South Parkdale,85,South Parkdale (85),D14,"{""coordinates"": [[-79.4364500000363, 43.633368000409]], ""type"": ""MultiPoint""}",2022
17597,17598,2000425405.0,2022-03-06,1521,DUNDAS ST E,BOND ST,,Local,Toronto and East York,At/Near Private Drive,No Control,Clear,Daylight,Dry,Fatal,Pedestrian Collisions,Vehicle Owner,unknown,,,,,,,,,,,,,,Yes,,Yes,,,,,,,Yes,,,,168,Downtown Yonge East,75,Church-Yonge Corridor (75),D51,"{""coordinates"": [[-79.3782760003595, 43.6561879999566]], ""type"": ""MultiPoint""}",2022
17598,17599,2000425405.0,2022-03-06,1521,DUNDAS ST E,BOND ST,,Local,Toronto and East York,At/Near Private Drive,No Control,Clear,Daylight,Dry,Fatal,Pedestrian Collisions,Pedestrian,45 to 49,Fatal,9.0,Unknown,,,,,Pedestrian hit on sidewalk or shoulder,On Sidewalk or Shoulder,"Ability Impaired, Alcohol",,,,Yes,,Yes,,,,,,,Yes,,,,168,Downtown Yonge East,75,Church-Yonge Corridor (75),D51,"{""coordinates"": [[-79.3782760003595, 43.6561879999566]], ""type"": ""MultiPoint""}",2022
17599,17600,2000425405.0,2022-03-06,1521,DUNDAS ST E,BOND ST,,Local,Toronto and East York,At/Near Private Drive,No Control,Clear,Daylight,Dry,Fatal,Pedestrian Collisions,Driver,55 to 59,,,West,"Automobile, Station Wagon",Turning Right,Failed to Yield Right of Way,Inattentive,,,,,,,Yes,,Yes,,,,,,,Yes,,,,168,Downtown Yonge East,75,Church-Yonge Corridor (75),D51,"{""coordinates"": [[-79.3782760003595, 43.6561879999566]], ""type"": ""MultiPoint""}",2022
17600,17601,2000427556.0,2022-03-06,2233,460 PAPE AVE,,8 m West of ,Minor Arterial,Toronto and East York,Non Intersection,No Control,Clear,Dark,Dry,Non-Fatal Injury,Pedestrian Collisions,Driver,45 to 49,,,South,"Automobile, Station Wagon",Going Ahead,Driving Properly,Normal,,,,,,,Yes,,Yes,,,,,,,Yes,,,,69,Blake-Jones,69,Blake-Jones (69),D55,"{""coordinates"": [[-79.3418529994814, 43.6716909996787]], ""type"": ""MultiPoint""}",2022
17601,17602,2000427556.0,2022-03-06,2233,460 PAPE AVE,,8 m West of ,Minor Arterial,Toronto and East York,Non Intersection,No Control,Clear,Dark,Dry,Non-Fatal Injury,Pedestrian Collisions,Pedestrian,15 to 19,Major,,Unknown,,,,,Pedestrian hit at mid-block,"Crossing, no Traffic Control","Ability Impaired, Alcohol",,,,Yes,,Yes,,,,,,,Yes,,,,69,Blake-Jones,69,Blake-Jones (69),D55,"{""coordinates"": [[-79.3418529994814, 43.6716909996787]], ""type"": ""MultiPoint""}",2022
17602,17603,2000427862.0,2022-03-07,5,145 STEELES AVE E,,50 m East of,Major Arterial,North York,Non Intersection,No Control,Clear,"Dark, artificial",Dry,Non-Fatal Injury,Approaching,Driver,45 to 49,Minor,,East,Pick Up Truck,Going Ahead,Lost control,Had Been Drinking,,,,,,,,,Yes,,,,,Yes,,,,,,50,Newtonbrook East,50,Newtonbrook East (50),D32,"{""coordinates"": [[-79.4083129997406, 43.8005399997866]], ""type"": ""MultiPoint""}",2022
17603,17604,2000427862.0,2022-03-07,5,145 STEELES AVE E,,50 m East of,Major Arterial,North York,Non Intersection,No Control,Clear,"Dark, artificial",Dry,Non-Fatal Injury,Approaching,Driver,65 to 69,Major,,West,Delivery Van,Going Ahead,Driving Properly,Normal,,,,,,,,,Yes,,,,,Yes,,,,,,50,Newtonbrook East,50,Newtonbrook East (50),D32,"{""coordinates"": [[-79.4083129997406, 43.8005399997866]], ""type"": ""MultiPoint""}",2022
17604,17605,2000427862.0,2022-03-07,5,145 STEELES AVE E,,50 m East of,Major Arterial,North York,Non Intersection,No Control,Clear,"Dark, artificial",Dry,Non-Fatal Injury,Approaching,Driver,55 to 59,Minor,,West,"Automobile, Station Wagon",Going Ahead,Driving Properly,Normal,,,,,,,,,Yes,,,,,Yes,,,,,,50,Newtonbrook East,50,Newtonbrook East (50),D32,"{""coordinates"": [[-79.4083129997406, 43.8005399997866]], ""type"": ""MultiPoint""}",2022
17605,17606,2000427862.0,2022-03-07,5,145 STEELES AVE E,,50 m East of,Major Arterial,North York,Non Intersection,No Control,Clear,"Dark, artificial",Dry,Non-Fatal Injury,Approaching,Passenger,25 to 29,Minor,,,,,,,,,,,,,,,Yes,,,,,Yes,,,,,,50,Newtonbrook East,50,Newtonbrook East (50),D32,"{""coordinates"": [[-79.4083129997406, 43.8005399997866]], ""type"": ""MultiPoint""}",2022
17606,17607,2000429734.0,2022-03-07,930,BATHURST ST,JOICEY BLVD,1 m South of,Major Arterial,North York,At Intersection,Traffic Signal,Rain,Daylight,Wet,Non-Fatal Injury,Pedestrian Collisions,Driver,30 to 34,,,West,Pick Up Truck,Turning Left,Failed to Yield Right of Way,Normal,,,,,,,Yes,,Yes,,,,,,,Yes,,,,39,Bedford Park-Nortown,39,Bedford Park-Nortown (39),D32,"{""coordinates"": [[-79.4331310001024, 43.7338170001627]], ""type"": ""MultiPoint""}",2022
17607,17608,2000429734.0,2022-03-07,930,BATHURST ST,JOICEY BLVD,1 m South of,Major Arterial,North York,At Intersection,Traffic Signal,Rain,Daylight,Wet,Non-Fatal Injury,Pedestrian Collisions,Pedestrian,80 to 84,Major,,East,,,,,Vehicle turns left while ped crosses with ROW at inter.,Crossing with right of way,Normal,,,,Yes,,Yes,,,,,,,Yes,,,,39,Bedford Park-Nortown,39,Bedford Park-Nortown (39),D32,"{""coordinates"": [[-79.4331310001024, 43.7338170001627]], ""type"": ""MultiPoint""}",2022
17608,17609,2000435603.0,2022-03-08,700,DUNDAS ST W,ANNETTE ST,6 m West of,Minor Arterial,North York,At Intersection,Traffic Signal,Clear,Daylight,Dry,Non-Fatal Injury,Rear End,Driver,75 to 79,Major,,South,"Automobile, Station Wagon",Going Ahead,Failed to Yield Right of Way,Inattentive,,,,,,,,,Yes,,,,,,,Yes,,,,90,Junction Area,90,Junction Area (90),D11,"{""coordinates"": [[-79.4587359994493, 43.6644119997182]], ""type"": ""MultiPoint""}",2022
17609,17610,2000435603.0,2022-03-08,700,DUNDAS ST W,ANNETTE ST,6 m West of,Minor Arterial,North York,At Intersection,Traffic Signal,Clear,Daylight,Dry,Non-Fatal Injury,Rear End,Driver,65 to 69,Minor,,South,"Automobile, Station Wagon",Stopped,Driving Properly,Normal,,,,,,,,,Yes,,,,,,,Yes,,,,90,Junction Area,90,Junction Area (90),D11,"{""coordinates"": [[-79.4587359994493, 43.6644119997182]], ""type"": ""MultiPoint""}",2022
17610,17611,2000435603.0,2022-03-08,700,DUNDAS ST W,ANNETTE ST,6 m West of,Minor Arterial,North York,At Intersection,Traffic Signal,Clear,Daylight,Dry,Non-Fatal Injury,Rear End,Driver,unknown,,,South,"Automobile, Station Wagon",Stopped,Driving Properly,Normal,,,,,,,,,Yes,,,,,,,Yes,,,,90,Junction Area,90,Junction Area (90),D11,"{""coordinates"": [[-79.4587359994493, 43.6644119997182]], ""type"": ""MultiPoint""}",2022
17611,17612,2000444231.0,2022-03-09,1100,DANFORTH AVE,WOODBINE AVE,10 m West of,Major Arterial,Toronto and East York,Intersection Related,Traffic Signal,Clear,Daylight,Dry,Non-Fatal Injury,Rear End,Truck Driver,45 to 49,Minimal,,West,Truck - Dump,Slowing or Stopping,Lost control,Inattentive,,,,,,,,,Yes,,Yes,,,,,,,,,62,East End-Danforth,62,East End-Danforth (62),D55,"{""coordinates"": [[-79.3127400000926, 43.6856030003733]], ""type"": ""MultiPoint""}",2022
17612,17613,2000444231.0,2022-03-09,1100,DANFORTH AVE,WOODBINE AVE,10 m West of,Major Arterial,Toronto and East York,Intersection Related,Traffic Signal,Clear,Daylight,Dry,Non-Fatal Injury,Rear End,Driver,45 to 49,Major,,West,"Automobile, Station Wagon",Slowing or Stopping,Driving Properly,Normal,,,,,,,,,Yes,,Yes,,,,,,,,,62,East End-Danforth,62,East End-Danforth (62),D55,"{""coordinates"": [[-79.3127400000926, 43.6856030003733]], ""type"": ""MultiPoint""}",2022
17613,17614,2000444865.0,2022-03-09,1251,WILSON AVENUE,CLAYSON ROAD,,Major Arterial,North York,At Intersection,Traffic Signal,Clear,Daylight,Dry,Non-Fatal Injury,Turning Movement,Driver,70 to 74,Minimal,,East,"Automobile, Station Wagon",Turning Left,Failed to Yield Right of Way,Inattentive,,,,,,,,,Yes,Yes,,,,,Yes,Yes,Yes,,,154,Oakdale-Beverley Heights,26,Downsview-Roding-CFB (26),D31,"{""coordinates"": [[-79.5229979994526, 43.7175930002065]], ""type"": ""MultiPoint""}",2022
17614,17615,2000444865.0,2022-03-09,1251,WILSON AVENUE,CLAYSON ROAD,,Major Arterial,North York,At Intersection,Traffic Signal,Clear,Daylight,Dry,Non-Fatal Injury,Turning Movement,Motorcycle Driver,20 to 24,Major,,West,Motorcycle,Going Ahead,Disobeyed Traffic Control,Unknown,,,,,,,,,Yes,Yes,,,,,Yes,Yes,Yes,,,154,Oakdale-Beverley Heights,26,Downsview-Roding-CFB (26),D31,"{""coordinates"": [[-79.5229979994526, 43.7175930002065]], ""type"": ""MultiPoint""}",2022
17615,17616,2000459968.0,2022-03-11,1445,MARKHAM RD,NASHDENE RD,,Major Arterial,Scarborough,At Intersection,Traffic Signal,Clear,Daylight,Dry,Non-Fatal Injury,Pedestrian Collisions,Truck Driver,50 to 54,,,North,Truck-Tractor,Going Ahead,Driving Properly,Normal,,,,,,,Yes,,,,Yes,,,,,,,,,144,Morningside Heights,131,Rouge (131),D42,"{""coordinates"": [[-79.2461500004681, 43.8201659995873]], ""type"": ""MultiPoint""}",2022
17616,17617,2000459968.0,2022-03-11,1445,MARKHAM RD,NASHDENE RD,,Major Arterial,Scarborough,At Intersection,Traffic Signal,Clear,Daylight,Dry,Non-Fatal Injury,Pedestrian Collisions,Pedestrian,20 to 24,Major,,Unknown,,,,,Other / Undefined,Other,Medical or Physical Disability,,,,Yes,,,,Yes,,,,,,,,,144,Morningside Heights,131,Rouge (131),D42,"{""coordinates"": [[-79.2461500004681, 43.8201659995873]], ""type"": ""MultiPoint""}",2022
17617,17618,2000469670.0,2022-03-13,324,RATHBURN RD,CENTENNIAL PARK ROAD,36 m West of,Minor Arterial,Etobicoke York,Non Intersection,No Control,Clear,"Dark, artificial",Dry,Non-Fatal Injury,SMV Other,Driver,35 to 39,Major,,West,"Automobile, Station Wagon",Going Ahead,Lost control,"Ability Impaired, Alcohol",,,,,,,,,Yes,,,,,,Yes,Yes,,Yes,,11,Eringate-Centennial-West Deane,11,Eringate-Centennial-West Deane (11),D22,"{""coordinates"": [[-79.5817139996061, 43.6505299998995]], ""type"": ""MultiPoint""}",2022
17618,17619,2000495169.0,2022-03-16,1945,15 THORNCLIFFE PARK DR,,10 m East of,Collector,North York,Non Intersection,No Control,"Fog, Mist, Smoke, Dust","Dark, artificial",Dry,Non-Fatal Injury,Pedestrian Collisions,Driver,20 to 24,,,West,"Automobile, Station Wagon",Turning Left,Failed to Yield Right of Way,Inattentive,,,,,,,Yes,,Yes,,,,,,,Yes,,,,55,Thorncliffe Park,55,Thorncliffe Park (55),D53,"{""coordinates"": [[-79.3475979999285, 43.7036539996785]], ""type"": ""MultiPoint""}",2022
17619,17620,2000495169.0,2022-03-16,1945,15 THORNCLIFFE PARK DR,,10 m East of,Collector,North York,Non Intersection,No Control,"Fog, Mist, Smoke, Dust","Dark, artificial",Dry,Non-Fatal Injury,Pedestrian Collisions,Pedestrian,75 to 79,Major,,,,,,,Pedestrian hit at mid-block,"Crossing, no Traffic Control",Normal,,,,Yes,,Yes,,,,,,,Yes,,,,55,Thorncliffe Park,55,Thorncliffe Park (55),D53,"{""coordinates"": [[-79.3475979999285, 43.7036539996785]], ""type"": ""MultiPoint""}",2022