index,_id,ACCNUM,DATE,TIME,STREET1,STREET2,OFFSET,ROAD_CLASS,DISTRICT,ACCLOC,TRAFFCTL,VISIBILITY,LIGHT,RDSFCOND,ACCLASS,IMPACTYPE,INVTYPE,INVAGE,INJURY,FATAL_NO,INITDIR,VEHTYPE,MANOEUVER,DRIVACT,DRIVCOND,PEDTYPE,PEDACT,PEDCOND,CYCLISTYPE,CYCACT,CYCCOND,PEDESTRIAN,CYCLIST,AUTOMOBILE,MOTORCYCLE,TRUCK,TRSN_CITY_VEH,EMERG_VEH,PASSENGER,SPEEDING,AG_DRIV,REDLIGHT,ALCOHOL,DISABILITY,HOOD_158,NEIGHBOURHOOD_158,HOOD_140,NEIGHBOURHOOD_140,DIVISION,geometry,ACCIDENT_YEAR
17620,17621,2000518219.0,2022-03-20,252,BATHURST ST,NIAGARA ST,,Major Arterial,Toronto and East York,At Intersection,Traffic Signal,Rain,"Dark, artificial",Wet,Non-Fatal Injury,Pedestrian Collisions,Driver,30 to 34,,,South,Pick Up Truck,Turning Left,Failed to Yield Right of Way,Had Been Drinking,,,,,,,Yes,,Yes,,,,,Yes,,Yes,,,,164,Wellington Place,77,Waterfront Communities-The Island (77),D14,"{""coordinates"": [[-79.4018510003805, 43.6418409998847]], ""type"": ""MultiPoint""}",2022
17621,17622,2000518219.0,2022-03-20,252,BATHURST ST,NIAGARA ST,,Major Arterial,Toronto and East York,At Intersection,Traffic Signal,Rain,"Dark, artificial",Wet,Non-Fatal Injury,Pedestrian Collisions,Pedestrian,25 to 29,Major,,North,,,,,Vehicle turns left while ped crosses with ROW at inter.,Crossing with right of way,Normal,,,,Yes,,Yes,,,,,Yes,,Yes,,,,164,Wellington Place,77,Waterfront Communities-The Island (77),D14,"{""coordinates"": [[-79.4018510003805, 43.6418409998847]], ""type"": ""MultiPoint""}",2022
17622,17623,2000518219.0,2022-03-20,252,BATHURST ST,NIAGARA ST,,Major Arterial,Toronto and East York,At Intersection,Traffic Signal,Rain,"Dark, artificial",Wet,Non-Fatal Injury,Pedestrian Collisions,Pedestrian,15 to 19,Minimal,,,,,,,,,Normal,,,,Yes,,Yes,,,,,Yes,,Yes,,,,164,Wellington Place,77,Waterfront Communities-The Island (77),D14,"{""coordinates"": [[-79.4018510003805, 43.6418409998847]], ""type"": ""MultiPoint""}",2022
17623,17624,2000518219.0,2022-03-20,252,BATHURST ST,NIAGARA ST,,Major Arterial,Toronto and East York,At Intersection,Traffic Signal,Rain,"Dark, artificial",Wet,Non-Fatal Injury,Pedestrian Collisions,Passenger,30 to 34,,,,,,,,,,,,,,Yes,,Yes,,,,,Yes,,Yes,,,,164,Wellington Place,77,Waterfront Communities-The Island (77),D14,"{""coordinates"": [[-79.4018510003805, 43.6418409998847]], ""type"": ""MultiPoint""}",2022
17624,17625,2000518219.0,2022-03-20,252,BATHURST ST,NIAGARA ST,,Major Arterial,Toronto and East York,At Intersection,Traffic Signal,Rain,"Dark, artificial",Wet,Non-Fatal Injury,Pedestrian Collisions,Passenger,30 to 34,,,,,,,,,,,,,,Yes,,Yes,,,,,Yes,,Yes,,,,164,Wellington Place,77,Waterfront Communities-The Island (77),D14,"{""coordinates"": [[-79.4018510003805, 43.6418409998847]], ""type"": ""MultiPoint""}",2022
17625,17626,2000545515.0,2022-03-23,2330,YONGE ST,PATRICIA AVE,,Major Arterial,North York,At Intersection,Traffic Signal,Rain,"Dark, artificial",Wet,Non-Fatal Injury,Turning Movement,Driver,65 to 69,Minimal,,South,"Automobile, Station Wagon",Going Ahead,Disobeyed Traffic Control,Inattentive,,,,,,,,,Yes,,,,,Yes,,Yes,Yes,,,50,Newtonbrook East,50,Newtonbrook East (50),D32,"{""coordinates"": [[-79.4180939995291, 43.7901829999626]], ""type"": ""MultiPoint""}",2022
17626,17627,2000545515.0,2022-03-23,2330,YONGE ST,PATRICIA AVE,,Major Arterial,North York,At Intersection,Traffic Signal,Rain,"Dark, artificial",Wet,Non-Fatal Injury,Turning Movement,Driver,35 to 39,Major,,East,"Automobile, Station Wagon",Turning Left,Driving Properly,Normal,,,,,,,,,Yes,,,,,Yes,,Yes,Yes,,,50,Newtonbrook East,50,Newtonbrook East (50),D32,"{""coordinates"": [[-79.4180939995291, 43.7901829999626]], ""type"": ""MultiPoint""}",2022
17627,17628,2000545515.0,2022-03-23,2330,YONGE ST,PATRICIA AVE,,Major Arterial,North York,At Intersection,Traffic Signal,Rain,"Dark, artificial",Wet,Non-Fatal Injury,Turning Movement,Passenger,20 to 24,,,,,,,,,,,,,,,,Yes,,,,,Yes,,Yes,Yes,,,50,Newtonbrook East,50,Newtonbrook East (50),D32,"{""coordinates"": [[-79.4180939995291, 43.7901829999626]], ""type"": ""MultiPoint""}",2022
17628,17629,2000584749.0,2022-03-29,1718,WILSON AVE,WENDELL AVE,1 m  of,Major Arterial,Etobicoke York,Intersection Related,Traffic Signal,Clear,Daylight,Dry,Non-Fatal Injury,Cyclist Collisions,Driver,15 to 19,,,East,"Automobile, Station Wagon",Going Ahead,Disobeyed Traffic Control,Inattentive,,,,,,,,Yes,Yes,,,,,,,Yes,Yes,,,154,Oakdale-Beverley Heights,26,Downsview-Roding-CFB (26),D31,"{""coordinates"": [[-79.5270499994076, 43.7167879998632]], ""type"": ""MultiPoint""}",2022
17629,17630,2000584749.0,2022-03-29,1718,WILSON AVE,WENDELL AVE,1 m  of,Major Arterial,Etobicoke York,Intersection Related,Traffic Signal,Clear,Daylight,Dry,Non-Fatal Injury,Cyclist Collisions,Cyclist,55 to 59,Major,,West,Bicycle,Turning Left,,,,,,,Driving Properly,Normal,,Yes,Yes,,,,,,,Yes,Yes,,,154,Oakdale-Beverley Heights,26,Downsview-Roding-CFB (26),D31,"{""coordinates"": [[-79.5270499994076, 43.7167879998632]], ""type"": ""MultiPoint""}",2022
17630,17631,2000598961.0,2022-03-31,1736,LAKE SHORE BLVD W,SUPERIOR AVE,,Major Arterial,Etobicoke York,At Intersection,Traffic Signal,Clear,Daylight,Dry,Fatal,Pedestrian Collisions,Pedestrian,40 to 44,Fatal,11.0,South,,,,,Vehicle is going straight thru inter.while ped cross with ROW,Crossing with right of way,Normal,,,,Yes,,Yes,,,,,,,Yes,Yes,,,161,Humber Bay Shores,17,Mimico (includes Humber Bay Shores) (17),D22,"{""coordinates"": [[-79.488619999999, 43.6148779998546]], ""type"": ""MultiPoint""}",2022
17631,17632,2000598961.0,2022-03-31,1736,LAKE SHORE BLVD W,SUPERIOR AVE,,Major Arterial,Etobicoke York,At Intersection,Traffic Signal,Clear,Daylight,Dry,Fatal,Pedestrian Collisions,Driver,35 to 39,Fatal,12.0,East,"Automobile, Station Wagon",Going Ahead,Disobeyed Traffic Control,Inattentive,,,,,,,Yes,,Yes,,,,,,,Yes,Yes,,,161,Humber Bay Shores,17,Mimico (includes Humber Bay Shores) (17),D22,"{""coordinates"": [[-79.488619999999, 43.6148779998546]], ""type"": ""MultiPoint""}",2022
17632,17633,2000598961.0,2022-03-31,1736,LAKE SHORE BLVD W,SUPERIOR AVE,,Major Arterial,Etobicoke York,At Intersection,Traffic Signal,Clear,Daylight,Dry,Fatal,Pedestrian Collisions,Pedestrian,75 to 79,Fatal,10.0,South,,,,,Vehicle is going straight thru inter.while ped cross with ROW,Crossing with right of way,Normal,,,,Yes,,Yes,,,,,,,Yes,Yes,,,161,Humber Bay Shores,17,Mimico (includes Humber Bay Shores) (17),D22,"{""coordinates"": [[-79.488619999999, 43.6148779998546]], ""type"": ""MultiPoint""}",2022
17633,17634,2000598961.0,2022-03-31,1736,LAKE SHORE BLVD W,SUPERIOR AVE,,Major Arterial,Etobicoke York,At Intersection,Traffic Signal,Clear,Daylight,Dry,Fatal,Pedestrian Collisions,Other,unknown,,11.0,East,Other,Parked,,,,,,,,,Yes,,Yes,,,,,,,Yes,Yes,,,161,Humber Bay Shores,17,Mimico (includes Humber Bay Shores) (17),D22,"{""coordinates"": [[-79.488619999999, 43.6148779998546]], ""type"": ""MultiPoint""}",2022
17634,17635,2000598961.0,2022-03-31,1736,LAKE SHORE BLVD W,SUPERIOR AVE,,Major Arterial,Etobicoke York,At Intersection,Traffic Signal,Clear,Daylight,Dry,Fatal,Pedestrian Collisions,Other,unknown,,11.0,East,"Automobile, Station Wagon",Parked,,,,,,,,,Yes,,Yes,,,,,,,Yes,Yes,,,161,Humber Bay Shores,17,Mimico (includes Humber Bay Shores) (17),D22,"{""coordinates"": [[-79.488619999999, 43.6148779998546]], ""type"": ""MultiPoint""}",2022
17635,17636,2000598961.0,2022-03-31,1736,LAKE SHORE BLVD W,SUPERIOR AVE,,Major Arterial,Etobicoke York,At Intersection,Traffic Signal,Clear,Daylight,Dry,Fatal,Pedestrian Collisions,Other,unknown,,11.0,East,"Automobile, Station Wagon",Parked,,,,,,,,,Yes,,Yes,,,,,,,Yes,Yes,,,161,Humber Bay Shores,17,Mimico (includes Humber Bay Shores) (17),D22,"{""coordinates"": [[-79.488619999999, 43.6148779998546]], ""type"": ""MultiPoint""}",2022
17636,17637,2000598961.0,2022-03-31,1736,LAKE SHORE BLVD W,SUPERIOR AVE,,Major Arterial,Etobicoke York,At Intersection,Traffic Signal,Clear,Daylight,Dry,Fatal,Pedestrian Collisions,Other,unknown,,11.0,East,"Automobile, Station Wagon",Parked,,,,,,,,,Yes,,Yes,,,,,,,Yes,Yes,,,161,Humber Bay Shores,17,Mimico (includes Humber Bay Shores) (17),D22,"{""coordinates"": [[-79.488619999999, 43.6148779998546]], ""type"": ""MultiPoint""}",2022
17637,17638,2000627947.0,2022-04-05,125,LANSDOWNE AVE,LAPPIN AVE,,Minor Arterial,Etobicoke York,Non Intersection,No Control,Clear,"Dark, artificial",Dry,Fatal,Pedestrian Collisions,Pedestrian,45 to 49,Fatal,13.0,Unknown,,,,,Pedestrian hit at mid-block,"Crossing, no Traffic Control",Inattentive,,,,Yes,,Yes,,,,,,,,,,,171,Junction-Wallace Emerson,93,Dovercourt-Wallace Emerson-Junction (93),D11,"{""coordinates"": [[-79.4456970002389, 43.664823999638]], ""type"": ""MultiPoint""}",2022
17638,17639,2000627947.0,2022-04-05,125,LANSDOWNE AVE,LAPPIN AVE,,Minor Arterial,Etobicoke York,Non Intersection,No Control,Clear,"Dark, artificial",Dry,Fatal,Pedestrian Collisions,Driver,40 to 44,,,South,Pick Up Truck,Going Ahead,Driving Properly,Normal,,,,,,,Yes,,Yes,,,,,,,,,,,171,Junction-Wallace Emerson,93,Dovercourt-Wallace Emerson-Junction (93),D11,"{""coordinates"": [[-79.4456970002389, 43.664823999638]], ""type"": ""MultiPoint""}",2022
17639,17640,2000630643.0,2022-04-05,1230,FINCH AVE W,400 S FINCH E RAMP,,Major Arterial,Etobicoke York,Non Intersection,No Control,Clear,Daylight,Dry,Fatal,Pedestrian Collisions,Driver,35 to 39,,,West,Truck-Tractor,Going Ahead,Driving Properly,Normal,,,,,,,Yes,,,,Yes,,,,,,,,,22,Humbermede,22,Humbermede (22),D31,"{""coordinates"": [[-79.5327180001638, 43.7539580000291]], ""type"": ""MultiPoint""}",2022
17640,17641,2000630643.0,2022-04-05,1230,FINCH AVE W,400 S FINCH E RAMP,,Major Arterial,Etobicoke York,Non Intersection,No Control,Clear,Daylight,Dry,Fatal,Pedestrian Collisions,Pedestrian,60 to 64,Fatal,14.0,West,,,,,Pedestrian hit at mid-block,Walking on Roadway with Traffic,Inattentive,,,,Yes,,,,Yes,,,,,,,,,22,Humbermede,22,Humbermede (22),D31,"{""coordinates"": [[-79.5327180001638, 43.7539580000291]], ""type"": ""MultiPoint""}",2022
17641,17642,2000662470.0,2022-04-09,2338,KNIGHTON DR,WYNDCLIFF CR,,Local,North York,At Intersection,Stop Sign,Clear,"Dark, artificial",Dry,Non-Fatal Injury,SMV Other,Motorcycle Driver,15 to 19,Major,,South,Motorcycle,Turning Left,Lost control,Normal,,,,,,,,,,Yes,,,,,,,,,,43,Victoria Village,43,Victoria Village (43),D33,"{""coordinates"": [[-79.3154399997292, 43.7373569999087]], ""type"": ""MultiPoint""}",2022
17642,17643,2000673769.0,2022-04-11,1607,22 BENTON RD,,2 m South of,Collector,,At/Near Private Drive,No Control,Clear,Daylight,Dry,Non-Fatal Injury,SMV Other,Driver,15 to 19,Major,,North,"Automobile, Station Wagon",Reversing,Other,Other,,,,,,,,,Yes,,,,,,,,,,,30,Brookhaven-Amesbury,30,Brookhaven-Amesbury (30),D12,"{""coordinates"": [[-79.4713239994627, 43.708948999877]], ""type"": ""MultiPoint""}",2022
17643,17644,2000677048.0,2022-04-12,556,DANFORTH RD,MACKINAC CR,3 m South of,Major Arterial,Scarborough,Intersection Related,No Control,Clear,Dark,Dry,Non-Fatal Injury,Approaching,Driver,25 to 29,Minor,,South,"Automobile, Station Wagon",Going Ahead,Lost control,Unknown,,,,,,,,,Yes,,,,,,,,,,,157,Bendale South,127,Bendale (127),D43,"{""coordinates"": [[-79.2444410003883, 43.7495330000961]], ""type"": ""MultiPoint""}",2022
17644,17645,2000677048.0,2022-04-12,556,DANFORTH RD,MACKINAC CR,3 m South of,Major Arterial,Scarborough,Intersection Related,No Control,Clear,Dark,Dry,Non-Fatal Injury,Approaching,Driver,35 to 39,Major,,North,"Automobile, Station Wagon",Going Ahead,Driving Properly,Normal,,,,,,,,,Yes,,,,,,,,,,,157,Bendale South,127,Bendale (127),D43,"{""coordinates"": [[-79.2444410003883, 43.7495330000961]], ""type"": ""MultiPoint""}",2022
17645,17646,2000692125.0,2022-04-14,316,SPADINA AVE,KING ST W,,Major Arterial,Toronto and East York,Non Intersection,No Control,Rain,"Dark, artificial",Wet,Fatal,Pedestrian Collisions,Pedestrian,30 to 34,Fatal,16.0,East,,,,,Pedestrian hit at mid-block,"Crossing, no Traffic Control",Normal,,,,Yes,,Yes,,,,,,Yes,Yes,,,,164,Wellington Place,77,Waterfront Communities-The Island (77),D14,"{""coordinates"": [[-79.3948619996373, 43.6449920002627]], ""type"": ""MultiPoint""}",2022
17646,17647,2000692125.0,2022-04-14,316,SPADINA AVE,KING ST W,,Major Arterial,Toronto and East York,Non Intersection,No Control,Rain,"Dark, artificial",Wet,Fatal,Pedestrian Collisions,Driver,unknown,,,South,"Automobile, Station Wagon",Going Ahead,Exceeding Speed Limit,Unknown,,,,,,,Yes,,Yes,,,,,,Yes,Yes,,,,164,Wellington Place,77,Waterfront Communities-The Island (77),D14,"{""coordinates"": [[-79.3948619996373, 43.6449920002627]], ""type"": ""MultiPoint""}",2022
17647,17648,2000697983.0,2022-04-14,2042,CALEDONIA RD,KITCHENER AVE,,Minor Arterial,,At Intersection,Traffic Signal,Clear,"Dark, artificial",Dry,Non-Fatal Injury,Cyclist Collisions,Driver,55 to 59,,,North,"Automobile, Station Wagon",Turning Left,Improper Turn,Normal,,,,,,,,Yes,Yes,,,,,Yes,,,,,,109,Caledonia-Fairbank,109,Caledonia-Fairbank (109),D13,"{""coordinates"": [[-79.4605210006161, 43.6889979996664]], ""type"": ""MultiPoint""}",2022
17648,17649,2000697983.0,2022-04-14,2042,CALEDONIA RD,KITCHENER AVE,,Minor Arterial,,At Intersection,Traffic Signal,Clear,"Dark, artificial",Dry,Non-Fatal Injury,Cyclist Collisions,Cyclist,20 to 24,Major,,South,Bicycle,Going Ahead,,,,,,Motorist turned left across cyclists path.,Driving Properly,Normal,,Yes,Yes,,,,,Yes,,,,,,109,Caledonia-Fairbank,109,Caledonia-Fairbank (109),D13,"{""coordinates"": [[-79.4605210006161, 43.6889979996664]], ""type"": ""MultiPoint""}",2022
17649,17650,2000697983.0,2022-04-14,2042,CALEDONIA RD,KITCHENER AVE,,Minor Arterial,,At Intersection,Traffic Signal,Clear,"Dark, artificial",Dry,Non-Fatal Injury,Cyclist Collisions,Cyclist Passenger,15 to 19,Minor,,,,,,,,,,,,,,Yes,Yes,,,,,Yes,,,,,,109,Caledonia-Fairbank,109,Caledonia-Fairbank (109),D13,"{""coordinates"": [[-79.4605210006161, 43.6889979996664]], ""type"": ""MultiPoint""}",2022
17650,17651,2000699120.0,2022-04-15,43,DON VALLEY PARKWAY  S,LEASIDE BDGE,,Expressway,Toronto and East York,Non Intersection,No Control,Clear,"Dark, artificial",Dry,Fatal,Pedestrian Collisions,Pedestrian,35 to 39,Fatal,15.0,Unknown,,,,,Other / Undefined,Other,Unknown,,,,Yes,,Yes,,,,,,,,,,,57,Broadview North,57,Broadview North (57),D55,"{""coordinates"": [[-79.350123999519, 43.6979239997187]], ""type"": ""MultiPoint""}",2022
17651,17652,2000699120.0,2022-04-15,43,DON VALLEY PARKWAY  S,LEASIDE BDGE,,Expressway,Toronto and East York,Non Intersection,No Control,Clear,"Dark, artificial",Dry,Fatal,Pedestrian Collisions,Driver,60 to 64,,,South,"Automobile, Station Wagon",Going Ahead,Driving Properly,Normal,,,,,,,Yes,,Yes,,,,,,,,,,,57,Broadview North,57,Broadview North (57),D55,"{""coordinates"": [[-79.350123999519, 43.6979239997187]], ""type"": ""MultiPoint""}",2022
17652,17653,2000699426.0,2022-04-15,211,665 KENNEDY RD,,,Major Arterial,Scarborough,Non Intersection,No Control,Clear,"Dark, artificial",Dry,Non-Fatal Injury,Turning Movement,Driver,25 to 29,,,South,"Automobile, Station Wagon",Turning Left,Failed to Yield Right of Way,Inattentive,,,,,,,,,Yes,,,,,Yes,,Yes,,,,124,Kennedy Park,124,Kennedy Park (124),D41,"{""coordinates"": [[-79.2652919994269, 43.7260079996988]], ""type"": ""MultiPoint""}",2022
17653,17654,2000699426.0,2022-04-15,211,665 KENNEDY RD,,,Major Arterial,Scarborough,Non Intersection,No Control,Clear,"Dark, artificial",Dry,Non-Fatal Injury,Turning Movement,Driver,60 to 64,Major,,North,"Automobile, Station Wagon",Going Ahead,Driving Properly,Normal,,,,,,,,,Yes,,,,,Yes,,Yes,,,,124,Kennedy Park,124,Kennedy Park (124),D41,"{""coordinates"": [[-79.2652919994269, 43.7260079996988]], ""type"": ""MultiPoint""}",2022
17654,17655,2000699426.0,2022-04-15,211,665 KENNEDY RD,,,Major Arterial,Scarborough,Non Intersection,No Control,Clear,"Dark, artificial",Dry,Non-Fatal Injury,Turning Movement,Passenger,25 to 29,,,,,,,,,,,,,,,,Yes,,,,,Yes,,Yes,,,,124,Kennedy Park,124,Kennedy Park (124),D41,"{""coordinates"": [[-79.2652919994269, 43.7260079996988]], ""type"": ""MultiPoint""}",2022
17655,17656,2000709624.0,2022-04-16,1635,GERRARD ST W,ELIZABETH ST,30 m East of,Minor Arterial,Toronto and East York,Non Intersection,No Control,Clear,Daylight,Dry,Non-Fatal Injury,Pedestrian Collisions,Driver,35 to 39,,,West,"Automobile, Station Wagon",Going Ahead,Driving Properly,Normal,,,,,,,Yes,,Yes,,,,,,,,,,,170,Yonge-Bay Corridor,76,Bay Street Corridor (76),D52,"{""coordinates"": [[-79.3859129995594, 43.6581639997981]], ""type"": ""MultiPoint""}",2022
17656,17657,2000709624.0,2022-04-16,1635,GERRARD ST W,ELIZABETH ST,30 m East of,Minor Arterial,Toronto and East York,Non Intersection,No Control,Clear,Daylight,Dry,Non-Fatal Injury,Pedestrian Collisions,Pedestrian,55 to 59,Major,,South,,,,,Pedestrian hit at mid-block,"Crossing, no Traffic Control",Inattentive,,,,Yes,,Yes,,,,,,,,,,,170,Yonge-Bay Corridor,76,Bay Street Corridor (76),D52,"{""coordinates"": [[-79.3859129995594, 43.6581639997981]], ""type"": ""MultiPoint""}",2022
17657,17658,2000718408.0,2022-04-18,554,MARTIN GROVE RD,GARFELLA DR,5 m South of,Minor Arterial,Etobicoke York,At Intersection,Traffic Signal,Clear,"Dark, artificial",Dry,Non-Fatal Injury,Pedestrian Collisions,Driver,25 to 29,,,West,"Automobile, Station Wagon",Turning Left,Driving Properly,Inattentive,,,,,,,Yes,,Yes,,,,,,,,,,,2,Mount Olive-Silverstone-Jamestown,2,Mount Olive-Silverstone-Jamestown (2),D23,"{""coordinates"": [[-79.5953250004842, 43.7442160001606]], ""type"": ""MultiPoint""}",2022
17658,17659,2000718408.0,2022-04-18,554,MARTIN GROVE RD,GARFELLA DR,5 m South of,Minor Arterial,Etobicoke York,At Intersection,Traffic Signal,Clear,"Dark, artificial",Dry,Non-Fatal Injury,Pedestrian Collisions,Pedestrian,40 to 44,Major,,East,,,,,Vehicle turns left while ped crosses with ROW at inter.,Crossing with right of way,Normal,,,,Yes,,Yes,,,,,,,,,,,2,Mount Olive-Silverstone-Jamestown,2,Mount Olive-Silverstone-Jamestown (2),D23,"{""coordinates"": [[-79.5953250004842, 43.7442160001606]], ""type"": ""MultiPoint""}",2022
17659,17660,2000722938.0,2022-04-18,2120,KENNEDY RD,STEELES AVE E,,Major Arterial,Scarborough,At Intersection,Traffic Signal,Rain,"Dark, artificial",Slush,Non-Fatal Injury,Cyclist Collisions,Cyclist,60 to 64,Major,,East,Bicycle,Going Ahead,,,,,,"Cyclist without ROW rides into path of motorist at inter, lnwy, dwy-Cyclist not turn.",Other,Normal,,Yes,,,Yes,,,,,,,,,130,Milliken,130,Milliken (130),D42,"{""coordinates"": [[-79.3070249999934, 43.8236189995909]], ""type"": ""MultiPoint""}",2022
17660,17661,2000722938.0,2022-04-18,2120,KENNEDY RD,STEELES AVE E,,Major Arterial,Scarborough,At Intersection,Traffic Signal,Rain,"Dark, artificial",Slush,Non-Fatal Injury,Cyclist Collisions,Truck Driver,25 to 29,,,North,"Truck - Closed (Blazer, etc)",Turning Left,Driving Properly,Normal,,,,,,,,Yes,,,Yes,,,,,,,,,130,Milliken,130,Milliken (130),D42,"{""coordinates"": [[-79.3070249999934, 43.8236189995909]], ""type"": ""MultiPoint""}",2022
17661,17662,2000725125.0,2022-04-19,837,1491 LAKE SHORE BLVD W,,10 m North o,Major Arterial,,Non Intersection,No Control,Clear,Daylight,Dry,Non-Fatal Injury,Rear End,Motorcycle Driver,35 to 39,Major,,East,Motorcycle,Going Ahead,Improper Passing,Normal,,,,,,,,,Yes,Yes,,,,,,Yes,,,,85,South Parkdale,85,South Parkdale (85),D14,"{""coordinates"": [[-79.4440420004065, 43.636388999583]], ""type"": ""MultiPoint""}",2022
17662,17663,2000725125.0,2022-04-19,837,1491 LAKE SHORE BLVD W,,10 m North o,Major Arterial,,Non Intersection,No Control,Clear,Daylight,Dry,Non-Fatal Injury,Rear End,Driver,20 to 24,,,East,Pick Up Truck,Going Ahead,Driving Properly,Normal,,,,,,,,,Yes,Yes,,,,,,Yes,,,,85,South Parkdale,85,South Parkdale (85),D14,"{""coordinates"": [[-79.4440420004065, 43.636388999583]], ""type"": ""MultiPoint""}",2022
17663,17664,2000729543.0,2022-04-19,2015,LAKE SHORE BLVD W,LAKE CRES,63 m West of,Major Arterial,Etobicoke York,Non Intersection,No Control,Clear,"Dark, artificial",Dry,Non-Fatal Injury,Approaching,Driver,20 to 24,Major,,East,"Automobile, Station Wagon",Going Ahead,Lost control,Unknown,,,,,,,,,Yes,,,,,,Yes,Yes,,,,160,Mimico-Queensway,17,Mimico (includes Humber Bay Shores) (17),D22,"{""coordinates"": [[-79.4905879999995, 43.6062759995986]], ""type"": ""MultiPoint""}",2022
17664,17665,2000729543.0,2022-04-19,2015,LAKE SHORE BLVD W,LAKE CRES,63 m West of,Major Arterial,Etobicoke York,Non Intersection,No Control,Clear,"Dark, artificial",Dry,Non-Fatal Injury,Approaching,Driver,30 to 34,Minor,,West,Pick Up Truck,Going Ahead,Driving Properly,Normal,,,,,,,,,Yes,,,,,,Yes,Yes,,,,160,Mimico-Queensway,17,Mimico (includes Humber Bay Shores) (17),D22,"{""coordinates"": [[-79.4905879999995, 43.6062759995986]], ""type"": ""MultiPoint""}",2022
17665,17666,2000746819.0,2022-04-22,1000,SPADINA AV,QUEEN ST W,10 m South o,Major Arterial,Toronto and East York,Intersection Related,Traffic Signal,Clear,Daylight,Dry,Non-Fatal Injury,Cyclist Collisions,Truck Driver,50 to 54,,,South,Truck - Dump,Going Ahead,Improper Passing,Normal,,,,,,,,Yes,,,Yes,,,,,Yes,,,,164,Wellington Place,77,Waterfront Communities-The Island (77),D52,"{""coordinates"": [[-79.3963510004966, 43.6487609999265]], ""type"": ""MultiPoint""}",2022
17666,17667,2000746819.0,2022-04-22,1000,SPADINA AV,QUEEN ST W,10 m South o,Major Arterial,Toronto and East York,Intersection Related,Traffic Signal,Clear,Daylight,Dry,Non-Fatal Injury,Cyclist Collisions,Cyclist,35 to 39,Major,,South,Bicycle,Going Ahead,,,,,,,Driving Properly,Normal,,Yes,,,Yes,,,,,Yes,,,,164,Wellington Place,77,Waterfront Communities-The Island (77),D52,"{""coordinates"": [[-79.3963510004966, 43.6487609999265]], ""type"": ""MultiPoint""}",2022
17667,17668,2000768413.0,2022-04-25,1345,452 DANFORTH AVE,,30 m West of,Major Arterial,Toronto and East York,Non Intersection,No Control,Rain,Daylight,Wet,Non-Fatal Injury,Pedestrian Collisions,Moped Driver,35 to 39,Minimal,,West,Moped,Going Ahead,Speed too Fast For Condition,Inattentive,,,,,,,Yes,Yes,,,,,,,Yes,Yes,,,,68,North Riverdale,68,North Riverdale (68),D55,"{""coordinates"": [[-79.3501079996533, 43.6778249996344]], ""type"": ""MultiPoint""}",2022
17668,17669,2000768413.0,2022-04-25,1345,452 DANFORTH AVE,,30 m West of,Major Arterial,Toronto and East York,Non Intersection,No Control,Rain,Daylight,Wet,Non-Fatal Injury,Pedestrian Collisions,Pedestrian,5 to 9,Major,,North,,,,,Pedestrian hit at mid-block,Person Getting on/off Vehicle,Inattentive,,,,Yes,Yes,,,,,,,Yes,Yes,,,,68,North Riverdale,68,North Riverdale (68),D55,"{""coordinates"": [[-79.3501079996533, 43.6778249996344]], ""type"": ""MultiPoint""}",2022
17669,17670,2000773802.0,2022-04-26,1003,WESTON RD,HUMBER BLVD,,Major Arterial,Etobicoke York,Intersection Related,No Control,Clear,Daylight,Dry,Non-Fatal Injury,Sideswipe,Motorcycle Driver,30 to 34,Major,,South,Motorcycle,Going Ahead,Failed to Yield Right of Way,Inattentive,,,,,,,,,Yes,Yes,,,,,Yes,Yes,,,,111,Rockcliffe-Smythe,111,Rockcliffe-Smythe (111),D12,"{""coordinates"": [[-79.4802819998695, 43.6833560002515]], ""type"": ""MultiPoint""}",2022
17670,17671,2000773802.0,2022-04-26,1003,WESTON RD,HUMBER BLVD,,Major Arterial,Etobicoke York,Intersection Related,No Control,Clear,Daylight,Dry,Non-Fatal Injury,Sideswipe,Driver,60 to 64,,,South,"Automobile, Station Wagon",Changing Lanes,Driving Properly,Normal,,,,,,,,,Yes,Yes,,,,,Yes,Yes,,,,111,Rockcliffe-Smythe,111,Rockcliffe-Smythe (111),D12,"{""coordinates"": [[-79.4802819998695, 43.6833560002515]], ""type"": ""MultiPoint""}",2022
17671,17672,2000773802.0,2022-04-26,1003,WESTON RD,HUMBER BLVD,,Major Arterial,Etobicoke York,Intersection Related,No Control,Clear,Daylight,Dry,Non-Fatal Injury,Sideswipe,Driver,60 to 64,,,West,Passenger Van,Going Ahead,Driving Properly,Normal,,,,,,,,,Yes,Yes,,,,,Yes,Yes,,,,111,Rockcliffe-Smythe,111,Rockcliffe-Smythe (111),D12,"{""coordinates"": [[-79.4802819998695, 43.6833560002515]], ""type"": ""MultiPoint""}",2022
17672,17673,2000774562.0,2022-04-26,1149,BLUFFWOOD DR,STEELES AVE E,,Major Arterial,North York,At Intersection,Traffic Signal,Clear,Daylight,Dry,Fatal,Pedestrian Collisions,Pedestrian,Over 95,Fatal,17.0,West,,,,,Vehicle turns right while ped crosses with ROW at inter.,Crossing with right of way,Inattentive,,,,Yes,,Yes,,,,,,,,,,,49,Bayview Woods-Steeles,49,Bayview Woods-Steeles (49),D33,"{""coordinates"": [[-79.3760560006318, 43.8076389995735]], ""type"": ""MultiPoint""}",2022