index,_id,ACCNUM,DATE,TIME,STREET1,STREET2,OFFSET,ROAD_CLASS,DISTRICT,ACCLOC,TRAFFCTL,VISIBILITY,LIGHT,RDSFCOND,ACCLASS,IMPACTYPE,INVTYPE,INVAGE,INJURY,FATAL_NO,INITDIR,VEHTYPE,MANOEUVER,DRIVACT,DRIVCOND,PEDTYPE,PEDACT,PEDCOND,CYCLISTYPE,CYCACT,CYCCOND,PEDESTRIAN,CYCLIST,AUTOMOBILE,MOTORCYCLE,TRUCK,TRSN_CITY_VEH,EMERG_VEH,PASSENGER,SPEEDING,AG_DRIV,REDLIGHT,ALCOHOL,DISABILITY,HOOD_158,NEIGHBOURHOOD_158,HOOD_140,NEIGHBOURHOOD_140,DIVISION,geometry,ACCIDENT_YEAR
17673,17674,2000774562.0,2022-04-26,1149,BLUFFWOOD DR,STEELES AVE E,,Major Arterial,North York,At Intersection,Traffic Signal,Clear,Daylight,Dry,Fatal,Pedestrian Collisions,Driver,60 to 64,,,North,"Automobile, Station Wagon",Turning Right,Improper Turn,Inattentive,,,,,,,Yes,,Yes,,,,,,,,,,,49,Bayview Woods-Steeles,49,Bayview Woods-Steeles (49),D33,"{""coordinates"": [[-79.3760560006318, 43.8076389995735]], ""type"": ""MultiPoint""}",2022
17674,17675,2000785196.0,2022-04-27,2135,MORNINGSIDE AVE,FINCH AVE E,,Minor Arterial,Scarborough,At Intersection,Traffic Signal,Clear,"Dark, artificial",Dry,Non-Fatal Injury,Pedestrian Collisions,Driver,25 to 29,,,South,"Automobile, Station Wagon",Turning Left,Exceeding Speed Limit,Inattentive,,,,,,,Yes,,Yes,,,,,Yes,Yes,Yes,,,,145,Malvern West,132,Malvern (132),D42,"{""coordinates"": [[-79.2210340005696, 43.8196250003469]], ""type"": ""MultiPoint""}",2022
17675,17676,2000785196.0,2022-04-27,2135,MORNINGSIDE AVE,FINCH AVE E,,Minor Arterial,Scarborough,At Intersection,Traffic Signal,Clear,"Dark, artificial",Dry,Non-Fatal Injury,Pedestrian Collisions,Passenger,25 to 29,,,,,,,,,,,,,,Yes,,Yes,,,,,Yes,Yes,Yes,,,,145,Malvern West,132,Malvern (132),D42,"{""coordinates"": [[-79.2210340005696, 43.8196250003469]], ""type"": ""MultiPoint""}",2022
17676,17677,2000785196.0,2022-04-27,2135,MORNINGSIDE AVE,FINCH AVE E,,Minor Arterial,Scarborough,At Intersection,Traffic Signal,Clear,"Dark, artificial",Dry,Non-Fatal Injury,Pedestrian Collisions,Passenger,25 to 29,,,,,,,,,,,,,,Yes,,Yes,,,,,Yes,Yes,Yes,,,,145,Malvern West,132,Malvern (132),D42,"{""coordinates"": [[-79.2210340005696, 43.8196250003469]], ""type"": ""MultiPoint""}",2022
17677,17678,2000785196.0,2022-04-27,2135,MORNINGSIDE AVE,FINCH AVE E,,Minor Arterial,Scarborough,At Intersection,Traffic Signal,Clear,"Dark, artificial",Dry,Non-Fatal Injury,Pedestrian Collisions,Pedestrian,20 to 24,Major,,North,,,,,Vehicle turns left while ped crosses with ROW at inter.,Crossing with right of way,Normal,,,,Yes,,Yes,,,,,Yes,Yes,Yes,,,,145,Malvern West,132,Malvern (132),D42,"{""coordinates"": [[-79.2210340005696, 43.8196250003469]], ""type"": ""MultiPoint""}",2022
17678,17679,2000833786.0,2022-05-04,2315,KEELE ST,TORO RD,,Major Arterial,North York,Intersection Related,Traffic Signal,Clear,"Dark, artificial",Dry,Non-Fatal Injury,Cyclist Collisions,Driver,20 to 24,,,North,"Automobile, Station Wagon",Going Ahead,Other,Unknown,,,,,,,,Yes,Yes,,,,,,,Yes,,,,27,York University Heights,27,York University Heights (27),D31,"{""coordinates"": [[-79.4900389999151, 43.7597569996711]], ""type"": ""MultiPoint""}",2022
17679,17680,2000833786.0,2022-05-04,2315,KEELE ST,TORO RD,,Major Arterial,North York,Intersection Related,Traffic Signal,Clear,"Dark, artificial",Dry,Non-Fatal Injury,Cyclist Collisions,Cyclist,40 to 44,Major,,North,Bicycle,Going Ahead,,,,,,Cyclist and Driver travelling in same direction. One vehicle rear-ended the other.,Driving Properly,Unknown,,Yes,Yes,,,,,,,Yes,,,,27,York University Heights,27,York University Heights (27),D31,"{""coordinates"": [[-79.4900389999151, 43.7597569996711]], ""type"": ""MultiPoint""}",2022
17680,17681,2000850476.0,2022-05-07,935,REINER RD,FAYWOOD BLVD,,Collector,,At Intersection,Stop Sign,Clear,Daylight,Dry,Non-Fatal Injury,Pedestrian Collisions,Driver,50 to 54,,,South,"Automobile, Station Wagon",Turning Left,Failed to Yield Right of Way,Inattentive,,,,,,,Yes,,Yes,,,,,,,Yes,,,,33,Clanton Park,33,Clanton Park (33),D32,"{""coordinates"": [[-79.4502140002954, 43.7496359998994]], ""type"": ""MultiPoint""}",2022
17681,17682,2000850476.0,2022-05-07,935,REINER RD,FAYWOOD BLVD,,Collector,,At Intersection,Stop Sign,Clear,Daylight,Dry,Non-Fatal Injury,Pedestrian Collisions,Pedestrian,70 to 74,Major,,North,,,,,Vehicle turns left while ped crosses with ROW at inter.,Crossing with right of way,Normal,,,,Yes,,Yes,,,,,,,Yes,,,,33,Clanton Park,33,Clanton Park (33),D32,"{""coordinates"": [[-79.4502140002954, 43.7496359998994]], ""type"": ""MultiPoint""}",2022
17682,17683,2000852942.0,2022-05-07,1630,PARKVIEW AVE,LONGMORE ST,70 m West of,Local,,Non Intersection,No Control,Clear,Daylight,Dry,Non-Fatal Injury,SMV Other,Motorcycle Driver,50 to 54,Major,,East,Motorcycle,Going Ahead,Lost control,Normal,,,,,,,,,,Yes,,,,,Yes,Yes,,,,152,East Willowdale,51,Willowdale East (51),D32,"{""coordinates"": [[-79.401767000349, 43.7734549999656]], ""type"": ""MultiPoint""}",2022
17683,17684,2000860343.0,2022-05-08,1915,ST CLAIR AVE W,GUNNS RD,2 m West of,Major Arterial,Etobicoke York,Intersection Related,Traffic Signal,Clear,Daylight,Dry,Non-Fatal Injury,Turning Movement,Driver,15 to 19,,,West,"Automobile, Station Wagon",Going Ahead,Other,Inattentive,,,,,,,,,Yes,,,,,Yes,Yes,Yes,Yes,,,90,Junction Area,90,Junction Area (90),D11,"{""coordinates"": [[-79.4710800000049, 43.6717099996631]], ""type"": ""MultiPoint""}",2022
17684,17685,2000860343.0,2022-05-08,1915,ST CLAIR AVE W,GUNNS RD,2 m West of,Major Arterial,Etobicoke York,Intersection Related,Traffic Signal,Clear,Daylight,Dry,Non-Fatal Injury,Turning Movement,Driver,25 to 29,Major,,South,"Automobile, Station Wagon",Turning Right,Disobeyed Traffic Control,Inattentive,,,,,,,,,Yes,,,,,Yes,Yes,Yes,Yes,,,90,Junction Area,90,Junction Area (90),D11,"{""coordinates"": [[-79.4710800000049, 43.6717099996631]], ""type"": ""MultiPoint""}",2022
17685,17686,2000860343.0,2022-05-08,1915,ST CLAIR AVE W,GUNNS RD,2 m West of,Major Arterial,Etobicoke York,Intersection Related,Traffic Signal,Clear,Daylight,Dry,Non-Fatal Injury,Turning Movement,Driver,35 to 39,,,South,"Automobile, Station Wagon",Turning Right,Driving Properly,Normal,,,,,,,,,Yes,,,,,Yes,Yes,Yes,Yes,,,90,Junction Area,90,Junction Area (90),D11,"{""coordinates"": [[-79.4710800000049, 43.6717099996631]], ""type"": ""MultiPoint""}",2022
17686,17687,2000860343.0,2022-05-08,1915,ST CLAIR AVE W,GUNNS RD,2 m West of,Major Arterial,Etobicoke York,Intersection Related,Traffic Signal,Clear,Daylight,Dry,Non-Fatal Injury,Turning Movement,Passenger,15 to 19,,,,,,,,,,,,,,,,Yes,,,,,Yes,Yes,Yes,Yes,,,90,Junction Area,90,Junction Area (90),D11,"{""coordinates"": [[-79.4710800000049, 43.6717099996631]], ""type"": ""MultiPoint""}",2022
17687,17688,2000860343.0,2022-05-08,1915,ST CLAIR AVE W,GUNNS RD,2 m West of,Major Arterial,Etobicoke York,Intersection Related,Traffic Signal,Clear,Daylight,Dry,Non-Fatal Injury,Turning Movement,Passenger,0 to 4,,,,,,,,,,,,,,,,Yes,,,,,Yes,Yes,Yes,Yes,,,90,Junction Area,90,Junction Area (90),D11,"{""coordinates"": [[-79.4710800000049, 43.6717099996631]], ""type"": ""MultiPoint""}",2022
17688,17689,2000874402.0,2022-05-10,1632,CONSILIUM PL,PROGRESS AVE,,Minor Arterial,Scarborough,At Intersection,Traffic Signal,Clear,Daylight,Dry,Non-Fatal Injury,Turning Movement,Driver,50 to 54,,,East,"Automobile, Station Wagon",Turning Left,Improper Turn,Inattentive,,,,,,,,,Yes,Yes,,,,,,,,,,142,Woburn North,137,Woburn (137),D43,"{""coordinates"": [[-79.2504989999489, 43.7765949999632]], ""type"": ""MultiPoint""}",2022
17689,17690,2000874402.0,2022-05-10,1632,CONSILIUM PL,PROGRESS AVE,,Minor Arterial,Scarborough,At Intersection,Traffic Signal,Clear,Daylight,Dry,Non-Fatal Injury,Turning Movement,Motorcycle Driver,55 to 59,Major,,West,Motorcycle,Going Ahead,Driving Properly,Normal,,,,,,,,,Yes,Yes,,,,,,,,,,142,Woburn North,137,Woburn (137),D43,"{""coordinates"": [[-79.2504989999489, 43.7765949999632]], ""type"": ""MultiPoint""}",2022
17690,17691,2000874869.0,2022-05-10,1728,ELLESMERE RD,MIDLAND AVE,,Major Arterial,Scarborough,At Intersection,Traffic Signal,Clear,Daylight,Dry,Non-Fatal Injury,Pedestrian Collisions,Driver,55 to 59,,,East,"Automobile, Station Wagon",Going Ahead,Driving Properly,Inattentive,,,,,,,Yes,,Yes,,,,,,,,,,,156,Bendale-Glen Andrew,127,Bendale (127),D41,"{""coordinates"": [[-79.2710759993811, 43.7678520002472]], ""type"": ""MultiPoint""}",2022
17691,17692,2000874869.0,2022-05-10,1728,ELLESMERE RD,MIDLAND AVE,,Major Arterial,Scarborough,At Intersection,Traffic Signal,Clear,Daylight,Dry,Non-Fatal Injury,Pedestrian Collisions,Pedestrian,10 to 14,Major,,South,,,,,Vehicle is going straight thru inter.while ped cross without ROW,Crossing without right of way,Inattentive,,,,Yes,,Yes,,,,,,,,,,,156,Bendale-Glen Andrew,127,Bendale (127),D41,"{""coordinates"": [[-79.2710759993811, 43.7678520002472]], ""type"": ""MultiPoint""}",2022
17692,17693,2000881205.0,2022-05-11,1455,NORTH QUEEN ST,NOVA RD,,Minor Arterial,Etobicoke York,At Intersection,Traffic Signal,Clear,Daylight,Dry,Non-Fatal Injury,SMV Other,Driver,80 to 84,Major,,East,"Automobile, Station Wagon",Turning Left,Lost control,Unknown,,,,,,,,,Yes,,,,,,,,,,,159,Etobicoke City Centre,14,Islington-City Centre West (14),D22,"{""coordinates"": [[-79.5569180001761, 43.61603399976]], ""type"": ""MultiPoint""}",2022
17693,17694,2000899254.0,2022-05-13,2210,SALINAS CRT,ROSELAWN AVE,,Local,Toronto and East York,Intersection Related,No Control,Clear,"Dark, artificial",Dry,Fatal,SMV Other,Moped Driver,35 to 39,Fatal,18.0,East,Motorcycle,Going Ahead,Lost control,Had Been Drinking,,,,,,,,Yes,,Yes,,,,,,,,,,108,Briar Hill-Belgravia,108,Briar Hill-Belgravia (108),D13,"{""coordinates"": [[-79.4490240002073, 43.7004799997048]], ""type"": ""MultiPoint""}",2022
17694,17695,2000905786.0,2022-05-14,2045,151 CHERRY ST,,12 m South o,Collector,Toronto and East York,Non Intersection,No Control,Clear,"Dark, artificial",Loose Sand or Gravel,Non-Fatal Injury,SMV Other,Motorcycle Driver,60 to 64,Minor,,North,Motorcycle,Going Ahead,Lost control,Normal,,,,,,,,,,Yes,,,,Yes,Yes,Yes,,,,70,South Riverdale,70,South Riverdale (70),D51,"{""coordinates"": [[-79.3472930002854, 43.6395370002492]], ""type"": ""MultiPoint""}",2022
17695,17696,2000905786.0,2022-05-14,2045,151 CHERRY ST,,12 m South o,Collector,Toronto and East York,Non Intersection,No Control,Clear,"Dark, artificial",Loose Sand or Gravel,Non-Fatal Injury,SMV Other,Motorcycle Passenger,75 to 79,Major,,,,,,,,,,,,,,,,Yes,,,,Yes,Yes,Yes,,,,70,South Riverdale,70,South Riverdale (70),D51,"{""coordinates"": [[-79.3472930002854, 43.6395370002492]], ""type"": ""MultiPoint""}",2022
17696,17697,2000933204.0,2022-05-18,1642,WILSON AVE,KEELE ST,,Major Arterial,North York,At Intersection,Traffic Signal,Clear,Daylight,Dry,Non-Fatal Injury,Pedestrian Collisions,Driver,70 to 74,,,West,"Automobile, Station Wagon",Turning Left,Failed to Yield Right of Way,Normal,,,,,,,Yes,,Yes,,,,,,,Yes,,,,155,Downsview,26,Downsview-Roding-CFB (26),D31,"{""coordinates"": [[-79.4820280002563, 43.7265689999552]], ""type"": ""MultiPoint""}",2022
17697,17698,2000933204.0,2022-05-18,1642,WILSON AVE,KEELE ST,,Major Arterial,North York,At Intersection,Traffic Signal,Clear,Daylight,Dry,Non-Fatal Injury,Pedestrian Collisions,Pedestrian,50 to 54,Major,,East,,Going Ahead,,,Vehicle turns left while ped crosses with ROW at inter.,Crossing with right of way,Normal,,,,Yes,,Yes,,,,,,,Yes,,,,155,Downsview,26,Downsview-Roding-CFB (26),D31,"{""coordinates"": [[-79.4820280002563, 43.7265689999552]], ""type"": ""MultiPoint""}",2022
17698,17699,2000945428.0,2022-05-20,1045,ISLINGTON AVE,PRINCESS MARGARET BLVD,,Major Arterial,,At Intersection,Traffic Signal,Clear,Daylight,Dry,Non-Fatal Injury,Angle,Driver,40 to 44,,,North,Pick Up Truck,Going Ahead,Disobeyed Traffic Control,Inattentive,,,,,,,,,Yes,,,,,,,Yes,Yes,,,9,Edenbridge-Humber Valley,9,Edenbridge-Humber Valley (9),D22,"{""coordinates"": [[-79.5370819997921, 43.6755740002316]], ""type"": ""MultiPoint""}",2022
17699,17700,2000945428.0,2022-05-20,1045,ISLINGTON AVE,PRINCESS MARGARET BLVD,,Major Arterial,,At Intersection,Traffic Signal,Clear,Daylight,Dry,Non-Fatal Injury,Angle,Driver,30 to 34,Major,,West,Off Road - Other,Other,Driving Properly,Normal,,,,,,,,,Yes,,,,,,,Yes,Yes,,,9,Edenbridge-Humber Valley,9,Edenbridge-Humber Valley (9),D22,"{""coordinates"": [[-79.5370819997921, 43.6755740002316]], ""type"": ""MultiPoint""}",2022
17700,17701,2000962188.0,2022-05-22,1443,DUFFERIN ST,CROATIA ST,,Major Arterial,Toronto and East York,At Intersection,Stop Sign,Clear,Daylight,Dry,Non-Fatal Injury,Pedestrian Collisions,Driver,60 to 64,,,East,"Automobile, Station Wagon",Turning Left,Failed to Yield Right of Way,Inattentive,,,,,,,Yes,,Yes,,,,,Yes,,Yes,,,,83,Dufferin Grove,83,Dufferin Grove (83),D14,"{""coordinates"": [[-79.4347409993842, 43.6582740002445]], ""type"": ""MultiPoint""}",2022
17701,17702,2000962188.0,2022-05-22,1443,DUFFERIN ST,CROATIA ST,,Major Arterial,Toronto and East York,At Intersection,Stop Sign,Clear,Daylight,Dry,Non-Fatal Injury,Pedestrian Collisions,Passenger,40 to 44,,,,,,,,,,,,,,Yes,,Yes,,,,,Yes,,Yes,,,,83,Dufferin Grove,83,Dufferin Grove (83),D14,"{""coordinates"": [[-79.4347409993842, 43.6582740002445]], ""type"": ""MultiPoint""}",2022
17702,17703,2000962188.0,2022-05-22,1443,DUFFERIN ST,CROATIA ST,,Major Arterial,Toronto and East York,At Intersection,Stop Sign,Clear,Daylight,Dry,Non-Fatal Injury,Pedestrian Collisions,Pedestrian,65 to 69,Major,,West,,,,,Vehicle turns left while ped crosses without ROW at inter.,Crossing without right of way,Inattentive,,,,Yes,,Yes,,,,,Yes,,Yes,,,,83,Dufferin Grove,83,Dufferin Grove (83),D14,"{""coordinates"": [[-79.4347409993842, 43.6582740002445]], ""type"": ""MultiPoint""}",2022
17703,17704,2000963706.0,2022-05-22,1911,2467 QUEEN ST E,,,Minor Arterial,Toronto and East York,At Intersection,Stop Sign,Clear,Daylight,Dry,Fatal,SMV Other,Driver,65 to 69,Fatal,19.0,South,Pick Up Truck,Going Ahead,Lost control,Unknown,,,,,,,,,Yes,,,,,,,,,,,63,The Beaches,63,The Beaches (63),D55,"{""coordinates"": [[-79.2830770001436, 43.6734030003092]], ""type"": ""MultiPoint""}",2022
17704,17705,2000963706.0,2022-05-22,1911,2467 QUEEN ST E,,,Minor Arterial,Toronto and East York,At Intersection,Stop Sign,Clear,Daylight,Dry,Fatal,SMV Other,Other,unknown,,,,"Automobile, Station Wagon",Parked,,,,,,,,,,,Yes,,,,,,,,,,,63,The Beaches,63,The Beaches (63),D55,"{""coordinates"": [[-79.2830770001436, 43.6734030003092]], ""type"": ""MultiPoint""}",2022
17705,17706,2000984362.0,2022-05-25,1656,COLLEGE ST,EUCLID AVE,60 m West of,Major Arterial,Toronto and East York,Non Intersection,No Control,Clear,Daylight,Dry,Non-Fatal Injury,Cyclist Collisions,Cyclist,40 to 44,Major,,West,Bicycle,Going Ahead,,,,,,Cyclist and Driver travelling in same direction. One vehicle sideswipes the other.,Driving Properly,Had Been Drinking,,Yes,Yes,,,,,,,,,,,81,Trinity-Bellwoods,81,Trinity-Bellwoods (81),D14,"{""coordinates"": [[-79.4118530005016, 43.6555120001165]], ""type"": ""MultiPoint""}",2022
17706,17707,2000984362.0,2022-05-25,1656,COLLEGE ST,EUCLID AVE,60 m West of,Major Arterial,Toronto and East York,Non Intersection,No Control,Clear,Daylight,Dry,Non-Fatal Injury,Cyclist Collisions,Driver,30 to 34,,,West,"Automobile, Station Wagon",Going Ahead,Driving Properly,Normal,,,,,,,,Yes,Yes,,,,,,,,,,,81,Trinity-Bellwoods,81,Trinity-Bellwoods (81),D14,"{""coordinates"": [[-79.4118530005016, 43.6555120001165]], ""type"": ""MultiPoint""}",2022
17707,17708,2000986496.0,2022-05-25,2312,LAKE SHORE BLVD W,BRITISH COLUMBIA RD,,Major Arterial,Toronto and East York,Non Intersection,No Control,Clear,"Dark, artificial",Dry,Fatal,Approaching,Driver,20 to 24,Major,,West,"Automobile, Station Wagon",Going Ahead,Lost control,Normal,,,,,,,,,Yes,,,,,,,,,,,163,Fort York-Liberty Village,82,Niagara (82),D14,"{""coordinates"": [[-79.4261280006193, 43.6301679996108]], ""type"": ""MultiPoint""}",2022
17708,17709,2000986496.0,2022-05-25,2312,LAKE SHORE BLVD W,BRITISH COLUMBIA RD,,Major Arterial,Toronto and East York,Non Intersection,No Control,Clear,"Dark, artificial",Dry,Fatal,Approaching,Driver,40 to 44,Fatal,20.0,East,"Automobile, Station Wagon",Going Ahead,Driving Properly,Normal,,,,,,,,,Yes,,,,,,,,,,,163,Fort York-Liberty Village,82,Niagara (82),D14,"{""coordinates"": [[-79.4261280006193, 43.6301679996108]], ""type"": ""MultiPoint""}",2022
17709,17710,2000988089.0,2022-05-26,831,STEELES AVE E,MAXOME AVE,,Major Arterial,North York,At Intersection,Traffic Signal,Clear,Daylight,Dry,Non-Fatal Injury,Cyclist Collisions,Driver,20 to 24,,,South,"Automobile, Station Wagon",Turning Left,Improper Turn,Inattentive,,,,,,,,Yes,Yes,,,,,,,,,,,50,Newtonbrook East,50,Newtonbrook East (50),D32,"{""coordinates"": [[-79.406207000218, 43.800986000454]], ""type"": ""MultiPoint""}",2022
17710,17711,2000988089.0,2022-05-26,831,STEELES AVE E,MAXOME AVE,,Major Arterial,North York,At Intersection,Traffic Signal,Clear,Daylight,Dry,Non-Fatal Injury,Cyclist Collisions,Cyclist,20 to 24,Major,,North,Bicycle,Going Ahead,,,,,,Motorist turned left across cyclists path.,Driving Properly,Normal,,Yes,Yes,,,,,,,,,,,50,Newtonbrook East,50,Newtonbrook East (50),D32,"{""coordinates"": [[-79.406207000218, 43.800986000454]], ""type"": ""MultiPoint""}",2022
17711,17712,2001001629.0,2022-05-27,2341,6 KEMP SQUARE,,1 m West of,Local,,Non Intersection,No Control,Clear,"Dark, artificial",Dry,Non-Fatal Injury,SMV Other,Driver,45 to 49,Major,,South,"Automobile, Station Wagon",Going Ahead,Lost control,"Ability Impaired, Alcohol Over .08",,,,,,,,,Yes,,,,,,,,,Yes,,30,Brookhaven-Amesbury,30,Brookhaven-Amesbury (30),D12,"{""coordinates"": [[-79.4954939996269, 43.6999960003848]], ""type"": ""MultiPoint""}",2022
17712,17713,2001007343.0,2022-05-28,2015,DON VALLEY PARKWAY  S,LAWRENCE AVE E,50 m North o,Expressway,North York,Non Intersection,No Control,Clear,Daylight,Dry,Non-Fatal Injury,Rear End,Motorcycle Driver,40 to 44,Major,,South,Motorcycle,Going Ahead,Following too Close,Inattentive,,,,,,,,,Yes,Yes,,,,,,Yes,,,,42,Banbury-Don Mills,42,Banbury-Don Mills (42),D33,"{""coordinates"": [[-79.3322329997699, 43.7399550000249]], ""type"": ""MultiPoint""}",2022
17713,17714,2001007343.0,2022-05-28,2015,DON VALLEY PARKWAY  S,LAWRENCE AVE E,50 m North o,Expressway,North York,Non Intersection,No Control,Clear,Daylight,Dry,Non-Fatal Injury,Rear End,Driver,15 to 19,,,South,"Automobile, Station Wagon",Slowing or Stopping,Driving Properly,Normal,,,,,,,,,Yes,Yes,,,,,,Yes,,,,42,Banbury-Don Mills,42,Banbury-Don Mills (42),D33,"{""coordinates"": [[-79.3322329997699, 43.7399550000249]], ""type"": ""MultiPoint""}",2022
17714,17715,2001020904.0,2022-05-30,1847,QUEENS QUAY E,MERCHANTS WHARF,19 m South o,Minor Arterial,Toronto and East York,At Intersection,No Control,Clear,Daylight,Dry,Non-Fatal Injury,Cyclist Collisions,Driver,50 to 54,,,East,"Automobile, Station Wagon",Turning Right,Improper Turn,Normal,,,,,,,,Yes,Yes,,,,,,,,,,,166,St Lawrence-East Bayfront-The Islands,77,Waterfront Communities-The Island (77),D51,"{""coordinates"": [[-79.3642839999875, 43.6454839999273]], ""type"": ""MultiPoint""}",2022
17715,17716,2001020904.0,2022-05-30,1847,QUEENS QUAY E,MERCHANTS WHARF,19 m South o,Minor Arterial,Toronto and East York,At Intersection,No Control,Clear,Daylight,Dry,Non-Fatal Injury,Cyclist Collisions,Cyclist,10 to 14,Major,,West,Bicycle,Going Ahead,,,,,,"Motorist turns right at non-signal Inter.(stop, yield, no cont.,and dwy) and strikes cyclist.",Driving Properly,Normal,,Yes,Yes,,,,,,,,,,,166,St Lawrence-East Bayfront-The Islands,77,Waterfront Communities-The Island (77),D51,"{""coordinates"": [[-79.3642839999875, 43.6454839999273]], ""type"": ""MultiPoint""}",2022
17716,17717,2001021476.0,2022-05-30,2012,THE DONWAY E,GUYTOI CRT,3 m North of,Minor Arterial,North York,Intersection Related,No Control,Clear,"Dusk, artificial",Dry,Non-Fatal Injury,Pedestrian Collisions,Driver,30 to 34,,,East,"Automobile, Station Wagon",Going Ahead,Driving Properly,Normal,,,,,,,Yes,,Yes,,,,,,,,,,,42,Banbury-Don Mills,42,Banbury-Don Mills (42),D33,"{""coordinates"": [[-79.3414640005194, 43.7323369998054]], ""type"": ""MultiPoint""}",2022
17717,17718,2001021476.0,2022-05-30,2012,THE DONWAY E,GUYTOI CRT,3 m North of,Minor Arterial,North York,Intersection Related,No Control,Clear,"Dusk, artificial",Dry,Non-Fatal Injury,Pedestrian Collisions,Pedestrian,20 to 24,Major,,North,,,,,Vehicle is going straight thru inter.while ped cross without ROW,Running onto Roadway,Other,,,,Yes,,Yes,,,,,,,,,,,42,Banbury-Don Mills,42,Banbury-Don Mills (42),D33,"{""coordinates"": [[-79.3414640005194, 43.7323369998054]], ""type"": ""MultiPoint""}",2022
17718,17719,2001027552.0,2022-05-31,1636,EASTERN AVE,WOODFIELD RD,7 m North of,Minor Arterial,Toronto and East York,At Intersection,Stop Sign,Clear,Daylight,Dry,Non-Fatal Injury,Angle,Driver,20 to 24,Minor,,South,"Automobile, Station Wagon",Going Ahead,Disobeyed Traffic Control,Normal,,,,,,,,,Yes,,,,,Yes,,Yes,,,,63,The Beaches,63,The Beaches (63),D55,"{""coordinates"": [[-79.3205369998286, 43.6635160004186]], ""type"": ""MultiPoint""}",2022
17719,17720,2001027552.0,2022-05-31,1636,EASTERN AVE,WOODFIELD RD,7 m North of,Minor Arterial,Toronto and East York,At Intersection,Stop Sign,Clear,Daylight,Dry,Non-Fatal Injury,Angle,Driver,25 to 29,Major,,West,"Automobile, Station Wagon",Going Ahead,Driving Properly,Normal,,,,,,,,,Yes,,,,,Yes,,Yes,,,,63,The Beaches,63,The Beaches (63),D55,"{""coordinates"": [[-79.3205369998286, 43.6635160004186]], ""type"": ""MultiPoint""}",2022
17720,17721,2001027552.0,2022-05-31,1636,EASTERN AVE,WOODFIELD RD,7 m North of,Minor Arterial,Toronto and East York,At Intersection,Stop Sign,Clear,Daylight,Dry,Non-Fatal Injury,Angle,Passenger,25 to 29,,,,,,,,,,,,,,,,Yes,,,,,Yes,,Yes,,,,63,The Beaches,63,The Beaches (63),D55,"{""coordinates"": [[-79.3205369998286, 43.6635160004186]], ""type"": ""MultiPoint""}",2022
17721,17722,2001048848.0,2022-06-03,1240,25 RIPLEY AVE,,1 m South of,Local,,Non Intersection,No Control,Clear,Daylight,Dry,Non-Fatal Injury,Pedestrian Collisions,Driver,45 to 49,,,North,Delivery Van,Going Ahead,Other,Inattentive,,,,,,,Yes,,Yes,,,,,,Yes,Yes,,,,87,High Park-Swansea,87,High Park-Swansea (87),D11,"{""coordinates"": [[-79.4746890000031, 43.637358000411]], ""type"": ""MultiPoint""}",2022
17722,17723,2001048848.0,2022-06-03,1240,25 RIPLEY AVE,,1 m South of,Local,,Non Intersection,No Control,Clear,Daylight,Dry,Non-Fatal Injury,Pedestrian Collisions,Pedestrian,30 to 34,Major,,,,,,,Pedestrian hit at mid-block,Pushing/Working on Vehicle,Normal,,,,Yes,,Yes,,,,,,Yes,Yes,,,,87,High Park-Swansea,87,High Park-Swansea (87),D11,"{""coordinates"": [[-79.4746890000031, 43.637358000411]], ""type"": ""MultiPoint""}",2022
17723,17724,2001049162.0,2022-06-03,1443,GERRARD ST E,NORMANDY BLVD,,Minor Arterial,,At Intersection,No Control,Clear,Daylight,Dry,Non-Fatal Injury,Turning Movement,Driver,60 to 64,,,West,"Automobile, Station Wagon",Turning Left,Improper Turn,Unknown,,,,,,,,,Yes,Yes,,,,,,,,,,64,Woodbine Corridor,64,Woodbine Corridor (64),D55,"{""coordinates"": [[-79.3133810001355, 43.6792589997899]], ""type"": ""MultiPoint""}",2022
17724,17725,2001049162.0,2022-06-03,1443,GERRARD ST E,NORMANDY BLVD,,Minor Arterial,,At Intersection,No Control,Clear,Daylight,Dry,Non-Fatal Injury,Turning Movement,Motorcycle Driver,45 to 49,Major,,East,Motorcycle,Going Ahead,Driving Properly,Unknown,,,,,,,,,Yes,Yes,,,,,,,,,,64,Woodbine Corridor,64,Woodbine Corridor (64),D55,"{""coordinates"": [[-79.3133810001355, 43.6792589997899]], ""type"": ""MultiPoint""}",2022
17725,17726,2001058259.0,2022-06-04,1945,MARKHAM RD,STEELES AVE E,,Major Arterial,Scarborough,At Intersection,Traffic Signal,Clear,Daylight,Dry,Non-Fatal Injury,Turning Movement,Driver,25 to 29,,,South,"Automobile, Station Wagon",Turning Left,Failed to Yield Right of Way,Inattentive,,,,,,,,,Yes,,,,,Yes,,Yes,,,,144,Morningside Heights,131,Rouge (131),D42,"{""coordinates"": [[-79.2511479997255, 43.8365280000479]], ""type"": ""MultiPoint""}",2022
17726,17727,2001058259.0,2022-06-04,1945,MARKHAM RD,STEELES AVE E,,Major Arterial,Scarborough,At Intersection,Traffic Signal,Clear,Daylight,Dry,Non-Fatal Injury,Turning Movement,Driver,60 to 64,Major,,North,Pick Up Truck,Going Ahead,Driving Properly,Normal,,,,,,,,,Yes,,,,,Yes,,Yes,,,,144,Morningside Heights,131,Rouge (131),D42,"{""coordinates"": [[-79.2511479997255, 43.8365280000479]], ""type"": ""MultiPoint""}",2022