index,_id,ACCNUM,DATE,TIME,STREET1,STREET2,OFFSET,ROAD_CLASS,DISTRICT,ACCLOC,TRAFFCTL,VISIBILITY,LIGHT,RDSFCOND,ACCLASS,IMPACTYPE,INVTYPE,INVAGE,INJURY,FATAL_NO,INITDIR,VEHTYPE,MANOEUVER,DRIVACT,DRIVCOND,PEDTYPE,PEDACT,PEDCOND,CYCLISTYPE,CYCACT,CYCCOND,PEDESTRIAN,CYCLIST,AUTOMOBILE,MOTORCYCLE,TRUCK,TRSN_CITY_VEH,EMERG_VEH,PASSENGER,SPEEDING,AG_DRIV,REDLIGHT,ALCOHOL,DISABILITY,HOOD_158,NEIGHBOURHOOD_158,HOOD_140,NEIGHBOURHOOD_140,DIVISION,geometry,ACCIDENT_YEAR
17727,17728,2001058259.0,2022-06-04,1945,MARKHAM RD,STEELES AVE E,,Major Arterial,Scarborough,At Intersection,Traffic Signal,Clear,Daylight,Dry,Non-Fatal Injury,Turning Movement,Passenger,45 to 49,Minimal,,,,,,,,,,,,,,,Yes,,,,,Yes,,Yes,,,,144,Morningside Heights,131,Rouge (131),D42,"{""coordinates"": [[-79.2511479997255, 43.8365280000479]], ""type"": ""MultiPoint""}",2022
17728,17729,2001058259.0,2022-06-04,1945,MARKHAM RD,STEELES AVE E,,Major Arterial,Scarborough,At Intersection,Traffic Signal,Clear,Daylight,Dry,Non-Fatal Injury,Turning Movement,Passenger,65 to 69,Minimal,,,,,,,,,,,,,,,Yes,,,,,Yes,,Yes,,,,144,Morningside Heights,131,Rouge (131),D42,"{""coordinates"": [[-79.2511479997255, 43.8365280000479]], ""type"": ""MultiPoint""}",2022
17729,17730,2001058259.0,2022-06-04,1945,MARKHAM RD,STEELES AVE E,,Major Arterial,Scarborough,At Intersection,Traffic Signal,Clear,Daylight,Dry,Non-Fatal Injury,Turning Movement,Passenger,25 to 29,Minimal,,,,,,,,,,,,,,,Yes,,,,,Yes,,Yes,,,,144,Morningside Heights,131,Rouge (131),D42,"{""coordinates"": [[-79.2511479997255, 43.8365280000479]], ""type"": ""MultiPoint""}",2022
17730,17731,2001058259.0,2022-06-04,1945,MARKHAM RD,STEELES AVE E,,Major Arterial,Scarborough,At Intersection,Traffic Signal,Clear,Daylight,Dry,Non-Fatal Injury,Turning Movement,Passenger,60 to 64,Minimal,,,,,,,,,,,,,,,Yes,,,,,Yes,,Yes,,,,144,Morningside Heights,131,Rouge (131),D42,"{""coordinates"": [[-79.2511479997255, 43.8365280000479]], ""type"": ""MultiPoint""}",2022
17731,17732,2001058259.0,2022-06-04,1945,MARKHAM RD,STEELES AVE E,,Major Arterial,Scarborough,At Intersection,Traffic Signal,Clear,Daylight,Dry,Non-Fatal Injury,Turning Movement,Passenger,55 to 59,,,,,,,,,,,,,,,,Yes,,,,,Yes,,Yes,,,,144,Morningside Heights,131,Rouge (131),D42,"{""coordinates"": [[-79.2511479997255, 43.8365280000479]], ""type"": ""MultiPoint""}",2022
17732,17733,2001063847.0,2022-06-05,1625,KING ST W,CLOSE AVE,30 m West of,Major Arterial,Toronto and East York,Non Intersection,No Control,Clear,Daylight,Dry,Non-Fatal Injury,Pedestrian Collisions,Driver,30 to 34,Minimal,,East,"Automobile, Station Wagon",Going Ahead,Driving Properly,Normal,,,,,,,Yes,,Yes,,,,,,,,,,,85,South Parkdale,85,South Parkdale (85),D14,"{""coordinates"": [[-79.4346799994376, 43.6373890004308]], ""type"": ""MultiPoint""}",2022
17733,17734,2001063847.0,2022-06-05,1625,KING ST W,CLOSE AVE,30 m West of,Major Arterial,Toronto and East York,Non Intersection,No Control,Clear,Daylight,Dry,Non-Fatal Injury,Pedestrian Collisions,Pedestrian,25 to 29,Major,,South,,,,,Pedestrian hit at mid-block,Running onto Roadway,Inattentive,,,,Yes,,Yes,,,,,,,,,,,85,South Parkdale,85,South Parkdale (85),D14,"{""coordinates"": [[-79.4346799994376, 43.6373890004308]], ""type"": ""MultiPoint""}",2022
17734,17735,2001085402.0,2022-06-08,1554,DUNDAS ST W,LAKEVIEW AVE,25 m East of,Minor Arterial,Toronto and East York,Intersection Related,No Control,Clear,Daylight,Dry,Non-Fatal Injury,Cyclist Collisions,Driver,55 to 59,,,West,Pick Up Truck,Changing Lanes,Improper Lane Change,Inattentive,,,,,,,,Yes,Yes,,,,,,,,,,,81,Trinity-Bellwoods,81,Trinity-Bellwoods (81),D14,"{""coordinates"": [[-79.4227399998362, 43.6493140001133]], ""type"": ""MultiPoint""}",2022
17735,17736,2001085402.0,2022-06-08,1554,DUNDAS ST W,LAKEVIEW AVE,25 m East of,Minor Arterial,Toronto and East York,Intersection Related,No Control,Clear,Daylight,Dry,Non-Fatal Injury,Cyclist Collisions,Cyclist,55 to 59,Major,,West,Bicycle,Going Ahead,,,,,,Cyclist and Driver travelling in same direction. One vehicle sideswipes the other.,Driving Properly,Normal,,Yes,Yes,,,,,,,,,,,81,Trinity-Bellwoods,81,Trinity-Bellwoods (81),D14,"{""coordinates"": [[-79.4227399998362, 43.6493140001133]], ""type"": ""MultiPoint""}",2022
17736,17737,2001096338.0,2022-06-10,307,695 MIDLAND AVE,,,Major Arterial,Scarborough,Non Intersection,No Control,Clear,"Dark, artificial",Dry,Non-Fatal Injury,SMV Other,Driver,20 to 24,Major,,North,"Automobile, Station Wagon",Going Ahead,Lost control,Had Been Drinking,,,,,,,,,Yes,,,,,,,,,,,124,Kennedy Park,124,Kennedy Park (124),D41,"{""coordinates"": [[-79.2546420005431, 43.7263440003346]], ""type"": ""MultiPoint""}",2022
17737,17738,2001097209.0,2022-06-10,749,THE WEST MALL,BURNHAMTHORPE RD,,Major Arterial,Etobicoke York,At Intersection,Traffic Signal,Clear,Daylight,Dry,Non-Fatal Injury,Turning Movement,Truck Driver,45 to 49,,,South,Truck (other),Turning Right,Failed to Yield Right of Way,Inattentive,,,,,,,,,,,Yes,,,Yes,,Yes,,,,13,Etobicoke West Mall,13,Etobicoke West Mall (13),D22,"{""coordinates"": [[-79.5672029995274, 43.644480000415]], ""type"": ""MultiPoint""}",2022
17738,17739,2001097209.0,2022-06-10,749,THE WEST MALL,BURNHAMTHORPE RD,,Major Arterial,Etobicoke York,At Intersection,Traffic Signal,Clear,Daylight,Dry,Non-Fatal Injury,Turning Movement,Driver,55 to 59,Major,,South,Other,Going Ahead,Driving Properly,Normal,,,,,,,,,,,Yes,,,Yes,,Yes,,,,13,Etobicoke West Mall,13,Etobicoke West Mall (13),D22,"{""coordinates"": [[-79.5672029995274, 43.644480000415]], ""type"": ""MultiPoint""}",2022
17739,17740,2001097209.0,2022-06-10,749,THE WEST MALL,BURNHAMTHORPE RD,,Major Arterial,Etobicoke York,At Intersection,Traffic Signal,Clear,Daylight,Dry,Non-Fatal Injury,Turning Movement,Passenger,50 to 54,,,,,,,,,,,,,,,,,,Yes,,,Yes,,Yes,,,,13,Etobicoke West Mall,13,Etobicoke West Mall (13),D22,"{""coordinates"": [[-79.5672029995274, 43.644480000415]], ""type"": ""MultiPoint""}",2022
17740,17741,2001105848.0,2022-06-11,1140,DUFFERIN ST,ORFUS RD,25 m North o,Major Arterial,North York,Intersection Related,Traffic Signal,Clear,Daylight,Dry,Non-Fatal Injury,SMV Other,Driver,90 to 94,Major,,South,"Automobile, Station Wagon",Going Ahead,Lost control,Normal,,,,,,,,,Yes,,,,,,,Yes,,,,31,Yorkdale-Glen Park,31,Yorkdale-Glen Park (31),D32,"{""coordinates"": [[-79.4561260006207, 43.7203849998559]], ""type"": ""MultiPoint""}",2022
17741,17742,2001109273.0,2022-06-11,1236,YONGE ST,ALBERTUS AVE,10 m South o,Major Arterial,North York,Intersection Related,No Control,Clear,"Dark, artificial",Dry,Non-Fatal Injury,Pedestrian Collisions,Driver,65 to 69,,,South,"Automobile, Station Wagon",Going Ahead,Driving Properly,Normal,,,,,,,Yes,,Yes,,,,,,,,,,,99,Mount Pleasant East,99,Mount Pleasant East (99),D53,"{""coordinates"": [[-79.400012000165, 43.7144949997415]], ""type"": ""MultiPoint""}",2022
17742,17743,2001109273.0,2022-06-11,1236,YONGE ST,ALBERTUS AVE,10 m South o,Major Arterial,North York,Intersection Related,No Control,Clear,"Dark, artificial",Dry,Non-Fatal Injury,Pedestrian Collisions,Pedestrian,20 to 24,Major,,,,,,,Pedestrian hit at mid-block,"Crossing, no Traffic Control",Inattentive,,,,Yes,,Yes,,,,,,,,,,,99,Mount Pleasant East,99,Mount Pleasant East (99),D53,"{""coordinates"": [[-79.400012000165, 43.7144949997415]], ""type"": ""MultiPoint""}",2022
17743,17744,2001122186.0,2022-06-13,1815,SHEPPARD AVE W,SENTINEL RD,,Major Arterial,North York,At Intersection,Traffic Signal,Clear,Daylight,Dry,Fatal,Turning Movement,Driver,40 to 44,Minor,,East,"Automobile, Station Wagon",Turning Left,Failed to Yield Right of Way,Normal,,,,,,,,,Yes,Yes,,,,,Yes,Yes,,,,155,Downsview,26,Downsview-Roding-CFB (26),D31,"{""coordinates"": [[-79.4918089996665, 43.7435789995773]], ""type"": ""MultiPoint""}",2022
17744,17745,2001122186.0,2022-06-13,1815,SHEPPARD AVE W,SENTINEL RD,,Major Arterial,North York,At Intersection,Traffic Signal,Clear,Daylight,Dry,Fatal,Turning Movement,Motorcycle Driver,35 to 39,Fatal,21.0,West,Motorcycle,Going Ahead,Speed too Fast For Condition,Other,,,,,,,,,Yes,Yes,,,,,Yes,Yes,,,,155,Downsview,26,Downsview-Roding-CFB (26),D31,"{""coordinates"": [[-79.4918089996665, 43.7435789995773]], ""type"": ""MultiPoint""}",2022
17745,17746,2001126945.0,2022-06-14,1159,836 BLOOR ST W,,2 m South of,Major Arterial,Toronto and East York,Non Intersection,No Control,Clear,Daylight,Dry,Non-Fatal Injury,Pedestrian Collisions,Cyclist,20 to 24,Minimal,,West,Bicycle,Going Ahead,,,,,,Cyclist strikes pedestrian.,Driving Properly,Unknown,Yes,Yes,,,,,,,,,,,,80,Palmerston-Little Italy,80,Palmerston-Little Italy (80),D14,"{""coordinates"": [[-79.4236629999325, 43.6623060000616]], ""type"": ""MultiPoint""}",2022
17746,17747,2001126945.0,2022-06-14,1159,836 BLOOR ST W,,2 m South of,Major Arterial,Toronto and East York,Non Intersection,No Control,Clear,Daylight,Dry,Non-Fatal Injury,Pedestrian Collisions,Pedestrian,75 to 79,Major,,North,,,,,Pedestrian hit at mid-block,"Crossing, no Traffic Control",Inattentive,,,,Yes,Yes,,,,,,,,,,,,80,Palmerston-Little Italy,80,Palmerston-Little Italy (80),D14,"{""coordinates"": [[-79.4236629999325, 43.6623060000616]], ""type"": ""MultiPoint""}",2022
17747,17748,2001127226.0,2022-06-14,1246,HUMBERLINE DR,HUDDERSFIELD RD,326 m South ,Minor Arterial,Etobicoke York,At/Near Private Drive,No Control,Clear,Daylight,Dry,Non-Fatal Injury,Angle,Truck Driver,30 to 34,,,West,"Truck - Closed (Blazer, etc)",Reversing,Other,Normal,,,,,,,,,Yes,,Yes,,,,,,,,,1,West Humber-Clairville,1,West Humber-Clairville (1),D23,"{""coordinates"": [[-79.619365000239, 43.7403399996896]], ""type"": ""MultiPoint""}",2022
17748,17749,2001127226.0,2022-06-14,1246,HUMBERLINE DR,HUDDERSFIELD RD,326 m South ,Minor Arterial,Etobicoke York,At/Near Private Drive,No Control,Clear,Daylight,Dry,Non-Fatal Injury,Angle,Driver,80 to 84,Major,,South,"Automobile, Station Wagon",Going Ahead,Driving Properly,Normal,,,,,,,,,Yes,,Yes,,,,,,,,,1,West Humber-Clairville,1,West Humber-Clairville (1),D23,"{""coordinates"": [[-79.619365000239, 43.7403399996896]], ""type"": ""MultiPoint""}",2022
17749,17750,2001145268.0,2022-06-16,1930,OVERLEA BLVD,THORNCLIFFE PARK DR,3 m South of,Major Arterial,North York,At Intersection,Traffic Signal,Clear,Daylight,Dry,Non-Fatal Injury,Cyclist Collisions,Cyclist,10 to 14,Major,,East,Bicycle,Going Ahead,,,,,,"Cyclist without ROW rides into path of motorist at inter, lnwy, dwy-Cyclist not turn.",Disobeyed Traffic Control,Inattentive,,Yes,Yes,,,,,Yes,,,,,,55,Thorncliffe Park,55,Thorncliffe Park (55),D53,"{""coordinates"": [[-79.3436689996184, 43.7073850002142]], ""type"": ""MultiPoint""}",2022
17750,17751,2001145268.0,2022-06-16,1930,OVERLEA BLVD,THORNCLIFFE PARK DR,3 m South of,Major Arterial,North York,At Intersection,Traffic Signal,Clear,Daylight,Dry,Non-Fatal Injury,Cyclist Collisions,Driver,80 to 84,,,North,"Automobile, Station Wagon",Going Ahead,Driving Properly,Normal,,,,,,,,Yes,Yes,,,,,Yes,,,,,,55,Thorncliffe Park,55,Thorncliffe Park (55),D53,"{""coordinates"": [[-79.3436689996184, 43.7073850002142]], ""type"": ""MultiPoint""}",2022
17751,17752,2001145268.0,2022-06-16,1930,OVERLEA BLVD,THORNCLIFFE PARK DR,3 m South of,Major Arterial,North York,At Intersection,Traffic Signal,Clear,Daylight,Dry,Non-Fatal Injury,Cyclist Collisions,Passenger,80 to 84,,,,,,,,,,,,,,,Yes,Yes,,,,,Yes,,,,,,55,Thorncliffe Park,55,Thorncliffe Park (55),D53,"{""coordinates"": [[-79.3436689996184, 43.7073850002142]], ""type"": ""MultiPoint""}",2022
17752,17753,2001153999.0,2022-06-17,2350,360 ROYAL YORK RD,,31 m North o,Minor Arterial,,At/Near Private Drive,No Control,Clear,Dark,Dry,Non-Fatal Injury,Turning Movement,Driver,50 to 54,,,South,"Automobile, Station Wagon",Turning Left,Failed to Yield Right of Way,Inattentive,,,,,,,,,Yes,Yes,,,,,,Yes,,,,160,Mimico-Queensway,17,Mimico (includes Humber Bay Shores) (17),D22,"{""coordinates"": [[-79.4990570005422, 43.6178349998621]], ""type"": ""MultiPoint""}",2022
17753,17754,2001153999.0,2022-06-17,2350,360 ROYAL YORK RD,,31 m North o,Minor Arterial,,At/Near Private Drive,No Control,Clear,Dark,Dry,Non-Fatal Injury,Turning Movement,Motorcycle Driver,45 to 49,Major,,North,Motorcycle,Going Ahead,Driving Properly,Normal,,,,,,,,,Yes,Yes,,,,,,Yes,,,,160,Mimico-Queensway,17,Mimico (includes Humber Bay Shores) (17),D22,"{""coordinates"": [[-79.4990570005422, 43.6178349998621]], ""type"": ""MultiPoint""}",2022
17754,17755,2001159151.0,2022-06-18,1855,GAMBLE AVE,PAPE AVE,,Major Arterial,Toronto and East York,At Intersection,Stop Sign,Clear,Daylight,Dry,Non-Fatal Injury,Pedestrian Collisions,Driver,60 to 64,,,East,"Automobile, Station Wagon",Going Ahead,Failed to Yield Right of Way,Inattentive,,,,,,,Yes,,Yes,,,,,,,Yes,,,,58,Old East York,58,Old East York (58),D55,"{""coordinates"": [[-79.3491319998792, 43.690328999843]], ""type"": ""MultiPoint""}",2022
17755,17756,2001159151.0,2022-06-18,1855,GAMBLE AVE,PAPE AVE,,Major Arterial,Toronto and East York,At Intersection,Stop Sign,Clear,Daylight,Dry,Non-Fatal Injury,Pedestrian Collisions,Pedestrian,60 to 64,Major,,South,,,,,Vehicle is going straight thru inter.while ped cross with ROW,Crossing with right of way,Normal,,,,Yes,,Yes,,,,,,,Yes,,,,58,Old East York,58,Old East York (58),D55,"{""coordinates"": [[-79.3491319998792, 43.690328999843]], ""type"": ""MultiPoint""}",2022
17756,17757,2001159560.0,2022-06-18,2015,BRIMLEY RD,EGLINTON AVE E,,Major Arterial,Scarborough,At Intersection,Traffic Signal,Clear,Daylight,Dry,Non-Fatal Injury,Pedestrian Collisions,Driver,35 to 39,,,North,"Automobile, Station Wagon",Turning Left,Improper Turn,Inattentive,,,,,,,Yes,,Yes,,,,,,,,,,,124,Kennedy Park,124,Kennedy Park (124),D41,"{""coordinates"": [[-79.2480500000271, 43.7366239997482]], ""type"": ""MultiPoint""}",2022
17757,17758,2001159560.0,2022-06-18,2015,BRIMLEY RD,EGLINTON AVE E,,Major Arterial,Scarborough,At Intersection,Traffic Signal,Clear,Daylight,Dry,Non-Fatal Injury,Pedestrian Collisions,Pedestrian,25 to 29,Major,,South,,,,,Vehicle turns left while ped crosses with ROW at inter.,Crossing with right of way,Normal,,,,Yes,,Yes,,,,,,,,,,,124,Kennedy Park,124,Kennedy Park (124),D41,"{""coordinates"": [[-79.2480500000271, 43.7366239997482]], ""type"": ""MultiPoint""}",2022
17758,17759,2001166978.0,2022-06-20,47,MARKHAM RD,BLAKEMANOR BLVD,,Major Arterial,Scarborough,Non Intersection,No Control,Clear,"Dark, artificial",Dry,Fatal,Pedestrian Collisions,Pedestrian,30 to 34,Fatal,22.0,West,,,,,Pedestrian hit at mid-block,Running onto Roadway,Other,,,,Yes,,,,,Yes,,,,,,,,141,Golfdale-Cedarbrae-Woburn,137,Woburn (137),D43,"{""coordinates"": [[-79.2214459994125, 43.7490450000769]], ""type"": ""MultiPoint""}",2022
17759,17760,2001166978.0,2022-06-20,47,MARKHAM RD,BLAKEMANOR BLVD,,Major Arterial,Scarborough,Non Intersection,No Control,Clear,"Dark, artificial",Dry,Fatal,Pedestrian Collisions,Driver,30 to 34,,,North,Municipal Transit Bus (TTC),Going Ahead,Driving Properly,Normal,,,,,,,Yes,,,,,Yes,,,,,,,,141,Golfdale-Cedarbrae-Woburn,137,Woburn (137),D43,"{""coordinates"": [[-79.2214459994125, 43.7490450000769]], ""type"": ""MultiPoint""}",2022
17760,17761,2001169875.0,2022-06-20,1235,BRIMLEY RD,BRIMORTON DR,110 m South ,Major Arterial,Scarborough,Non Intersection,No Control,Clear,Daylight,Dry,Non-Fatal Injury,SMV Other,Driver,15 to 19,Major,,North,"Automobile, Station Wagon",Going Ahead,Lost control,Unknown,,,,,,,,,Yes,,,,,,Yes,Yes,,,,156,Bendale-Glen Andrew,127,Bendale (127),D41,"{""coordinates"": [[-79.259158000185, 43.7641779998212]], ""type"": ""MultiPoint""}",2022
17761,17762,2001175617.0,2022-06-21,906,28 TREMONT CRES,,,Local,North York,Non Intersection,No Control,Clear,Daylight,Dry,Fatal,Pedestrian Collisions,Pedestrian,85 to 89,Fatal,23.0,East,,,,,Vehicle is reversing and hits pedestrian,Walking on Roadway Against Traffic,Normal,,,,Yes,,,,Yes,,,,,,,,,42,Banbury-Don Mills,42,Banbury-Don Mills (42),D33,"{""coordinates"": [[-79.3527559995214, 43.7365209998821]], ""type"": ""MultiPoint""}",2022
17762,17763,2001175617.0,2022-06-21,906,28 TREMONT CRES,,,Local,North York,Non Intersection,No Control,Clear,Daylight,Dry,Fatal,Pedestrian Collisions,Driver,35 to 39,Minimal,,West,Truck (other),Reversing,Other,Normal,,,,,,,Yes,,,,Yes,,,,,,,,,42,Banbury-Don Mills,42,Banbury-Don Mills (42),D33,"{""coordinates"": [[-79.3527559995214, 43.7365209998821]], ""type"": ""MultiPoint""}",2022
17763,17764,2001178288.0,2022-06-21,1530,ADELAIDE ST E,POWER ST,,Major Arterial,North York,At Intersection,Stop Sign,Clear,Daylight,Dry,Non-Fatal Injury,Angle,Motorcycle Driver,25 to 29,Major,,East,Motorcycle,Going Ahead,Exceeding Speed Limit,Normal,,,,,,,,,Yes,Yes,,,,,Yes,Yes,,,,73,Moss Park,73,Moss Park (73),D51,"{""coordinates"": [[-79.3626970003555, 43.6540059997296]], ""type"": ""MultiPoint""}",2022
17764,17765,2001178288.0,2022-06-21,1530,ADELAIDE ST E,POWER ST,,Major Arterial,North York,At Intersection,Stop Sign,Clear,Daylight,Dry,Non-Fatal Injury,Angle,Driver,25 to 29,,,North,"Automobile, Station Wagon",Going Ahead,Driving Properly,Normal,,,,,,,,,Yes,Yes,,,,,Yes,Yes,,,,73,Moss Park,73,Moss Park (73),D51,"{""coordinates"": [[-79.3626970003555, 43.6540059997296]], ""type"": ""MultiPoint""}",2022
17765,17766,2001187840.0,2022-06-22,2046,WILLIAM R ALLEN RD,SHEPPARD AVE W,400 m South ,Major Arterial,North York,Non Intersection,No Control,Clear,"Dark, artificial",Dry,Non-Fatal Injury,SMV Other,Driver,60 to 64,Minimal,,South,"Automobile, Station Wagon",Going Ahead,Failed to Yield Right of Way,Other,,,,,,,,,Yes,,,,,Yes,Yes,Yes,,,,155,Downsview,26,Downsview-Roding-CFB (26),D32,"{""coordinates"": [[-79.4633600004587, 43.7502469997447]], ""type"": ""MultiPoint""}",2022
17766,17767,2001187840.0,2022-06-22,2046,WILLIAM R ALLEN RD,SHEPPARD AVE W,400 m South ,Major Arterial,North York,Non Intersection,No Control,Clear,"Dark, artificial",Dry,Non-Fatal Injury,SMV Other,Passenger,40 to 44,Major,,,,,,,,,,,,,,,Yes,,,,,Yes,Yes,Yes,,,,155,Downsview,26,Downsview-Roding-CFB (26),D32,"{""coordinates"": [[-79.4633600004587, 43.7502469997447]], ""type"": ""MultiPoint""}",2022
17767,17768,2001202991.0,2022-06-24,2210,1760 Albion Rd,,,Major Arterial,Etobicoke York,Non Intersection,No Control,Clear,"Dark, artificial",Dry,Fatal,Turning Movement,Motorcycle Driver,60 to 64,Fatal,24.0,West,"Automobile, Station Wagon",Going Ahead,Driving Properly,Normal,,,,,,,,,Yes,Yes,,,,,,,,,,1,West Humber-Clairville,1,West Humber-Clairville (1),D23,"{""coordinates"": [[-79.6029999999492, 43.7433649999369]], ""type"": ""MultiPoint""}",2022
17768,17769,2001202991.0,2022-06-24,2210,1760 Albion Rd,,,Major Arterial,Etobicoke York,Non Intersection,No Control,Clear,"Dark, artificial",Dry,Fatal,Turning Movement,Driver,20 to 24,,,East,"Automobile, Station Wagon",Turning Left,Improper Turn,Inattentive,,,,,,,,,Yes,Yes,,,,,,,,,,1,West Humber-Clairville,1,West Humber-Clairville (1),D23,"{""coordinates"": [[-79.6029999999492, 43.7433649999369]], ""type"": ""MultiPoint""}",2022
17769,17770,2001212143.0,2022-06-26,600,SPADINA AVE,QUEEN ST W,50 m South o,Major Arterial,Toronto and East York,Non Intersection,No Control,Clear,Daylight,Dry,Non-Fatal Injury,Cyclist Collisions,Driver,unknown,,,South,"Automobile, Station Wagon",Going Ahead,Other,Other,,,,,,,,Yes,Yes,,,,,,,,,,,164,Wellington Place,77,Waterfront Communities-The Island (77),D52,"{""coordinates"": [[-79.3962509996307, 43.6484820002939]], ""type"": ""MultiPoint""}",2022
17770,17771,2001212143.0,2022-06-26,600,SPADINA AVE,QUEEN ST W,50 m South o,Major Arterial,Toronto and East York,Non Intersection,No Control,Clear,Daylight,Dry,Non-Fatal Injury,Cyclist Collisions,Cyclist,30 to 34,Major,,South,Bicycle,Going Ahead,,,,,,Cyclist and Driver travelling in same direction. One vehicle sideswipes the other.,Other,Other,,Yes,Yes,,,,,,,,,,,164,Wellington Place,77,Waterfront Communities-The Island (77),D52,"{""coordinates"": [[-79.3962509996307, 43.6484820002939]], ""type"": ""MultiPoint""}",2022
17771,17772,2001217698.0,2022-06-27,238,QUEEN ST W,BELLWOODS AVE,,Major Arterial,Toronto and East York,At Intersection,No Control,Clear,"Dark, artificial",Dry,Non-Fatal Injury,Cyclist Collisions,Driver,55 to 59,,,East,"Automobile, Station Wagon",Turning Left,Failed to Yield Right of Way,Inattentive,,,,,,,,Yes,Yes,,,,,,,Yes,,,,162,West Queen West,82,Niagara (82),D14,"{""coordinates"": [[-79.410747000563, 43.6457739997239]], ""type"": ""MultiPoint""}",2022
17772,17773,2001217698.0,2022-06-27,238,QUEEN ST W,BELLWOODS AVE,,Major Arterial,Toronto and East York,At Intersection,No Control,Clear,"Dark, artificial",Dry,Non-Fatal Injury,Cyclist Collisions,Cyclist,25 to 29,Major,,West,Bicycle,Going Ahead,,,,,,Motorist turned left across cyclists path.,Driving Properly,Normal,,Yes,Yes,,,,,,,Yes,,,,162,West Queen West,82,Niagara (82),D14,"{""coordinates"": [[-79.410747000563, 43.6457739997239]], ""type"": ""MultiPoint""}",2022
17773,17774,2001223141.0,2022-06-27,1956,BAY ST,SCOLLARD ST,7 m West of,Major Arterial,Toronto and East York,At Intersection,Traffic Signal,Clear,Daylight,Dry,Non-Fatal Injury,Angle,Driver,55 to 59,Major,,North,Other,Going Ahead,Disobeyed Traffic Control,Normal,,,,,,,,,Yes,,,,,,,Yes,Yes,,,95,Annex,95,Annex (95),D53,"{""coordinates"": [[-79.3904909994924, 43.6720639998198]], ""type"": ""MultiPoint""}",2022
17774,17775,2001223141.0,2022-06-27,1956,BAY ST,SCOLLARD ST,7 m West of,Major Arterial,Toronto and East York,At Intersection,Traffic Signal,Clear,Daylight,Dry,Non-Fatal Injury,Angle,Driver,unknown,,,West,"Automobile, Station Wagon",Going Ahead,Driving Properly,Normal,,,,,,,,,Yes,,,,,,,Yes,Yes,,,95,Annex,95,Annex (95),D53,"{""coordinates"": [[-79.3904909994924, 43.6720639998198]], ""type"": ""MultiPoint""}",2022
17775,17776,2001244232.0,2022-06-30,1813,ORTON PARK RD,BRIMORTON DR,53 m South o,Minor Arterial,Scarborough,Non Intersection,No Control,Clear,Daylight,Dry,Non-Fatal Injury,SMV Other,Driver,70 to 74,Major,,North,"Automobile, Station Wagon",Going Ahead,Lost control,Medical or Physical Disability,,,,,,,,,Yes,,,,,,Yes,Yes,,,Yes,141,Golfdale-Cedarbrae-Woburn,137,Woburn (137),D43,"{""coordinates"": [[-79.2084150001734, 43.7706400004448]], ""type"": ""MultiPoint""}",2022
17776,17777,2001244804.0,2022-06-30,1942,575 CENTENNIAL PARK BLVD,,10 m North o,Collector,,At/Near Private Drive,No Control,Clear,Daylight,Dry,Non-Fatal Injury,SMV Other,Motorcycle Driver,50 to 54,Major,,North,Motorcycle,Going Ahead,Lost control,Normal,,,,,,,,,,Yes,,,,,Yes,Yes,,,,11,Eringate-Centennial-West Deane,11,Eringate-Centennial-West Deane (11),D22,"{""coordinates"": [[-79.5954089998911, 43.6537650003708]], ""type"": ""MultiPoint""}",2022
17777,17778,2001252821.0,2022-07-01,2341,WELLINGTON ST W,UNIVERSITY AVE,,Major Arterial,Toronto and East York,At Intersection,Traffic Signal,Clear,"Dark, artificial",Wet,Fatal,Pedestrian Collisions,Pedestrian,25 to 29,Fatal,25.0,Unknown,,,,,Vehicle is going straight thru inter.while ped cross with ROW,Crossing with right of way,Normal,,,,Yes,,Yes,,,,,Yes,,Yes,Yes,Yes,,170,Yonge-Bay Corridor,76,Bay Street Corridor (76),D52,"{""coordinates"": [[-79.38405900056, 43.6463110004575]], ""type"": ""MultiPoint""}",2022
17778,17779,2001252821.0,2022-07-01,2341,WELLINGTON ST W,UNIVERSITY AVE,,Major Arterial,Toronto and East York,At Intersection,Traffic Signal,Clear,"Dark, artificial",Wet,Fatal,Pedestrian Collisions,Driver,25 to 29,,,West,"Automobile, Station Wagon",Going Ahead,Disobeyed Traffic Control,"Ability Impaired, Alcohol Over .08",,,,,,,Yes,,Yes,,,,,Yes,,Yes,Yes,Yes,,170,Yonge-Bay Corridor,76,Bay Street Corridor (76),D52,"{""coordinates"": [[-79.38405900056, 43.6463110004575]], ""type"": ""MultiPoint""}",2022
17779,17780,2001252821.0,2022-07-01,2341,WELLINGTON ST W,UNIVERSITY AVE,,Major Arterial,Toronto and East York,At Intersection,Traffic Signal,Clear,"Dark, artificial",Wet,Fatal,Pedestrian Collisions,Pedestrian,30 to 34,Major,,Unknown,,,,,Pedestrian hit on sidewalk or shoulder,On Sidewalk or Shoulder,Normal,,,,Yes,,Yes,,,,,Yes,,Yes,Yes,Yes,,170,Yonge-Bay Corridor,76,Bay Street Corridor (76),D52,"{""coordinates"": [[-79.38405900056, 43.6463110004575]], ""type"": ""MultiPoint""}",2022