index,_id,ACCNUM,DATE,TIME,STREET1,STREET2,OFFSET,ROAD_CLASS,DISTRICT,ACCLOC,TRAFFCTL,VISIBILITY,LIGHT,RDSFCOND,ACCLASS,IMPACTYPE,INVTYPE,INVAGE,INJURY,FATAL_NO,INITDIR,VEHTYPE,MANOEUVER,DRIVACT,DRIVCOND,PEDTYPE,PEDACT,PEDCOND,CYCLISTYPE,CYCACT,CYCCOND,PEDESTRIAN,CYCLIST,AUTOMOBILE,MOTORCYCLE,TRUCK,TRSN_CITY_VEH,EMERG_VEH,PASSENGER,SPEEDING,AG_DRIV,REDLIGHT,ALCOHOL,DISABILITY,HOOD_158,NEIGHBOURHOOD_158,HOOD_140,NEIGHBOURHOOD_140,DIVISION,geometry,ACCIDENT_YEAR
17780,17781,2001252821.0,2022-07-01,2341,WELLINGTON ST W,UNIVERSITY AVE,,Major Arterial,Toronto and East York,At Intersection,Traffic Signal,Clear,"Dark, artificial",Wet,Fatal,Pedestrian Collisions,Passenger,30 to 34,,,Unknown,,,,,,,,,,,Yes,,Yes,,,,,Yes,,Yes,Yes,Yes,,170,Yonge-Bay Corridor,76,Bay Street Corridor (76),D52,"{""coordinates"": [[-79.38405900056, 43.6463110004575]], ""type"": ""MultiPoint""}",2022
17781,17782,2001252821.0,2022-07-01,2341,WELLINGTON ST W,UNIVERSITY AVE,,Major Arterial,Toronto and East York,At Intersection,Traffic Signal,Clear,"Dark, artificial",Wet,Fatal,Pedestrian Collisions,Driver,50 to 54,Minimal,,North,"Automobile, Station Wagon",Going Ahead,Driving Properly,Normal,,,,,,,Yes,,Yes,,,,,Yes,,Yes,Yes,Yes,,170,Yonge-Bay Corridor,76,Bay Street Corridor (76),D52,"{""coordinates"": [[-79.38405900056, 43.6463110004575]], ""type"": ""MultiPoint""}",2022
17782,17783,2001252821.0,2022-07-01,2341,WELLINGTON ST W,UNIVERSITY AVE,,Major Arterial,Toronto and East York,At Intersection,Traffic Signal,Clear,"Dark, artificial",Wet,Fatal,Pedestrian Collisions,Passenger,30 to 34,Minor,,,,,,,,,,,,,Yes,,Yes,,,,,Yes,,Yes,Yes,Yes,,170,Yonge-Bay Corridor,76,Bay Street Corridor (76),D52,"{""coordinates"": [[-79.38405900056, 43.6463110004575]], ""type"": ""MultiPoint""}",2022
17783,17784,2001252821.0,2022-07-01,2341,WELLINGTON ST W,UNIVERSITY AVE,,Major Arterial,Toronto and East York,At Intersection,Traffic Signal,Clear,"Dark, artificial",Wet,Fatal,Pedestrian Collisions,Passenger,30 to 34,Minimal,,,,,,,,,,,,,Yes,,Yes,,,,,Yes,,Yes,Yes,Yes,,170,Yonge-Bay Corridor,76,Bay Street Corridor (76),D52,"{""coordinates"": [[-79.38405900056, 43.6463110004575]], ""type"": ""MultiPoint""}",2022
17784,17785,2001252821.0,2022-07-01,2341,WELLINGTON ST W,UNIVERSITY AVE,,Major Arterial,Toronto and East York,At Intersection,Traffic Signal,Clear,"Dark, artificial",Wet,Fatal,Pedestrian Collisions,Passenger,30 to 34,Minimal,,,,,,,,,,,,,Yes,,Yes,,,,,Yes,,Yes,Yes,Yes,,170,Yonge-Bay Corridor,76,Bay Street Corridor (76),D52,"{""coordinates"": [[-79.38405900056, 43.6463110004575]], ""type"": ""MultiPoint""}",2022
17785,17786,2001252821.0,2022-07-01,2341,WELLINGTON ST W,UNIVERSITY AVE,,Major Arterial,Toronto and East York,At Intersection,Traffic Signal,Clear,"Dark, artificial",Wet,Fatal,Pedestrian Collisions,Driver,45 to 49,Minimal,,North,"Automobile, Station Wagon",Going Ahead,Driving Properly,Normal,,,,,,,Yes,,Yes,,,,,Yes,,Yes,Yes,Yes,,170,Yonge-Bay Corridor,76,Bay Street Corridor (76),D52,"{""coordinates"": [[-79.38405900056, 43.6463110004575]], ""type"": ""MultiPoint""}",2022
17786,17787,2001252821.0,2022-07-01,2341,WELLINGTON ST W,UNIVERSITY AVE,,Major Arterial,Toronto and East York,At Intersection,Traffic Signal,Clear,"Dark, artificial",Wet,Fatal,Pedestrian Collisions,Passenger,50 to 54,Minimal,,,,,,,,,,,,,Yes,,Yes,,,,,Yes,,Yes,Yes,Yes,,170,Yonge-Bay Corridor,76,Bay Street Corridor (76),D52,"{""coordinates"": [[-79.38405900056, 43.6463110004575]], ""type"": ""MultiPoint""}",2022
17787,17788,2001253169.0,2022-07-02,42,ADELAIDE ST E,YONGE ST,,Major Arterial,Toronto and East York,At Intersection,Traffic Signal,Clear,"Dark, artificial",Dry,Non-Fatal Injury,Pedestrian Collisions,Driver,20 to 24,,,East,"Automobile, Station Wagon",Going Ahead,Exceeding Speed Limit,Normal,,,,,,,Yes,,Yes,,,,,,Yes,Yes,,,,168,Downtown Yonge East,75,Church-Yonge Corridor (75),D51,"{""coordinates"": [[-79.3784290001224, 43.6503360001783]], ""type"": ""MultiPoint""}",2022
17788,17789,2001253169.0,2022-07-02,42,ADELAIDE ST E,YONGE ST,,Major Arterial,Toronto and East York,At Intersection,Traffic Signal,Clear,"Dark, artificial",Dry,Non-Fatal Injury,Pedestrian Collisions,Pedestrian,20 to 24,Major,,South,,,,,Vehicle is going straight thru inter.while ped cross without ROW,Crossing without right of way,Normal,,,,Yes,,Yes,,,,,,Yes,Yes,,,,168,Downtown Yonge East,75,Church-Yonge Corridor (75),D51,"{""coordinates"": [[-79.3784290001224, 43.6503360001783]], ""type"": ""MultiPoint""}",2022
17789,17790,2001257548.0,2022-07-02,1809,ADELAIDE ST W,PORTLAND ST,8 m East of,Major Arterial,Toronto and East York,At Intersection,Traffic Signal,Clear,Daylight,Dry,Non-Fatal Injury,Cyclist Collisions,Truck Driver,45 to 49,,,North,Truck (other),Turning Right,Failed to Yield Right of Way,Normal,,,,,,,,Yes,,,Yes,,,,,Yes,,,,164,Wellington Place,77,Waterfront Communities-The Island (77),D14,"{""coordinates"": [[-79.4005919997893, 43.645658999859]], ""type"": ""MultiPoint""}",2022
17790,17791,2001257548.0,2022-07-02,1809,ADELAIDE ST W,PORTLAND ST,8 m East of,Major Arterial,Toronto and East York,At Intersection,Traffic Signal,Clear,Daylight,Dry,Non-Fatal Injury,Cyclist Collisions,Cyclist,15 to 19,Major,,North,Bicycle,Going Ahead,,,,,,Motorist turning right on green or amber at signalized intersection strikes cyclist.,Driving Properly,Normal,,Yes,,,Yes,,,,,Yes,,,,164,Wellington Place,77,Waterfront Communities-The Island (77),D14,"{""coordinates"": [[-79.4005919997893, 43.645658999859]], ""type"": ""MultiPoint""}",2022
17791,17792,2001265655.0,2022-07-03,2245,701 WARDEN AVE,,,Minor Arterial,Scarborough,Non Intersection,No Control,Clear,"Dusk, artificial",Dry,Fatal,Rear End,Driver,40 to 44,,,South,"Automobile, Station Wagon",Going Ahead,Driving Properly,Normal,,,,,,,,,Yes,,,,,Yes,,,,,,121,Oakridge,121,Oakridge (121),D41,"{""coordinates"": [[-79.28032200043, 43.710311000302]], ""type"": ""MultiPoint""}",2022
17792,17793,2001265655.0,2022-07-03,2245,701 WARDEN AVE,,,Minor Arterial,Scarborough,Non Intersection,No Control,Clear,"Dusk, artificial",Dry,Fatal,Rear End,Driver,55 to 59,Major,,North,"Automobile, Station Wagon",Going Ahead,Driving Properly,Normal,,,,,,,,,Yes,,,,,Yes,,,,,,121,Oakridge,121,Oakridge (121),D41,"{""coordinates"": [[-79.28032200043, 43.710311000302]], ""type"": ""MultiPoint""}",2022
17793,17794,2001265655.0,2022-07-03,2245,701 WARDEN AVE,,,Minor Arterial,Scarborough,Non Intersection,No Control,Clear,"Dusk, artificial",Dry,Fatal,Rear End,Passenger,45 to 49,Minor,,,,,,,,,,,,,,,Yes,,,,,Yes,,,,,,121,Oakridge,121,Oakridge (121),D41,"{""coordinates"": [[-79.28032200043, 43.710311000302]], ""type"": ""MultiPoint""}",2022
17794,17795,2001265655.0,2022-07-03,2245,701 WARDEN AVE,,,Minor Arterial,Scarborough,Non Intersection,No Control,Clear,"Dusk, artificial",Dry,Fatal,Rear End,Passenger,75 to 79,Major,,,,,,,,,,,,,,,Yes,,,,,Yes,,,,,,121,Oakridge,121,Oakridge (121),D41,"{""coordinates"": [[-79.28032200043, 43.710311000302]], ""type"": ""MultiPoint""}",2022
17795,17796,2001265655.0,2022-07-03,2245,701 WARDEN AVE,,,Minor Arterial,Scarborough,Non Intersection,No Control,Clear,"Dusk, artificial",Dry,Fatal,Rear End,Passenger,0 to 4,,,,,,,,,,,,,,,,Yes,,,,,Yes,,,,,,121,Oakridge,121,Oakridge (121),D41,"{""coordinates"": [[-79.28032200043, 43.710311000302]], ""type"": ""MultiPoint""}",2022
17796,17797,2001265655.0,2022-07-03,2245,701 WARDEN AVE,,,Minor Arterial,Scarborough,Non Intersection,No Control,Clear,"Dusk, artificial",Dry,Fatal,Rear End,Passenger,5 to 9,,,,,,,,,,,,,,,,Yes,,,,,Yes,,,,,,121,Oakridge,121,Oakridge (121),D41,"{""coordinates"": [[-79.28032200043, 43.710311000302]], ""type"": ""MultiPoint""}",2022
17797,17798,2001265655.0,2022-07-03,2245,701 WARDEN AVE,,,Minor Arterial,Scarborough,Non Intersection,No Control,Clear,"Dusk, artificial",Dry,Fatal,Rear End,Driver,85 to 89,Fatal,26.0,South,"Automobile, Station Wagon",Going Ahead,Lost control,Unknown,,,,,,,,,Yes,,,,,Yes,,,,,,121,Oakridge,121,Oakridge (121),D41,"{""coordinates"": [[-79.28032200043, 43.710311000302]], ""type"": ""MultiPoint""}",2022
17798,17799,2001272860.0,2022-07-04,2145,LAKE SHORE BV W,ONTARIO PLACE BV,25 m East of,Major Arterial,Toronto and East York,Non Intersection,No Control,Clear,"Dark, artificial",Dry,Non-Fatal Injury,Sideswipe,Motorcycle Driver,20 to 24,Major,,East,Motorcycle,Going Ahead,Exceeding Speed Limit,Inattentive,,,,,,,,,Yes,Yes,,,,,Yes,Yes,,,,163,Fort York-Liberty Village,82,Niagara (82),D14,"{""coordinates"": [[-79.4108919994247, 43.6323759996436]], ""type"": ""MultiPoint""}",2022
17799,17800,2001272860.0,2022-07-04,2145,LAKE SHORE BV W,ONTARIO PLACE BV,25 m East of,Major Arterial,Toronto and East York,Non Intersection,No Control,Clear,"Dark, artificial",Dry,Non-Fatal Injury,Sideswipe,Driver,30 to 34,,,East,Pick Up Truck,Going Ahead,Driving Properly,Normal,,,,,,,,,Yes,Yes,,,,,Yes,Yes,,,,163,Fort York-Liberty Village,82,Niagara (82),D14,"{""coordinates"": [[-79.4108919994247, 43.6323759996436]], ""type"": ""MultiPoint""}",2022
17800,17801,2001286974.0,2022-07-06,1945,KING ST W,GWYNNE AVE,5 m South of,Major Arterial,Toronto and East York,Intersection Related,No Control,Clear,"Dusk, artificial",Dry,Non-Fatal Injury,Pedestrian Collisions,Driver,25 to 29,,,West,"Automobile, Station Wagon",Going Ahead,Driving Properly,Normal,,,,,,,Yes,,Yes,,,,,,,,,,,85,South Parkdale,85,South Parkdale (85),D14,"{""coordinates"": [[-79.4288209997855, 43.6385789997678]], ""type"": ""MultiPoint""}",2022
17801,17802,2001286974.0,2022-07-06,1945,KING ST W,GWYNNE AVE,5 m South of,Major Arterial,Toronto and East York,Intersection Related,No Control,Clear,"Dusk, artificial",Dry,Non-Fatal Injury,Pedestrian Collisions,Pedestrian,25 to 29,Major,,North,,,,,Vehicle is going straight thru inter.while ped cross without ROW,Crossing without right of way,Inattentive,,,,Yes,,Yes,,,,,,,,,,,85,South Parkdale,85,South Parkdale (85),D14,"{""coordinates"": [[-79.4288209997855, 43.6385789997678]], ""type"": ""MultiPoint""}",2022
17802,17803,2001292860.0,2022-07-07,1605,KEELE ST,MURRAY ROSS PARKWAY,,Major Arterial,North York,At Intersection,Traffic Signal,Clear,Daylight,Dry,Non-Fatal Injury,Cyclist Collisions,Truck Driver,55 to 59,,,West,Truck-Tractor,Turning Right,Improper Turn,Inattentive,,,,,,,,Yes,,,Yes,,,,,,,,,27,York University Heights,27,York University Heights (27),D31,"{""coordinates"": [[-79.4920000002266, 43.7672410003918]], ""type"": ""MultiPoint""}",2022
17803,17804,2001292860.0,2022-07-07,1605,KEELE ST,MURRAY ROSS PARKWAY,,Major Arterial,North York,At Intersection,Traffic Signal,Clear,Daylight,Dry,Non-Fatal Injury,Cyclist Collisions,Cyclist,70 to 74,Major,,South,Bicycle,Going Ahead,,,,,,Motorist turning right on red at signalized intersection strikes cyclist.,Driving Properly,Normal,,Yes,,,Yes,,,,,,,,,27,York University Heights,27,York University Heights (27),D31,"{""coordinates"": [[-79.4920000002266, 43.7672410003918]], ""type"": ""MultiPoint""}",2022
17804,17805,2001311462.0,2022-07-09,2233,DON VALLEY PARKWAY  S,DVP S YORK MILLS E RAMP,30 m North o,Expressway,North York,Non Intersection,No Control,Clear,"Dark, artificial",Dry,Non-Fatal Injury,Rear End,Driver,20 to 24,Major,,South,Motorcycle,Going Ahead,Lost control,Unknown,,,,,,,,,Yes,Yes,,,,Yes,Yes,Yes,,,,149,Parkwoods-O'Connor Hills,45,Parkwoods-Donalda (45),D33,"{""coordinates"": [[-79.335994000213, 43.7585970002394]], ""type"": ""MultiPoint""}",2022
17805,17806,2001311462.0,2022-07-09,2233,DON VALLEY PARKWAY  S,DVP S YORK MILLS E RAMP,30 m North o,Expressway,North York,Non Intersection,No Control,Clear,"Dark, artificial",Dry,Non-Fatal Injury,Rear End,Driver,30 to 34,,,South,"Automobile, Station Wagon",Slowing or Stopping,Driving Properly,Normal,,,,,,,,,Yes,Yes,,,,Yes,Yes,Yes,,,,149,Parkwoods-O'Connor Hills,45,Parkwoods-Donalda (45),D33,"{""coordinates"": [[-79.335994000213, 43.7585970002394]], ""type"": ""MultiPoint""}",2022
17806,17807,2001311462.0,2022-07-09,2233,DON VALLEY PARKWAY  S,DVP S YORK MILLS E RAMP,30 m North o,Expressway,North York,Non Intersection,No Control,Clear,"Dark, artificial",Dry,Non-Fatal Injury,Rear End,Passenger,20 to 24,,,,,,,,,,,,,,,,Yes,Yes,,,,Yes,Yes,Yes,,,,149,Parkwoods-O'Connor Hills,45,Parkwoods-Donalda (45),D33,"{""coordinates"": [[-79.335994000213, 43.7585970002394]], ""type"": ""MultiPoint""}",2022
17807,17808,2001311462.0,2022-07-09,2233,DON VALLEY PARKWAY  S,DVP S YORK MILLS E RAMP,30 m North o,Expressway,North York,Non Intersection,No Control,Clear,"Dark, artificial",Dry,Non-Fatal Injury,Rear End,Passenger,30 to 34,,,,,,,,,,,,,,,,Yes,Yes,,,,Yes,Yes,Yes,,,,149,Parkwoods-O'Connor Hills,45,Parkwoods-Donalda (45),D33,"{""coordinates"": [[-79.335994000213, 43.7585970002394]], ""type"": ""MultiPoint""}",2022
17808,17809,2001311462.0,2022-07-09,2233,DON VALLEY PARKWAY  S,DVP S YORK MILLS E RAMP,30 m North o,Expressway,North York,Non Intersection,No Control,Clear,"Dark, artificial",Dry,Non-Fatal Injury,Rear End,Passenger,20 to 24,,,,,,,,,,,,,,,,Yes,Yes,,,,Yes,Yes,Yes,,,,149,Parkwoods-O'Connor Hills,45,Parkwoods-Donalda (45),D33,"{""coordinates"": [[-79.335994000213, 43.7585970002394]], ""type"": ""MultiPoint""}",2022
17809,17810,2001318455.0,2022-07-11,3,GUILDWOOD PKWY,GALLOWAY RD,,Minor Arterial,Scarborough,At Intersection,Stop Sign,Clear,"Dark, artificial",Dry,Non-Fatal Injury,Approaching,Driver,20 to 24,Major,,East,"Automobile, Station Wagon",Going Ahead,Disobeyed Traffic Control,Other,,,,,,,,,Yes,,,,,Yes,Yes,Yes,,,,140,Guildwood,140,Guildwood (140),D43,"{""coordinates"": [[-79.1893799999831, 43.7495940003515]], ""type"": ""MultiPoint""}",2022
17810,17811,2001318455.0,2022-07-11,3,GUILDWOOD PKWY,GALLOWAY RD,,Minor Arterial,Scarborough,At Intersection,Stop Sign,Clear,"Dark, artificial",Dry,Non-Fatal Injury,Approaching,Driver,40 to 44,Minor,,West,"Automobile, Station Wagon",Going Ahead,Driving Properly,Normal,,,,,,,,,Yes,,,,,Yes,Yes,Yes,,,,140,Guildwood,140,Guildwood (140),D43,"{""coordinates"": [[-79.1893799999831, 43.7495940003515]], ""type"": ""MultiPoint""}",2022
17811,17812,2001318455.0,2022-07-11,3,GUILDWOOD PKWY,GALLOWAY RD,,Minor Arterial,Scarborough,At Intersection,Stop Sign,Clear,"Dark, artificial",Dry,Non-Fatal Injury,Approaching,Passenger,40 to 44,Minor,,,,,,,,,,,,,,,Yes,,,,,Yes,Yes,Yes,,,,140,Guildwood,140,Guildwood (140),D43,"{""coordinates"": [[-79.1893799999831, 43.7495940003515]], ""type"": ""MultiPoint""}",2022
17812,17813,2001319854.0,2022-07-11,749,F G GARDINER XY  E,GARDINER E LOWER JARVIS RAMP,5 m North of,Expressway,Toronto and East York,Non Intersection,No Control,Clear,Daylight,Dry,Non-Fatal Injury,Rear End,Truck Driver,55 to 59,,,East,Truck - Open,Slowing or Stopping,Following too Close,Normal,,,,,,,,,Yes,,Yes,,,,,Yes,,,,166,St Lawrence-East Bayfront-The Islands,77,Waterfront Communities-The Island (77),D52,"{""coordinates"": [[-79.3798779998983, 43.6419970004022]], ""type"": ""MultiPoint""}",2022
17813,17814,2001319854.0,2022-07-11,749,F G GARDINER XY  E,GARDINER E LOWER JARVIS RAMP,5 m North of,Expressway,Toronto and East York,Non Intersection,No Control,Clear,Daylight,Dry,Non-Fatal Injury,Rear End,Driver,50 to 54,Major,,East,"Automobile, Station Wagon",Slowing or Stopping,Driving Properly,Normal,,,,,,,,,Yes,,Yes,,,,,Yes,,,,166,St Lawrence-East Bayfront-The Islands,77,Waterfront Communities-The Island (77),D52,"{""coordinates"": [[-79.3798779998983, 43.6419970004022]], ""type"": ""MultiPoint""}",2022
17814,17815,2001319854.0,2022-07-11,749,F G GARDINER XY  E,GARDINER E LOWER JARVIS RAMP,5 m North of,Expressway,Toronto and East York,Non Intersection,No Control,Clear,Daylight,Dry,Non-Fatal Injury,Rear End,Driver,65 to 69,,,East,"Automobile, Station Wagon",Stopped,Driving Properly,Normal,,,,,,,,,Yes,,Yes,,,,,Yes,,,,166,St Lawrence-East Bayfront-The Islands,77,Waterfront Communities-The Island (77),D52,"{""coordinates"": [[-79.3798779998983, 43.6419970004022]], ""type"": ""MultiPoint""}",2022
17815,17816,2001329600.0,2022-07-12,1407,QUEEN ST W,BROCK AVE,,Major Arterial,Toronto and East York,At Intersection,Traffic Signal,Clear,Daylight,Dry,Non-Fatal Injury,Pedestrian Collisions,Driver,30 to 34,Minor,,East,"Automobile, Station Wagon",Turning Left,Improper Turn,Normal,,,,,,,Yes,,Yes,,,,,,,,,,,85,South Parkdale,85,South Parkdale (85),D14,"{""coordinates"": [[-79.4323299999851, 43.641401999616]], ""type"": ""MultiPoint""}",2022
17816,17817,2001329600.0,2022-07-12,1407,QUEEN ST W,BROCK AVE,,Major Arterial,Toronto and East York,At Intersection,Traffic Signal,Clear,Daylight,Dry,Non-Fatal Injury,Pedestrian Collisions,Driver,60 to 64,,,West,"Automobile, Station Wagon",Going Ahead,Driving Properly,Normal,,,,,,,Yes,,Yes,,,,,,,,,,,85,South Parkdale,85,South Parkdale (85),D14,"{""coordinates"": [[-79.4323299999851, 43.641401999616]], ""type"": ""MultiPoint""}",2022
17817,17818,2001329600.0,2022-07-12,1407,QUEEN ST W,BROCK AVE,,Major Arterial,Toronto and East York,At Intersection,Traffic Signal,Clear,Daylight,Dry,Non-Fatal Injury,Pedestrian Collisions,Pedestrian,50 to 54,Major,,Unknown,,,,,Pedestrian hit on sidewalk or shoulder,On Sidewalk or Shoulder,Normal,,,,Yes,,Yes,,,,,,,,,,,85,South Parkdale,85,South Parkdale (85),D14,"{""coordinates"": [[-79.4323299999851, 43.641401999616]], ""type"": ""MultiPoint""}",2022
17818,17819,2001330011.0,2022-07-12,1508,JANE ST,FINCH AVE W,50 m South o,Major Arterial,North York,Non Intersection,No Control,Clear,Daylight,Dry,Non-Fatal Injury,Pedestrian Collisions,Driver,40 to 44,,,North,"Automobile, Station Wagon",Going Ahead,Driving Properly,Normal,,,,,,,Yes,,Yes,,,,,Yes,,,,,,25,Glenfield-Jane Heights,25,Glenfield-Jane Heights (25),D31,"{""coordinates"": [[-79.517574000026, 43.7566740001442]], ""type"": ""MultiPoint""}",2022
17819,17820,2001330011.0,2022-07-12,1508,JANE ST,FINCH AVE W,50 m South o,Major Arterial,North York,Non Intersection,No Control,Clear,Daylight,Dry,Non-Fatal Injury,Pedestrian Collisions,Passenger,60 to 64,,,,,,,,,,,,,,Yes,,Yes,,,,,Yes,,,,,,25,Glenfield-Jane Heights,25,Glenfield-Jane Heights (25),D31,"{""coordinates"": [[-79.517574000026, 43.7566740001442]], ""type"": ""MultiPoint""}",2022
17820,17821,2001330011.0,2022-07-12,1508,JANE ST,FINCH AVE W,50 m South o,Major Arterial,North York,Non Intersection,No Control,Clear,Daylight,Dry,Non-Fatal Injury,Pedestrian Collisions,Passenger,10 to 14,,,,,,,,,,,,,,Yes,,Yes,,,,,Yes,,,,,,25,Glenfield-Jane Heights,25,Glenfield-Jane Heights (25),D31,"{""coordinates"": [[-79.517574000026, 43.7566740001442]], ""type"": ""MultiPoint""}",2022
17821,17822,2001330011.0,2022-07-12,1508,JANE ST,FINCH AVE W,50 m South o,Major Arterial,North York,Non Intersection,No Control,Clear,Daylight,Dry,Non-Fatal Injury,Pedestrian Collisions,Passenger,0 to 4,,,,,,,,,,,,,,Yes,,Yes,,,,,Yes,,,,,,25,Glenfield-Jane Heights,25,Glenfield-Jane Heights (25),D31,"{""coordinates"": [[-79.517574000026, 43.7566740001442]], ""type"": ""MultiPoint""}",2022
17822,17823,2001330011.0,2022-07-12,1508,JANE ST,FINCH AVE W,50 m South o,Major Arterial,North York,Non Intersection,No Control,Clear,Daylight,Dry,Non-Fatal Injury,Pedestrian Collisions,Pedestrian,15 to 19,Major,,West,,,,,Pedestrian hit at mid-block,"Crossing, no Traffic Control",Normal,,,,Yes,,Yes,,,,,Yes,,,,,,25,Glenfield-Jane Heights,25,Glenfield-Jane Heights (25),D31,"{""coordinates"": [[-79.517574000026, 43.7566740001442]], ""type"": ""MultiPoint""}",2022
17823,17824,2001333771.0,2022-07-13,345,NORGROVE CRES,SUMMITCREST DR,50 m North o,Local,Etobicoke York,Non Intersection,No Control,Clear,"Dark, artificial",Dry,Non-Fatal Injury,Pedestrian Collisions,Driver,30 to 34,Minor,,North,"Automobile, Station Wagon",Going Ahead,Other,Unknown,,,,,,,Yes,,Yes,,,,,,,,,,,7,Willowridge-Martingrove-Richview,7,Willowridge-Martingrove-Richview (7),D23,"{""coordinates"": [[-79.5292539997443, 43.6863350002523]], ""type"": ""MultiPoint""}",2022
17824,17825,2001333771.0,2022-07-13,345,NORGROVE CRES,SUMMITCREST DR,50 m North o,Local,Etobicoke York,Non Intersection,No Control,Clear,"Dark, artificial",Dry,Non-Fatal Injury,Pedestrian Collisions,Pedestrian,30 to 34,Major,,East,,,,,Pedestrian hit at mid-block,Running onto Roadway,Other,,,,Yes,,Yes,,,,,,,,,,,7,Willowridge-Martingrove-Richview,7,Willowridge-Martingrove-Richview (7),D23,"{""coordinates"": [[-79.5292539997443, 43.6863350002523]], ""type"": ""MultiPoint""}",2022
17825,17826,2001336552.0,2022-07-13,1311,LAKESHORE BLVD E,YONGE ST,60 m East of,Major Arterial,Toronto and East York,Non Intersection,No Control,Clear,Daylight,Dry,Non-Fatal Injury,Rear End,Driver,30 to 34,Major,,West,"Automobile, Station Wagon",Changing Lanes,Improper Lane Change,Inattentive,,,,,,,,,Yes,,Yes,,,,,Yes,,,,166,St Lawrence-East Bayfront-The Islands,77,Waterfront Communities-The Island (77),D51,"{""coordinates"": [[-79.3749880004828, 43.6443159997498]], ""type"": ""MultiPoint""}",2022
17826,17827,2001336552.0,2022-07-13,1311,LAKESHORE BLVD E,YONGE ST,60 m East of,Major Arterial,Toronto and East York,Non Intersection,No Control,Clear,Daylight,Dry,Non-Fatal Injury,Rear End,Truck Driver,50 to 54,,,West,"Truck - Closed (Blazer, etc)",Going Ahead,Following too Close,Inattentive,,,,,,,,,Yes,,Yes,,,,,Yes,,,,166,St Lawrence-East Bayfront-The Islands,77,Waterfront Communities-The Island (77),D51,"{""coordinates"": [[-79.3749880004828, 43.6443159997498]], ""type"": ""MultiPoint""}",2022
17827,17828,2001340330.0,2022-07-13,2338,EGLINTON AVE E,DANFORTH RD,20 m South o,Major Arterial,Scarborough,At Intersection,Traffic Signal,Clear,Dark,Dry,Non-Fatal Injury,Pedestrian Collisions,Driver,50 to 54,,,West,"Automobile, Station Wagon",Turning Left,Improper Turn,Normal,,,,,,,Yes,,Yes,,,,,,,,,,,138,Eglinton East,138,Eglinton East (138),D43,"{""coordinates"": [[-79.2461269994017, 43.7370249996032]], ""type"": ""MultiPoint""}",2022
17828,17829,2001340330.0,2022-07-13,2338,EGLINTON AVE E,DANFORTH RD,20 m South o,Major Arterial,Scarborough,At Intersection,Traffic Signal,Clear,Dark,Dry,Non-Fatal Injury,Pedestrian Collisions,Pedestrian,50 to 54,Major,,West,,,,,Vehicle turns left while ped crosses with ROW at inter.,Crossing with right of way,Normal,,,,Yes,,Yes,,,,,,,,,,,138,Eglinton East,138,Eglinton East (138),D43,"{""coordinates"": [[-79.2461269994017, 43.7370249996032]], ""type"": ""MultiPoint""}",2022
17829,17830,2001344891.0,2022-07-14,1600,EVANS AVE,TREEVIEW DR,,Major Arterial,Etobicoke York,At Intersection,Traffic Signal,Clear,Daylight,Dry,Non-Fatal Injury,Cyclist Collisions,Driver,75 to 79,,,West,Passenger Van,Turning Left,Improper Turn,Inattentive,,,,,,,,Yes,Yes,,,,,,,,,,,20,Alderwood,20,Alderwood (20),D22,"{""coordinates"": [[-79.5363719996816, 43.6134400001665]], ""type"": ""MultiPoint""}",2022
17830,17831,2001344891.0,2022-07-14,1600,EVANS AVE,TREEVIEW DR,,Major Arterial,Etobicoke York,At Intersection,Traffic Signal,Clear,Daylight,Dry,Non-Fatal Injury,Cyclist Collisions,Cyclist,60 to 64,Major,,East,Bicycle,Going Ahead,,,,,,Motorist turned left across cyclists path.,Other,Inattentive,,Yes,Yes,,,,,,,,,,,20,Alderwood,20,Alderwood (20),D22,"{""coordinates"": [[-79.5363719996816, 43.6134400001665]], ""type"": ""MultiPoint""}",2022
17831,17832,2001353218.0,2022-07-15,1830,UNIVERSITY AVE,ELM ST,,Major Arterial,Toronto and East York,At Intersection,Traffic Signal,Clear,Daylight,Dry,Non-Fatal Injury,Angle,Driver,25 to 29,Major,,West,Other,Going Ahead,Disobeyed Traffic Control,Inattentive,,,,,,,,,Yes,,,,,,,Yes,Yes,,,78,Kensington-Chinatown,78,Kensington-Chinatown (78),D52,"{""coordinates"": [[-79.3889339994943, 43.6562529999459]], ""type"": ""MultiPoint""}",2022
17832,17833,2001353218.0,2022-07-15,1830,UNIVERSITY AVE,ELM ST,,Major Arterial,Toronto and East York,At Intersection,Traffic Signal,Clear,Daylight,Dry,Non-Fatal Injury,Angle,Driver,50 to 54,,,South,"Automobile, Station Wagon",Going Ahead,Driving Properly,Normal,,,,,,,,,Yes,,,,,,,Yes,Yes,,,78,Kensington-Chinatown,78,Kensington-Chinatown (78),D52,"{""coordinates"": [[-79.3889339994943, 43.6562529999459]], ""type"": ""MultiPoint""}",2022
17833,17834,2001354914.0,2022-07-15,2317,BATHURST ST,EGLINTON AVE W,3 m North of,Major Arterial,,At Intersection,Traffic Signal,Clear,Dark,Dry,Non-Fatal Injury,Cyclist Collisions,Cyclist,35 to 39,Major,,South,Bicycle,Going Ahead,,,,,,Cyclist and Driver travelling in same direction. One vehicle sideswipes the other.,Lost control,Had Been Drinking,,Yes,Yes,,,,,,,,,,,106,Humewood-Cedarvale,106,Humewood-Cedarvale (106),D13,"{""coordinates"": [[-79.4255630000528, 43.7008879996721]], ""type"": ""MultiPoint""}",2022