index,_id,ACCNUM,DATE,TIME,STREET1,STREET2,OFFSET,ROAD_CLASS,DISTRICT,ACCLOC,TRAFFCTL,VISIBILITY,LIGHT,RDSFCOND,ACCLASS,IMPACTYPE,INVTYPE,INVAGE,INJURY,FATAL_NO,INITDIR,VEHTYPE,MANOEUVER,DRIVACT,DRIVCOND,PEDTYPE,PEDACT,PEDCOND,CYCLISTYPE,CYCACT,CYCCOND,PEDESTRIAN,CYCLIST,AUTOMOBILE,MOTORCYCLE,TRUCK,TRSN_CITY_VEH,EMERG_VEH,PASSENGER,SPEEDING,AG_DRIV,REDLIGHT,ALCOHOL,DISABILITY,HOOD_158,NEIGHBOURHOOD_158,HOOD_140,NEIGHBOURHOOD_140,DIVISION,geometry,ACCIDENT_YEAR
17834,17835,2001354914.0,2022-07-15,2317,BATHURST ST,EGLINTON AVE W,3 m North of,Major Arterial,,At Intersection,Traffic Signal,Clear,Dark,Dry,Non-Fatal Injury,Cyclist Collisions,Driver,55 to 59,,,South,"Automobile, Station Wagon",Stopped,Driving Properly,Normal,,,,,,,,Yes,Yes,,,,,,,,,,,106,Humewood-Cedarvale,106,Humewood-Cedarvale (106),D13,"{""coordinates"": [[-79.4255630000528, 43.7008879996721]], ""type"": ""MultiPoint""}",2022
17835,17836,2001361814.0,2022-07-16,2237,NORTH QUEEN ST,MANSTOR RD,,Minor Arterial,Etobicoke York,Intersection Related,No Control,Clear,"Dark, artificial",Dry,Fatal,SMV Other,Motorcycle Driver,45 to 49,Fatal,27.0,West,Motorcycle,Going Ahead,Lost control,Unknown,,,,,,,,,,Yes,,,,,,,,,,159,Etobicoke City Centre,14,Islington-City Centre West (14),D22,"{""coordinates"": [[-79.5576279994599, 43.618143999611]], ""type"": ""MultiPoint""}",2022
17836,17837,2001364051.0,2022-07-17,946,KEELE ST,LAWRENCE AVE W,15 m North o,Major Arterial,North York,Intersection Related,Traffic Signal,Clear,Daylight,Dry,Non-Fatal Injury,Rear End,Driver,35 to 39,Major,,South,"Automobile, Station Wagon",Going Ahead,Exceeding Speed Limit,Unknown,,,,,,,,,Yes,,Yes,,,,Yes,Yes,,,,30,Brookhaven-Amesbury,30,Brookhaven-Amesbury (30),D12,"{""coordinates"": [[-79.4780379999923, 43.7086550000276]], ""type"": ""MultiPoint""}",2022
17837,17838,2001364051.0,2022-07-17,946,KEELE ST,LAWRENCE AVE W,15 m North o,Major Arterial,North York,Intersection Related,Traffic Signal,Clear,Daylight,Dry,Non-Fatal Injury,Rear End,Truck Driver,55 to 59,,,South,Truck - Dump,Stopped,Driving Properly,Normal,,,,,,,,,Yes,,Yes,,,,Yes,Yes,,,,30,Brookhaven-Amesbury,30,Brookhaven-Amesbury (30),D12,"{""coordinates"": [[-79.4780379999923, 43.7086550000276]], ""type"": ""MultiPoint""}",2022
17838,17839,2001379315.0,2022-07-19,1245,MORNINGSIDE AVE,MILITARY TRL,,Major Arterial,Scarborough,At Intersection,Traffic Signal,Clear,Daylight,Dry,Non-Fatal Injury,Pedestrian Collisions,Driver,40 to 44,,,South,"Automobile, Station Wagon",Turning Left,Failed to Yield Right of Way,Normal,,,,,,,Yes,,Yes,,,,,,,Yes,,,,135,Morningside,135,Morningside (135),D43,"{""coordinates"": [[-79.1943239998162, 43.7892059997211]], ""type"": ""MultiPoint""}",2022
17839,17840,2001379315.0,2022-07-19,1245,MORNINGSIDE AVE,MILITARY TRL,,Major Arterial,Scarborough,At Intersection,Traffic Signal,Clear,Daylight,Dry,Non-Fatal Injury,Pedestrian Collisions,Pedestrian,10 to 14,Major,,South,,,,,Vehicle turns left while ped crosses with ROW at inter.,Crossing with right of way,Normal,,,,Yes,,Yes,,,,,,,Yes,,,,135,Morningside,135,Morningside (135),D43,"{""coordinates"": [[-79.1943239998162, 43.7892059997211]], ""type"": ""MultiPoint""}",2022
17840,17841,2001380523.0,2022-07-19,1550,TRETHEWEY DR,BLACK CREEK DR,189 m West o,Minor Arterial,,Non Intersection,No Control,Clear,Daylight,Dry,Non-Fatal Injury,Turning Movement,Driver,20 to 24,,,East,"Automobile, Station Wagon",Turning Left,Improper Turn,Normal,,,,,,,,,Yes,Yes,,,,,,,,,,30,Brookhaven-Amesbury,30,Brookhaven-Amesbury (30),D12,"{""coordinates"": [[-79.4884670005751, 43.6955019995661]], ""type"": ""MultiPoint""}",2022
17841,17842,2001380523.0,2022-07-19,1550,TRETHEWEY DR,BLACK CREEK DR,189 m West o,Minor Arterial,,Non Intersection,No Control,Clear,Daylight,Dry,Non-Fatal Injury,Turning Movement,Motorcycle Driver,35 to 39,Major,,West,Motorcycle,Going Ahead,Driving Properly,Normal,,,,,,,,,Yes,Yes,,,,,,,,,,30,Brookhaven-Amesbury,30,Brookhaven-Amesbury (30),D12,"{""coordinates"": [[-79.4884670005751, 43.6955019995661]], ""type"": ""MultiPoint""}",2022
17842,17843,2001395408.0,2022-07-21,1510,WARDEN AVE,COMSTOCK RD,,Major Arterial,Scarborough,At Intersection,Traffic Signal,Clear,Daylight,Dry,Fatal,Pedestrian Collisions,Driver,75 to 79,,,South,"Automobile, Station Wagon",Going Ahead,Driving Properly,Normal,,,,,,,Yes,,Yes,,,,,Yes,,Yes,,,,120,Clairlea-Birchmount,120,Clairlea-Birchmount (120),D41,"{""coordinates"": [[-79.2849530006151, 43.7214610000432]], ""type"": ""MultiPoint""}",2022
17843,17844,2001395408.0,2022-07-21,1510,WARDEN AVE,COMSTOCK RD,,Major Arterial,Scarborough,At Intersection,Traffic Signal,Clear,Daylight,Dry,Fatal,Pedestrian Collisions,Pedestrian,35 to 39,Fatal,28.0,Unknown,,,,,Pedestrian hit on sidewalk or shoulder,On Sidewalk or Shoulder,Normal,,,,Yes,,Yes,,,,,Yes,,Yes,,,,120,Clairlea-Birchmount,120,Clairlea-Birchmount (120),D41,"{""coordinates"": [[-79.2849530006151, 43.7214610000432]], ""type"": ""MultiPoint""}",2022
17844,17845,2001395408.0,2022-07-21,1510,WARDEN AVE,COMSTOCK RD,,Major Arterial,Scarborough,At Intersection,Traffic Signal,Clear,Daylight,Dry,Fatal,Pedestrian Collisions,Passenger,20 to 24,,,,,,,,,,,,,,Yes,,Yes,,,,,Yes,,Yes,,,,120,Clairlea-Birchmount,120,Clairlea-Birchmount (120),D41,"{""coordinates"": [[-79.2849530006151, 43.7214610000432]], ""type"": ""MultiPoint""}",2022
17845,17846,2001395408.0,2022-07-21,1510,WARDEN AVE,COMSTOCK RD,,Major Arterial,Scarborough,At Intersection,Traffic Signal,Clear,Daylight,Dry,Fatal,Pedestrian Collisions,Driver,15 to 19,,,North,"Automobile, Station Wagon",Turning Left,Failed to Yield Right of Way,Normal,,,,,,,Yes,,Yes,,,,,Yes,,Yes,,,,120,Clairlea-Birchmount,120,Clairlea-Birchmount (120),D41,"{""coordinates"": [[-79.2849530006151, 43.7214610000432]], ""type"": ""MultiPoint""}",2022
17846,17847,2001404331.0,2022-07-22,1815,ST CLAIR AVE W,CALEDONIA RD,50 m East of,Major Arterial,Toronto and East York,Non Intersection,No Control,Clear,Daylight,Dry,Non-Fatal Injury,Pedestrian Collisions,Driver,55 to 59,,,West,Street Car,Going Ahead,Driving Properly,Normal,,,,,,,Yes,,,,,Yes,,,,Yes,,,,92,Corso Italia-Davenport,92,Corso Italia-Davenport (92),D13,"{""coordinates"": [[-79.4541890003159, 43.675386999887]], ""type"": ""MultiPoint""}",2022
17847,17848,2001404331.0,2022-07-22,1815,ST CLAIR AVE W,CALEDONIA RD,50 m East of,Major Arterial,Toronto and East York,Non Intersection,No Control,Clear,Daylight,Dry,Non-Fatal Injury,Pedestrian Collisions,Pedestrian,45 to 49,Major,,South,,,,,Pedestrian involved in a collision with transit vehicle anywhere along roadway,"Crossing, no Traffic Control",Normal,,,,Yes,,,,,Yes,,,,Yes,,,,92,Corso Italia-Davenport,92,Corso Italia-Davenport (92),D13,"{""coordinates"": [[-79.4541890003159, 43.675386999887]], ""type"": ""MultiPoint""}",2022
17848,17849,2001414066.0,2022-07-24,142,BRIMLEY RD,WATERFIELD DR,,Major Arterial,Scarborough,At Intersection,Traffic Signal,Clear,"Dark, artificial",Dry,Fatal,SMV Other,Motorcycle Driver,35 to 39,Fatal,29.0,South,Motorcycle,Going Ahead,Lost control,Unknown,,,,,,,,,,Yes,,,,,,,,,,156,Bendale-Glen Andrew,127,Bendale (127),D43,"{""coordinates"": [[-79.2595090000732, 43.7651279996632]], ""type"": ""MultiPoint""}",2022
17849,17850,2001417954.0,2022-07-24,1635,MIDLAND AVE,FINCH AVE E,2 m North of,Major Arterial,Scarborough,Non Intersection,No Control,Clear,Daylight,Dry,Non-Fatal Injury,Turning Movement,Driver,35 to 39,Major,,East,"Automobile, Station Wagon",Turning Left,Failed to Yield Right of Way,Inattentive,,,,,,,,,Yes,,,,,Yes,,Yes,,,,130,Milliken,130,Milliken (130),D42,"{""coordinates"": [[-79.2867390003632, 43.8045829997834]], ""type"": ""MultiPoint""}",2022
17850,17851,2001417954.0,2022-07-24,1635,MIDLAND AVE,FINCH AVE E,2 m North of,Major Arterial,Scarborough,Non Intersection,No Control,Clear,Daylight,Dry,Non-Fatal Injury,Turning Movement,Driver,65 to 69,Minor,,South,Pick Up Truck,Going Ahead,Driving Properly,Normal,,,,,,,,,Yes,,,,,Yes,,Yes,,,,130,Milliken,130,Milliken (130),D42,"{""coordinates"": [[-79.2867390003632, 43.8045829997834]], ""type"": ""MultiPoint""}",2022
17851,17852,2001417954.0,2022-07-24,1635,MIDLAND AVE,FINCH AVE E,2 m North of,Major Arterial,Scarborough,Non Intersection,No Control,Clear,Daylight,Dry,Non-Fatal Injury,Turning Movement,Passenger,40 to 44,,,,,,,,,,,,,,,,Yes,,,,,Yes,,Yes,,,,130,Milliken,130,Milliken (130),D42,"{""coordinates"": [[-79.2867390003632, 43.8045829997834]], ""type"": ""MultiPoint""}",2022
17852,17853,2001417954.0,2022-07-24,1635,MIDLAND AVE,FINCH AVE E,2 m North of,Major Arterial,Scarborough,Non Intersection,No Control,Clear,Daylight,Dry,Non-Fatal Injury,Turning Movement,Passenger,45 to 49,Minor,,,,,,,,,,,,,,,Yes,,,,,Yes,,Yes,,,,130,Milliken,130,Milliken (130),D42,"{""coordinates"": [[-79.2867390003632, 43.8045829997834]], ""type"": ""MultiPoint""}",2022
17853,17854,2001417954.0,2022-07-24,1635,MIDLAND AVE,FINCH AVE E,2 m North of,Major Arterial,Scarborough,Non Intersection,No Control,Clear,Daylight,Dry,Non-Fatal Injury,Turning Movement,Passenger,45 to 49,Minor,,,,,,,,,,,,,,,Yes,,,,,Yes,,Yes,,,,130,Milliken,130,Milliken (130),D42,"{""coordinates"": [[-79.2867390003632, 43.8045829997834]], ""type"": ""MultiPoint""}",2022
17854,17855,2001427156.0,2022-07-24,2254,REXDALE BLVD,KIPLING AVE,100 m East o,Major Arterial,Etobicoke York,Non Intersection,No Control,Rain,"Dark, artificial",Wet,Non-Fatal Injury,Pedestrian Collisions,Driver,45 to 49,Minimal,,East,"Automobile, Station Wagon",Going Ahead,Failed to Yield Right of Way,"Ability Impaired, Alcohol Over .08",,,,,,,Yes,,Yes,,,,,,,Yes,,Yes,,1,West Humber-Clairville,1,West Humber-Clairville (1),D23,"{""coordinates"": [[-79.5654559997675, 43.7118749996404]], ""type"": ""MultiPoint""}",2022
17855,17856,2001427156.0,2022-07-24,2254,REXDALE BLVD,KIPLING AVE,100 m East o,Major Arterial,Etobicoke York,Non Intersection,No Control,Rain,"Dark, artificial",Wet,Non-Fatal Injury,Pedestrian Collisions,Pedestrian,20 to 24,Major,,Unknown,,,,,Pedestrian hit at mid-block,Pushing/Working on Vehicle,Normal,,,,Yes,,Yes,,,,,,,Yes,,Yes,,1,West Humber-Clairville,1,West Humber-Clairville (1),D23,"{""coordinates"": [[-79.5654559997675, 43.7118749996404]], ""type"": ""MultiPoint""}",2022
17856,17857,2001421096.0,2022-07-25,403,KINGSTON RD,SCARBOROUGH GOLF CLUB RD,,Major Arterial,Scarborough,Intersection Related,Traffic Signal,Clear,Dawn,Dry,Fatal,SMV Other,Driver,50 to 54,Fatal,30.0,East,"Automobile, Station Wagon",Going Ahead,Lost control,Inattentive,,,,,,,,,Yes,,,,,,,,,,,140,Guildwood,140,Guildwood (140),D43,"{""coordinates"": [[-79.2093160003037, 43.7459280004564]], ""type"": ""MultiPoint""}",2022
17857,17858,2001422943.0,2022-07-25,950,PARK LAWN RD,LAKE SHORE BLVD W,N OF LAKE SH,Major Arterial,Etobicoke York,At Intersection,Traffic Signal,Clear,Daylight,Dry,Non-Fatal Injury,Pedestrian Collisions,Driver,80 to 84,Minimal,,South,"Automobile, Station Wagon",Turning Right,Failed to Yield Right of Way,Normal,,,,,,,Yes,,Yes,,,,,,,Yes,,,,161,Humber Bay Shores,17,Mimico (includes Humber Bay Shores) (17),D22,"{""coordinates"": [[-79.4832259997151, 43.6236559998806]], ""type"": ""MultiPoint""}",2022
17858,17859,2001422943.0,2022-07-25,950,PARK LAWN RD,LAKE SHORE BLVD W,N OF LAKE SH,Major Arterial,Etobicoke York,At Intersection,Traffic Signal,Clear,Daylight,Dry,Non-Fatal Injury,Pedestrian Collisions,Wheelchair,60 to 64,Major,,South,,,,,Vehicle turns right while ped crosses with ROW at inter.,Crossing with right of way,Normal,,,,Yes,,Yes,,,,,,,Yes,,,,161,Humber Bay Shores,17,Mimico (includes Humber Bay Shores) (17),D22,"{""coordinates"": [[-79.4832259997151, 43.6236559998806]], ""type"": ""MultiPoint""}",2022
17859,17860,2001426544.0,2022-07-25,2000,YORK ST,LAKESHORE W GARDINER,,Major Arterial,Toronto and East York,At Intersection,Traffic Signal,Clear,Daylight,Dry,Non-Fatal Injury,Turning Movement,Motorcycle Driver,25 to 29,Major,,South,Motorcycle,Turning Right,Improper Turn,Normal,,,,,,,,,,Yes,,Yes,,,,,,,,166,St Lawrence-East Bayfront-The Islands,77,Waterfront Communities-The Island (77),D52,"{""coordinates"": [[-79.3809460005927, 43.6416880003054]], ""type"": ""MultiPoint""}",2022
17860,17861,2001426544.0,2022-07-25,2000,YORK ST,LAKESHORE W GARDINER,,Major Arterial,Toronto and East York,At Intersection,Traffic Signal,Clear,Daylight,Dry,Non-Fatal Injury,Turning Movement,Driver,50 to 54,,,West,"Bus (Other) (Go Bus, Gray Coa",Going Ahead,Driving Properly,Normal,,,,,,,,,,Yes,,Yes,,,,,,,,166,St Lawrence-East Bayfront-The Islands,77,Waterfront Communities-The Island (77),D52,"{""coordinates"": [[-79.3809460005927, 43.6416880003054]], ""type"": ""MultiPoint""}",2022
17861,17862,2001452847.0,2022-07-29,1156,WILSON  AVE,BATHURST  ST,60 m West of,Major Arterial,North York,At/Near Private Drive,No Control,Clear,Daylight,Dry,Non-Fatal Injury,Pedestrian Collisions,Driver,45 to 49,,,West,"Automobile, Station Wagon",Pulling Onto Shoulder or towardCurb,Speed too Fast For Condition,Inattentive,,,,,,,Yes,,Yes,,,,,Yes,Yes,Yes,,,,33,Clanton Park,33,Clanton Park (33),D32,"{""coordinates"": [[-79.4350850000619, 43.7370590001359]], ""type"": ""MultiPoint""}",2022
17862,17863,2001452847.0,2022-07-29,1156,WILSON  AVE,BATHURST  ST,60 m West of,Major Arterial,North York,At/Near Private Drive,No Control,Clear,Daylight,Dry,Non-Fatal Injury,Pedestrian Collisions,Passenger,15 to 19,,,,,,,,,,,,,,Yes,,Yes,,,,,Yes,Yes,Yes,,,,33,Clanton Park,33,Clanton Park (33),D32,"{""coordinates"": [[-79.4350850000619, 43.7370590001359]], ""type"": ""MultiPoint""}",2022
17863,17864,2001452847.0,2022-07-29,1156,WILSON  AVE,BATHURST  ST,60 m West of,Major Arterial,North York,At/Near Private Drive,No Control,Clear,Daylight,Dry,Non-Fatal Injury,Pedestrian Collisions,Pedestrian,70 to 74,Major,,West,,,,,Pedestrian hit on sidewalk or shoulder,Other,Other,,,,Yes,,Yes,,,,,Yes,Yes,Yes,,,,33,Clanton Park,33,Clanton Park (33),D32,"{""coordinates"": [[-79.4350850000619, 43.7370590001359]], ""type"": ""MultiPoint""}",2022
17864,17865,2001453011.0,2022-07-29,1220,BRIMLEY RD,OMNI DR,,Major Arterial,Scarborough,Intersection Related,Traffic Signal,Clear,Daylight,Dry,Non-Fatal Injury,Turning Movement,Driver,85 to 89,,,North,"Automobile, Station Wagon",Going Ahead,Disobeyed Traffic Control,Inattentive,,,,,,,,,Yes,,,,,Yes,,Yes,Yes,,,156,Bendale-Glen Andrew,127,Bendale (127),D43,"{""coordinates"": [[-79.2618749998018, 43.7719409995571]], ""type"": ""MultiPoint""}",2022
17865,17866,2001453011.0,2022-07-29,1220,BRIMLEY RD,OMNI DR,,Major Arterial,Scarborough,Intersection Related,Traffic Signal,Clear,Daylight,Dry,Non-Fatal Injury,Turning Movement,Driver,50 to 54,Major,,East,"Automobile, Station Wagon",Turning Left,Driving Properly,Normal,,,,,,,,,Yes,,,,,Yes,,Yes,Yes,,,156,Bendale-Glen Andrew,127,Bendale (127),D43,"{""coordinates"": [[-79.2618749998018, 43.7719409995571]], ""type"": ""MultiPoint""}",2022
17866,17867,2001453011.0,2022-07-29,1220,BRIMLEY RD,OMNI DR,,Major Arterial,Scarborough,Intersection Related,Traffic Signal,Clear,Daylight,Dry,Non-Fatal Injury,Turning Movement,Passenger,75 to 79,,,,,,,,,,,,,,,,Yes,,,,,Yes,,Yes,Yes,,,156,Bendale-Glen Andrew,127,Bendale (127),D43,"{""coordinates"": [[-79.2618749998018, 43.7719409995571]], ""type"": ""MultiPoint""}",2022
17867,17868,2001456323.0,2022-07-29,2045,636 TRETHEWEY DR,,3 m West of,Minor Arterial,North York,At Intersection,No Control,Clear,"Dusk, artificial",Dry,Non-Fatal Injury,Turning Movement,Driver,40 to 44,Minimal,,East,"Automobile, Station Wagon",Turning Left,Speed too Fast For Condition,Inattentive,,,,,,,,,Yes,Yes,,,,Yes,Yes,Yes,,,,30,Brookhaven-Amesbury,30,Brookhaven-Amesbury (30),D12,"{""coordinates"": [[-79.4949909995305, 43.6969359997526]], ""type"": ""MultiPoint""}",2022
17868,17869,2001456323.0,2022-07-29,2045,636 TRETHEWEY DR,,3 m West of,Minor Arterial,North York,At Intersection,No Control,Clear,"Dusk, artificial",Dry,Non-Fatal Injury,Turning Movement,Motorcycle Driver,20 to 24,Major,,West,Motorcycle,Going Ahead,Driving Properly,Normal,,,,,,,,,Yes,Yes,,,,Yes,Yes,Yes,,,,30,Brookhaven-Amesbury,30,Brookhaven-Amesbury (30),D12,"{""coordinates"": [[-79.4949909995305, 43.6969359997526]], ""type"": ""MultiPoint""}",2022
17869,17870,2001456323.0,2022-07-29,2045,636 TRETHEWEY DR,,3 m West of,Minor Arterial,North York,At Intersection,No Control,Clear,"Dusk, artificial",Dry,Non-Fatal Injury,Turning Movement,Passenger,unknown,Minimal,,,,,,,,,,,,,,,Yes,Yes,,,,Yes,Yes,Yes,,,,30,Brookhaven-Amesbury,30,Brookhaven-Amesbury (30),D12,"{""coordinates"": [[-79.4949909995305, 43.6969359997526]], ""type"": ""MultiPoint""}",2022
17870,17871,2001457680.0,2022-07-30,45,DON VALLEY PARKWAY  N,LAWRENCE AVE E,250 m South ,Expressway,North York,Non Intersection,No Control,Clear,"Dark, artificial",Dry,Non-Fatal Injury,SMV Other,Driver,20 to 24,Major,,North,"Automobile, Station Wagon",Going Ahead,Lost control,Other,,,,,,,,,Yes,,,,,,,,,,,42,Banbury-Don Mills,42,Banbury-Don Mills (42),D33,"{""coordinates"": [[-79.3321720001713, 43.7374289997396]], ""type"": ""MultiPoint""}",2022
17871,17872,2001458223.0,2022-07-30,336,WILSON AVE,CLAYSON RD,,Major Arterial,North York,At Intersection,Traffic Signal,Clear,"Dark, artificial",Dry,Fatal,Pedestrian Collisions,Pedestrian,20 to 24,Fatal,31.0,North,,,,,Vehicle is going straight thru inter.while ped cross with ROW,Crossing with right of way,Normal,,,,Yes,,Yes,,,,,,Yes,Yes,,Yes,,154,Oakdale-Beverley Heights,26,Downsview-Roding-CFB (26),D31,"{""coordinates"": [[-79.5229980006202, 43.7176309999401]], ""type"": ""MultiPoint""}",2022
17872,17873,2001458223.0,2022-07-30,336,WILSON AVE,CLAYSON RD,,Major Arterial,North York,At Intersection,Traffic Signal,Clear,"Dark, artificial",Dry,Fatal,Pedestrian Collisions,Driver,40 to 44,,,East,"Automobile, Station Wagon",Going Ahead,Exceeding Speed Limit,"Ability Impaired, Alcohol",,,,,,,Yes,,Yes,,,,,,Yes,Yes,,Yes,,154,Oakdale-Beverley Heights,26,Downsview-Roding-CFB (26),D31,"{""coordinates"": [[-79.5229980006202, 43.7176309999401]], ""type"": ""MultiPoint""}",2022
17873,17874,2001458223.0,2022-07-30,336,WILSON AVE,CLAYSON RD,,Major Arterial,North York,At Intersection,Traffic Signal,Clear,"Dark, artificial",Dry,Fatal,Pedestrian Collisions,Driver,30 to 34,,,East,"Automobile, Station Wagon",Stopped,Driving Properly,Normal,,,,,,,Yes,,Yes,,,,,,Yes,Yes,,Yes,,154,Oakdale-Beverley Heights,26,Downsview-Roding-CFB (26),D31,"{""coordinates"": [[-79.5229980006202, 43.7176309999401]], ""type"": ""MultiPoint""}",2022
17874,17875,2001460697.0,2022-07-30,1356,NEILSON RD,SHEPPARD AVE E,,Major Arterial,Scarborough,At Intersection,Traffic Signal,Clear,Daylight,Dry,Non-Fatal Injury,Turning Movement,Driver,45 to 49,Minimal,,North,"Automobile, Station Wagon",Turning Left,Failed to Yield Right of Way,Normal,,,,,,,,,Yes,,,,,Yes,,Yes,,,,146,Malvern East,132,Malvern (132),D42,"{""coordinates"": [[-79.2176850001409, 43.7980410003493]], ""type"": ""MultiPoint""}",2022
17875,17876,2001460697.0,2022-07-30,1356,NEILSON RD,SHEPPARD AVE E,,Major Arterial,Scarborough,At Intersection,Traffic Signal,Clear,Daylight,Dry,Non-Fatal Injury,Turning Movement,Driver,20 to 24,Minimal,,South,"Automobile, Station Wagon",Going Ahead,Driving Properly,Normal,,,,,,,,,Yes,,,,,Yes,,Yes,,,,146,Malvern East,132,Malvern (132),D42,"{""coordinates"": [[-79.2176850001409, 43.7980410003493]], ""type"": ""MultiPoint""}",2022
17876,17877,2001460697.0,2022-07-30,1356,NEILSON RD,SHEPPARD AVE E,,Major Arterial,Scarborough,At Intersection,Traffic Signal,Clear,Daylight,Dry,Non-Fatal Injury,Turning Movement,Passenger,70 to 74,Major,,,,,,,,,,,,,,,Yes,,,,,Yes,,Yes,,,,146,Malvern East,132,Malvern (132),D42,"{""coordinates"": [[-79.2176850001409, 43.7980410003493]], ""type"": ""MultiPoint""}",2022
17877,17878,2001463724.0,2022-07-30,2201,WARDEN AVE,BAMBURGH CRCL,,Major Arterial,Scarborough,At Intersection,Traffic Signal,Clear,"Dark, artificial",Dry,Non-Fatal Injury,Pedestrian Collisions,Driver,25 to 29,,,East,Pick Up Truck,Going Ahead,Disobeyed Traffic Control,Normal,,,,,,,Yes,,Yes,,,,,,,Yes,Yes,,,116,Steeles,116,Steeles (116),D42,"{""coordinates"": [[-79.3233289999926, 43.8115639998505]], ""type"": ""MultiPoint""}",2022
17878,17879,2001463724.0,2022-07-30,2201,WARDEN AVE,BAMBURGH CRCL,,Major Arterial,Scarborough,At Intersection,Traffic Signal,Clear,"Dark, artificial",Dry,Non-Fatal Injury,Pedestrian Collisions,Pedestrian,15 to 19,Major,,South,,,,,Vehicle is going straight thru inter.while ped cross with ROW,Crossing with right of way,Normal,,,,Yes,,Yes,,,,,,,Yes,Yes,,,116,Steeles,116,Steeles (116),D42,"{""coordinates"": [[-79.3233289999926, 43.8115639998505]], ""type"": ""MultiPoint""}",2022
17879,17880,2001463724.0,2022-07-30,2201,WARDEN AVE,BAMBURGH CRCL,,Major Arterial,Scarborough,At Intersection,Traffic Signal,Clear,"Dark, artificial",Dry,Non-Fatal Injury,Pedestrian Collisions,Pedestrian,15 to 19,Major,,South,,,,,Vehicle is going straight thru inter.while ped cross with ROW,Crossing with right of way,Normal,,,,Yes,,Yes,,,,,,,Yes,Yes,,,116,Steeles,116,Steeles (116),D42,"{""coordinates"": [[-79.3233289999926, 43.8115639998505]], ""type"": ""MultiPoint""}",2022
17880,17881,2001464726.0,2022-07-31,112,KENNEDY RD,TRANSWAY CRES,,Major Arterial,Scarborough,At Intersection,No Control,Clear,"Dark, artificial",Dry,Fatal,Turning Movement,Motorcycle Driver,35 to 39,Fatal,32.0,North,Motorcycle,Going Ahead,Exceeding Speed Limit,Unknown,,,,,,,,,Yes,Yes,,,,Yes,Yes,Yes,,,,124,Kennedy Park,124,Kennedy Park (124),D41,"{""coordinates"": [[-79.2675200004156, 43.7311460002329]], ""type"": ""MultiPoint""}",2022
17881,17882,2001464726.0,2022-07-31,112,KENNEDY RD,TRANSWAY CRES,,Major Arterial,Scarborough,At Intersection,No Control,Clear,"Dark, artificial",Dry,Fatal,Turning Movement,Driver,30 to 34,,,South,"Automobile, Station Wagon",Turning Left,Driving Properly,Normal,,,,,,,,,Yes,Yes,,,,Yes,Yes,Yes,,,,124,Kennedy Park,124,Kennedy Park (124),D41,"{""coordinates"": [[-79.2675200004156, 43.7311460002329]], ""type"": ""MultiPoint""}",2022
17882,17883,2001464726.0,2022-07-31,112,KENNEDY RD,TRANSWAY CRES,,Major Arterial,Scarborough,At Intersection,No Control,Clear,"Dark, artificial",Dry,Fatal,Turning Movement,Passenger,15 to 19,,,,,,,,,,,,,,,,Yes,Yes,,,,Yes,Yes,Yes,,,,124,Kennedy Park,124,Kennedy Park (124),D41,"{""coordinates"": [[-79.2675200004156, 43.7311460002329]], ""type"": ""MultiPoint""}",2022
17883,17884,2001470034.0,2022-07-31,2025,DISCO RD,ATTWELL DR,,Collector,Etobicoke York,At Intersection,No Control,Clear,Daylight,Dry,Non-Fatal Injury,SMV Other,Motorcycle Driver,40 to 44,Major,,North,Motorcycle,Other,Lost control,Other,,,,,,,,,,Yes,,,,,,,,,,1,West Humber-Clairville,1,West Humber-Clairville (1),D23,"{""coordinates"": [[-79.6089209998108, 43.7013390002452]], ""type"": ""MultiPoint""}",2022
17884,17885,2001477527.0,2022-08-01,2222,STEELES AVE E,SEWELLS RD,,Minor Arterial,Scarborough,Non Intersection,No Control,Clear,Dark,Dry,Fatal,Approaching,Driver,40 to 44,Fatal,33.0,West,"Automobile, Station Wagon",Going Ahead,Driving Properly,Normal,,,,,,,,,Yes,,,,,Yes,Yes,Yes,,,,144,Morningside Heights,131,Rouge (131),D42,"{""coordinates"": [[-79.2073549997149, 43.8465300003721]], ""type"": ""MultiPoint""}",2022
17885,17886,2001477527.0,2022-08-01,2222,STEELES AVE E,SEWELLS RD,,Minor Arterial,Scarborough,Non Intersection,No Control,Clear,Dark,Dry,Fatal,Approaching,Driver,20 to 24,Major,,East,"Automobile, Station Wagon",Going Ahead,Exceeding Speed Limit,Normal,,,,,,,,,Yes,,,,,Yes,Yes,Yes,,,,144,Morningside Heights,131,Rouge (131),D42,"{""coordinates"": [[-79.2073549997149, 43.8465300003721]], ""type"": ""MultiPoint""}",2022
17886,17887,2001477527.0,2022-08-01,2222,STEELES AVE E,SEWELLS RD,,Minor Arterial,Scarborough,Non Intersection,No Control,Clear,Dark,Dry,Fatal,Approaching,Passenger,20 to 24,Minor,,,,,,,,,,,,,,,Yes,,,,,Yes,Yes,Yes,,,,144,Morningside Heights,131,Rouge (131),D42,"{""coordinates"": [[-79.2073549997149, 43.8465300003721]], ""type"": ""MultiPoint""}",2022
17887,17888,2001477527.0,2022-08-01,2222,STEELES AVE E,SEWELLS RD,,Minor Arterial,Scarborough,Non Intersection,No Control,Clear,Dark,Dry,Fatal,Approaching,Passenger,0 to 4,,,,,,,,,,,,,,,,Yes,,,,,Yes,Yes,Yes,,,,144,Morningside Heights,131,Rouge (131),D42,"{""coordinates"": [[-79.2073549997149, 43.8465300003721]], ""type"": ""MultiPoint""}",2022