index,_id,ACCNUM,DATE,TIME,STREET1,STREET2,OFFSET,ROAD_CLASS,DISTRICT,ACCLOC,TRAFFCTL,VISIBILITY,LIGHT,RDSFCOND,ACCLASS,IMPACTYPE,INVTYPE,INVAGE,INJURY,FATAL_NO,INITDIR,VEHTYPE,MANOEUVER,DRIVACT,DRIVCOND,PEDTYPE,PEDACT,PEDCOND,CYCLISTYPE,CYCACT,CYCCOND,PEDESTRIAN,CYCLIST,AUTOMOBILE,MOTORCYCLE,TRUCK,TRSN_CITY_VEH,EMERG_VEH,PASSENGER,SPEEDING,AG_DRIV,REDLIGHT,ALCOHOL,DISABILITY,HOOD_158,NEIGHBOURHOOD_158,HOOD_140,NEIGHBOURHOOD_140,DIVISION,geometry,ACCIDENT_YEAR
17888,17889,2001477527.0,2022-08-01,2222,STEELES AVE E,SEWELLS RD,,Minor Arterial,Scarborough,Non Intersection,No Control,Clear,Dark,Dry,Fatal,Approaching,Passenger,30 to 34,,,,,,,,,,,,,,,,Yes,,,,,Yes,Yes,Yes,,,,144,Morningside Heights,131,Rouge (131),D42,"{""coordinates"": [[-79.2073549997149, 43.8465300003721]], ""type"": ""MultiPoint""}",2022
17889,17890,2001477527.0,2022-08-01,2222,STEELES AVE E,SEWELLS RD,,Minor Arterial,Scarborough,Non Intersection,No Control,Clear,Dark,Dry,Fatal,Approaching,Passenger,5 to 9,,,,,,,,,,,,,,,,Yes,,,,,Yes,Yes,Yes,,,,144,Morningside Heights,131,Rouge (131),D42,"{""coordinates"": [[-79.2073549997149, 43.8465300003721]], ""type"": ""MultiPoint""}",2022
17890,17891,2001477527.0,2022-08-01,2222,STEELES AVE E,SEWELLS RD,,Minor Arterial,Scarborough,Non Intersection,No Control,Clear,Dark,Dry,Fatal,Approaching,Driver,35 to 39,,,West,"Automobile, Station Wagon",Going Ahead,Driving Properly,Normal,,,,,,,,,Yes,,,,,Yes,Yes,Yes,,,,144,Morningside Heights,131,Rouge (131),D42,"{""coordinates"": [[-79.2073549997149, 43.8465300003721]], ""type"": ""MultiPoint""}",2022
17891,17892,2001485578.0,2022-08-03,25,JANE ST,ALLIANCE AVE,100 m South ,Major Arterial,Toronto and East York,Non Intersection,No Control,Clear,"Dark, artificial",Dry,Non-Fatal Injury,Pedestrian Collisions,Driver,55 to 59,,,North,"Automobile, Station Wagon",Slowing or Stopping,Other,Other,,,,,,,Yes,,Yes,,,,,,,,,,,111,Rockcliffe-Smythe,111,Rockcliffe-Smythe (111),D12,"{""coordinates"": [[-79.4952580004115, 43.6751660004387]], ""type"": ""MultiPoint""}",2022
17892,17893,2001485578.0,2022-08-03,25,JANE ST,ALLIANCE AVE,100 m South ,Major Arterial,Toronto and East York,Non Intersection,No Control,Clear,"Dark, artificial",Dry,Non-Fatal Injury,Pedestrian Collisions,Pedestrian,20 to 24,Major,,Unknown,,,,,Other / Undefined,Other,Normal,,,,Yes,,Yes,,,,,,,,,,,111,Rockcliffe-Smythe,111,Rockcliffe-Smythe (111),D12,"{""coordinates"": [[-79.4952580004115, 43.6751660004387]], ""type"": ""MultiPoint""}",2022
17893,17894,2001487064.0,2022-08-03,855,DEAUVILLE LANE,GRENOBLE DR,,Collector,North York,At Intersection,Stop Sign,Clear,Daylight,Dry,Non-Fatal Injury,Pedestrian Collisions,Driver,90 to 94,,,North,"Automobile, Station Wagon",Going Ahead,Failed to Yield Right of Way,Inattentive,,,,,,,Yes,,Yes,,,,,,,Yes,,,,44,Flemingdon Park,44,Flemingdon Park (44),D55,"{""coordinates"": [[-79.3303409999316, 43.7165020000188]], ""type"": ""MultiPoint""}",2022
17894,17895,2001487064.0,2022-08-03,855,DEAUVILLE LANE,GRENOBLE DR,,Collector,North York,At Intersection,Stop Sign,Clear,Daylight,Dry,Non-Fatal Injury,Pedestrian Collisions,Pedestrian,40 to 44,Major,,West,,,,,Vehicle is going straight thru inter.while ped cross with ROW,Crossing with right of way,Normal,,,,Yes,,Yes,,,,,,,Yes,,,,44,Flemingdon Park,44,Flemingdon Park (44),D55,"{""coordinates"": [[-79.3303409999316, 43.7165020000188]], ""type"": ""MultiPoint""}",2022
17895,17896,2001490698.0,2022-08-03,1800,ROYAL YORK RD,STANLEY AVE,,Minor Arterial,Etobicoke York,At Intersection,No Control,Clear,Daylight,Dry,Fatal,Pedestrian Collisions,Driver,35 to 39,,,South,"Automobile, Station Wagon",Turning Left,Improper Turn,Inattentive,,,,,,,Yes,,Yes,,,,,,,,,,,160,Mimico-Queensway,17,Mimico (includes Humber Bay Shores) (17),D22,"{""coordinates"": [[-79.4975920000921, 43.6142530003223]], ""type"": ""MultiPoint""}",2022
17896,17897,2001490698.0,2022-08-03,1800,ROYAL YORK RD,STANLEY AVE,,Minor Arterial,Etobicoke York,At Intersection,No Control,Clear,Daylight,Dry,Fatal,Pedestrian Collisions,Pedestrian,85 to 89,Fatal,36.0,North,,Going Ahead,,,Vehicle turns left while ped crosses with ROW at inter.,Crossing with right of way,Normal,,,,Yes,,Yes,,,,,,,,,,,160,Mimico-Queensway,17,Mimico (includes Humber Bay Shores) (17),D22,"{""coordinates"": [[-79.4975920000921, 43.6142530003223]], ""type"": ""MultiPoint""}",2022
17897,17898,2001503800.0,2022-08-05,1533,VICTORIA PARK AVE,SURREY AVE,,Major Arterial,Scarborough,At/Near Private Drive,Traffic Signal,Clear,Daylight,Dry,Fatal,Turning Movement,Passenger,85 to 89,Fatal,34.0,,,,,,,,,,,,,,Yes,,,,,Yes,,Yes,,,,119,Wexford/Maryvale,119,Wexford/Maryvale (119),D41,"{""coordinates"": [[-79.3073909994678, 43.7361969996567]], ""type"": ""MultiPoint""}",2022
17898,17899,2001503800.0,2022-08-05,1533,VICTORIA PARK AVE,SURREY AVE,,Major Arterial,Scarborough,At/Near Private Drive,Traffic Signal,Clear,Daylight,Dry,Fatal,Turning Movement,Driver,25 to 29,Minor,,South,"Automobile, Station Wagon",Going Ahead,Driving Properly,Normal,,,,,,,,,Yes,,,,,Yes,,Yes,,,,119,Wexford/Maryvale,119,Wexford/Maryvale (119),D41,"{""coordinates"": [[-79.3073909994678, 43.7361969996567]], ""type"": ""MultiPoint""}",2022
17899,17900,2001503800.0,2022-08-05,1533,VICTORIA PARK AVE,SURREY AVE,,Major Arterial,Scarborough,At/Near Private Drive,Traffic Signal,Clear,Daylight,Dry,Fatal,Turning Movement,Driver,70 to 74,Minor,,North,"Automobile, Station Wagon",Turning Left,Failed to Yield Right of Way,Inattentive,,,,,,,,,Yes,,,,,Yes,,Yes,,,,119,Wexford/Maryvale,119,Wexford/Maryvale (119),D41,"{""coordinates"": [[-79.3073909994678, 43.7361969996567]], ""type"": ""MultiPoint""}",2022
17900,17901,2001503800.0,2022-08-05,1533,VICTORIA PARK AVE,SURREY AVE,,Major Arterial,Scarborough,At/Near Private Drive,Traffic Signal,Clear,Daylight,Dry,Fatal,Turning Movement,Passenger,15 to 19,Minor,,,,,,,,,,,,,,,Yes,,,,,Yes,,Yes,,,,119,Wexford/Maryvale,119,Wexford/Maryvale (119),D41,"{""coordinates"": [[-79.3073909994678, 43.7361969996567]], ""type"": ""MultiPoint""}",2022
17901,17902,2001504296.0,2022-08-05,1640,DUPONT ST,OSSINGTON AVE,1 m West of,Major Arterial,Etobicoke York,Intersection Related,Traffic Signal,Clear,Daylight,Dry,Property Damage O,Other,Driver,40 to 44,,,East,"Bus (Other) (Go Bus, Gray Coa",Changing Lanes,Driving Properly,Normal,,,,,,,,,,,,Yes,,Yes,,,,,,172,Dovercourt Village,93,Dovercourt-Wallace Emerson-Junction (93),D14,"{""coordinates"": [[-79.4289890001945, 43.6700239997683]], ""type"": ""MultiPoint""}",2022
17902,17903,2001504296.0,2022-08-05,1640,DUPONT ST,OSSINGTON AVE,1 m West of,Major Arterial,Etobicoke York,Intersection Related,Traffic Signal,Clear,Daylight,Dry,Property Damage O,Other,Passenger,55 to 59,Major,,,,,,,,,,,,,,,,,,Yes,,Yes,,,,,,172,Dovercourt Village,93,Dovercourt-Wallace Emerson-Junction (93),D14,"{""coordinates"": [[-79.4289890001945, 43.6700239997683]], ""type"": ""MultiPoint""}",2022
17903,17904,2001506529.0,2022-08-05,2231,QUEEN  ST E,ORCHARD PARK BLVD,12 m East of,Minor Arterial,Toronto and East York,Intersection Related,No Control,Clear,"Dark, artificial",Dry,Non-Fatal Injury,Pedestrian Collisions,Driver,60 to 64,,,East,Pick Up Truck,Going Ahead,Driving Properly,Normal,,,,,,,Yes,,Yes,,,,,,,,,,,63,The Beaches,63,The Beaches (63),D55,"{""coordinates"": [[-79.3135179994962, 43.6669570003622]], ""type"": ""MultiPoint""}",2022
17904,17905,2001506529.0,2022-08-05,2231,QUEEN  ST E,ORCHARD PARK BLVD,12 m East of,Minor Arterial,Toronto and East York,Intersection Related,No Control,Clear,"Dark, artificial",Dry,Non-Fatal Injury,Pedestrian Collisions,Pedestrian,60 to 64,Major,,North,,,,,Pedestrian hit at mid-block,"Crossing, no Traffic Control",Normal,,,,Yes,,Yes,,,,,,,,,,,63,The Beaches,63,The Beaches (63),D55,"{""coordinates"": [[-79.3135179994962, 43.6669570003622]], ""type"": ""MultiPoint""}",2022
17905,17906,2001507092.0,2022-08-06,40,ST CLAIR  AVE W,LAUGHTON  AVE,1662 St Clai,Major Arterial,Etobicoke York,At Intersection,Traffic Signal,Clear,"Dark, artificial",Dry,Non-Fatal Injury,Pedestrian Collisions,Driver,45 to 49,,,West,"Automobile, Station Wagon",Going Ahead,Other,"Ability Impaired, Alcohol",,,,,,,Yes,,Yes,,,,,,,,,Yes,,91,Weston-Pelham Park,91,Weston-Pellam Park (91),D11,"{""coordinates"": [[-79.4576069997796, 43.6746509995956]], ""type"": ""MultiPoint""}",2022
17906,17907,2001507092.0,2022-08-06,40,ST CLAIR  AVE W,LAUGHTON  AVE,1662 St Clai,Major Arterial,Etobicoke York,At Intersection,Traffic Signal,Clear,"Dark, artificial",Dry,Non-Fatal Injury,Pedestrian Collisions,Pedestrian,55 to 59,Major,,North,,,,,Vehicle is going straight thru inter.while ped cross without ROW,Crossing without right of way,Inattentive,,,,Yes,,Yes,,,,,,,,,Yes,,91,Weston-Pelham Park,91,Weston-Pellam Park (91),D11,"{""coordinates"": [[-79.4576069997796, 43.6746509995956]], ""type"": ""MultiPoint""}",2022
17907,17908,2001513623.0,2022-08-07,13,HIGHWAY 2A  E,HIGHLAND CREEK OVERPASS,200 m East o,Expressway,Scarborough,Non Intersection,No Control,Clear,Dark,Dry,Fatal,Pedestrian Collisions,Driver,45 to 49,,,East,"Automobile, Station Wagon",Going Ahead,Driving Properly,Normal,,,,,,,Yes,,Yes,,,,,,,,,,,133,Centennial Scarborough,133,Centennial Scarborough (133),D43,"{""coordinates"": [[-79.1651489998321, 43.7844030001636]], ""type"": ""MultiPoint""}",2022
17908,17909,2001513623.0,2022-08-07,13,HIGHWAY 2A  E,HIGHLAND CREEK OVERPASS,200 m East o,Expressway,Scarborough,Non Intersection,No Control,Clear,Dark,Dry,Fatal,Pedestrian Collisions,Pedestrian,45 to 49,Fatal,40.0,Unknown,,,,,Pedestrian hit at mid-block,"Crossing, no Traffic Control",Inattentive,,,,Yes,,Yes,,,,,,,,,,,133,Centennial Scarborough,133,Centennial Scarborough (133),D43,"{""coordinates"": [[-79.1651489998321, 43.7844030001636]], ""type"": ""MultiPoint""}",2022
17909,17910,2001514494.0,2022-08-07,414,KENNEDY RD,MERRIAN RD,18 m East of,Major Arterial,Scarborough,At Intersection,Traffic Signal,Clear,"Dark, artificial",Dry,Non-Fatal Injury,Pedestrian Collisions,Motorcycle Driver,30 to 34,Major,,South,Motorcycle,Going Ahead,Other,Unknown,,,,,,,Yes,,,Yes,,,,,,,,,,124,Kennedy Park,124,Kennedy Park (124),D41,"{""coordinates"": [[-79.2658799998627, 43.7273359998216]], ""type"": ""MultiPoint""}",2022
17910,17911,2001514494.0,2022-08-07,414,KENNEDY RD,MERRIAN RD,18 m East of,Major Arterial,Scarborough,At Intersection,Traffic Signal,Clear,"Dark, artificial",Dry,Non-Fatal Injury,Pedestrian Collisions,Pedestrian,60 to 64,Major,,West,,,,,Vehicle is going straight thru inter.while ped cross without ROW,Crossing without right of way,Normal,,,,Yes,,,Yes,,,,,,,,,,124,Kennedy Park,124,Kennedy Park (124),D41,"{""coordinates"": [[-79.2658799998627, 43.7273359998216]], ""type"": ""MultiPoint""}",2022
17911,17912,2001527997.0,2022-08-09,532,STEELES AVE W,BATHURST ST,,Major Arterial,North York,At Intersection,Traffic Signal,Clear,Dark,Dry,Fatal,Rear End,Passenger,30 to 34,Fatal,35.0,,,,,,,,,,,,,,Yes,,,,,Yes,,,,,,36,Newtonbrook West,36,Newtonbrook West (36),D32,"{""coordinates"": [[-79.4457120000348, 43.7923380002467]], ""type"": ""MultiPoint""}",2022
17912,17913,2001527997.0,2022-08-09,532,STEELES AVE W,BATHURST ST,,Major Arterial,North York,At Intersection,Traffic Signal,Clear,Dark,Dry,Fatal,Rear End,Driver,20 to 24,Major,,East,"Automobile, Station Wagon",Going Ahead,Lost control,Unknown,,,,,,,,,Yes,,,,,Yes,,,,,,36,Newtonbrook West,36,Newtonbrook West (36),D32,"{""coordinates"": [[-79.4457120000348, 43.7923380002467]], ""type"": ""MultiPoint""}",2022
17913,17914,2001527997.0,2022-08-09,532,STEELES AVE W,BATHURST ST,,Major Arterial,North York,At Intersection,Traffic Signal,Clear,Dark,Dry,Fatal,Rear End,Driver,60 to 64,Major,,East,"Automobile, Station Wagon",Stopped,Driving Properly,Normal,,,,,,,,,Yes,,,,,Yes,,,,,,36,Newtonbrook West,36,Newtonbrook West (36),D32,"{""coordinates"": [[-79.4457120000348, 43.7923380002467]], ""type"": ""MultiPoint""}",2022
17914,17915,2001535137.0,2022-08-10,648,525 ELM ST,,5 m South of,Collector,Toronto and East York,Non Intersection,No Control,Clear,Daylight,Dry,Non-Fatal Injury,Pedestrian Collisions,Driver,25 to 29,,,East,"Automobile, Station Wagon",Going Ahead,Driving Properly,Normal,,,,,,,Yes,,Yes,,,,,,,,,,,78,Kensington-Chinatown,78,Kensington-Chinatown (78),D52,"{""coordinates"": [[-79.3914979994219, 43.6558480003353]], ""type"": ""MultiPoint""}",2022
17915,17916,2001535137.0,2022-08-10,648,525 ELM ST,,5 m South of,Collector,Toronto and East York,Non Intersection,No Control,Clear,Daylight,Dry,Non-Fatal Injury,Pedestrian Collisions,Pedestrian,30 to 34,Major,,North,,,,,Pedestrian hit at mid-block,"Crossing, no Traffic Control",Normal,,,,Yes,,Yes,,,,,,,,,,,78,Kensington-Chinatown,78,Kensington-Chinatown (78),D52,"{""coordinates"": [[-79.3914979994219, 43.6558480003353]], ""type"": ""MultiPoint""}",2022
17916,17917,2001536072.0,2022-08-10,939,MARTIN GROVE RD,STEELES AVE W,15 m South o,Minor Arterial,Etobicoke York,Non Intersection,No Control,Clear,Daylight,Dry,Non-Fatal Injury,Pedestrian Collisions,Driver,50 to 54,,,West,"Automobile, Station Wagon",Turning Left,Driving Properly,Normal,,,,,,,Yes,,Yes,,,,,,,,,,,1,West Humber-Clairville,1,West Humber-Clairville (1),D23,"{""coordinates"": [[-79.6033360001388, 43.7577919996589]], ""type"": ""MultiPoint""}",2022
17917,17918,2001536072.0,2022-08-10,939,MARTIN GROVE RD,STEELES AVE W,15 m South o,Minor Arterial,Etobicoke York,Non Intersection,No Control,Clear,Daylight,Dry,Non-Fatal Injury,Pedestrian Collisions,Pedestrian,60 to 64,Major,,West,,,,,Pedestrian hit at mid-block,"Crossing, no Traffic Control",Normal,,,,Yes,,Yes,,,,,,,,,,,1,West Humber-Clairville,1,West Humber-Clairville (1),D23,"{""coordinates"": [[-79.6033360001388, 43.7577919996589]], ""type"": ""MultiPoint""}",2022
17918,17919,2001538160.0,2022-08-10,1438,BLOOR ST W,JOPLING AVE S,,Major Arterial,Etobicoke York,At Intersection,Stop Sign,Clear,Daylight,Dry,Fatal,Turning Movement,Motorcycle Driver,45 to 49,Fatal,38.0,East,Motorcycle,Going Ahead,Driving Properly,Normal,,,,,,,,,Yes,Yes,,,,,,Yes,,,,158,Islington,14,Islington-City Centre West (14),D22,"{""coordinates"": [[-79.5395159998564, 43.6408220003043]], ""type"": ""MultiPoint""}",2022
17919,17920,2001538160.0,2022-08-10,1438,BLOOR ST W,JOPLING AVE S,,Major Arterial,Etobicoke York,At Intersection,Stop Sign,Clear,Daylight,Dry,Fatal,Turning Movement,Driver,90 to 94,,,North,"Automobile, Station Wagon",Turning Left,Disobeyed Traffic Control,Normal,,,,,,,,,Yes,Yes,,,,,,Yes,,,,158,Islington,14,Islington-City Centre West (14),D22,"{""coordinates"": [[-79.5395159998564, 43.6408220003043]], ""type"": ""MultiPoint""}",2022
17920,17921,2001544933.0,2022-08-11,1314,QUEEN ST E,YONGE ST,1 m South of,Major Arterial,Toronto and East York,At Intersection,Traffic Signal,Clear,Daylight,Dry,Non-Fatal Injury,Turning Movement,Truck Driver,50 to 54,,,West,Truck - Dump,Turning Right,Disobeyed Traffic Control,Inattentive,,,,,,,,,,Yes,Yes,,,,,Yes,Yes,,,168,Downtown Yonge East,75,Church-Yonge Corridor (75),D51,"{""coordinates"": [[-79.3792219996679, 43.652369000049]], ""type"": ""MultiPoint""}",2022
17921,17922,2001544933.0,2022-08-11,1314,QUEEN ST E,YONGE ST,1 m South of,Major Arterial,Toronto and East York,At Intersection,Traffic Signal,Clear,Daylight,Dry,Non-Fatal Injury,Turning Movement,Motorcycle Driver,55 to 59,Major,,West,Motorcycle,Going Ahead,Driving Properly,Normal,,,,,,,,,,Yes,Yes,,,,,Yes,Yes,,,168,Downtown Yonge East,75,Church-Yonge Corridor (75),D51,"{""coordinates"": [[-79.3792219996679, 43.652369000049]], ""type"": ""MultiPoint""}",2022
17922,17923,2001549410.0,2022-08-12,410,DUFFERIN ST,GERRY FITZGERALD DR,,Major Arterial,North York,Non Intersection,No Control,Clear,"Dawn, artificial",Dry,Fatal,Approaching,Driver,30 to 34,Minor,,North,"Automobile, Station Wagon",Going Ahead,Lost control,Fatigue,,,,,,,,,Yes,,,,,,,,,,,34,Bathurst Manor,34,Bathurst Manor (34),D32,"{""coordinates"": [[-79.4701190005565, 43.783106000104]], ""type"": ""MultiPoint""}",2022
17923,17924,2001549410.0,2022-08-12,410,DUFFERIN ST,GERRY FITZGERALD DR,,Major Arterial,North York,Non Intersection,No Control,Clear,"Dawn, artificial",Dry,Fatal,Approaching,Driver,55 to 59,Fatal,37.0,South,"Automobile, Station Wagon",Going Ahead,Driving Properly,Normal,,,,,,,,,Yes,,,,,,,,,,,34,Bathurst Manor,34,Bathurst Manor (34),D32,"{""coordinates"": [[-79.4701190005565, 43.783106000104]], ""type"": ""MultiPoint""}",2022
17924,17925,2001553400.0,2022-08-12,1620,EGLINTON AVE E,DON VALLEY PKWY SOUTHBOUND RAM,5 m North of,Major Arterial,North York,Non Intersection,No Control,Clear,Daylight,Dry,Non-Fatal Injury,Cyclist Collisions,Cyclist,20 to 24,Major,,West,Bicycle,Going Ahead,,,,,,"Cyclist without ROW rides into path of motorist at inter, lnwy, dwy-Cyclist not turn.",Other,Inattentive,,Yes,Yes,,,,,,,,,,,44,Flemingdon Park,44,Flemingdon Park (44),D55,"{""coordinates"": [[-79.33041699989, 43.7229749997511]], ""type"": ""MultiPoint""}",2022
17925,17926,2001553400.0,2022-08-12,1620,EGLINTON AVE E,DON VALLEY PKWY SOUTHBOUND RAM,5 m North of,Major Arterial,North York,Non Intersection,No Control,Clear,Daylight,Dry,Non-Fatal Injury,Cyclist Collisions,Driver,55 to 59,,,West,"Automobile, Station Wagon",Turning Right,Driving Properly,Normal,,,,,,,,Yes,Yes,,,,,,,,,,,44,Flemingdon Park,44,Flemingdon Park (44),D55,"{""coordinates"": [[-79.33041699989, 43.7229749997511]], ""type"": ""MultiPoint""}",2022
17926,17927,2001555147.0,2022-08-12,2105,LAKE SHORE BLVD W [E/B],BRITISH COLUMBIA RD,29 m South o,Major Arterial,Toronto and East York,Non Intersection,Traffic Signal,Clear,Daylight,Dry,Non-Fatal Injury,Pedestrian Collisions,Driver,40 to 44,,,East,"Automobile, Station Wagon",Going Ahead,Driving Properly,Normal,,,,,,,Yes,,Yes,,,,,,,,,,,85,South Parkdale,85,South Parkdale (85),D14,"{""coordinates"": [[-79.4292630004565, 43.6311710000153]], ""type"": ""MultiPoint""}",2022
17927,17928,2001555147.0,2022-08-12,2105,LAKE SHORE BLVD W [E/B],BRITISH COLUMBIA RD,29 m South o,Major Arterial,Toronto and East York,Non Intersection,Traffic Signal,Clear,Daylight,Dry,Non-Fatal Injury,Pedestrian Collisions,Pedestrian,30 to 34,Major,,South,,,,,Vehicle is going straight thru inter.while ped cross without ROW,Crossing marked crosswalk without ROW,Normal,,,,Yes,,Yes,,,,,,,,,,,85,South Parkdale,85,South Parkdale (85),D14,"{""coordinates"": [[-79.4292630004565, 43.6311710000153]], ""type"": ""MultiPoint""}",2022
17928,17929,2001556474.0,2022-08-13,220,672 KENNEDY RD,,8 m East of,Major Arterial,Scarborough,Non Intersection,No Control,Clear,"Dark, artificial",Dry,Non-Fatal Injury,Rear End,Driver,25 to 29,,,South,"Automobile, Station Wagon",Going Ahead,Lost control,"Ability Impaired, Alcohol Over .08",,,,,,,,,Yes,,,,,Yes,,,,Yes,,124,Kennedy Park,124,Kennedy Park (124),D41,"{""coordinates"": [[-79.2655139995845, 43.726512000039]], ""type"": ""MultiPoint""}",2022
17929,17930,2001556474.0,2022-08-13,220,672 KENNEDY RD,,8 m East of,Major Arterial,Scarborough,Non Intersection,No Control,Clear,"Dark, artificial",Dry,Non-Fatal Injury,Rear End,Driver,40 to 44,,,South,"Automobile, Station Wagon",Stopped,Driving Properly,Normal,,,,,,,,,Yes,,,,,Yes,,,,Yes,,124,Kennedy Park,124,Kennedy Park (124),D41,"{""coordinates"": [[-79.2655139995845, 43.726512000039]], ""type"": ""MultiPoint""}",2022
17930,17931,2001556474.0,2022-08-13,220,672 KENNEDY RD,,8 m East of,Major Arterial,Scarborough,Non Intersection,No Control,Clear,"Dark, artificial",Dry,Non-Fatal Injury,Rear End,Passenger,45 to 49,Major,,,,,,,,,,,,,,,Yes,,,,,Yes,,,,Yes,,124,Kennedy Park,124,Kennedy Park (124),D41,"{""coordinates"": [[-79.2655139995845, 43.726512000039]], ""type"": ""MultiPoint""}",2022
17931,17932,2001556474.0,2022-08-13,220,672 KENNEDY RD,,8 m East of,Major Arterial,Scarborough,Non Intersection,No Control,Clear,"Dark, artificial",Dry,Non-Fatal Injury,Rear End,Passenger,55 to 59,Minor,,,,,,,,,,,,,,,Yes,,,,,Yes,,,,Yes,,124,Kennedy Park,124,Kennedy Park (124),D41,"{""coordinates"": [[-79.2655139995845, 43.726512000039]], ""type"": ""MultiPoint""}",2022
17932,17933,2001556474.0,2022-08-13,220,672 KENNEDY RD,,8 m East of,Major Arterial,Scarborough,Non Intersection,No Control,Clear,"Dark, artificial",Dry,Non-Fatal Injury,Rear End,Passenger,40 to 44,,,,,,,,,,,,,,,,Yes,,,,,Yes,,,,Yes,,124,Kennedy Park,124,Kennedy Park (124),D41,"{""coordinates"": [[-79.2655139995845, 43.726512000039]], ""type"": ""MultiPoint""}",2022
17933,17934,2001591004.0,2022-08-18,30,F G GARDINER XY  W,STRACHAN AVE,450 m West o,Expressway,Toronto and East York,Non Intersection,No Control,Clear,"Dark, artificial",Dry,Non-Fatal Injury,Rear End,Motorcycle Driver,45 to 49,Major,,West,Motorcycle,Changing Lanes,Improper Lane Change,Normal,,,,,,,,,Yes,Yes,,,,,,,,,,163,Fort York-Liberty Village,82,Niagara (82),D14,"{""coordinates"": [[-79.4157819998206, 43.636424000255]], ""type"": ""MultiPoint""}",2022
17934,17935,2001591004.0,2022-08-18,30,F G GARDINER XY  W,STRACHAN AVE,450 m West o,Expressway,Toronto and East York,Non Intersection,No Control,Clear,"Dark, artificial",Dry,Non-Fatal Injury,Rear End,Driver,25 to 29,,,West,"Automobile, Station Wagon",Stopped,Driving Properly,Normal,,,,,,,,,Yes,Yes,,,,,,,,,,163,Fort York-Liberty Village,82,Niagara (82),D14,"{""coordinates"": [[-79.4157819998206, 43.636424000255]], ""type"": ""MultiPoint""}",2022
17935,17936,2001598507.0,2022-08-19,25,KEELE ST,SHEPPARD AVE W,5 m East of,Major Arterial,North York,At Intersection,Traffic Signal,Clear,"Dark, artificial",Dry,Non-Fatal Injury,Pedestrian Collisions,Truck Driver,55 to 59,,,North,Truck (other),Turning Right,Improper Turn,Inattentive,,,,,,,Yes,,,,Yes,,,,,,,,,155,Downsview,26,Downsview-Roding-CFB (26),D31,"{""coordinates"": [[-79.4864080001427, 43.7447039995862]], ""type"": ""MultiPoint""}",2022
17936,17937,2001598507.0,2022-08-19,25,KEELE ST,SHEPPARD AVE W,5 m East of,Major Arterial,North York,At Intersection,Traffic Signal,Clear,"Dark, artificial",Dry,Non-Fatal Injury,Pedestrian Collisions,Pedestrian,55 to 59,Major,,North,,,,,Vehicle turns right while ped crosses with ROW at inter.,Crossing with right of way,Normal,,,,Yes,,,,Yes,,,,,,,,,155,Downsview,26,Downsview-Roding-CFB (26),D31,"{""coordinates"": [[-79.4864080001427, 43.7447039995862]], ""type"": ""MultiPoint""}",2022
17937,17938,2001599980.0,2022-08-19,830,YONGE ST,CONNAUGHT AV,,Major Arterial,North York,At Intersection,Stop Sign,Clear,Daylight,Dry,Non-Fatal Injury,Angle,Driver,55 to 59,,,East,"Automobile, Station Wagon",Going Ahead,Failed to Yield Right of Way,Normal,,,,,,,,,Yes,,,,,,,Yes,,,,50,Newtonbrook East,50,Newtonbrook East (50),D32,"{""coordinates"": [[-79.4178880002821, 43.7893590002069]], ""type"": ""MultiPoint""}",2022
17938,17939,2001599980.0,2022-08-19,830,YONGE ST,CONNAUGHT AV,,Major Arterial,North York,At Intersection,Stop Sign,Clear,Daylight,Dry,Non-Fatal Injury,Angle,Driver,60 to 64,Major,,North,"Automobile, Station Wagon",Going Ahead,Driving Properly,Normal,,,,,,,,,Yes,,,,,,,Yes,,,,50,Newtonbrook East,50,Newtonbrook East (50),D32,"{""coordinates"": [[-79.4178880002821, 43.7893590002069]], ""type"": ""MultiPoint""}",2022
17939,17940,2001603653.0,2022-08-19,1804,ROYAL YORK RD,STRATH HUMBER CRT,34 m South o,Minor Arterial,Etobicoke York,At Intersection,Traffic Signal,Clear,Daylight,Dry,Non-Fatal Injury,Turning Movement,Driver,70 to 74,Major,,South,"Automobile, Station Wagon",Going Ahead,Disobeyed Traffic Control,Normal,,,,,,,,,Yes,,,,,Yes,,Yes,Yes,,,9,Edenbridge-Humber Valley,9,Edenbridge-Humber Valley (9),D22,"{""coordinates"": [[-79.5177259995084, 43.6617270000008]], ""type"": ""MultiPoint""}",2022
17940,17941,2001603653.0,2022-08-19,1804,ROYAL YORK RD,STRATH HUMBER CRT,34 m South o,Minor Arterial,Etobicoke York,At Intersection,Traffic Signal,Clear,Daylight,Dry,Non-Fatal Injury,Turning Movement,Driver,45 to 49,,,North,"Automobile, Station Wagon",Turning Left,Driving Properly,Normal,,,,,,,,,Yes,,,,,Yes,,Yes,Yes,,,9,Edenbridge-Humber Valley,9,Edenbridge-Humber Valley (9),D22,"{""coordinates"": [[-79.5177259995084, 43.6617270000008]], ""type"": ""MultiPoint""}",2022