index,_id,ACCNUM,DATE,TIME,STREET1,STREET2,OFFSET,ROAD_CLASS,DISTRICT,ACCLOC,TRAFFCTL,VISIBILITY,LIGHT,RDSFCOND,ACCLASS,IMPACTYPE,INVTYPE,INVAGE,INJURY,FATAL_NO,INITDIR,VEHTYPE,MANOEUVER,DRIVACT,DRIVCOND,PEDTYPE,PEDACT,PEDCOND,CYCLISTYPE,CYCACT,CYCCOND,PEDESTRIAN,CYCLIST,AUTOMOBILE,MOTORCYCLE,TRUCK,TRSN_CITY_VEH,EMERG_VEH,PASSENGER,SPEEDING,AG_DRIV,REDLIGHT,ALCOHOL,DISABILITY,HOOD_158,NEIGHBOURHOOD_158,HOOD_140,NEIGHBOURHOOD_140,DIVISION,geometry,ACCIDENT_YEAR
17941,17942,2001603653.0,2022-08-19,1804,ROYAL YORK RD,STRATH HUMBER CRT,34 m South o,Minor Arterial,Etobicoke York,At Intersection,Traffic Signal,Clear,Daylight,Dry,Non-Fatal Injury,Turning Movement,Driver,65 to 69,,,North,"Automobile, Station Wagon",Slowing or Stopping,Driving Properly,Normal,,,,,,,,,Yes,,,,,Yes,,Yes,Yes,,,9,Edenbridge-Humber Valley,9,Edenbridge-Humber Valley (9),D22,"{""coordinates"": [[-79.5177259995084, 43.6617270000008]], ""type"": ""MultiPoint""}",2022
17942,17943,2001603653.0,2022-08-19,1804,ROYAL YORK RD,STRATH HUMBER CRT,34 m South o,Minor Arterial,Etobicoke York,At Intersection,Traffic Signal,Clear,Daylight,Dry,Non-Fatal Injury,Turning Movement,Passenger,45 to 49,Minor,,,,,,,,,,,,,,,Yes,,,,,Yes,,Yes,Yes,,,9,Edenbridge-Humber Valley,9,Edenbridge-Humber Valley (9),D22,"{""coordinates"": [[-79.5177259995084, 43.6617270000008]], ""type"": ""MultiPoint""}",2022
17943,17944,2001624588.0,2022-08-22,1958,MEADOWVALE RD,SHEPPARD AVE E,36 m South o,Minor Arterial,Scarborough,At/Near Private Drive,No Control,Clear,"Dusk, artificial",Wet,Non-Fatal Injury,Cyclist Collisions,Truck Driver,40 to 44,,,South,"Truck - Closed (Blazer, etc)",Turning Right,Failed to Yield Right of Way,Normal,,,,,,,,Yes,,,Yes,,,Yes,,Yes,,,,143,West Rouge,131,Rouge (131),D42,"{""coordinates"": [[-79.1706189999296, 43.8079020002246]], ""type"": ""MultiPoint""}",2022
17944,17945,2001624588.0,2022-08-22,1958,MEADOWVALE RD,SHEPPARD AVE E,36 m South o,Minor Arterial,Scarborough,At/Near Private Drive,No Control,Clear,"Dusk, artificial",Wet,Non-Fatal Injury,Cyclist Collisions,Cyclist,10 to 14,Major,,South,Bicycle,Going Ahead,,,,,,"Motorist turns right at non-signal Inter.(stop, yield, no cont.,and dwy) and strikes cyclist.",Driving Properly,Normal,,Yes,,,Yes,,,Yes,,Yes,,,,143,West Rouge,131,Rouge (131),D42,"{""coordinates"": [[-79.1706189999296, 43.8079020002246]], ""type"": ""MultiPoint""}",2022
17945,17946,2001624588.0,2022-08-22,1958,MEADOWVALE RD,SHEPPARD AVE E,36 m South o,Minor Arterial,Scarborough,At/Near Private Drive,No Control,Clear,"Dusk, artificial",Wet,Non-Fatal Injury,Cyclist Collisions,Passenger,15 to 19,,,,,,,,,,,,,,,Yes,,,Yes,,,Yes,,Yes,,,,143,West Rouge,131,Rouge (131),D42,"{""coordinates"": [[-79.1706189999296, 43.8079020002246]], ""type"": ""MultiPoint""}",2022
17946,17947,2001624588.0,2022-08-22,1958,MEADOWVALE RD,SHEPPARD AVE E,36 m South o,Minor Arterial,Scarborough,At/Near Private Drive,No Control,Clear,"Dusk, artificial",Wet,Non-Fatal Injury,Cyclist Collisions,Passenger,10 to 14,,,,,,,,,,,,,,,Yes,,,Yes,,,Yes,,Yes,,,,143,West Rouge,131,Rouge (131),D42,"{""coordinates"": [[-79.1706189999296, 43.8079020002246]], ""type"": ""MultiPoint""}",2022
17947,17948,2001624731.0,2022-08-22,2031,2978 WESTON RD,,,Major Arterial,Etobicoke York,Non Intersection,No Control,Rain,"Dark, artificial",Wet,Fatal,Approaching,Driver,75 to 79,Major,,South,"Automobile, Station Wagon",Going Ahead,Driving Properly,Normal,,,,,,,,,Yes,,,,,,,,,,,23,Pelmo Park-Humberlea,23,Pelmo Park-Humberlea (23),D31,"{""coordinates"": [[-79.5355710001848, 43.7268550001336]], ""type"": ""MultiPoint""}",2022
17948,17949,2001624731.0,2022-08-22,2031,2978 WESTON RD,,,Major Arterial,Etobicoke York,Non Intersection,No Control,Rain,"Dark, artificial",Wet,Fatal,Approaching,Driver,20 to 24,Fatal,39.0,North,"Automobile, Station Wagon",Going Ahead,Lost control,Unknown,,,,,,,,,Yes,,,,,,,,,,,23,Pelmo Park-Humberlea,23,Pelmo Park-Humberlea (23),D31,"{""coordinates"": [[-79.5355710001848, 43.7268550001336]], ""type"": ""MultiPoint""}",2022
17949,17950,2001632835.0,2022-08-23,2252,SHEPPARD AVE E,BAYVIEW AVE,,Major Arterial,North York,At Intersection,Traffic Signal,Clear,"Dark, artificial",Dry,Non-Fatal Injury,Turning Movement,Driver,80 to 84,Minor,,East,"Automobile, Station Wagon",Turning Left,Failed to Yield Right of Way,Inattentive,,,,,,,,,Yes,,,,,Yes,,Yes,,,,52,Bayview Village,52,Bayview Village (52),D33,"{""coordinates"": [[-79.3880110002184, 43.7665159996392]], ""type"": ""MultiPoint""}",2022
17950,17951,2001632835.0,2022-08-23,2252,SHEPPARD AVE E,BAYVIEW AVE,,Major Arterial,North York,At Intersection,Traffic Signal,Clear,"Dark, artificial",Dry,Non-Fatal Injury,Turning Movement,Driver,80 to 84,Major,,West,"Automobile, Station Wagon",Going Ahead,Driving Properly,Normal,,,,,,,,,Yes,,,,,Yes,,Yes,,,,52,Bayview Village,52,Bayview Village (52),D33,"{""coordinates"": [[-79.3880110002184, 43.7665159996392]], ""type"": ""MultiPoint""}",2022
17951,17952,2001632835.0,2022-08-23,2252,SHEPPARD AVE E,BAYVIEW AVE,,Major Arterial,North York,At Intersection,Traffic Signal,Clear,"Dark, artificial",Dry,Non-Fatal Injury,Turning Movement,Passenger,75 to 79,Minor,,,,,,,,,,,,,,,Yes,,,,,Yes,,Yes,,,,52,Bayview Village,52,Bayview Village (52),D33,"{""coordinates"": [[-79.3880110002184, 43.7665159996392]], ""type"": ""MultiPoint""}",2022
17952,17953,2001661839.0,2022-08-27,2220,F G GARDINER XY  E,STRACHAN AVE,380 m West o,Expressway,Toronto and East York,Non Intersection,No Control,Clear,"Dark, artificial",Dry,Non-Fatal Injury,Rear End,Motorcycle Driver,30 to 34,Major,,East,Motorcycle,Changing Lanes,Improper Lane Change,Normal,,,,,,,,,Yes,Yes,,,,Yes,,,,,,163,Fort York-Liberty Village,82,Niagara (82),D14,"{""coordinates"": [[-79.4145160003592, 43.6366600002376]], ""type"": ""MultiPoint""}",2022
17953,17954,2001661839.0,2022-08-27,2220,F G GARDINER XY  E,STRACHAN AVE,380 m West o,Expressway,Toronto and East York,Non Intersection,No Control,Clear,"Dark, artificial",Dry,Non-Fatal Injury,Rear End,Driver,20 to 24,,,East,"Automobile, Station Wagon",Slowing or Stopping,Driving Properly,Normal,,,,,,,,,Yes,Yes,,,,Yes,,,,,,163,Fort York-Liberty Village,82,Niagara (82),D14,"{""coordinates"": [[-79.4145160003592, 43.6366600002376]], ""type"": ""MultiPoint""}",2022
17954,17955,2001661839.0,2022-08-27,2220,F G GARDINER XY  E,STRACHAN AVE,380 m West o,Expressway,Toronto and East York,Non Intersection,No Control,Clear,"Dark, artificial",Dry,Non-Fatal Injury,Rear End,Passenger,25 to 29,,,,,,,,,,,,,,,,Yes,Yes,,,,Yes,,,,,,163,Fort York-Liberty Village,82,Niagara (82),D14,"{""coordinates"": [[-79.4145160003592, 43.6366600002376]], ""type"": ""MultiPoint""}",2022
17955,17956,2001661839.0,2022-08-27,2220,F G GARDINER XY  E,STRACHAN AVE,380 m West o,Expressway,Toronto and East York,Non Intersection,No Control,Clear,"Dark, artificial",Dry,Non-Fatal Injury,Rear End,Passenger,25 to 29,,,,,,,,,,,,,,,,Yes,Yes,,,,Yes,,,,,,163,Fort York-Liberty Village,82,Niagara (82),D14,"{""coordinates"": [[-79.4145160003592, 43.6366600002376]], ""type"": ""MultiPoint""}",2022
17956,17957,2001661839.0,2022-08-27,2220,F G GARDINER XY  E,STRACHAN AVE,380 m West o,Expressway,Toronto and East York,Non Intersection,No Control,Clear,"Dark, artificial",Dry,Non-Fatal Injury,Rear End,Passenger,25 to 29,,,,,,,,,,,,,,,,Yes,Yes,,,,Yes,,,,,,163,Fort York-Liberty Village,82,Niagara (82),D14,"{""coordinates"": [[-79.4145160003592, 43.6366600002376]], ""type"": ""MultiPoint""}",2022
17957,17958,2001669318.0,2022-08-29,35,LAKE SHORE BLVD W,JAMESON AVE,,Major Arterial,Toronto and East York,Intersection Related,No Control,Clear,"Dark, artificial",Dry,Non-Fatal Injury,Pedestrian Collisions,Driver,unknown,,,West,"Automobile, Station Wagon",Going Ahead,Other,Unknown,,,,,,,Yes,,Yes,,,,,,,,,,,85,South Parkdale,85,South Parkdale (85),D14,"{""coordinates"": [[-79.4345199997947, 43.6332690000198]], ""type"": ""MultiPoint""}",2022
17958,17959,2001669318.0,2022-08-29,35,LAKE SHORE BLVD W,JAMESON AVE,,Major Arterial,Toronto and East York,Intersection Related,No Control,Clear,"Dark, artificial",Dry,Non-Fatal Injury,Pedestrian Collisions,Pedestrian,35 to 39,Major,,North,,,,,Pedestrian hit at mid-block,Walking on Roadway Against Traffic,Inattentive,,,,Yes,,Yes,,,,,,,,,,,85,South Parkdale,85,South Parkdale (85),D14,"{""coordinates"": [[-79.4345199997947, 43.6332690000198]], ""type"": ""MultiPoint""}",2022
17959,17960,2001682289.0,2022-08-30,1910,124 EDENBRIDGE DR,,5 m East of,Collector,Etobicoke York,At/Near Private Drive,No Control,Clear,Daylight,Dry,Non-Fatal Injury,Cyclist Collisions,Driver,30 to 34,,,West,"Automobile, Station Wagon",Turning Left,Driving Properly,Normal,,,,,,,,Yes,Yes,,,,,,,,,,,9,Edenbridge-Humber Valley,9,Edenbridge-Humber Valley (9),D22,"{""coordinates"": [[-79.514887999882, 43.6717970003994]], ""type"": ""MultiPoint""}",2022
17960,17961,2001682289.0,2022-08-30,1910,124 EDENBRIDGE DR,,5 m East of,Collector,Etobicoke York,At/Near Private Drive,No Control,Clear,Daylight,Dry,Non-Fatal Injury,Cyclist Collisions,Cyclist,30 to 34,Major,,East,Bicycle,Other,,,,,,Motorist turned left across cyclists path.,Other,Other,,Yes,Yes,,,,,,,,,,,9,Edenbridge-Humber Valley,9,Edenbridge-Humber Valley (9),D22,"{""coordinates"": [[-79.514887999882, 43.6717970003994]], ""type"": ""MultiPoint""}",2022
17961,17962,2001682289.0,2022-08-30,1910,124 EDENBRIDGE DR,,5 m East of,Collector,Etobicoke York,At/Near Private Drive,No Control,Clear,Daylight,Dry,Non-Fatal Injury,Cyclist Collisions,Cyclist,20 to 24,Major,,East,Bicycle,Going Ahead,,,,,,Motorist turned left across cyclists path.,Other,Other,,Yes,Yes,,,,,,,,,,,9,Edenbridge-Humber Valley,9,Edenbridge-Humber Valley (9),D22,"{""coordinates"": [[-79.514887999882, 43.6717970003994]], ""type"": ""MultiPoint""}",2022
17962,17963,2001686607.0,2022-08-31,1147,ROGERS RD,GILBERT AVE,3 m North of,Minor Arterial,Etobicoke York,At Intersection,No Control,Clear,Daylight,Dry,Non-Fatal Injury,Pedestrian Collisions,Driver,55 to 59,,,East,"Automobile, Station Wagon",Turning Left,Failed to Yield Right of Way,Inattentive,,,,,,,Yes,,Yes,,,,,,,Yes,,,,109,Caledonia-Fairbank,109,Caledonia-Fairbank (109),D13,"{""coordinates"": [[-79.459543999844, 43.6833479999738]], ""type"": ""MultiPoint""}",2022
17963,17964,2001686607.0,2022-08-31,1147,ROGERS RD,GILBERT AVE,3 m North of,Minor Arterial,Etobicoke York,At Intersection,No Control,Clear,Daylight,Dry,Non-Fatal Injury,Pedestrian Collisions,Pedestrian,70 to 74,Major,,West,,,,,Vehicle turns left while ped crosses with ROW at inter.,"Crossing, Pedestrian Crossover",Normal,,,,Yes,,Yes,,,,,,,Yes,,,,109,Caledonia-Fairbank,109,Caledonia-Fairbank (109),D13,"{""coordinates"": [[-79.459543999844, 43.6833479999738]], ""type"": ""MultiPoint""}",2022
17964,17965,2001697085.0,2022-09-01,1820,DUNDAS ST W,CHELSEA AVE,3 m North of,Minor Arterial,,At Intersection,No Control,Clear,Daylight,Dry,Non-Fatal Injury,Turning Movement,Driver,55 to 59,,,North,"Automobile, Station Wagon",Turning Left,Improper Turn,Normal,,,,,,,,,Yes,Yes,,,,,,,,,,88,High Park North,88,High Park North (88),D11,"{""coordinates"": [[-79.4529599995503, 43.658145000277]], ""type"": ""MultiPoint""}",2022
17965,17966,2001697085.0,2022-09-01,1820,DUNDAS ST W,CHELSEA AVE,3 m North of,Minor Arterial,,At Intersection,No Control,Clear,Daylight,Dry,Non-Fatal Injury,Turning Movement,Motorcycle Driver,40 to 44,Major,,South,Motorcycle,Going Ahead,Driving Properly,Normal,,,,,,,,,Yes,Yes,,,,,,,,,,88,High Park North,88,High Park North (88),D11,"{""coordinates"": [[-79.4529599995503, 43.658145000277]], ""type"": ""MultiPoint""}",2022
17966,17967,2001698920.0,2022-09-01,2336,WESTON RD,JANE ST,,Major Arterial,Etobicoke York,At Intersection,Traffic Signal,Clear,"Dark, artificial",Dry,Non-Fatal Injury,Angle,Driver,35 to 39,Minor,,North,"Automobile, Station Wagon",Going Ahead,Disobeyed Traffic Control,Unknown,,,,,,,,,Yes,,,,,Yes,Yes,Yes,Yes,,,115,Mount Dennis,115,Mount Dennis (115),D12,"{""coordinates"": [[-79.5008650004264, 43.6912219996281]], ""type"": ""MultiPoint""}",2022
17967,17968,2001698920.0,2022-09-01,2336,WESTON RD,JANE ST,,Major Arterial,Etobicoke York,At Intersection,Traffic Signal,Clear,"Dark, artificial",Dry,Non-Fatal Injury,Angle,Driver,35 to 39,Minimal,,West,"Automobile, Station Wagon",Going Ahead,Driving Properly,Normal,,,,,,,,,Yes,,,,,Yes,Yes,Yes,Yes,,,115,Mount Dennis,115,Mount Dennis (115),D12,"{""coordinates"": [[-79.5008650004264, 43.6912219996281]], ""type"": ""MultiPoint""}",2022
17968,17969,2001698920.0,2022-09-01,2336,WESTON RD,JANE ST,,Major Arterial,Etobicoke York,At Intersection,Traffic Signal,Clear,"Dark, artificial",Dry,Non-Fatal Injury,Angle,Driver,65 to 69,Minor,,West,"Automobile, Station Wagon",Going Ahead,Driving Properly,Normal,,,,,,,,,Yes,,,,,Yes,Yes,Yes,Yes,,,115,Mount Dennis,115,Mount Dennis (115),D12,"{""coordinates"": [[-79.5008650004264, 43.6912219996281]], ""type"": ""MultiPoint""}",2022
17969,17970,2001698920.0,2022-09-01,2336,WESTON RD,JANE ST,,Major Arterial,Etobicoke York,At Intersection,Traffic Signal,Clear,"Dark, artificial",Dry,Non-Fatal Injury,Angle,Passenger,35 to 39,Minor,,,,,,,,,,,,,,,Yes,,,,,Yes,Yes,Yes,Yes,,,115,Mount Dennis,115,Mount Dennis (115),D12,"{""coordinates"": [[-79.5008650004264, 43.6912219996281]], ""type"": ""MultiPoint""}",2022
17970,17971,2001698920.0,2022-09-01,2336,WESTON RD,JANE ST,,Major Arterial,Etobicoke York,At Intersection,Traffic Signal,Clear,"Dark, artificial",Dry,Non-Fatal Injury,Angle,Passenger,20 to 24,Major,,,,,,,,,,,,,,,Yes,,,,,Yes,Yes,Yes,Yes,,,115,Mount Dennis,115,Mount Dennis (115),D12,"{""coordinates"": [[-79.5008650004264, 43.6912219996281]], ""type"": ""MultiPoint""}",2022
17971,17972,2001708028.0,2022-09-03,753,BAYVIEW BLOOR DVP S RAMP,DON VALLEY PARKWAY  S,3 m East of,Expressway Ramp,Toronto and East York,Non Intersection,No Control,Clear,Daylight,Dry,Non-Fatal Injury,SMV Other,Motorcycle Driver,45 to 49,Major,,East,Motorcycle,Going Ahead,Lost control,Normal,,,,,,,,,,Yes,,,,,,,,,,57,Broadview North,57,Broadview North (57),D55,"{""coordinates"": [[-79.3629869994756, 43.682493999869]], ""type"": ""MultiPoint""}",2022
17972,17973,2001712442.0,2022-09-03,2100,WILSON AVE,CORNELIUS PKWY,,Major Arterial,,At Intersection,No Control,Clear,Dark,Dry,Fatal,Cyclist Collisions,Driver,55 to 59,,,West,"Automobile, Station Wagon",Turning Left,Failed to Yield Right of Way,Inattentive,,,,,,,,Yes,Yes,,,,,Yes,,Yes,,,,155,Downsview,26,Downsview-Roding-CFB (26),D31,"{""coordinates"": [[-79.4770309997372, 43.7282239996822]], ""type"": ""MultiPoint""}",2022
17973,17974,2001712442.0,2022-09-03,2100,WILSON AVE,CORNELIUS PKWY,,Major Arterial,,At Intersection,No Control,Clear,Dark,Dry,Fatal,Cyclist Collisions,Cyclist,40 to 44,Fatal,41.0,East,Bicycle,Going Ahead,,,,,,Motorist turned left across cyclists path.,Driving Properly,Normal,,Yes,Yes,,,,,Yes,,Yes,,,,155,Downsview,26,Downsview-Roding-CFB (26),D31,"{""coordinates"": [[-79.4770309997372, 43.7282239996822]], ""type"": ""MultiPoint""}",2022
17974,17975,2001712442.0,2022-09-03,2100,WILSON AVE,CORNELIUS PKWY,,Major Arterial,,At Intersection,No Control,Clear,Dark,Dry,Fatal,Cyclist Collisions,Passenger,15 to 19,,,East,Bicycle,Going Ahead,,,,,,Motorist turned left across cyclists path.,Driving Properly,Normal,,Yes,Yes,,,,,Yes,,Yes,,,,155,Downsview,26,Downsview-Roding-CFB (26),D31,"{""coordinates"": [[-79.4770309997372, 43.7282239996822]], ""type"": ""MultiPoint""}",2022
17975,17976,2001719120.0,2022-09-04,2120,DANFORTH AVE,LEYTON AVE,,Major Arterial,Scarborough,At Intersection,Stop Sign,Clear,"Dark, artificial",Dry,Non-Fatal Injury,Angle,Driver,15 to 19,,,South,"Automobile, Station Wagon",Going Ahead,Disobeyed Traffic Control,Other,,,,,,,,,Yes,,,,,,Yes,Yes,,,,121,Oakridge,121,Oakridge (121),D41,"{""coordinates"": [[-79.27781999952, 43.693495000031]], ""type"": ""MultiPoint""}",2022
17976,17977,2001719120.0,2022-09-04,2120,DANFORTH AVE,LEYTON AVE,,Major Arterial,Scarborough,At Intersection,Stop Sign,Clear,"Dark, artificial",Dry,Non-Fatal Injury,Angle,Driver,55 to 59,Major,,East,"Automobile, Station Wagon",Going Ahead,Driving Properly,Normal,,,,,,,,,Yes,,,,,,Yes,Yes,,,,121,Oakridge,121,Oakridge (121),D41,"{""coordinates"": [[-79.27781999952, 43.693495000031]], ""type"": ""MultiPoint""}",2022
17977,17978,2001720780.0,2022-09-05,424,YONGE ST,COLLEGE ST,,Major Arterial,Toronto and East York,At Intersection,Traffic Signal,Clear,"Dark, artificial",Dry,Fatal,Pedestrian Collisions,Driver,30 to 34,,,South,"Automobile, Station Wagon",Overtaking,Improper Passing,Unknown,,,,,,,Yes,,Yes,,,,,,,Yes,,,,168,Downtown Yonge East,75,Church-Yonge Corridor (75),D51,"{""coordinates"": [[-79.3830669999458, 43.6612990001898]], ""type"": ""MultiPoint""}",2022
17978,17979,2001720780.0,2022-09-05,424,YONGE ST,COLLEGE ST,,Major Arterial,Toronto and East York,At Intersection,Traffic Signal,Clear,"Dark, artificial",Dry,Fatal,Pedestrian Collisions,Driver,25 to 29,,,South,"Automobile, Station Wagon",Stopped,Driving Properly,Normal,,,,,,,Yes,,Yes,,,,,,,Yes,,,,168,Downtown Yonge East,75,Church-Yonge Corridor (75),D51,"{""coordinates"": [[-79.3830669999458, 43.6612990001898]], ""type"": ""MultiPoint""}",2022
17979,17980,2001720780.0,2022-09-05,424,YONGE ST,COLLEGE ST,,Major Arterial,Toronto and East York,At Intersection,Traffic Signal,Clear,"Dark, artificial",Dry,Fatal,Pedestrian Collisions,Pedestrian,40 to 44,Fatal,42.0,Unknown,,,,,Other / Undefined,Other,Other,,,,Yes,,Yes,,,,,,,Yes,,,,168,Downtown Yonge East,75,Church-Yonge Corridor (75),D51,"{""coordinates"": [[-79.3830669999458, 43.6612990001898]], ""type"": ""MultiPoint""}",2022
17980,17981,2001730201.0,2022-09-06,1411,SCARLETT RD,BRAEBURN AVE,39 m North o,Major Arterial,Etobicoke York,At/Near Private Drive,No Control,Clear,Daylight,Dry,Non-Fatal Injury,Turning Movement,Driver,55 to 59,Minimal,,North,"Automobile, Station Wagon",Turning Left,Failed to Yield Right of Way,Normal,,,,,,,,,Yes,,,,,Yes,,Yes,,,,8,Humber Heights-Westmount,8,Humber Heights-Westmount (8),D23,"{""coordinates"": [[-79.5262790002231, 43.7007429996761]], ""type"": ""MultiPoint""}",2022
17981,17982,2001730201.0,2022-09-06,1411,SCARLETT RD,BRAEBURN AVE,39 m North o,Major Arterial,Etobicoke York,At/Near Private Drive,No Control,Clear,Daylight,Dry,Non-Fatal Injury,Turning Movement,Driver,25 to 29,Major,,South,"Automobile, Station Wagon",Going Ahead,Driving Properly,Normal,,,,,,,,,Yes,,,,,Yes,,Yes,,,,8,Humber Heights-Westmount,8,Humber Heights-Westmount (8),D23,"{""coordinates"": [[-79.5262790002231, 43.7007429996761]], ""type"": ""MultiPoint""}",2022
17982,17983,2001730201.0,2022-09-06,1411,SCARLETT RD,BRAEBURN AVE,39 m North o,Major Arterial,Etobicoke York,At/Near Private Drive,No Control,Clear,Daylight,Dry,Non-Fatal Injury,Turning Movement,Passenger,50 to 54,Minimal,,,,,,,,,,,,,,,Yes,,,,,Yes,,Yes,,,,8,Humber Heights-Westmount,8,Humber Heights-Westmount (8),D23,"{""coordinates"": [[-79.5262790002231, 43.7007429996761]], ""type"": ""MultiPoint""}",2022
17983,17984,2001733583.0,2022-09-06,2222,DANFORTH RD,MIDLAND AVE,71 m West of,Major Arterial,Scarborough,Non Intersection,No Control,Clear,"Dawn, artificial",Dry,Non-Fatal Injury,Pedestrian Collisions,Driver,55 to 59,,,West,"Automobile, Station Wagon",Going Ahead,Driving Properly,Normal,,,,,,,Yes,,Yes,,,,,,,,,,,124,Kennedy Park,124,Kennedy Park (124),D41,"{""coordinates"": [[-79.2543600006036, 43.7241849999003]], ""type"": ""MultiPoint""}",2022
17984,17985,2001733583.0,2022-09-06,2222,DANFORTH RD,MIDLAND AVE,71 m West of,Major Arterial,Scarborough,Non Intersection,No Control,Clear,"Dawn, artificial",Dry,Non-Fatal Injury,Pedestrian Collisions,Pedestrian,25 to 29,Major,,South,,,,,Pedestrian hit at mid-block,"Crossing, no Traffic Control",Unknown,,,,Yes,,Yes,,,,,,,,,,,124,Kennedy Park,124,Kennedy Park (124),D41,"{""coordinates"": [[-79.2543600006036, 43.7241849999003]], ""type"": ""MultiPoint""}",2022
17985,17986,2001735076.0,2022-09-07,640,WESTON RD,RAY AVE,3 m North of,Minor Arterial,,At Intersection,Traffic Signal,Clear,Dawn,Dry,Non-Fatal Injury,Turning Movement,Driver,20 to 24,,,South,"Automobile, Station Wagon",Turning Left,Failed to Yield Right of Way,Normal,,,,,,,,,Yes,Yes,,,,,Yes,Yes,,,,115,Mount Dennis,115,Mount Dennis (115),D12,"{""coordinates"": [[-79.4941970003564, 43.688577999756]], ""type"": ""MultiPoint""}",2022
17986,17987,2001735076.0,2022-09-07,640,WESTON RD,RAY AVE,3 m North of,Minor Arterial,,At Intersection,Traffic Signal,Clear,Dawn,Dry,Non-Fatal Injury,Turning Movement,Motorcycle Driver,30 to 34,Major,,North,Motorcycle,Going Ahead,Speed too Fast For Condition,Normal,,,,,,,,,Yes,Yes,,,,,Yes,Yes,,,,115,Mount Dennis,115,Mount Dennis (115),D12,"{""coordinates"": [[-79.4941970003564, 43.688577999756]], ""type"": ""MultiPoint""}",2022
17987,17988,2001748727.0,2022-09-08,2033,106 LAWRENCE  AVE E,ARDROSSAN  PL,106 LAWRENCE,Major Arterial,North York,Non Intersection,No Control,Clear,"Dawn, artificial",Dry,Property Damage O,Pedestrian Collisions,Driver,50 to 54,,,West,Municipal Transit Bus (TTC),Going Ahead,Driving Properly,Normal,,,,,,,Yes,,,,,Yes,,,,,,,,103,Lawrence Park South,103,Lawrence Park South (103),D53,"{""coordinates"": [[-79.3956479996807, 43.7264049996715]], ""type"": ""MultiPoint""}",2022
17988,17989,2001748727.0,2022-09-08,2033,106 LAWRENCE  AVE E,ARDROSSAN  PL,106 LAWRENCE,Major Arterial,North York,Non Intersection,No Control,Clear,"Dawn, artificial",Dry,Property Damage O,Pedestrian Collisions,Pedestrian,15 to 19,Major,,Unknown,,,,,Pedestrian hit at mid-block,Running onto Roadway,Other,,,,Yes,,,,,Yes,,,,,,,,103,Lawrence Park South,103,Lawrence Park South (103),D53,"{""coordinates"": [[-79.3956479996807, 43.7264049996715]], ""type"": ""MultiPoint""}",2022
17989,17990,2001755398.0,2022-09-09,1752,SHEPPARD AVE W,WILSON HEIGHTS BLVD,100 m West o,Major Arterial,North York,Non Intersection,No Control,Clear,Daylight,Dry,Non-Fatal Injury,Cyclist Collisions,Cyclist,65 to 69,Major,,East,Bicycle,Changing Lanes,,,,,,Cyclist and Driver travelling in same direction. One vehicle sideswipes the other.,Improper Lane Change,Inattentive,,Yes,,,,Yes,,,,,,,,33,Clanton Park,33,Clanton Park (33),D32,"{""coordinates"": [[-79.4576289999513, 43.7513989996745]], ""type"": ""MultiPoint""}",2022
17990,17991,2001755398.0,2022-09-09,1752,SHEPPARD AVE W,WILSON HEIGHTS BLVD,100 m West o,Major Arterial,North York,Non Intersection,No Control,Clear,Daylight,Dry,Non-Fatal Injury,Cyclist Collisions,Driver,40 to 44,,,East,Municipal Transit Bus (TTC),Going Ahead,Driving Properly,Normal,,,,,,,,Yes,,,,Yes,,,,,,,,33,Clanton Park,33,Clanton Park (33),D32,"{""coordinates"": [[-79.4576289999513, 43.7513989996745]], ""type"": ""MultiPoint""}",2022
17991,17992,2001762186.0,2022-09-10,1632,LAKE SHORE BV W,NET DR,63 m West of,Major Arterial,Toronto and East York,Non Intersection,No Control,Clear,Daylight,Dry,Non-Fatal Injury,Turning Movement,Motorcycle Driver,35 to 39,Major,,East,Motorcycle,Going Ahead,Improper Passing,Normal,,,,,,,,,Yes,Yes,,,,,Yes,Yes,,,,85,South Parkdale,85,South Parkdale (85),D14,"{""coordinates"": [[-79.4390139999083, 43.6343909997683]], ""type"": ""MultiPoint""}",2022
17992,17993,2001762186.0,2022-09-10,1632,LAKE SHORE BV W,NET DR,63 m West of,Major Arterial,Toronto and East York,Non Intersection,No Control,Clear,Daylight,Dry,Non-Fatal Injury,Turning Movement,Driver,25 to 29,,,North,"Automobile, Station Wagon",Turning Left,Driving Properly,Normal,,,,,,,,,Yes,Yes,,,,,Yes,Yes,,,,85,South Parkdale,85,South Parkdale (85),D14,"{""coordinates"": [[-79.4390139999083, 43.6343909997683]], ""type"": ""MultiPoint""}",2022
17993,17994,2001778339.0,2022-09-12,2140,ISLINGTON AVENUE AND SATTERLY ROAD,ISLINGTON AV,5 m East of,Major Arterial,Etobicoke York,Intersection Related,Traffic Signal,Clear,"Dark, artificial",Dry,Non-Fatal Injury,Turning Movement,Driver,25 to 29,,,South,"Automobile, Station Wagon",Turning Left,Failed to Yield Right of Way,Inattentive,,,,,,,,,Yes,Yes,,,,,,Yes,,,,21,Humber Summit,21,Humber Summit (21),D31,"{""coordinates"": [[-79.5706509996318, 43.7584060001839]], ""type"": ""MultiPoint""}",2022
17994,17995,2001778339.0,2022-09-12,2140,ISLINGTON AVENUE AND SATTERLY ROAD,ISLINGTON AV,5 m East of,Major Arterial,Etobicoke York,Intersection Related,Traffic Signal,Clear,"Dark, artificial",Dry,Non-Fatal Injury,Turning Movement,Motorcycle Driver,30 to 34,Major,,North,Motorcycle,Going Ahead,Driving Properly,Normal,,,,,,,,,Yes,Yes,,,,,,Yes,,,,21,Humber Summit,21,Humber Summit (21),D31,"{""coordinates"": [[-79.5706509996318, 43.7584060001839]], ""type"": ""MultiPoint""}",2022