index,_id,ACCNUM,DATE,TIME,STREET1,STREET2,OFFSET,ROAD_CLASS,DISTRICT,ACCLOC,TRAFFCTL,VISIBILITY,LIGHT,RDSFCOND,ACCLASS,IMPACTYPE,INVTYPE,INVAGE,INJURY,FATAL_NO,INITDIR,VEHTYPE,MANOEUVER,DRIVACT,DRIVCOND,PEDTYPE,PEDACT,PEDCOND,CYCLISTYPE,CYCACT,CYCCOND,PEDESTRIAN,CYCLIST,AUTOMOBILE,MOTORCYCLE,TRUCK,TRSN_CITY_VEH,EMERG_VEH,PASSENGER,SPEEDING,AG_DRIV,REDLIGHT,ALCOHOL,DISABILITY,HOOD_158,NEIGHBOURHOOD_158,HOOD_140,NEIGHBOURHOOD_140,DIVISION,geometry,ACCIDENT_YEAR
17995,17996,2001780111.0,2022-09-13,730,SHEPPARD AVE E,NEILSON RD,,Major Arterial,Scarborough,At Intersection,Traffic Signal,Clear,Daylight,Dry,Non-Fatal Injury,Turning Movement,Driver,40 to 44,Minimal,,North,"Automobile, Station Wagon",Turning Left,Improper Turn,Inattentive,,,,,,,,,Yes,,,,,Yes,,,,,,146,Malvern East,132,Malvern (132),D42,"{""coordinates"": [[-79.2176539998807, 43.7980299996017]], ""type"": ""MultiPoint""}",2022
17996,17997,2001780111.0,2022-09-13,730,SHEPPARD AVE E,NEILSON RD,,Major Arterial,Scarborough,At Intersection,Traffic Signal,Clear,Daylight,Dry,Non-Fatal Injury,Turning Movement,Driver,20 to 24,Minimal,,South,"Automobile, Station Wagon",Going Ahead,Driving Properly,Normal,,,,,,,,,Yes,,,,,Yes,,,,,,146,Malvern East,132,Malvern (132),D42,"{""coordinates"": [[-79.2176539998807, 43.7980299996017]], ""type"": ""MultiPoint""}",2022
17997,17998,2001780111.0,2022-09-13,730,SHEPPARD AVE E,NEILSON RD,,Major Arterial,Scarborough,At Intersection,Traffic Signal,Clear,Daylight,Dry,Non-Fatal Injury,Turning Movement,Passenger,15 to 19,Major,,,,,,,,,,,,,,,Yes,,,,,Yes,,,,,,146,Malvern East,132,Malvern (132),D42,"{""coordinates"": [[-79.2176539998807, 43.7980299996017]], ""type"": ""MultiPoint""}",2022
17998,17999,2001790386.0,2022-09-14,1436,KING ST E,CHURCH ST,52 m West of,Major Arterial,Toronto and East York,Non Intersection,No Control,Clear,Daylight,Dry,Non-Fatal Injury,Cyclist Collisions,Motorcycle Driver,20 to 24,Major,,East,Motorcycle,Going Ahead,Exceeding Speed Limit,Normal,,,,,,,,Yes,,Yes,,,,,Yes,Yes,,,,168,Downtown Yonge East,75,Church-Yonge Corridor (75),D51,"{""coordinates"": [[-79.374957000466, 43.6497069999161]], ""type"": ""MultiPoint""}",2022
17999,18000,2001790386.0,2022-09-14,1436,KING ST E,CHURCH ST,52 m West of,Major Arterial,Toronto and East York,Non Intersection,No Control,Clear,Daylight,Dry,Non-Fatal Injury,Cyclist Collisions,Cyclist,40 to 44,,,West,Bicycle,Turning Left,,,,,,Cyclist turned left across motorists path.,Improper Turn,Normal,,Yes,,Yes,,,,,Yes,Yes,,,,168,Downtown Yonge East,75,Church-Yonge Corridor (75),D51,"{""coordinates"": [[-79.374957000466, 43.6497069999161]], ""type"": ""MultiPoint""}",2022
18000,18001,2001792754.0,2022-09-14,2005,RUNNYMEDE RD,MARIA ST,10 m South o,Minor Arterial,,Non Intersection,No Control,Clear,"Dark, artificial",Dry,Non-Fatal Injury,Rear End,Driver,unknown,,,South,"Automobile, Station Wagon",Going Ahead,Speed too Fast For Condition,Inattentive,,,,,,,,,Yes,Yes,,,,,Yes,Yes,,,,90,Junction Area,90,Junction Area (90),D11,"{""coordinates"": [[-79.4823940002868, 43.6663229997117]], ""type"": ""MultiPoint""}",2022
18001,18002,2001792754.0,2022-09-14,2005,RUNNYMEDE RD,MARIA ST,10 m South o,Minor Arterial,,Non Intersection,No Control,Clear,"Dark, artificial",Dry,Non-Fatal Injury,Rear End,Driver,20 to 24,,,South,"Automobile, Station Wagon",Stopped,Driving Properly,Normal,,,,,,,,,Yes,Yes,,,,,Yes,Yes,,,,90,Junction Area,90,Junction Area (90),D11,"{""coordinates"": [[-79.4823940002868, 43.6663229997117]], ""type"": ""MultiPoint""}",2022
18002,18003,2001792754.0,2022-09-14,2005,RUNNYMEDE RD,MARIA ST,10 m South o,Minor Arterial,,Non Intersection,No Control,Clear,"Dark, artificial",Dry,Non-Fatal Injury,Rear End,Motorcycle Driver,50 to 54,Major,,South,Motorcycle,Stopped,Driving Properly,Normal,,,,,,,,,Yes,Yes,,,,,Yes,Yes,,,,90,Junction Area,90,Junction Area (90),D11,"{""coordinates"": [[-79.4823940002868, 43.6663229997117]], ""type"": ""MultiPoint""}",2022
18003,18004,2001796200.0,2022-09-15,1032,EGLINTON AVE W,SCARLETT RD ET,7 m South of,Major Arterial,Etobicoke York,At Intersection,Traffic Signal,Clear,Daylight,Dry,Non-Fatal Injury,Rear End,Truck Driver,40 to 44,,,West,Truck - Car Carrier,Going Ahead,Following too Close,Normal,,,,,,,,,Yes,,Yes,,,Yes,,Yes,,,,9,Edenbridge-Humber Valley,9,Edenbridge-Humber Valley (9),D22,"{""coordinates"": [[-79.5114399998697, 43.6838600001643]], ""type"": ""MultiPoint""}",2022
18004,18005,2001796200.0,2022-09-15,1032,EGLINTON AVE W,SCARLETT RD ET,7 m South of,Major Arterial,Etobicoke York,At Intersection,Traffic Signal,Clear,Daylight,Dry,Non-Fatal Injury,Rear End,Driver,65 to 69,Minor,,West,"Automobile, Station Wagon",Slowing or Stopping,Driving Properly,Normal,,,,,,,,,Yes,,Yes,,,Yes,,Yes,,,,9,Edenbridge-Humber Valley,9,Edenbridge-Humber Valley (9),D22,"{""coordinates"": [[-79.5114399998697, 43.6838600001643]], ""type"": ""MultiPoint""}",2022
18005,18006,2001796200.0,2022-09-15,1032,EGLINTON AVE W,SCARLETT RD ET,7 m South of,Major Arterial,Etobicoke York,At Intersection,Traffic Signal,Clear,Daylight,Dry,Non-Fatal Injury,Rear End,Passenger,65 to 69,Major,,,,,,,,,,,,,,,Yes,,Yes,,,Yes,,Yes,,,,9,Edenbridge-Humber Valley,9,Edenbridge-Humber Valley (9),D22,"{""coordinates"": [[-79.5114399998697, 43.6838600001643]], ""type"": ""MultiPoint""}",2022
18006,18007,2001797133.0,2022-09-15,1257,287 COLLEGE ST,,60 m West of,Major Arterial,Toronto and East York,Non Intersection,No Control,Clear,Daylight,Dry,Non-Fatal Injury,Cyclist Collisions,Truck Driver,20 to 24,,,East,"Truck - Closed (Blazer, etc)",Turning Left,Improper Turn,Normal,,,,,,,,Yes,,,Yes,,,,,,,,,78,Kensington-Chinatown,78,Kensington-Chinatown (78),D14,"{""coordinates"": [[-79.4013320001564, 43.657664000376]], ""type"": ""MultiPoint""}",2022
18007,18008,2001797133.0,2022-09-15,1257,287 COLLEGE ST,,60 m West of,Major Arterial,Toronto and East York,Non Intersection,No Control,Clear,Daylight,Dry,Non-Fatal Injury,Cyclist Collisions,Cyclist,20 to 24,Major,,West,Bicycle,Going Ahead,,,,,,Cyclist falls off bike - no contact with motorist.,Driving Properly,Normal,,Yes,,,Yes,,,,,,,,,78,Kensington-Chinatown,78,Kensington-Chinatown (78),D14,"{""coordinates"": [[-79.4013320001564, 43.657664000376]], ""type"": ""MultiPoint""}",2022
18008,18009,2001801385.0,2022-09-16,120,DON VALLEY PKWY N,GERRARD ST,200 m North ,Expressway,Toronto and East York,Non Intersection,No Control,Clear,"Dark, artificial",Dry,Non-Fatal Injury,SMV Other,Motorcycle Driver,25 to 29,Major,,North,Motorcycle,Going Ahead,Exceeding Speed Limit,Unknown,,,,,,,,,,Yes,,,,,Yes,Yes,,,,68,North Riverdale,68,North Riverdale (68),D55,"{""coordinates"": [[-79.3563190000351, 43.6665669997325]], ""type"": ""MultiPoint""}",2022
18009,18010,2001815812.0,2022-09-18,150,F G GARDINER XY  E,CHERRY ST,50 m East of,Expressway,Toronto and East York,Non Intersection,No Control,Clear,"Dark, artificial",Dry,Non-Fatal Injury,SMV Other,Motorcycle Driver,30 to 34,Major,,East,Motorcycle,Going Ahead,Lost control,Unknown,,,,,,,,,,Yes,,,,Yes,Yes,Yes,,,,166,St Lawrence-East Bayfront-The Islands,77,Waterfront Communities-The Island (77),D51,"{""coordinates"": [[-79.3550679995905, 43.6489470003579]], ""type"": ""MultiPoint""}",2022
18010,18011,2001815812.0,2022-09-18,150,F G GARDINER XY  E,CHERRY ST,50 m East of,Expressway,Toronto and East York,Non Intersection,No Control,Clear,"Dark, artificial",Dry,Non-Fatal Injury,SMV Other,Motorcycle Passenger,30 to 34,Major,,,,,,,,,,,,,,,,Yes,,,,Yes,Yes,Yes,,,,166,St Lawrence-East Bayfront-The Islands,77,Waterfront Communities-The Island (77),D51,"{""coordinates"": [[-79.3550679995905, 43.6489470003579]], ""type"": ""MultiPoint""}",2022
18011,18012,2001822639.0,2022-09-19,627,BAYVIEW AVE,LAWRENCE AVE E,92 m South o,Major Arterial,North York,Non Intersection,No Control,Clear,Dark,Dry,Non-Fatal Injury,Approaching,Passenger,75 to 79,Minor,,,,,,,,,,,,,,,Yes,,,,,Yes,,Yes,,,,41,Bridle Path-Sunnybrook-York Mills,41,Bridle Path-Sunnybrook-York Mills (41),D53,"{""coordinates"": [[-79.3815110000056, 43.726690999946]], ""type"": ""MultiPoint""}",2022
18012,18013,2001822639.0,2022-09-19,627,BAYVIEW AVE,LAWRENCE AVE E,92 m South o,Major Arterial,North York,Non Intersection,No Control,Clear,Dark,Dry,Non-Fatal Injury,Approaching,Driver,60 to 64,,,South,"Automobile, Station Wagon",Going Ahead,Other,Inattentive,,,,,,,,,Yes,,,,,Yes,,Yes,,,,41,Bridle Path-Sunnybrook-York Mills,41,Bridle Path-Sunnybrook-York Mills (41),D53,"{""coordinates"": [[-79.3815110000056, 43.726690999946]], ""type"": ""MultiPoint""}",2022
18013,18014,2001822639.0,2022-09-19,627,BAYVIEW AVE,LAWRENCE AVE E,92 m South o,Major Arterial,North York,Non Intersection,No Control,Clear,Dark,Dry,Non-Fatal Injury,Approaching,Driver,25 to 29,Major,,North,"Automobile, Station Wagon",Going Ahead,Driving Properly,Normal,,,,,,,,,Yes,,,,,Yes,,Yes,,,,41,Bridle Path-Sunnybrook-York Mills,41,Bridle Path-Sunnybrook-York Mills (41),D53,"{""coordinates"": [[-79.3815110000056, 43.726690999946]], ""type"": ""MultiPoint""}",2022
18014,18015,2001822639.0,2022-09-19,627,BAYVIEW AVE,LAWRENCE AVE E,92 m South o,Major Arterial,North York,Non Intersection,No Control,Clear,Dark,Dry,Non-Fatal Injury,Approaching,Passenger,55 to 59,Minor,,,,,,,,,,,,,,,Yes,,,,,Yes,,Yes,,,,41,Bridle Path-Sunnybrook-York Mills,41,Bridle Path-Sunnybrook-York Mills (41),D53,"{""coordinates"": [[-79.3815110000056, 43.726690999946]], ""type"": ""MultiPoint""}",2022
18015,18016,2001844231.0,2022-09-22,850,TRETHEWEY DR AND PAULSON ROAD,PAULSON RD,10 m West of,Minor Arterial,,Intersection Related,No Control,Clear,Daylight,Dry,Non-Fatal Injury,Pedestrian Collisions,Driver,65 to 69,,,West,"Automobile, Station Wagon",Going Ahead,Driving Properly,Normal,,,,,,,Yes,,Yes,,,,,,,,,,,112,Beechborough-Greenbrook,112,Beechborough-Greenbrook (112),D12,"{""coordinates"": [[-79.4822570006082, 43.6935830001913]], ""type"": ""MultiPoint""}",2022
18016,18017,2001844231.0,2022-09-22,850,TRETHEWEY DR AND PAULSON ROAD,PAULSON RD,10 m West of,Minor Arterial,,Intersection Related,No Control,Clear,Daylight,Dry,Non-Fatal Injury,Pedestrian Collisions,Pedestrian,15 to 19,Major,,South,,,,,Vehicle is going straight thru inter.while ped cross without ROW,Crossing without right of way,Normal,,,,Yes,,Yes,,,,,,,,,,,112,Beechborough-Greenbrook,112,Beechborough-Greenbrook (112),D12,"{""coordinates"": [[-79.4822570006082, 43.6935830001913]], ""type"": ""MultiPoint""}",2022
18017,18018,2001845564.0,2022-09-22,1217,THE QUEENSWAY,KING ST W,20 m West of,Major Arterial,Toronto and East York,Intersection Related,Traffic Signal,Clear,Daylight,Dry,Non-Fatal Injury,Approaching,Driver,70 to 74,Major,,West,"Automobile, Station Wagon",Going Ahead,Lost control,Medical or Physical Disability,,,,,,,,,Yes,,,,,,,,,,Yes,85,South Parkdale,85,South Parkdale (85),D14,"{""coordinates"": [[-79.4461780003858, 43.6386439999585]], ""type"": ""MultiPoint""}",2022
18018,18019,2001845564.0,2022-09-22,1217,THE QUEENSWAY,KING ST W,20 m West of,Major Arterial,Toronto and East York,Intersection Related,Traffic Signal,Clear,Daylight,Dry,Non-Fatal Injury,Approaching,Driver,60 to 64,Minor,,East,"Automobile, Station Wagon",Going Ahead,Driving Properly,Normal,,,,,,,,,Yes,,,,,,,,,,Yes,85,South Parkdale,85,South Parkdale (85),D14,"{""coordinates"": [[-79.4461780003858, 43.6386439999585]], ""type"": ""MultiPoint""}",2022
18019,18020,2001849890.0,2022-09-22,2350,F G GARDINER XY  W,GARDINER X W 427 X N RAMP,25 m West of,Expressway,Etobicoke York,Non Intersection,No Control,Clear,Dark,Dry,Non-Fatal Injury,Rear End,Driver,unknown,,,West,"Automobile, Station Wagon",Going Ahead,Lost control,Inattentive,,,,,,,,,Yes,,,,,Yes,Yes,Yes,,,,20,Alderwood,20,Alderwood (20),D22,"{""coordinates"": [[-79.5359759996403, 43.6159310002276]], ""type"": ""MultiPoint""}",2022
18020,18021,2001849890.0,2022-09-22,2350,F G GARDINER XY  W,GARDINER X W 427 X N RAMP,25 m West of,Expressway,Etobicoke York,Non Intersection,No Control,Clear,Dark,Dry,Non-Fatal Injury,Rear End,Driver,50 to 54,Minimal,,West,"Automobile, Station Wagon",Stopped,Driving Properly,Normal,,,,,,,,,Yes,,,,,Yes,Yes,Yes,,,,20,Alderwood,20,Alderwood (20),D22,"{""coordinates"": [[-79.5359759996403, 43.6159310002276]], ""type"": ""MultiPoint""}",2022
18021,18022,2001849890.0,2022-09-22,2350,F G GARDINER XY  W,GARDINER X W 427 X N RAMP,25 m West of,Expressway,Etobicoke York,Non Intersection,No Control,Clear,Dark,Dry,Non-Fatal Injury,Rear End,Driver,30 to 34,Minimal,,West,"Automobile, Station Wagon",Slowing or Stopping,Driving Properly,Normal,,,,,,,,,Yes,,,,,Yes,Yes,Yes,,,,20,Alderwood,20,Alderwood (20),D22,"{""coordinates"": [[-79.5359759996403, 43.6159310002276]], ""type"": ""MultiPoint""}",2022
18022,18023,2001849890.0,2022-09-22,2350,F G GARDINER XY  W,GARDINER X W 427 X N RAMP,25 m West of,Expressway,Etobicoke York,Non Intersection,No Control,Clear,Dark,Dry,Non-Fatal Injury,Rear End,Driver,25 to 29,Minimal,,West,"Automobile, Station Wagon",Going Ahead,Speed too Fast For Condition,Inattentive,,,,,,,,,Yes,,,,,Yes,Yes,Yes,,,,20,Alderwood,20,Alderwood (20),D22,"{""coordinates"": [[-79.5359759996403, 43.6159310002276]], ""type"": ""MultiPoint""}",2022
18023,18024,2001849890.0,2022-09-22,2350,F G GARDINER XY  W,GARDINER X W 427 X N RAMP,25 m West of,Expressway,Etobicoke York,Non Intersection,No Control,Clear,Dark,Dry,Non-Fatal Injury,Rear End,Passenger,20 to 24,Minimal,,,,,,,,,,,,,,,Yes,,,,,Yes,Yes,Yes,,,,20,Alderwood,20,Alderwood (20),D22,"{""coordinates"": [[-79.5359759996403, 43.6159310002276]], ""type"": ""MultiPoint""}",2022
18024,18025,2001849890.0,2022-09-22,2350,F G GARDINER XY  W,GARDINER X W 427 X N RAMP,25 m West of,Expressway,Etobicoke York,Non Intersection,No Control,Clear,Dark,Dry,Non-Fatal Injury,Rear End,Passenger,20 to 24,Major,,,,,,,,,,,,,,,Yes,,,,,Yes,Yes,Yes,,,,20,Alderwood,20,Alderwood (20),D22,"{""coordinates"": [[-79.5359759996403, 43.6159310002276]], ""type"": ""MultiPoint""}",2022
18025,18026,2002282330.0,2022-09-23,304,STEELES AVE E,SEWELLS RD,,Minor Arterial,Scarborough,Non Intersection,No Control,Clear,Dark,Dry,Fatal,SMV Other,Passenger,15 to 19,Fatal,47.0,,,,,,,,,,,,,,Yes,,,,,Yes,,,,,,144,Morningside Heights,131,Rouge (131),D42,"{""coordinates"": [[-79.2122680000387, 43.8454389999515]], ""type"": ""MultiPoint""}",2022
18026,18027,2002282330.0,2022-09-23,304,STEELES AVE E,SEWELLS RD,,Minor Arterial,Scarborough,Non Intersection,No Control,Clear,Dark,Dry,Fatal,SMV Other,Driver,15 to 19,Minor,,West,"Automobile, Station Wagon",Other,Lost control,Unknown,,,,,,,,,Yes,,,,,Yes,,,,,,144,Morningside Heights,131,Rouge (131),D42,"{""coordinates"": [[-79.2122680000387, 43.8454389999515]], ""type"": ""MultiPoint""}",2022
18027,18028,2002282330.0,2022-09-23,304,STEELES AVE E,SEWELLS RD,,Minor Arterial,Scarborough,Non Intersection,No Control,Clear,Dark,Dry,Fatal,SMV Other,Passenger,20 to 24,Minor,,,,,,,,,,,,,,,Yes,,,,,Yes,,,,,,144,Morningside Heights,131,Rouge (131),D42,"{""coordinates"": [[-79.2122680000387, 43.8454389999515]], ""type"": ""MultiPoint""}",2022
18028,18029,2001854039.0,2022-09-23,1425,WESTON WOOD RD,ROYAL YORK RD,,Minor Arterial,Etobicoke York,At Intersection,No Control,Clear,Daylight,Dry,Non-Fatal Injury,Approaching,Driver,35 to 39,Minor,,South,Pick Up Truck,Going Ahead,Improper Passing,Inattentive,,,,,,,,,Yes,,,,,,,Yes,,,,8,Humber Heights-Westmount,8,Humber Heights-Westmount (8),D23,"{""coordinates"": [[-79.5308260004053, 43.6918700002314]], ""type"": ""MultiPoint""}",2022
18029,18030,2001854039.0,2022-09-23,1425,WESTON WOOD RD,ROYAL YORK RD,,Minor Arterial,Etobicoke York,At Intersection,No Control,Clear,Daylight,Dry,Non-Fatal Injury,Approaching,Driver,75 to 79,Major,,North,"Automobile, Station Wagon",Going Ahead,Driving Properly,Normal,,,,,,,,,Yes,,,,,,,Yes,,,,8,Humber Heights-Westmount,8,Humber Heights-Westmount (8),D23,"{""coordinates"": [[-79.5308260004053, 43.6918700002314]], ""type"": ""MultiPoint""}",2022
18030,18031,2001859884.0,2022-09-24,1100,BLOOR ST W,GARDENVALE RD,5 m East of,Major Arterial,Etobicoke York,At Intersection,Traffic Signal,Clear,Daylight,Dry,Non-Fatal Injury,Pedestrian Collisions,Driver,25 to 29,,,South,"Automobile, Station Wagon",Turning Left,Failed to Yield Right of Way,Inattentive,,,,,,,Yes,,Yes,,,,,,,Yes,,,,16,Stonegate-Queensway,16,Stonegate-Queensway (16),D22,"{""coordinates"": [[-79.5189390003851, 43.6455940001161]], ""type"": ""MultiPoint""}",2022
18031,18032,2001859884.0,2022-09-24,1100,BLOOR ST W,GARDENVALE RD,5 m East of,Major Arterial,Etobicoke York,At Intersection,Traffic Signal,Clear,Daylight,Dry,Non-Fatal Injury,Pedestrian Collisions,Pedestrian,55 to 59,Major,,North,,,,,Vehicle turns left while ped crosses with ROW at inter.,Crossing with right of way,Normal,,,,Yes,,Yes,,,,,,,Yes,,,,16,Stonegate-Queensway,16,Stonegate-Queensway (16),D22,"{""coordinates"": [[-79.5189390003851, 43.6455940001161]], ""type"": ""MultiPoint""}",2022
18032,18033,2001862623.0,2022-09-24,1910,FINCH AVE E,SENECA HILL DR,155 m East o,Major Arterial,North York,Non Intersection,No Control,Clear,Dusk,Dry,Non-Fatal Injury,Turning Movement,Motorcycle Driver,20 to 24,Major,,West,Motorcycle,Overtaking,Improper Passing,Normal,,,,,,,,,Yes,Yes,,,,Yes,,Yes,,,,47,Don Valley Village,47,Don Valley Village (47),D33,"{""coordinates"": [[-79.3484449997474, 43.7940200002281]], ""type"": ""MultiPoint""}",2022
18033,18034,2001862623.0,2022-09-24,1910,FINCH AVE E,SENECA HILL DR,155 m East o,Major Arterial,North York,Non Intersection,No Control,Clear,Dusk,Dry,Non-Fatal Injury,Turning Movement,Driver,25 to 29,,,West,"Automobile, Station Wagon",Making U Turn,Driving Properly,Normal,,,,,,,,,Yes,Yes,,,,Yes,,Yes,,,,47,Don Valley Village,47,Don Valley Village (47),D33,"{""coordinates"": [[-79.3484449997474, 43.7940200002281]], ""type"": ""MultiPoint""}",2022
18034,18035,2001862623.0,2022-09-24,1910,FINCH AVE E,SENECA HILL DR,155 m East o,Major Arterial,North York,Non Intersection,No Control,Clear,Dusk,Dry,Non-Fatal Injury,Turning Movement,Passenger,25 to 29,,,,,,,,,,,,,,,,Yes,Yes,,,,Yes,,Yes,,,,47,Don Valley Village,47,Don Valley Village (47),D33,"{""coordinates"": [[-79.3484449997474, 43.7940200002281]], ""type"": ""MultiPoint""}",2022
18035,18036,2001863583.0,2022-09-24,2218,DUFFERIN ST,MARTIN ST,,Major Arterial,,Non Intersection,No Control,Clear,"Dark, artificial",Dry,Fatal,Angle,Motorcycle Driver,30 to 34,Fatal,43.0,South,Motorcycle,Going Ahead,Driving Properly,Unknown,,,,,,,,,Yes,Yes,,Yes,,Yes,,,,,,107,Oakwood Village,107,Oakwood Village (107),D13,"{""coordinates"": [[-79.4476880005663, 43.6894250003844]], ""type"": ""MultiPoint""}",2022
18036,18037,2001863583.0,2022-09-24,2218,DUFFERIN ST,MARTIN ST,,Major Arterial,,Non Intersection,No Control,Clear,"Dark, artificial",Dry,Fatal,Angle,Driver,20 to 24,Minor,,West,"Automobile, Station Wagon",Reversing,Other,Inattentive,,,,,,,,,Yes,Yes,,Yes,,Yes,,,,,,107,Oakwood Village,107,Oakwood Village (107),D13,"{""coordinates"": [[-79.4476880005663, 43.6894250003844]], ""type"": ""MultiPoint""}",2022
18037,18038,2001863583.0,2022-09-24,2218,DUFFERIN ST,MARTIN ST,,Major Arterial,,Non Intersection,No Control,Clear,"Dark, artificial",Dry,Fatal,Angle,Driver,35 to 39,,,North,Municipal Transit Bus (TTC),Going Ahead,Driving Properly,Normal,,,,,,,,,Yes,Yes,,Yes,,Yes,,,,,,107,Oakwood Village,107,Oakwood Village (107),D13,"{""coordinates"": [[-79.4476880005663, 43.6894250003844]], ""type"": ""MultiPoint""}",2022
18038,18039,2001863583.0,2022-09-24,2218,DUFFERIN ST,MARTIN ST,,Major Arterial,,Non Intersection,No Control,Clear,"Dark, artificial",Dry,Fatal,Angle,Passenger,15 to 19,Minor,,,,,,,,,,,,,,,Yes,Yes,,Yes,,Yes,,,,,,107,Oakwood Village,107,Oakwood Village (107),D13,"{""coordinates"": [[-79.4476880005663, 43.6894250003844]], ""type"": ""MultiPoint""}",2022
18039,18040,2001864755.0,2022-09-25,316,GAMMA ST,VALERMO DR,,Local,Etobicoke York,Non Intersection,No Control,Clear,"Dusk, artificial",Dry,Non-Fatal Injury,Pedestrian Collisions,Driver,45 to 49,,,South,Passenger Van,Going Ahead,Other,"Ability Impaired, Alcohol Over .08",,,,,,,Yes,,Yes,,,,,,,Yes,,Yes,,20,Alderwood,20,Alderwood (20),D22,"{""coordinates"": [[-79.5393250003021, 43.6081800002803]], ""type"": ""MultiPoint""}",2022
18040,18041,2001864755.0,2022-09-25,316,GAMMA ST,VALERMO DR,,Local,Etobicoke York,Non Intersection,No Control,Clear,"Dusk, artificial",Dry,Non-Fatal Injury,Pedestrian Collisions,Pedestrian,40 to 44,Major,,Unknown,,,,,Pedestrian hit on sidewalk or shoulder,On Sidewalk or Shoulder,Normal,,,,Yes,,Yes,,,,,,,Yes,,Yes,,20,Alderwood,20,Alderwood (20),D22,"{""coordinates"": [[-79.5393250003021, 43.6081800002803]], ""type"": ""MultiPoint""}",2022
18041,18042,2001871122.0,2022-09-26,624,KEELE ST,DENBIGH CRES,10 m North o,Major Arterial,North York,Intersection Related,No Control,Clear,Daylight,Dry,Non-Fatal Injury,Rear End,Driver,20 to 24,Major,,North,"Automobile, Station Wagon",Going Ahead,Exceeding Speed Limit,Fatigue,,,,,,,,,Yes,,,,,,Yes,Yes,,,,155,Downsview,26,Downsview-Roding-CFB (26),D31,"{""coordinates"": [[-79.4848509996172, 43.7382230002148]], ""type"": ""MultiPoint""}",2022
18042,18043,2001871122.0,2022-09-26,624,KEELE ST,DENBIGH CRES,10 m North o,Major Arterial,North York,Intersection Related,No Control,Clear,Daylight,Dry,Non-Fatal Injury,Rear End,Driver,65 to 69,Minimal,,North,"Automobile, Station Wagon",Going Ahead,Driving Properly,Normal,,,,,,,,,Yes,,,,,,Yes,Yes,,,,155,Downsview,26,Downsview-Roding-CFB (26),D31,"{""coordinates"": [[-79.4848509996172, 43.7382230002148]], ""type"": ""MultiPoint""}",2022
18043,18044,2001876381.0,2022-09-26,1909,COSBURN AV,GLEBEMOUNT AVE,,Minor Arterial,Toronto and East York,Intersection Related,Pedestrian Crossover,Rain,"Dark, artificial",Wet,Non-Fatal Injury,Pedestrian Collisions,Driver,30 to 34,,,East,"Automobile, Station Wagon",Going Ahead,Disobeyed Traffic Control,Inattentive,,,,,,,Yes,,Yes,,,,,,,Yes,,,,59,Danforth East York,59,Danforth East York (59),D55,"{""coordinates"": [[-79.3216199995405, 43.6954369997117]], ""type"": ""MultiPoint""}",2022
18044,18045,2001876381.0,2022-09-26,1909,COSBURN AV,GLEBEMOUNT AVE,,Minor Arterial,Toronto and East York,Intersection Related,Pedestrian Crossover,Rain,"Dark, artificial",Wet,Non-Fatal Injury,Pedestrian Collisions,Pedestrian,60 to 64,Major,,,,,,,Pedestrian hit a PXO/ped. Mid-block signal,"Crossing, Pedestrian Crossover",Normal,,,,Yes,,Yes,,,,,,,Yes,,,,59,Danforth East York,59,Danforth East York (59),D55,"{""coordinates"": [[-79.3216199995405, 43.6954369997117]], ""type"": ""MultiPoint""}",2022
18045,18046,2001876450.0,2022-09-26,1920,KINGSTON RD,MORNINGSIDE AV,,Major Arterial,Scarborough,At Intersection,Traffic Signal,Rain,Dark,Wet,Non-Fatal Injury,Pedestrian Collisions,Driver,40 to 44,,,East,Municipal Transit Bus (TTC),Turning Left,Driving Properly,Normal,,,,,,,Yes,,,,,Yes,,,,,,,,136,West Hill,136,West Hill (136),D43,"{""coordinates"": [[-79.1868700000803, 43.7705070002623]], ""type"": ""MultiPoint""}",2022
18046,18047,2001876450.0,2022-09-26,1920,KINGSTON RD,MORNINGSIDE AV,,Major Arterial,Scarborough,At Intersection,Traffic Signal,Rain,Dark,Wet,Non-Fatal Injury,Pedestrian Collisions,Pedestrian,25 to 29,Major,,Unknown,,,,,Vehicle turns left while ped crosses without ROW at inter.,Crossing marked crosswalk without ROW,Inattentive,,,,Yes,,,,,Yes,,,,,,,,136,West Hill,136,West Hill (136),D43,"{""coordinates"": [[-79.1868700000803, 43.7705070002623]], ""type"": ""MultiPoint""}",2022
18047,18048,2001891464.0,2022-09-28,2012,WILSON AVE,DALLNER RD,,Major Arterial,Etobicoke York,At Intersection,No Control,Clear,"Dark, artificial",Dry,Non-Fatal Injury,Pedestrian Collisions,Driver,unknown,,,East,"Automobile, Station Wagon",Going Ahead,Driving Properly,Unknown,,,,,,,Yes,,Yes,,,,,,,,,,,154,Oakdale-Beverley Heights,26,Downsview-Roding-CFB (26),D31,"{""coordinates"": [[-79.5137670005986, 43.7198240000237]], ""type"": ""MultiPoint""}",2022