index,_id,ACCNUM,DATE,TIME,STREET1,STREET2,OFFSET,ROAD_CLASS,DISTRICT,ACCLOC,TRAFFCTL,VISIBILITY,LIGHT,RDSFCOND,ACCLASS,IMPACTYPE,INVTYPE,INVAGE,INJURY,FATAL_NO,INITDIR,VEHTYPE,MANOEUVER,DRIVACT,DRIVCOND,PEDTYPE,PEDACT,PEDCOND,CYCLISTYPE,CYCACT,CYCCOND,PEDESTRIAN,CYCLIST,AUTOMOBILE,MOTORCYCLE,TRUCK,TRSN_CITY_VEH,EMERG_VEH,PASSENGER,SPEEDING,AG_DRIV,REDLIGHT,ALCOHOL,DISABILITY,HOOD_158,NEIGHBOURHOOD_158,HOOD_140,NEIGHBOURHOOD_140,DIVISION,geometry,ACCIDENT_YEAR
18048,18049,2001891464.0,2022-09-28,2012,WILSON AVE,DALLNER RD,,Major Arterial,Etobicoke York,At Intersection,No Control,Clear,"Dark, artificial",Dry,Non-Fatal Injury,Pedestrian Collisions,Pedestrian,55 to 59,Major,,Unknown,,,,,Vehicle is going straight thru inter.while ped cross without ROW,Walking on Roadway Against Traffic,Other,,,,Yes,,Yes,,,,,,,,,,,154,Oakdale-Beverley Heights,26,Downsview-Roding-CFB (26),D31,"{""coordinates"": [[-79.5137670005986, 43.7198240000237]], ""type"": ""MultiPoint""}",2022
18049,18050,2001894189.0,2022-09-29,904,STEELES AVE W,FENMAR DR,,Major Arterial,Etobicoke York,At Intersection,Traffic Signal,Clear,Daylight,Dry,Non-Fatal Injury,Pedestrian Collisions,Driver,70 to 74,,,South,Pick Up Truck,Turning Left,Failed to Yield Right of Way,Inattentive,,,,,,,Yes,,Yes,,,,,Yes,,Yes,,,,21,Humber Summit,21,Humber Summit (21),D31,"{""coordinates"": [[-79.5647389994302, 43.7664739998318]], ""type"": ""MultiPoint""}",2022
18050,18051,2001894189.0,2022-09-29,904,STEELES AVE W,FENMAR DR,,Major Arterial,Etobicoke York,At Intersection,Traffic Signal,Clear,Daylight,Dry,Non-Fatal Injury,Pedestrian Collisions,Passenger,65 to 69,,,,,,,,,,,,,,Yes,,Yes,,,,,Yes,,Yes,,,,21,Humber Summit,21,Humber Summit (21),D31,"{""coordinates"": [[-79.5647389994302, 43.7664739998318]], ""type"": ""MultiPoint""}",2022
18051,18052,2001894189.0,2022-09-29,904,STEELES AVE W,FENMAR DR,,Major Arterial,Etobicoke York,At Intersection,Traffic Signal,Clear,Daylight,Dry,Non-Fatal Injury,Pedestrian Collisions,Pedestrian,50 to 54,Major,,North,,,,,Vehicle turns left while ped crosses with ROW at inter.,Crossing with right of way,Normal,,,,Yes,,Yes,,,,,Yes,,Yes,,,,21,Humber Summit,21,Humber Summit (21),D31,"{""coordinates"": [[-79.5647389994302, 43.7664739998318]], ""type"": ""MultiPoint""}",2022
18052,18053,2001898372.0,2022-09-29,1920,SKYWAY AVE,DIXON RD,,Minor Arterial,North York,Non Intersection,No Control,,Daylight,,Fatal,Turning Movement,Driver,55 to 59,,,South,"Automobile, Station Wagon",Making U Turn,Improper Turn,Inattentive,,,,,,,,,Yes,Yes,,,,,,,,,,1,West Humber-Clairville,1,West Humber-Clairville (1),D23,"{""coordinates"": [[-79.5860400000112, 43.6867010001634]], ""type"": ""MultiPoint""}",2022
18053,18054,2001898372.0,2022-09-29,1920,SKYWAY AVE,DIXON RD,,Minor Arterial,North York,Non Intersection,No Control,,Daylight,,Fatal,Turning Movement,Motorcycle Driver,50 to 54,Fatal,44.0,South,Motorcycle,Going Ahead,Driving Properly,Normal,,,,,,,,,Yes,Yes,,,,,,,,,,1,West Humber-Clairville,1,West Humber-Clairville (1),D23,"{""coordinates"": [[-79.5860400000112, 43.6867010001634]], ""type"": ""MultiPoint""}",2022
18054,18055,2001902035.0,2022-09-30,1005,33 QUEEN ST E,,30 m East of,Major Arterial,Toronto and East York,Non Intersection,No Control,Clear,Daylight,Dry,Non-Fatal Injury,Turning Movement,Driver,85 to 89,Major,,North,"Automobile, Station Wagon",Turning Right,Failed to Yield Right of Way,Unknown,,,,,,,,,Yes,,Yes,,,Yes,,Yes,,,,168,Downtown Yonge East,75,Church-Yonge Corridor (75),D51,"{""coordinates"": [[-79.3776050003061, 43.652685999903]], ""type"": ""MultiPoint""}",2022
18055,18056,2001902035.0,2022-09-30,1005,33 QUEEN ST E,,30 m East of,Major Arterial,Toronto and East York,Non Intersection,No Control,Clear,Daylight,Dry,Non-Fatal Injury,Turning Movement,Driver,55 to 59,Minimal,,East,"Automobile, Station Wagon",Going Ahead,Driving Properly,Normal,,,,,,,,,Yes,,Yes,,,Yes,,Yes,,,,168,Downtown Yonge East,75,Church-Yonge Corridor (75),D51,"{""coordinates"": [[-79.3776050003061, 43.652685999903]], ""type"": ""MultiPoint""}",2022
18056,18057,2001902035.0,2022-09-30,1005,33 QUEEN ST E,,30 m East of,Major Arterial,Toronto and East York,Non Intersection,No Control,Clear,Daylight,Dry,Non-Fatal Injury,Turning Movement,Truck Driver,55 to 59,Minor,,West,Truck - Dump,Going Ahead,Driving Properly,Normal,,,,,,,,,Yes,,Yes,,,Yes,,Yes,,,,168,Downtown Yonge East,75,Church-Yonge Corridor (75),D51,"{""coordinates"": [[-79.3776050003061, 43.652685999903]], ""type"": ""MultiPoint""}",2022
18057,18058,2001902035.0,2022-09-30,1005,33 QUEEN ST E,,30 m East of,Major Arterial,Toronto and East York,Non Intersection,No Control,Clear,Daylight,Dry,Non-Fatal Injury,Turning Movement,Passenger,55 to 59,Minimal,,,,,,,,,,,,,,,Yes,,Yes,,,Yes,,Yes,,,,168,Downtown Yonge East,75,Church-Yonge Corridor (75),D51,"{""coordinates"": [[-79.3776050003061, 43.652685999903]], ""type"": ""MultiPoint""}",2022
18058,18059,2001903424.0,2022-09-30,1331,BURNHAMTHORPE RD,LAUREL AV,80 m West of,Major Arterial,Etobicoke York,Non Intersection,No Control,Clear,Daylight,Dry,Non-Fatal Injury,Angle,Motorcycle Driver,35 to 39,Major,,West,Motorcycle,Going Ahead,Lost control,Normal,,,,,,,,,Yes,Yes,,,,Yes,Yes,Yes,,,,158,Islington,14,Islington-City Centre West (14),D22,"{""coordinates"": [[-79.5566590002975, 43.6469449998248]], ""type"": ""MultiPoint""}",2022
18059,18060,2001903424.0,2022-09-30,1331,BURNHAMTHORPE RD,LAUREL AV,80 m West of,Major Arterial,Etobicoke York,Non Intersection,No Control,Clear,Daylight,Dry,Non-Fatal Injury,Angle,Driver,70 to 74,,,North,"Automobile, Station Wagon",Going Ahead,Driving Properly,Normal,,,,,,,,,Yes,Yes,,,,Yes,Yes,Yes,,,,158,Islington,14,Islington-City Centre West (14),D22,"{""coordinates"": [[-79.5566590002975, 43.6469449998248]], ""type"": ""MultiPoint""}",2022
18060,18061,2001903424.0,2022-09-30,1331,BURNHAMTHORPE RD,LAUREL AV,80 m West of,Major Arterial,Etobicoke York,Non Intersection,No Control,Clear,Daylight,Dry,Non-Fatal Injury,Angle,Passenger,65 to 69,,,,,,,,,,,,,,,,Yes,Yes,,,,Yes,Yes,Yes,,,,158,Islington,14,Islington-City Centre West (14),D22,"{""coordinates"": [[-79.5566590002975, 43.6469449998248]], ""type"": ""MultiPoint""}",2022
18061,18062,2001905181.0,2022-09-30,1731,CARLTON ST,JARVIS ST,,Major Arterial,Toronto and East York,At Intersection,Traffic Signal,Clear,Daylight,Dry,Non-Fatal Injury,Pedestrian Collisions,Driver,25 to 29,,,West,"Automobile, Station Wagon",Turning Left,Failed to Yield Right of Way,Normal,,,,,,,Yes,,Yes,Yes,,,,Yes,,Yes,,,,73,Moss Park,73,Moss Park (73),D51,"{""coordinates"": [[-79.3766890001845, 43.6624129995623]], ""type"": ""MultiPoint""}",2022
18062,18063,2001905181.0,2022-09-30,1731,CARLTON ST,JARVIS ST,,Major Arterial,Toronto and East York,At Intersection,Traffic Signal,Clear,Daylight,Dry,Non-Fatal Injury,Pedestrian Collisions,Motorcycle Driver,55 to 59,Major,,East,Motorcycle,Going Ahead,Driving Properly,Normal,,,,,,,Yes,,Yes,Yes,,,,Yes,,Yes,,,,73,Moss Park,73,Moss Park (73),D51,"{""coordinates"": [[-79.3766890001845, 43.6624129995623]], ""type"": ""MultiPoint""}",2022
18063,18064,2001905181.0,2022-09-30,1731,CARLTON ST,JARVIS ST,,Major Arterial,Toronto and East York,At Intersection,Traffic Signal,Clear,Daylight,Dry,Non-Fatal Injury,Pedestrian Collisions,Passenger,unknown,,,,,,,,,,,,,,Yes,,Yes,Yes,,,,Yes,,Yes,,,,73,Moss Park,73,Moss Park (73),D51,"{""coordinates"": [[-79.3766890001845, 43.6624129995623]], ""type"": ""MultiPoint""}",2022
18064,18065,2001905181.0,2022-09-30,1731,CARLTON ST,JARVIS ST,,Major Arterial,Toronto and East York,At Intersection,Traffic Signal,Clear,Daylight,Dry,Non-Fatal Injury,Pedestrian Collisions,Pedestrian,35 to 39,Minimal,,Unknown,,,,,Pedestrian hit on sidewalk or shoulder,On Sidewalk or Shoulder,Normal,,,,Yes,,Yes,Yes,,,,Yes,,Yes,,,,73,Moss Park,73,Moss Park (73),D51,"{""coordinates"": [[-79.3766890001845, 43.6624129995623]], ""type"": ""MultiPoint""}",2022
18065,18066,2001905181.0,2022-09-30,1731,CARLTON ST,JARVIS ST,,Major Arterial,Toronto and East York,At Intersection,Traffic Signal,Clear,Daylight,Dry,Non-Fatal Injury,Pedestrian Collisions,Pedestrian,35 to 39,Minimal,,Unknown,,,,,Pedestrian hit on sidewalk or shoulder,On Sidewalk or Shoulder,Normal,,,,Yes,,Yes,Yes,,,,Yes,,Yes,,,,73,Moss Park,73,Moss Park (73),D51,"{""coordinates"": [[-79.3766890001845, 43.6624129995623]], ""type"": ""MultiPoint""}",2022
18066,18067,2001909311.0,2022-10-01,956,DUFFERIN ST,PEEL AVE,23 m North o,Minor Arterial,Toronto and East York,At Intersection,No Control,Clear,Daylight,Dry,Non-Fatal Injury,Cyclist Collisions,Cyclist,30 to 34,Major,,South,Bicycle,Turning Left,,,,,,Cyclist turned left across motorists path.,Failed to Yield Right of Way,Inattentive,,Yes,Yes,,,,,,,,,,,84,Little Portugal,84,Little Portugal (84),D11,"{""coordinates"": [[-79.4291950004314, 43.6437899996354]], ""type"": ""MultiPoint""}",2022
18067,18068,2001909311.0,2022-10-01,956,DUFFERIN ST,PEEL AVE,23 m North o,Minor Arterial,Toronto and East York,At Intersection,No Control,Clear,Daylight,Dry,Non-Fatal Injury,Cyclist Collisions,Driver,40 to 44,,,North,"Automobile, Station Wagon",Going Ahead,Driving Properly,Normal,,,,,,,,Yes,Yes,,,,,,,,,,,84,Little Portugal,84,Little Portugal (84),D11,"{""coordinates"": [[-79.4291950004314, 43.6437899996354]], ""type"": ""MultiPoint""}",2022
18068,18069,2001915767.0,2022-10-02,810,EVANS AVE,ISLINGTON AVE,,Major Arterial,Etobicoke York,At Intersection,Traffic Signal,Clear,Daylight,Dry,Non-Fatal Injury,Cyclist Collisions,Driver,60 to 64,,,West,"Automobile, Station Wagon",Turning Right,Improper Turn,Normal,,,,,,,,Yes,Yes,,,,,,,,,,,160,Mimico-Queensway,17,Mimico (includes Humber Bay Shores) (17),D22,"{""coordinates"": [[-79.511255999898, 43.6183119997757]], ""type"": ""MultiPoint""}",2022
18069,18070,2001915767.0,2022-10-02,810,EVANS AVE,ISLINGTON AVE,,Major Arterial,Etobicoke York,At Intersection,Traffic Signal,Clear,Daylight,Dry,Non-Fatal Injury,Cyclist Collisions,Cyclist,35 to 39,Major,,South,Bicycle,Going Ahead,,,,,,Motorist turning right on red at signalized intersection strikes cyclist.,Other,Normal,,Yes,Yes,,,,,,,,,,,160,Mimico-Queensway,17,Mimico (includes Humber Bay Shores) (17),D22,"{""coordinates"": [[-79.511255999898, 43.6183119997757]], ""type"": ""MultiPoint""}",2022
18070,18071,2001916054.0,2022-10-02,934,DUNDAS ST W,BROCK AVE,3 m North of,Minor Arterial,Toronto and East York,At Intersection,Traffic Signal,Clear,Daylight,Dry,Non-Fatal Injury,Pedestrian Collisions,Driver,55 to 59,,,South,"Automobile, Station Wagon",Turning Left,Failed to Yield Right of Way,Inattentive,,,,,,,Yes,,Yes,,,,,,,Yes,,,,84,Little Portugal,84,Little Portugal (84),D11,"{""coordinates"": [[-79.4355579995348, 43.6498169999673]], ""type"": ""MultiPoint""}",2022
18071,18072,2001916054.0,2022-10-02,934,DUNDAS ST W,BROCK AVE,3 m North of,Minor Arterial,Toronto and East York,At Intersection,Traffic Signal,Clear,Daylight,Dry,Non-Fatal Injury,Pedestrian Collisions,Pedestrian,85 to 89,Major,,North,,,,,Vehicle turns left while ped crosses with ROW at inter.,Crossing with right of way,Normal,,,,Yes,,Yes,,,,,,,Yes,,,,84,Little Portugal,84,Little Portugal (84),D11,"{""coordinates"": [[-79.4355579995348, 43.6498169999673]], ""type"": ""MultiPoint""}",2022
18072,18073,2001921551.0,2022-10-03,622,BLOOR ST W,BATHURST ST,,Major Arterial,Toronto and East York,At Intersection,Traffic Signal,Clear,"Dark, artificial",Dry,Non-Fatal Injury,Turning Movement,Driver,30 to 34,,,East,"Automobile, Station Wagon",Turning Left,Failed to Yield Right of Way,Inattentive,,,,,,,,,Yes,Yes,,,,,,Yes,,,,79,University,79,University (79),D14,"{""coordinates"": [[-79.4111739996598, 43.6650419999096]], ""type"": ""MultiPoint""}",2022
18073,18074,2001921551.0,2022-10-03,622,BLOOR ST W,BATHURST ST,,Major Arterial,Toronto and East York,At Intersection,Traffic Signal,Clear,"Dark, artificial",Dry,Non-Fatal Injury,Turning Movement,Motorcycle Driver,25 to 29,Major,,West,Motorcycle,Going Ahead,Driving Properly,Normal,,,,,,,,,Yes,Yes,,,,,,Yes,,,,79,University,79,University (79),D14,"{""coordinates"": [[-79.4111739996598, 43.6650419999096]], ""type"": ""MultiPoint""}",2022
18074,18075,2001933263.0,2022-10-04,1752,FINCH AVE E,MARKHAM RD,,Major Arterial,Scarborough,At Intersection,Traffic Signal,Clear,"Dark, artificial",Dry,Non-Fatal Injury,Turning Movement,Driver,20 to 24,Minor,,East,"Automobile, Station Wagon",Going Ahead,Disobeyed Traffic Control,Unknown,,,,,,,,,Yes,,,,,Yes,Yes,Yes,Yes,,,145,Malvern West,132,Malvern (132),D42,"{""coordinates"": [[-79.2430370003528, 43.8128990003062]], ""type"": ""MultiPoint""}",2022
18075,18076,2001933263.0,2022-10-04,1752,FINCH AVE E,MARKHAM RD,,Major Arterial,Scarborough,At Intersection,Traffic Signal,Clear,"Dark, artificial",Dry,Non-Fatal Injury,Turning Movement,Driver,35 to 39,Minor,,North,"Automobile, Station Wagon",Turning Left,Driving Properly,Normal,,,,,,,,,Yes,,,,,Yes,Yes,Yes,Yes,,,145,Malvern West,132,Malvern (132),D42,"{""coordinates"": [[-79.2430370003528, 43.8128990003062]], ""type"": ""MultiPoint""}",2022
18076,18077,2001933263.0,2022-10-04,1752,FINCH AVE E,MARKHAM RD,,Major Arterial,Scarborough,At Intersection,Traffic Signal,Clear,"Dark, artificial",Dry,Non-Fatal Injury,Turning Movement,Driver,30 to 34,,,South,"Automobile, Station Wagon",Turning Left,Driving Properly,Normal,,,,,,,,,Yes,,,,,Yes,Yes,Yes,Yes,,,145,Malvern West,132,Malvern (132),D42,"{""coordinates"": [[-79.2430370003528, 43.8128990003062]], ""type"": ""MultiPoint""}",2022
18077,18078,2001933263.0,2022-10-04,1752,FINCH AVE E,MARKHAM RD,,Major Arterial,Scarborough,At Intersection,Traffic Signal,Clear,"Dark, artificial",Dry,Non-Fatal Injury,Turning Movement,Passenger,35 to 39,Major,,,,,,,,,,,,,,,Yes,,,,,Yes,Yes,Yes,Yes,,,145,Malvern West,132,Malvern (132),D42,"{""coordinates"": [[-79.2430370003528, 43.8128990003062]], ""type"": ""MultiPoint""}",2022
18078,18079,2001933263.0,2022-10-04,1752,FINCH AVE E,MARKHAM RD,,Major Arterial,Scarborough,At Intersection,Traffic Signal,Clear,"Dark, artificial",Dry,Non-Fatal Injury,Turning Movement,Passenger,0 to 4,Minor,,,,,,,,,,,,,,,Yes,,,,,Yes,Yes,Yes,Yes,,,145,Malvern West,132,Malvern (132),D42,"{""coordinates"": [[-79.2430370003528, 43.8128990003062]], ""type"": ""MultiPoint""}",2022
18079,18080,2001934242.0,2022-10-04,2043,2868 WESTON ROAD,,60 m South o,Major Arterial,North York,Non Intersection,No Control,Clear,"Dark, artificial",Dry,Non-Fatal Injury,Rear End,Truck Driver,25 to 29,,,South,Truck - Open,Going Ahead,Following too Close,Normal,,,,,,,,,Yes,,Yes,,,,,Yes,,,,23,Pelmo Park-Humberlea,23,Pelmo Park-Humberlea (23),D31,"{""coordinates"": [[-79.5370970002263, 43.7223119995915]], ""type"": ""MultiPoint""}",2022
18080,18081,2001934242.0,2022-10-04,2043,2868 WESTON ROAD,,60 m South o,Major Arterial,North York,Non Intersection,No Control,Clear,"Dark, artificial",Dry,Non-Fatal Injury,Rear End,Driver,45 to 49,Major,,South,"Automobile, Station Wagon",Slowing or Stopping,Driving Properly,Normal,,,,,,,,,Yes,,Yes,,,,,Yes,,,,23,Pelmo Park-Humberlea,23,Pelmo Park-Humberlea (23),D31,"{""coordinates"": [[-79.5370970002263, 43.7223119995915]], ""type"": ""MultiPoint""}",2022
18081,18082,2001934242.0,2022-10-04,2043,2868 WESTON ROAD,,60 m South o,Major Arterial,North York,Non Intersection,No Control,Clear,"Dark, artificial",Dry,Non-Fatal Injury,Rear End,Driver,60 to 64,,,South,"Automobile, Station Wagon",Slowing or Stopping,Driving Properly,Normal,,,,,,,,,Yes,,Yes,,,,,Yes,,,,23,Pelmo Park-Humberlea,23,Pelmo Park-Humberlea (23),D31,"{""coordinates"": [[-79.5370970002263, 43.7223119995915]], ""type"": ""MultiPoint""}",2022
18082,18083,2001941837.0,2022-10-05,2112,F G GARDINER XY  W,GRAND AVE,345 m East o,Expressway,Etobicoke York,Non Intersection,No Control,Clear,"Dark, artificial",Dry,Non-Fatal Injury,SMV Other,Driver,20 to 24,Major,,West,"Automobile, Station Wagon",Changing Lanes,Lost control,Unknown,,,,,,,,,Yes,,,,,Yes,Yes,Yes,,,,161,Humber Bay Shores,17,Mimico (includes Humber Bay Shores) (17),D22,"{""coordinates"": [[-79.4892989996556, 43.625658999873]], ""type"": ""MultiPoint""}",2022
18083,18084,2001941837.0,2022-10-05,2112,F G GARDINER XY  W,GRAND AVE,345 m East o,Expressway,Etobicoke York,Non Intersection,No Control,Clear,"Dark, artificial",Dry,Non-Fatal Injury,SMV Other,Driver,65 to 69,,,West,Pick Up Truck,Going Ahead,Driving Properly,Normal,,,,,,,,,Yes,,,,,Yes,Yes,Yes,,,,161,Humber Bay Shores,17,Mimico (includes Humber Bay Shores) (17),D22,"{""coordinates"": [[-79.4892989996556, 43.625658999873]], ""type"": ""MultiPoint""}",2022
18084,18085,2001941837.0,2022-10-05,2112,F G GARDINER XY  W,GRAND AVE,345 m East o,Expressway,Etobicoke York,Non Intersection,No Control,Clear,"Dark, artificial",Dry,Non-Fatal Injury,SMV Other,Passenger,20 to 24,Major,,,,,,,,,,,,,,,Yes,,,,,Yes,Yes,Yes,,,,161,Humber Bay Shores,17,Mimico (includes Humber Bay Shores) (17),D22,"{""coordinates"": [[-79.4892989996556, 43.625658999873]], ""type"": ""MultiPoint""}",2022
18085,18086,2001952231.0,2022-10-07,1103,WINONA DR,450,1 m East of,Minor Arterial,Toronto and East York,Non Intersection,No Control,Clear,Daylight,Dry,Non-Fatal Injury,Cyclist Collisions,Cyclist,25 to 29,Major,,North,Bicycle,Going Ahead,,,,,,,Lost control,Inattentive,,Yes,Yes,,,,,Yes,,Yes,,,,107,Oakwood Village,107,Oakwood Village (107),D13,"{""coordinates"": [[-79.4357410002674, 43.6899060002161]], ""type"": ""MultiPoint""}",2022
18086,18087,2001952231.0,2022-10-07,1103,WINONA DR,450,1 m East of,Minor Arterial,Toronto and East York,Non Intersection,No Control,Clear,Daylight,Dry,Non-Fatal Injury,Cyclist Collisions,Driver,50 to 54,,,South,"Automobile, Station Wagon",Going Ahead,Driving Properly,Normal,,,,,,,,Yes,Yes,,,,,Yes,,Yes,,,,107,Oakwood Village,107,Oakwood Village (107),D13,"{""coordinates"": [[-79.4357410002674, 43.6899060002161]], ""type"": ""MultiPoint""}",2022
18087,18088,2001952231.0,2022-10-07,1103,WINONA DR,450,1 m East of,Minor Arterial,Toronto and East York,Non Intersection,No Control,Clear,Daylight,Dry,Non-Fatal Injury,Cyclist Collisions,Passenger,50 to 54,,,,,,,,,,,,,,,Yes,Yes,,,,,Yes,,Yes,,,,107,Oakwood Village,107,Oakwood Village (107),D13,"{""coordinates"": [[-79.4357410002674, 43.6899060002161]], ""type"": ""MultiPoint""}",2022
18088,18089,2001965274.0,2022-10-09,1021,BATHURST ST,DEWLANE DR,25 m North o,Major Arterial,North York,Non Intersection,No Control,Clear,Daylight,Dry,Non-Fatal Injury,Pedestrian Collisions,Driver,30 to 34,,,South,Municipal Transit Bus (TTC),Going Ahead,Driving Properly,Normal,,,,,,,Yes,,,,,Yes,,Yes,,,,,,35,Westminster-Branson,35,Westminster-Branson (35),D32,"{""coordinates"": [[-79.4460560002796, 43.7859180000594]], ""type"": ""MultiPoint""}",2022
18089,18090,2001965274.0,2022-10-09,1021,BATHURST ST,DEWLANE DR,25 m North o,Major Arterial,North York,Non Intersection,No Control,Clear,Daylight,Dry,Non-Fatal Injury,Pedestrian Collisions,Passenger,70 to 74,Minimal,,,,,,,,,,,,,Yes,,,,,Yes,,Yes,,,,,,35,Westminster-Branson,35,Westminster-Branson (35),D32,"{""coordinates"": [[-79.4460560002796, 43.7859180000594]], ""type"": ""MultiPoint""}",2022
18090,18091,2001965274.0,2022-10-09,1021,BATHURST ST,DEWLANE DR,25 m North o,Major Arterial,North York,Non Intersection,No Control,Clear,Daylight,Dry,Non-Fatal Injury,Pedestrian Collisions,Pedestrian,20 to 24,Major,,East,,,,,Pedestrian involved in a collision with transit vehicle anywhere along roadway,Other,Other,,,,Yes,,,,,Yes,,Yes,,,,,,35,Westminster-Branson,35,Westminster-Branson (35),D32,"{""coordinates"": [[-79.4460560002796, 43.7859180000594]], ""type"": ""MultiPoint""}",2022
18091,18092,2001988783.0,2022-10-12,1950,207 BELLAMY RD N,,74 m North o,Minor Arterial,Scarborough,Non Intersection,No Control,Clear,"Dark, artificial",Dry,Non-Fatal Injury,SMV Other,Driver,45 to 49,Major,,South,"Automobile, Station Wagon",Going Ahead,Lost control,Medical or Physical Disability,,,,,,,,,Yes,,,,,,,,,,Yes,138,Eglinton East,138,Eglinton East (138),D43,"{""coordinates"": [[-79.2313109996177, 43.747030999585]], ""type"": ""MultiPoint""}",2022
18092,18093,2001996096.0,2022-10-13,1940,MIDDLEFIELD RD,MCCOWAN RD,16 m North o,Major Arterial,Scarborough,Non Intersection,No Control,Clear,Dark,Dry,Non-Fatal Injury,Turning Movement,Passenger,10 to 14,,,,,,,,,,,,,,,,Yes,,,,,Yes,,Yes,,,,129,Agincourt North,129,Agincourt North (129),D42,"{""coordinates"": [[-79.2619739997882, 43.7987010002513]], ""type"": ""MultiPoint""}",2022
18093,18094,2001996096.0,2022-10-13,1940,MIDDLEFIELD RD,MCCOWAN RD,16 m North o,Major Arterial,Scarborough,Non Intersection,No Control,Clear,Dark,Dry,Non-Fatal Injury,Turning Movement,Passenger,5 to 9,,,,,,,,,,,,,,,,Yes,,,,,Yes,,Yes,,,,129,Agincourt North,129,Agincourt North (129),D42,"{""coordinates"": [[-79.2619739997882, 43.7987010002513]], ""type"": ""MultiPoint""}",2022
18094,18095,2001996096.0,2022-10-13,1940,MIDDLEFIELD RD,MCCOWAN RD,16 m North o,Major Arterial,Scarborough,Non Intersection,No Control,Clear,Dark,Dry,Non-Fatal Injury,Turning Movement,Passenger,5 to 9,,,,,,,,,,,,,,,,Yes,,,,,Yes,,Yes,,,,129,Agincourt North,129,Agincourt North (129),D42,"{""coordinates"": [[-79.2619739997882, 43.7987010002513]], ""type"": ""MultiPoint""}",2022
18095,18096,2001996096.0,2022-10-13,1940,MIDDLEFIELD RD,MCCOWAN RD,16 m North o,Major Arterial,Scarborough,Non Intersection,No Control,Clear,Dark,Dry,Non-Fatal Injury,Turning Movement,Driver,15 to 19,,,East,"Automobile, Station Wagon",Turning Left,Improper Turn,Normal,,,,,,,,,Yes,,,,,Yes,,Yes,,,,129,Agincourt North,129,Agincourt North (129),D42,"{""coordinates"": [[-79.2619739997882, 43.7987010002513]], ""type"": ""MultiPoint""}",2022
18096,18097,2001996096.0,2022-10-13,1940,MIDDLEFIELD RD,MCCOWAN RD,16 m North o,Major Arterial,Scarborough,Non Intersection,No Control,Clear,Dark,Dry,Non-Fatal Injury,Turning Movement,Driver,20 to 24,Major,,West,"Automobile, Station Wagon",Going Ahead,Driving Properly,Normal,,,,,,,,,Yes,,,,,Yes,,Yes,,,,129,Agincourt North,129,Agincourt North (129),D42,"{""coordinates"": [[-79.2619739997882, 43.7987010002513]], ""type"": ""MultiPoint""}",2022
18097,18098,2002003837.0,2022-10-14,2118,REXDALE BLVD,QUEENS PLATE DR,,Major Arterial,Etobicoke York,At Intersection,Traffic Signal,Clear,"Dark, artificial",Dry,Non-Fatal Injury,Pedestrian Collisions,Driver,50 to 54,,,East,"Automobile, Station Wagon",Going Ahead,Driving Properly,Normal,,,,,,,Yes,,Yes,,,,,,,,,,,1,West Humber-Clairville,1,West Humber-Clairville (1),D23,"{""coordinates"": [[-79.5925779999215, 43.7165249999672]], ""type"": ""MultiPoint""}",2022
18098,18099,2002003837.0,2022-10-14,2118,REXDALE BLVD,QUEENS PLATE DR,,Major Arterial,Etobicoke York,At Intersection,Traffic Signal,Clear,"Dark, artificial",Dry,Non-Fatal Injury,Pedestrian Collisions,Pedestrian,55 to 59,Major,,South,,,,,Vehicle is going straight thru inter.while ped cross without ROW,Crossing without right of way,Had Been Drinking,,,,Yes,,Yes,,,,,,,,,,,1,West Humber-Clairville,1,West Humber-Clairville (1),D23,"{""coordinates"": [[-79.5925779999215, 43.7165249999672]], ""type"": ""MultiPoint""}",2022
18099,18100,2002008738.0,2022-10-15,1649,MARTIN GROVE RD,BELFIELD RD,,Major Arterial,Etobicoke York,At Intersection,Traffic Signal,Clear,Daylight,Dry,Non-Fatal Injury,Turning Movement,Driver,30 to 34,Minor,,North,"Automobile, Station Wagon",Turning Left,Improper Turn,Normal,,,,,,,,,Yes,,,,,Yes,,Yes,,,,1,West Humber-Clairville,1,West Humber-Clairville (1),D23,"{""coordinates"": [[-79.5756100002952, 43.7019450000486]], ""type"": ""MultiPoint""}",2022
18100,18101,2002008738.0,2022-10-15,1649,MARTIN GROVE RD,BELFIELD RD,,Major Arterial,Etobicoke York,At Intersection,Traffic Signal,Clear,Daylight,Dry,Non-Fatal Injury,Turning Movement,Driver,20 to 24,Major,,South,"Automobile, Station Wagon",Going Ahead,Driving Properly,Normal,,,,,,,,,Yes,,,,,Yes,,Yes,,,,1,West Humber-Clairville,1,West Humber-Clairville (1),D23,"{""coordinates"": [[-79.5756100002952, 43.7019450000486]], ""type"": ""MultiPoint""}",2022
18101,18102,2002008738.0,2022-10-15,1649,MARTIN GROVE RD,BELFIELD RD,,Major Arterial,Etobicoke York,At Intersection,Traffic Signal,Clear,Daylight,Dry,Non-Fatal Injury,Turning Movement,Passenger,30 to 34,,,,,,,,,,,,,,,,Yes,,,,,Yes,,Yes,,,,1,West Humber-Clairville,1,West Humber-Clairville (1),D23,"{""coordinates"": [[-79.5756100002952, 43.7019450000486]], ""type"": ""MultiPoint""}",2022