index,_id,ACCNUM,DATE,TIME,STREET1,STREET2,OFFSET,ROAD_CLASS,DISTRICT,ACCLOC,TRAFFCTL,VISIBILITY,LIGHT,RDSFCOND,ACCLASS,IMPACTYPE,INVTYPE,INVAGE,INJURY,FATAL_NO,INITDIR,VEHTYPE,MANOEUVER,DRIVACT,DRIVCOND,PEDTYPE,PEDACT,PEDCOND,CYCLISTYPE,CYCACT,CYCCOND,PEDESTRIAN,CYCLIST,AUTOMOBILE,MOTORCYCLE,TRUCK,TRSN_CITY_VEH,EMERG_VEH,PASSENGER,SPEEDING,AG_DRIV,REDLIGHT,ALCOHOL,DISABILITY,HOOD_158,NEIGHBOURHOOD_158,HOOD_140,NEIGHBOURHOOD_140,DIVISION,geometry,ACCIDENT_YEAR
18102,18103,2002015530.0,2022-10-16,1752,EVANS AVE,DELTA ST,,Major Arterial,Etobicoke York,At Intersection,Stop Sign,Clear,Daylight,Dry,Non-Fatal Injury,Turning Movement,Driver,25 to 29,,,North,"Automobile, Station Wagon",Turning Left,Disobeyed Traffic Control,Normal,,,,,,,,,Yes,Yes,,,,Yes,,Yes,,,,20,Alderwood,20,Alderwood (20),D22,"{""coordinates"": [[-79.5398360001397, 43.6126510003089]], ""type"": ""MultiPoint""}",2022
18103,18104,2002015530.0,2022-10-16,1752,EVANS AVE,DELTA ST,,Major Arterial,Etobicoke York,At Intersection,Stop Sign,Clear,Daylight,Dry,Non-Fatal Injury,Turning Movement,Motorcycle Driver,40 to 44,Major,,East,Motorcycle,Going Ahead,Driving Properly,Normal,,,,,,,,,Yes,Yes,,,,Yes,,Yes,,,,20,Alderwood,20,Alderwood (20),D22,"{""coordinates"": [[-79.5398360001397, 43.6126510003089]], ""type"": ""MultiPoint""}",2022
18104,18105,2002015530.0,2022-10-16,1752,EVANS AVE,DELTA ST,,Major Arterial,Etobicoke York,At Intersection,Stop Sign,Clear,Daylight,Dry,Non-Fatal Injury,Turning Movement,Driver,35 to 39,,,West,"Automobile, Station Wagon",Going Ahead,Driving Properly,Normal,,,,,,,,,Yes,Yes,,,,Yes,,Yes,,,,20,Alderwood,20,Alderwood (20),D22,"{""coordinates"": [[-79.5398360001397, 43.6126510003089]], ""type"": ""MultiPoint""}",2022
18105,18106,2002015530.0,2022-10-16,1752,EVANS AVE,DELTA ST,,Major Arterial,Etobicoke York,At Intersection,Stop Sign,Clear,Daylight,Dry,Non-Fatal Injury,Turning Movement,Passenger,30 to 34,,,,,,,,,,,,,,,,Yes,Yes,,,,Yes,,Yes,,,,20,Alderwood,20,Alderwood (20),D22,"{""coordinates"": [[-79.5398360001397, 43.6126510003089]], ""type"": ""MultiPoint""}",2022
18106,18107,2002017234.0,2022-10-17,12,MARLEE AVE,GLENGROVE AVE,8 m East of,Minor Arterial,North York,At Intersection,Stop Sign,Clear,Dark,Dry,Non-Fatal Injury,Angle,Driver,unknown,,,West,"Automobile, Station Wagon",Going Ahead,Lost control,Unknown,,,,,,,,,Yes,,,,,Yes,Yes,Yes,,,,31,Yorkdale-Glen Park,31,Yorkdale-Glen Park (31),D13,"{""coordinates"": [[-79.4444840005132, 43.7107259999071]], ""type"": ""MultiPoint""}",2022
18107,18108,2002017234.0,2022-10-17,12,MARLEE AVE,GLENGROVE AVE,8 m East of,Minor Arterial,North York,At Intersection,Stop Sign,Clear,Dark,Dry,Non-Fatal Injury,Angle,Driver,50 to 54,,,North,"Automobile, Station Wagon",Going Ahead,Driving Properly,Unknown,,,,,,,,,Yes,,,,,Yes,Yes,Yes,,,,31,Yorkdale-Glen Park,31,Yorkdale-Glen Park (31),D13,"{""coordinates"": [[-79.4444840005132, 43.7107259999071]], ""type"": ""MultiPoint""}",2022
18108,18109,2002017234.0,2022-10-17,12,MARLEE AVE,GLENGROVE AVE,8 m East of,Minor Arterial,North York,At Intersection,Stop Sign,Clear,Dark,Dry,Non-Fatal Injury,Angle,Driver,unknown,,,South,"Automobile, Station Wagon",Going Ahead,Driving Properly,Normal,,,,,,,,,Yes,,,,,Yes,Yes,Yes,,,,31,Yorkdale-Glen Park,31,Yorkdale-Glen Park (31),D13,"{""coordinates"": [[-79.4444840005132, 43.7107259999071]], ""type"": ""MultiPoint""}",2022
18109,18110,2002017234.0,2022-10-17,12,MARLEE AVE,GLENGROVE AVE,8 m East of,Minor Arterial,North York,At Intersection,Stop Sign,Clear,Dark,Dry,Non-Fatal Injury,Angle,Passenger,35 to 39,Major,,,,,,,,,,,,,,,Yes,,,,,Yes,Yes,Yes,,,,31,Yorkdale-Glen Park,31,Yorkdale-Glen Park (31),D13,"{""coordinates"": [[-79.4444840005132, 43.7107259999071]], ""type"": ""MultiPoint""}",2022
18110,18111,2002039370.0,2022-10-20,726,DUFFERIN ST,FINCH AVE W,25 m North o,Major Arterial,North York,Non Intersection,No Control,Clear,Dark,Dry,Non-Fatal Injury,Pedestrian Collisions,Driver,60 to 64,,,South,Municipal Transit Bus (TTC),Going Ahead,Driving Properly,Normal,,,,,,,Yes,,,,,Yes,,,,,,,,27,York University Heights,27,York University Heights (27),D32,"{""coordinates"": [[-79.466930000333, 43.7688509995664]], ""type"": ""MultiPoint""}",2022
18111,18112,2002039370.0,2022-10-20,726,DUFFERIN ST,FINCH AVE W,25 m North o,Major Arterial,North York,Non Intersection,No Control,Clear,Dark,Dry,Non-Fatal Injury,Pedestrian Collisions,Pedestrian,65 to 69,Major,,West,,,,,Pedestrian involved in a collision with transit vehicle anywhere along roadway,"Crossing, no Traffic Control",Inattentive,,,,Yes,,,,,Yes,,,,,,,,27,York University Heights,27,York University Heights (27),D32,"{""coordinates"": [[-79.466930000333, 43.7688509995664]], ""type"": ""MultiPoint""}",2022
18112,18113,2002057432.0,2022-10-22,1822,ROYAL YORK RD,THE QUEENSWAY,,Major Arterial,Etobicoke York,At Intersection,Traffic Signal,Clear,Dusk,Dry,Non-Fatal Injury,Turning Movement,Driver,60 to 64,,,East,"Automobile, Station Wagon",Turning Left,Improper Turn,Inattentive,,,,,,,,,Yes,Yes,,,,,,Yes,,,,16,Stonegate-Queensway,16,Stonegate-Queensway (16),D22,"{""coordinates"": [[-79.5025889994468, 43.6262649998818]], ""type"": ""MultiPoint""}",2022
18113,18114,2002057432.0,2022-10-22,1822,ROYAL YORK RD,THE QUEENSWAY,,Major Arterial,Etobicoke York,At Intersection,Traffic Signal,Clear,Dusk,Dry,Non-Fatal Injury,Turning Movement,Motorcycle Driver,30 to 34,Major,,West,Motorcycle,Going Ahead,Driving Properly,Normal,,,,,,,,,Yes,Yes,,,,,,Yes,,,,16,Stonegate-Queensway,16,Stonegate-Queensway (16),D22,"{""coordinates"": [[-79.5025889994468, 43.6262649998818]], ""type"": ""MultiPoint""}",2022
18114,18115,2002057432.0,2022-10-22,1822,ROYAL YORK RD,THE QUEENSWAY,,Major Arterial,Etobicoke York,At Intersection,Traffic Signal,Clear,Dusk,Dry,Non-Fatal Injury,Turning Movement,Motorcycle Driver,30 to 34,Minimal,,West,Motorcycle,Going Ahead,Driving Properly,Normal,,,,,,,,,Yes,Yes,,,,,,Yes,,,,16,Stonegate-Queensway,16,Stonegate-Queensway (16),D22,"{""coordinates"": [[-79.5025889994468, 43.6262649998818]], ""type"": ""MultiPoint""}",2022
18115,18116,2002057432.0,2022-10-22,1822,ROYAL YORK RD,THE QUEENSWAY,,Major Arterial,Etobicoke York,At Intersection,Traffic Signal,Clear,Dusk,Dry,Non-Fatal Injury,Turning Movement,Driver,50 to 54,,,South,"Automobile, Station Wagon",Stopped,Driving Properly,Normal,,,,,,,,,Yes,Yes,,,,,,Yes,,,,16,Stonegate-Queensway,16,Stonegate-Queensway (16),D22,"{""coordinates"": [[-79.5025889994468, 43.6262649998818]], ""type"": ""MultiPoint""}",2022
18116,18117,2002057432.0,2022-10-22,1822,ROYAL YORK RD,THE QUEENSWAY,,Major Arterial,Etobicoke York,At Intersection,Traffic Signal,Clear,Dusk,Dry,Non-Fatal Injury,Turning Movement,Other,50 to 54,,,,,,,,,,,,,,,,Yes,Yes,,,,,,Yes,,,,16,Stonegate-Queensway,16,Stonegate-Queensway (16),D22,"{""coordinates"": [[-79.5025889994468, 43.6262649998818]], ""type"": ""MultiPoint""}",2022
18117,18118,2002062999.0,2022-10-23,1552,STEELES AVE W,400 S STEELES AVE W RAMP,,Major Arterial,North York,At Intersection,Traffic Signal,Clear,Daylight,Dry,Non-Fatal Injury,Turning Movement,Driver,60 to 64,Minimal,,East,Pick Up Truck,Turning Left,Improper Turn,Inattentive,,,,,,,,,Yes,Yes,,,,,Yes,Yes,,,,21,Humber Summit,21,Humber Summit (21),D31,"{""coordinates"": [[-79.5377609999611, 43.772029000331]], ""type"": ""MultiPoint""}",2022
18118,18119,2002062999.0,2022-10-23,1552,STEELES AVE W,400 S STEELES AVE W RAMP,,Major Arterial,North York,At Intersection,Traffic Signal,Clear,Daylight,Dry,Non-Fatal Injury,Turning Movement,Motorcycle Driver,35 to 39,Major,,West,Motorcycle,Going Ahead,Exceeding Speed Limit,Normal,,,,,,,,,Yes,Yes,,,,,Yes,Yes,,,,21,Humber Summit,21,Humber Summit (21),D31,"{""coordinates"": [[-79.5377609999611, 43.772029000331]], ""type"": ""MultiPoint""}",2022
18119,18120,2002070997.0,2022-10-24,1715,BLOOR ST W,OSSINGTON AV,2 m North of,Major Arterial,North York,At Intersection,Traffic Signal,Clear,Daylight,Dry,Non-Fatal Injury,Cyclist Collisions,Driver,20 to 24,,,West,"Automobile, Station Wagon",Turning Left,Disobeyed Traffic Control,Inattentive,,,,,,,,Yes,Yes,,,,,,,Yes,Yes,,,80,Palmerston-Little Italy,80,Palmerston-Little Italy (80),D14,"{""coordinates"": [[-79.4256240006103, 43.6619819998599]], ""type"": ""MultiPoint""}",2022
18120,18121,2002070997.0,2022-10-24,1715,BLOOR ST W,OSSINGTON AV,2 m North of,Major Arterial,North York,At Intersection,Traffic Signal,Clear,Daylight,Dry,Non-Fatal Injury,Cyclist Collisions,Cyclist,20 to 24,Major,,East,Bicycle,Going Ahead,,,,,,Motorist turned left across cyclists path.,Driving Properly,Normal,,Yes,Yes,,,,,,,Yes,Yes,,,80,Palmerston-Little Italy,80,Palmerston-Little Italy (80),D14,"{""coordinates"": [[-79.4256240006103, 43.6619819998599]], ""type"": ""MultiPoint""}",2022
18121,18122,2002076009.0,2022-10-25,1028,BLOOR ST W,DURIE ST,3 m East of,Major Arterial,Toronto and East York,At Intersection,Traffic Signal,Clear,Daylight,Dry,Non-Fatal Injury,Pedestrian Collisions,Driver,30 to 34,,,South,Pick Up Truck,Turning Left,Failed to Yield Right of Way,Normal,,,,,,,Yes,,Yes,,,,,,,Yes,,,,87,High Park-Swansea,87,High Park-Swansea (87),D11,"{""coordinates"": [[-79.4790529994707, 43.6504269999731]], ""type"": ""MultiPoint""}",2022
18122,18123,2002076009.0,2022-10-25,1028,BLOOR ST W,DURIE ST,3 m East of,Major Arterial,Toronto and East York,At Intersection,Traffic Signal,Clear,Daylight,Dry,Non-Fatal Injury,Pedestrian Collisions,Pedestrian,90 to 94,Major,,North,,,,,Vehicle turns left while ped crosses with ROW at inter.,Crossing with right of way,Normal,,,,Yes,,Yes,,,,,,,Yes,,,,87,High Park-Swansea,87,High Park-Swansea (87),D11,"{""coordinates"": [[-79.4790529994707, 43.6504269999731]], ""type"": ""MultiPoint""}",2022
18123,18124,2002085156.0,2022-10-26,1420,KENNEDY RD,TROJAN GT,,Major Arterial,Scarborough,At Intersection,Traffic Signal,Rain,Daylight,Wet,Non-Fatal Injury,Pedestrian Collisions,Driver,55 to 59,,,East,"Automobile, Station Wagon",Turning Left,Failed to Yield Right of Way,Inattentive,,,,,,,Yes,,Yes,,,,,,,Yes,,,,130,Milliken,130,Milliken (130),D42,"{""coordinates"": [[-79.2981669993969, 43.8038090000883]], ""type"": ""MultiPoint""}",2022
18124,18125,2002085156.0,2022-10-26,1420,KENNEDY RD,TROJAN GT,,Major Arterial,Scarborough,At Intersection,Traffic Signal,Rain,Daylight,Wet,Non-Fatal Injury,Pedestrian Collisions,Pedestrian,40 to 44,Major,,North,,,,,Vehicle turns left while ped crosses with ROW at inter.,Crossing with right of way,Normal,,,,Yes,,Yes,,,,,,,Yes,,,,130,Milliken,130,Milliken (130),D42,"{""coordinates"": [[-79.2981669993969, 43.8038090000883]], ""type"": ""MultiPoint""}",2022
18125,18126,2002100036.0,2022-10-28,1548,BLOOR ST W,SALEM AVE,,Major Arterial,Toronto and East York,At Intersection,No Control,Clear,Daylight,Dry,Non-Fatal Injury,Cyclist Collisions,Driver,55 to 59,Major,,East,"Automobile, Station Wagon",Turning Left,Failed to Yield Right of Way,Inattentive,,,,,,,,Yes,Yes,,,,,,,Yes,,,,83,Dufferin Grove,83,Dufferin Grove (83),D14,"{""coordinates"": [[-79.4316279995816, 43.6605900000846]], ""type"": ""MultiPoint""}",2022
18126,18127,2002100036.0,2022-10-28,1548,BLOOR ST W,SALEM AVE,,Major Arterial,Toronto and East York,At Intersection,No Control,Clear,Daylight,Dry,Non-Fatal Injury,Cyclist Collisions,Cyclist,40 to 44,Minor,,West,Bicycle,Going Ahead,,,,,,Motorist turned left across cyclists path.,Driving Properly,Normal,,Yes,Yes,,,,,,,Yes,,,,83,Dufferin Grove,83,Dufferin Grove (83),D14,"{""coordinates"": [[-79.4316279995816, 43.6605900000846]], ""type"": ""MultiPoint""}",2022
18127,18128,2002101830.0,2022-10-28,1953,BATHURST ST,DUPONT ST,,Major Arterial,Toronto and East York,At Intersection,Traffic Signal,Clear,"Dark, artificial",Dry,Non-Fatal Injury,Pedestrian Collisions,Truck Driver,35 to 39,,,West,Truck - Open,Going Ahead,Exceeding Speed Limit,Inattentive,,,,,,,Yes,,,,Yes,,,,Yes,Yes,,,,95,Annex,95,Annex (95),D14,"{""coordinates"": [[-79.4143559998942, 43.6731439996021]], ""type"": ""MultiPoint""}",2022
18128,18129,2002101830.0,2022-10-28,1953,BATHURST ST,DUPONT ST,,Major Arterial,Toronto and East York,At Intersection,Traffic Signal,Clear,"Dark, artificial",Dry,Non-Fatal Injury,Pedestrian Collisions,Pedestrian,70 to 74,Major,,Unknown,,,,,Vehicle is going straight thru inter.while ped cross without ROW,Other,Normal,,,,Yes,,,,Yes,,,,Yes,Yes,,,,95,Annex,95,Annex (95),D14,"{""coordinates"": [[-79.4143559998942, 43.6731439996021]], ""type"": ""MultiPoint""}",2022
18129,18130,2002116363.0,2022-10-31,1,KINGSTON RD,WARDEN AVE,,Major Arterial,Scarborough,At Intersection,Traffic Signal,Clear,"Dark, artificial",Dry,Non-Fatal Injury,Pedestrian Collisions,Driver,25 to 29,,,South,Intercity Bus,Turning Left,Failed to Yield Right of Way,Inattentive,,,,,,,Yes,,,,,Yes,,,,Yes,,,,122,Birchcliffe-Cliffside,122,Birchcliffe-Cliffside (122),D41,"{""coordinates"": [[-79.2708769997598, 43.6876589997161]], ""type"": ""MultiPoint""}",2022
18130,18131,2002116363.0,2022-10-31,1,KINGSTON RD,WARDEN AVE,,Major Arterial,Scarborough,At Intersection,Traffic Signal,Clear,"Dark, artificial",Dry,Non-Fatal Injury,Pedestrian Collisions,Pedestrian,50 to 54,Major,,Unknown,,,,,Vehicle turns left while ped crosses with ROW at inter.,Crossing with right of way,Had Been Drinking,,,,Yes,,,,,Yes,,,,Yes,,,,122,Birchcliffe-Cliffside,122,Birchcliffe-Cliffside (122),D41,"{""coordinates"": [[-79.2708769997598, 43.6876589997161]], ""type"": ""MultiPoint""}",2022
18131,18132,2002125571.0,2022-11-01,930,540 Finch Ave W,,157 m West o,Major Arterial,North York,Non Intersection,No Control,Rain,Daylight,Wet,Property Damage O,Pedestrian Collisions,Driver,45 to 49,,,West,"Automobile, Station Wagon",Going Ahead,Driving Properly,Normal,,,,,,,Yes,,Yes,,,,,,,,,,,35,Westminster-Branson,35,Westminster-Branson (35),D32,"{""coordinates"": [[-79.4447279999937, 43.7735319997189]], ""type"": ""MultiPoint""}",2022
18132,18133,2002125571.0,2022-11-01,930,540 Finch Ave W,,157 m West o,Major Arterial,North York,Non Intersection,No Control,Rain,Daylight,Wet,Property Damage O,Pedestrian Collisions,Pedestrian,80 to 84,Major,,South,,,,,Pedestrian hit at mid-block,"Crossing, no Traffic Control",Unknown,,,,Yes,,Yes,,,,,,,,,,,35,Westminster-Branson,35,Westminster-Branson (35),D32,"{""coordinates"": [[-79.4447279999937, 43.7735319997189]], ""type"": ""MultiPoint""}",2022
18133,18134,2002129087.0,2022-11-01,1729,MARKHAM RD,EASTPARK BLVD,,Major Arterial,Scarborough,At Intersection,Traffic Signal,Clear,Daylight,Dry,Fatal,Turning Movement,Motorcycle Driver,15 to 19,Fatal,44.0,South,Motorcycle,Going Ahead,Driving Properly,Unknown,,,,,,,,,Yes,Yes,,,,,,Yes,,,,141,Golfdale-Cedarbrae-Woburn,137,Woburn (137),D43,"{""coordinates"": [[-79.2240249996093, 43.7556059995622]], ""type"": ""MultiPoint""}",2022
18134,18135,2002129087.0,2022-11-01,1729,MARKHAM RD,EASTPARK BLVD,,Major Arterial,Scarborough,At Intersection,Traffic Signal,Clear,Daylight,Dry,Fatal,Turning Movement,Driver,90 to 94,,,North,"Automobile, Station Wagon",Turning Left,Failed to Yield Right of Way,Normal,,,,,,,,,Yes,Yes,,,,,,Yes,,,,141,Golfdale-Cedarbrae-Woburn,137,Woburn (137),D43,"{""coordinates"": [[-79.2240249996093, 43.7556059995622]], ""type"": ""MultiPoint""}",2022
18135,18136,2002130324.0,2022-11-01,2035,JANE ST,SPENVALLEY DR,,Major Arterial,North York,At Intersection,Traffic Signal,Clear,"Dark, artificial",Dry,Non-Fatal Injury,Turning Movement,Driver,15 to 19,,,West,"Automobile, Station Wagon",Going Ahead,Disobeyed Traffic Control,Inattentive,,,,,,,,,Yes,,,,,Yes,,Yes,Yes,,,25,Glenfield-Jane Heights,25,Glenfield-Jane Heights (25),D31,"{""coordinates"": [[-79.5136519997442, 43.7412330002333]], ""type"": ""MultiPoint""}",2022
18136,18137,2002130324.0,2022-11-01,2035,JANE ST,SPENVALLEY DR,,Major Arterial,North York,At Intersection,Traffic Signal,Clear,"Dark, artificial",Dry,Non-Fatal Injury,Turning Movement,Driver,40 to 44,Minimal,,East,"Automobile, Station Wagon",Turning Left,Driving Properly,Normal,,,,,,,,,Yes,,,,,Yes,,Yes,Yes,,,25,Glenfield-Jane Heights,25,Glenfield-Jane Heights (25),D31,"{""coordinates"": [[-79.5136519997442, 43.7412330002333]], ""type"": ""MultiPoint""}",2022
18137,18138,2002130324.0,2022-11-01,2035,JANE ST,SPENVALLEY DR,,Major Arterial,North York,At Intersection,Traffic Signal,Clear,"Dark, artificial",Dry,Non-Fatal Injury,Turning Movement,Passenger,35 to 39,Major,,,,,,,,,,,,,,,Yes,,,,,Yes,,Yes,Yes,,,25,Glenfield-Jane Heights,25,Glenfield-Jane Heights (25),D31,"{""coordinates"": [[-79.5136519997442, 43.7412330002333]], ""type"": ""MultiPoint""}",2022
18138,18139,2002130324.0,2022-11-01,2035,JANE ST,SPENVALLEY DR,,Major Arterial,North York,At Intersection,Traffic Signal,Clear,"Dark, artificial",Dry,Non-Fatal Injury,Turning Movement,Passenger,15 to 19,,,,,,,,,,,,,,,,Yes,,,,,Yes,,Yes,Yes,,,25,Glenfield-Jane Heights,25,Glenfield-Jane Heights (25),D31,"{""coordinates"": [[-79.5136519997442, 43.7412330002333]], ""type"": ""MultiPoint""}",2022
18139,18140,2002130324.0,2022-11-01,2035,JANE ST,SPENVALLEY DR,,Major Arterial,North York,At Intersection,Traffic Signal,Clear,"Dark, artificial",Dry,Non-Fatal Injury,Turning Movement,Passenger,20 to 24,Minimal,,,,,,,,,,,,,,,Yes,,,,,Yes,,Yes,Yes,,,25,Glenfield-Jane Heights,25,Glenfield-Jane Heights (25),D31,"{""coordinates"": [[-79.5136519997442, 43.7412330002333]], ""type"": ""MultiPoint""}",2022
18140,18141,2002133919.0,2022-11-02,1127,YORK MILLS RD,OLD YONGE ST,,Major Arterial,North York,At Intersection,No Control,Clear,"Daylight, artificial",Dry,Non-Fatal Injury,Cyclist Collisions,Driver,65 to 69,,,East,"Automobile, Station Wagon",Turning Right,Improper Turn,Inattentive,,,,,,,,Yes,Yes,,,,,,,,,,,41,Bridle Path-Sunnybrook-York Mills,41,Bridle Path-Sunnybrook-York Mills (41),D32,"{""coordinates"": [[-79.3995619995192, 43.7447460000312]], ""type"": ""MultiPoint""}",2022
18141,18142,2002133919.0,2022-11-02,1127,YORK MILLS RD,OLD YONGE ST,,Major Arterial,North York,At Intersection,No Control,Clear,"Daylight, artificial",Dry,Non-Fatal Injury,Cyclist Collisions,Cyclist,65 to 69,Major,,West,Bicycle,Going Ahead,,,,,,Motorist turned left across cyclists path.,Driving Properly,Normal,,Yes,Yes,,,,,,,,,,,41,Bridle Path-Sunnybrook-York Mills,41,Bridle Path-Sunnybrook-York Mills (41),D32,"{""coordinates"": [[-79.3995619995192, 43.7447460000312]], ""type"": ""MultiPoint""}",2022
18142,18143,2002142687.0,2022-11-03,1500,LESLIE ST,RAVEL RD,,Major Arterial,North York,At Intersection,Stop Sign,"Fog, Mist, Smoke, Dust",Daylight,Dry,Non-Fatal Injury,Pedestrian Collisions,Driver,55 to 59,,,West,"Automobile, Station Wagon",Turning Left,Improper Turn,Inattentive,,,,,,,Yes,,Yes,,,,,,,,,,,48,Hillcrest Village,48,Hillcrest Village (48),D33,"{""coordinates"": [[-79.3683499997668, 43.7914840000957]], ""type"": ""MultiPoint""}",2022
18143,18144,2002142687.0,2022-11-03,1500,LESLIE ST,RAVEL RD,,Major Arterial,North York,At Intersection,Stop Sign,"Fog, Mist, Smoke, Dust",Daylight,Dry,Non-Fatal Injury,Pedestrian Collisions,Pedestrian,25 to 29,Major,,East,,,,,Vehicle turns left while ped crosses without ROW at inter.,Crossing without right of way,Normal,,,,Yes,,Yes,,,,,,,,,,,48,Hillcrest Village,48,Hillcrest Village (48),D33,"{""coordinates"": [[-79.3683499997668, 43.7914840000957]], ""type"": ""MultiPoint""}",2022
18144,18145,2002154142.0,2022-11-05,210,BATHURST ST,HARBORD ST,6 m North of,Major Arterial,Toronto and East York,Intersection Related,Traffic Signal,Clear,"Dark, artificial",Dry,Non-Fatal Injury,Pedestrian Collisions,Driver,unknown,,,South,"Automobile, Station Wagon",Going Ahead,Other,Unknown,,,,,,,Yes,,Yes,,,,,,,,,,,79,University,79,University (79),D14,"{""coordinates"": [[-79.4097400005652, 43.6615089996593]], ""type"": ""MultiPoint""}",2022
18145,18146,2002154142.0,2022-11-05,210,BATHURST ST,HARBORD ST,6 m North of,Major Arterial,Toronto and East York,Intersection Related,Traffic Signal,Clear,"Dark, artificial",Dry,Non-Fatal Injury,Pedestrian Collisions,Pedestrian,20 to 24,Major,,East,,,,,Other / Undefined,Other,Other,,,,Yes,,Yes,,,,,,,,,,,79,University,79,University (79),D14,"{""coordinates"": [[-79.4097400005652, 43.6615089996593]], ""type"": ""MultiPoint""}",2022
18146,18147,2002155585.0,2022-11-05,935,7431 KINGSTON RD,,298 m East o,Major Arterial,Scarborough,Non Intersection,No Control,Clear,Daylight,Dry,Non-Fatal Injury,Approaching,Driver,25 to 29,Major,,East,"Automobile, Station Wagon",Going Ahead,Lost control,Had Been Drinking,,,,,,,,,Yes,,,,,,,,,,,143,West Rouge,131,Rouge (131),D42,"{""coordinates"": [[-79.1431989999633, 43.8006919998944]], ""type"": ""MultiPoint""}",2022
18147,18148,2002155585.0,2022-11-05,935,7431 KINGSTON RD,,298 m East o,Major Arterial,Scarborough,Non Intersection,No Control,Clear,Daylight,Dry,Non-Fatal Injury,Approaching,Driver,55 to 59,Minor,,West,"Automobile, Station Wagon",Going Ahead,Driving Properly,Normal,,,,,,,,,Yes,,,,,,,,,,,143,West Rouge,131,Rouge (131),D42,"{""coordinates"": [[-79.1431989999633, 43.8006919998944]], ""type"": ""MultiPoint""}",2022
18148,18149,2002181067.0,2022-11-08,1808,MILLWICK DR,ISLINGTON AVE,1 m West of,Major Arterial,Etobicoke York,At Intersection,Traffic Signal,Clear,"Dark, artificial",Dry,Non-Fatal Injury,Pedestrian Collisions,Driver,65 to 69,,,West,"Automobile, Station Wagon",Turning Left,Failed to Yield Right of Way,Inattentive,,,,,,,Yes,,Yes,,,,,,,Yes,,,,21,Humber Summit,21,Humber Summit (21),D31,"{""coordinates"": [[-79.5717730002261, 43.7599549999]], ""type"": ""MultiPoint""}",2022
18149,18150,2002181067.0,2022-11-08,1808,MILLWICK DR,ISLINGTON AVE,1 m West of,Major Arterial,Etobicoke York,At Intersection,Traffic Signal,Clear,"Dark, artificial",Dry,Non-Fatal Injury,Pedestrian Collisions,Pedestrian,45 to 49,Major,,East,,,,,Vehicle turns left while ped crosses with ROW at inter.,Crossing with right of way,Normal,,,,Yes,,Yes,,,,,,,Yes,,,,21,Humber Summit,21,Humber Summit (21),D31,"{""coordinates"": [[-79.5717730002261, 43.7599549999]], ""type"": ""MultiPoint""}",2022
18150,18151,2002186776.0,2022-11-09,1422,BAYVIEW AVE,RUDDINGTON DR,,Major Arterial,North York,At Intersection,Traffic Signal,Clear,Daylight,Dry,Non-Fatal Injury,Pedestrian Collisions,Driver,85 to 89,,,West,"Automobile, Station Wagon",Turning Left,Failed to Yield Right of Way,Inattentive,,,,,,,Yes,,Yes,,,,,,,Yes,,,,49,Bayview Woods-Steeles,49,Bayview Woods-Steeles (49),D33,"{""coordinates"": [[-79.3927189998736, 43.7880160003374]], ""type"": ""MultiPoint""}",2022
18151,18152,2002186776.0,2022-11-09,1422,BAYVIEW AVE,RUDDINGTON DR,,Major Arterial,North York,At Intersection,Traffic Signal,Clear,Daylight,Dry,Non-Fatal Injury,Pedestrian Collisions,Pedestrian,80 to 84,Major,,East,,,,,Vehicle turns left while ped crosses with ROW at inter.,Crossing with right of way,Normal,,,,Yes,,Yes,,,,,,,Yes,,,,49,Bayview Woods-Steeles,49,Bayview Woods-Steeles (49),D33,"{""coordinates"": [[-79.3927189998736, 43.7880160003374]], ""type"": ""MultiPoint""}",2022
18152,18153,2002188340.0,2022-11-09,1812,COLLEGE ST,ROXTON RD,1 m West of,Major Arterial,Toronto and East York,At Intersection,No Control,Clear,"Dark, artificial",Dry,Non-Fatal Injury,Cyclist Collisions,Cyclist,25 to 29,Major,,West,Bicycle,Turning Left,,,,,,Cyclist turned left across motorists path.,Improper Turn,Inattentive,,Yes,Yes,,,,,,,,,,,81,Trinity-Bellwoods,81,Trinity-Bellwoods (81),D14,"{""coordinates"": [[-79.4214510005786, 43.6546469997775]], ""type"": ""MultiPoint""}",2022
18153,18154,2002188340.0,2022-11-09,1812,COLLEGE ST,ROXTON RD,1 m West of,Major Arterial,Toronto and East York,At Intersection,No Control,Clear,"Dark, artificial",Dry,Non-Fatal Injury,Cyclist Collisions,Driver,15 to 19,,,West,"Automobile, Station Wagon",Going Ahead,Driving Properly,Normal,,,,,,,,Yes,Yes,,,,,,,,,,,81,Trinity-Bellwoods,81,Trinity-Bellwoods (81),D14,"{""coordinates"": [[-79.4214510005786, 43.6546469997775]], ""type"": ""MultiPoint""}",2022
18154,18155,2002210376.0,2022-11-12,2030,SHOREHAM DR,IAN MACDONALD BLVD,,Minor Arterial,North York,Intersection Related,Traffic Signal,Clear,"Dark, artificial",Dry,Non-Fatal Injury,Pedestrian Collisions,Driver,unknown,,,Unknown,,Unknown,Other,Unknown,,,,,,,Yes,,,,,,,,,,,,,27,York University Heights,27,York University Heights (27),D31,"{""coordinates"": [[-79.5113710005568, 43.7724370000996]], ""type"": ""MultiPoint""}",2022