index,_id,ACCNUM,DATE,TIME,STREET1,STREET2,OFFSET,ROAD_CLASS,DISTRICT,ACCLOC,TRAFFCTL,VISIBILITY,LIGHT,RDSFCOND,ACCLASS,IMPACTYPE,INVTYPE,INVAGE,INJURY,FATAL_NO,INITDIR,VEHTYPE,MANOEUVER,DRIVACT,DRIVCOND,PEDTYPE,PEDACT,PEDCOND,CYCLISTYPE,CYCACT,CYCCOND,PEDESTRIAN,CYCLIST,AUTOMOBILE,MOTORCYCLE,TRUCK,TRSN_CITY_VEH,EMERG_VEH,PASSENGER,SPEEDING,AG_DRIV,REDLIGHT,ALCOHOL,DISABILITY,HOOD_158,NEIGHBOURHOOD_158,HOOD_140,NEIGHBOURHOOD_140,DIVISION,geometry,ACCIDENT_YEAR
18155,18156,2002210376.0,2022-11-12,2030,SHOREHAM DR,IAN MACDONALD BLVD,,Minor Arterial,North York,Intersection Related,Traffic Signal,Clear,"Dark, artificial",Dry,Non-Fatal Injury,Pedestrian Collisions,Pedestrian,15 to 19,Major,,Unknown,,,,,Unknown,Crossing with right of way,Normal,,,,Yes,,,,,,,,,,,,,27,York University Heights,27,York University Heights (27),D31,"{""coordinates"": [[-79.5113710005568, 43.7724370000996]], ""type"": ""MultiPoint""}",2022
18156,18157,2002215490.0,2022-11-13,1657,ROYAL YORK RD,LELAND AVE,180 m South ,Minor Arterial,Etobicoke York,Non Intersection,No Control,Clear,Daylight,Dry,Non-Fatal Injury,SMV Other,Driver,65 to 69,Major,,South,Delivery Van,Going Ahead,Lost control,Unknown,,,,,,,,,Yes,,,,,,Yes,Yes,,,,16,Stonegate-Queensway,16,Stonegate-Queensway (16),D22,"{""coordinates"": [[-79.5084789993789, 43.6388730002542]], ""type"": ""MultiPoint""}",2022
18157,18158,2002216061.0,2022-11-13,1838,PEARSON AV,SORAUREN AV,,Collector,Toronto and East York,At Intersection,Stop Sign,Clear,"Dusk, artificial",Dry,Non-Fatal Injury,Cyclist Collisions,Driver,65 to 69,,,East,"Automobile, Station Wagon",Going Ahead,Failed to Yield Right of Way,Inattentive,,,,,,,,Yes,Yes,,,,,,,Yes,,,,86,Roncesvalles,86,Roncesvalles (86),D11,"{""coordinates"": [[-79.4421649996976, 43.6429659997433]], ""type"": ""MultiPoint""}",2022
18158,18159,2002216061.0,2022-11-13,1838,PEARSON AV,SORAUREN AV,,Collector,Toronto and East York,At Intersection,Stop Sign,Clear,"Dusk, artificial",Dry,Non-Fatal Injury,Cyclist Collisions,Cyclist,25 to 29,Major,,South,Bicycle,Going Ahead,,,,,,"Motorist without ROW drives into path of cyclist at inter, lnwy, dwy-Driver not turn.",Driving Properly,Normal,,Yes,Yes,,,,,,,Yes,,,,86,Roncesvalles,86,Roncesvalles (86),D11,"{""coordinates"": [[-79.4421649996976, 43.6429659997433]], ""type"": ""MultiPoint""}",2022
18159,18160,2002229389.0,2022-11-15,1656,MARTIN GROVE RD,ALBION RD,60 m North o,Minor Arterial,,Non Intersection,No Control,Clear,"Dusk, artificial",Wet,Non-Fatal Injury,Pedestrian Collisions,Driver,80 to 84,,,South,"Automobile, Station Wagon",Going Ahead,Driving Properly,Normal,,,,,,,Yes,,Yes,,,,,,,,,,,2,Mount Olive-Silverstone-Jamestown,2,Mount Olive-Silverstone-Jamestown (2),D23,"{""coordinates"": [[-79.594668999456, 43.7428999996087]], ""type"": ""MultiPoint""}",2022
18160,18161,2002229389.0,2022-11-15,1656,MARTIN GROVE RD,ALBION RD,60 m North o,Minor Arterial,,Non Intersection,No Control,Clear,"Dusk, artificial",Wet,Non-Fatal Injury,Pedestrian Collisions,Pedestrian,30 to 34,Major,,West,,,,,Pedestrian hit at mid-block,"Crossing, no Traffic Control",Inattentive,,,,Yes,,Yes,,,,,,,,,,,2,Mount Olive-Silverstone-Jamestown,2,Mount Olive-Silverstone-Jamestown (2),D23,"{""coordinates"": [[-79.594668999456, 43.7428999996087]], ""type"": ""MultiPoint""}",2022
18161,18162,2002229988.0,2022-11-15,1825,DON MILLS RD,DVP S DON MILLS S RAMP RD,,Major Arterial,Toronto and East York,Non Intersection,No Control,Rain,Dusk,Wet,Fatal,Rear End,Driver,75 to 79,Fatal,46.0,South,"Automobile, Station Wagon",Going Ahead,Lost control,Medical or Physical Disability,,,,,,,,,Yes,,,,,,,,,,Yes,58,Old East York,58,Old East York (58),D55,"{""coordinates"": [[-79.3375349995362, 43.7010830002403]], ""type"": ""MultiPoint""}",2022
18162,18163,2002229988.0,2022-11-15,1825,DON MILLS RD,DVP S DON MILLS S RAMP RD,,Major Arterial,Toronto and East York,Non Intersection,No Control,Rain,Dusk,Wet,Fatal,Rear End,Driver,45 to 49,,,South,"Automobile, Station Wagon",Stopped,Driving Properly,Normal,,,,,,,,,Yes,,,,,,,,,,Yes,58,Old East York,58,Old East York (58),D55,"{""coordinates"": [[-79.3375349995362, 43.7010830002403]], ""type"": ""MultiPoint""}",2022
18163,18164,2002230917.0,2022-11-15,2127,WILSON HEIGHTS BV,REINER RD,1 m South of,Minor Arterial,North York,At Intersection,Traffic Signal,Snow,"Dark, artificial",Wet,Non-Fatal Injury,Pedestrian Collisions,Driver,50 to 54,,,West,"Automobile, Station Wagon",Turning Left,Failed to Yield Right of Way,Inattentive,,,,,,,Yes,,Yes,,,,,,,Yes,,,,33,Clanton Park,33,Clanton Park (33),D32,"{""coordinates"": [[-79.4548679995472, 43.7487020002478]], ""type"": ""MultiPoint""}",2022
18164,18165,2002230917.0,2022-11-15,2127,WILSON HEIGHTS BV,REINER RD,1 m South of,Minor Arterial,North York,At Intersection,Traffic Signal,Snow,"Dark, artificial",Wet,Non-Fatal Injury,Pedestrian Collisions,Pedestrian,25 to 29,Major,,East,,,,,Vehicle turns left while ped crosses with ROW at inter.,Crossing with right of way,Normal,,,,Yes,,Yes,,,,,,,Yes,,,,33,Clanton Park,33,Clanton Park (33),D32,"{""coordinates"": [[-79.4548679995472, 43.7487020002478]], ""type"": ""MultiPoint""}",2022
18165,18166,2002243711.0,2022-11-17,1640,519 OLD WESTON RD,,10 m West of,Minor Arterial,Toronto and East York,Non Intersection,No Control,Clear,Daylight,Dry,Non-Fatal Injury,Approaching,Driver,40 to 44,Major,,South,Pick Up Truck,Going Ahead,Lost control,Medical or Physical Disability,,,,,,,,,Yes,,,,,Yes,,Yes,,,Yes,91,Weston-Pelham Park,91,Weston-Pellam Park (91),D12,"{""coordinates"": [[-79.4641530004676, 43.6772300000832]], ""type"": ""MultiPoint""}",2022
18166,18167,2002243711.0,2022-11-17,1640,519 OLD WESTON RD,,10 m West of,Minor Arterial,Toronto and East York,Non Intersection,No Control,Clear,Daylight,Dry,Non-Fatal Injury,Approaching,Driver,65 to 69,,,North,"Automobile, Station Wagon",Slowing or Stopping,Driving Properly,Normal,,,,,,,,,Yes,,,,,Yes,,Yes,,,Yes,91,Weston-Pelham Park,91,Weston-Pellam Park (91),D12,"{""coordinates"": [[-79.4641530004676, 43.6772300000832]], ""type"": ""MultiPoint""}",2022
18167,18168,2002243711.0,2022-11-17,1640,519 OLD WESTON RD,,10 m West of,Minor Arterial,Toronto and East York,Non Intersection,No Control,Clear,Daylight,Dry,Non-Fatal Injury,Approaching,Driver,40 to 44,,,North,"Automobile, Station Wagon",Slowing or Stopping,Driving Properly,Normal,,,,,,,,,Yes,,,,,Yes,,Yes,,,Yes,91,Weston-Pelham Park,91,Weston-Pellam Park (91),D12,"{""coordinates"": [[-79.4641530004676, 43.6772300000832]], ""type"": ""MultiPoint""}",2022
18168,18169,2002243711.0,2022-11-17,1640,519 OLD WESTON RD,,10 m West of,Minor Arterial,Toronto and East York,Non Intersection,No Control,Clear,Daylight,Dry,Non-Fatal Injury,Approaching,Passenger,10 to 14,,,,,,,,,,,,,,,,Yes,,,,,Yes,,Yes,,,Yes,91,Weston-Pelham Park,91,Weston-Pellam Park (91),D12,"{""coordinates"": [[-79.4641530004676, 43.6772300000832]], ""type"": ""MultiPoint""}",2022
18169,18170,2002271059.0,2022-11-21,1404,KIPLING AVE,REDWATER DR,,Major Arterial,Etobicoke York,At Intersection,Traffic Signal,Clear,Daylight,Dry,Non-Fatal Injury,Turning Movement,Driver,30 to 34,,,North,"Automobile, Station Wagon",Going Ahead,Lost control,Inattentive,,,,,,,,,Yes,,,,,Yes,Yes,Yes,,,,4,Rexdale-Kipling,4,Rexdale-Kipling (4),D23,"{""coordinates"": [[-79.5684849994775, 43.7155140001196]], ""type"": ""MultiPoint""}",2022
18170,18171,2002271059.0,2022-11-21,1404,KIPLING AVE,REDWATER DR,,Major Arterial,Etobicoke York,At Intersection,Traffic Signal,Clear,Daylight,Dry,Non-Fatal Injury,Turning Movement,Driver,70 to 74,Major,,West,"Automobile, Station Wagon",Turning Left,Driving Properly,Normal,,,,,,,,,Yes,,,,,Yes,Yes,Yes,,,,4,Rexdale-Kipling,4,Rexdale-Kipling (4),D23,"{""coordinates"": [[-79.5684849994775, 43.7155140001196]], ""type"": ""MultiPoint""}",2022
18171,18172,2002271059.0,2022-11-21,1404,KIPLING AVE,REDWATER DR,,Major Arterial,Etobicoke York,At Intersection,Traffic Signal,Clear,Daylight,Dry,Non-Fatal Injury,Turning Movement,Driver,35 to 39,,,East,"Automobile, Station Wagon",Going Ahead,Driving Properly,Unknown,,,,,,,,,Yes,,,,,Yes,Yes,Yes,,,,4,Rexdale-Kipling,4,Rexdale-Kipling (4),D23,"{""coordinates"": [[-79.5684849994775, 43.7155140001196]], ""type"": ""MultiPoint""}",2022
18172,18173,2002271059.0,2022-11-21,1404,KIPLING AVE,REDWATER DR,,Major Arterial,Etobicoke York,At Intersection,Traffic Signal,Clear,Daylight,Dry,Non-Fatal Injury,Turning Movement,Passenger,60 to 64,Major,,,,,,,,,,,,,,,Yes,,,,,Yes,Yes,Yes,,,,4,Rexdale-Kipling,4,Rexdale-Kipling (4),D23,"{""coordinates"": [[-79.5684849994775, 43.7155140001196]], ""type"": ""MultiPoint""}",2022
18173,18174,2002271976.0,2022-11-21,1609,KINGSTON RD,SHEPPARD AVE E,1 m East of,Major Arterial,Scarborough,Non Intersection,No Control,Clear,Daylight,Dry,Non-Fatal Injury,Cyclist Collisions,Driver,70 to 74,,,West,"Automobile, Station Wagon",Going Ahead,Improper Passing,Inattentive,,,,,,,,Yes,Yes,,,,,,,Yes,,,,143,West Rouge,131,Rouge (131),D42,"{""coordinates"": [[-79.1377140002261, 43.8038049995991]], ""type"": ""MultiPoint""}",2022
18174,18175,2002271976.0,2022-11-21,1609,KINGSTON RD,SHEPPARD AVE E,1 m East of,Major Arterial,Scarborough,Non Intersection,No Control,Clear,Daylight,Dry,Non-Fatal Injury,Cyclist Collisions,Cyclist,55 to 59,Major,,West,Bicycle,Going Ahead,,,,,,Cyclist and Driver travelling in same direction. One vehicle rear-ended the other.,Driving Properly,Normal,,Yes,Yes,,,,,,,Yes,,,,143,West Rouge,131,Rouge (131),D42,"{""coordinates"": [[-79.1377140002261, 43.8038049995991]], ""type"": ""MultiPoint""}",2022
18175,18176,2002272909.0,2022-11-21,1830,JANE ST,SPENVALLEY DR,15 m North o,Major Arterial,North York,Intersection Related,Traffic Signal,Clear,"Dark, artificial",Dry,Non-Fatal Injury,Rear End,Driver,55 to 59,,,South,"Automobile, Station Wagon",Going Ahead,Other,Inattentive,,,,,,,,,Yes,,,,,Yes,,,,,,25,Glenfield-Jane Heights,25,Glenfield-Jane Heights (25),D31,"{""coordinates"": [[-79.5136370004727, 43.7411680004142]], ""type"": ""MultiPoint""}",2022
18176,18177,2002272909.0,2022-11-21,1830,JANE ST,SPENVALLEY DR,15 m North o,Major Arterial,North York,Intersection Related,Traffic Signal,Clear,"Dark, artificial",Dry,Non-Fatal Injury,Rear End,Driver,65 to 69,,,South,"Automobile, Station Wagon",Slowing or Stopping,Driving Properly,Normal,,,,,,,,,Yes,,,,,Yes,,,,,,25,Glenfield-Jane Heights,25,Glenfield-Jane Heights (25),D31,"{""coordinates"": [[-79.5136370004727, 43.7411680004142]], ""type"": ""MultiPoint""}",2022
18177,18178,2002272909.0,2022-11-21,1830,JANE ST,SPENVALLEY DR,15 m North o,Major Arterial,North York,Intersection Related,Traffic Signal,Clear,"Dark, artificial",Dry,Non-Fatal Injury,Rear End,Driver,40 to 44,Minimal,,South,"Automobile, Station Wagon",Slowing or Stopping,Driving Properly,Normal,,,,,,,,,Yes,,,,,Yes,,,,,,25,Glenfield-Jane Heights,25,Glenfield-Jane Heights (25),D31,"{""coordinates"": [[-79.5136370004727, 43.7411680004142]], ""type"": ""MultiPoint""}",2022
18178,18179,2002272909.0,2022-11-21,1830,JANE ST,SPENVALLEY DR,15 m North o,Major Arterial,North York,Intersection Related,Traffic Signal,Clear,"Dark, artificial",Dry,Non-Fatal Injury,Rear End,Passenger,25 to 29,Major,,,,,,,,,,,,,,,Yes,,,,,Yes,,,,,,25,Glenfield-Jane Heights,25,Glenfield-Jane Heights (25),D31,"{""coordinates"": [[-79.5136370004727, 43.7411680004142]], ""type"": ""MultiPoint""}",2022
18179,18180,2002286735.0,2022-11-23,1627,ST CLAIR AVE E,YONGE ST,,Major Arterial,Scarborough,At Intersection,Traffic Signal,Clear,Daylight,Dry,Fatal,Cyclist Collisions,Cyclist,20 to 24,Fatal,48.0,East,Bicycle,,,,,,,Motorist turning right on green or amber at signalized intersection strikes cyclist.,Driving Properly,Normal,,Yes,Yes,,,,,,,Yes,,,,98,Rosedale-Moore Park,98,Rosedale-Moore Park (98),D53,"{""coordinates"": [[-79.3940989998763, 43.6880100001311]], ""type"": ""MultiPoint""}",2022
18180,18181,2002286735.0,2022-11-23,1627,ST CLAIR AVE E,YONGE ST,,Major Arterial,Scarborough,At Intersection,Traffic Signal,Clear,Daylight,Dry,Fatal,Cyclist Collisions,Driver,60 to 64,,,West,Pick Up Truck,Turning Right,Failed to Yield Right of Way,Normal,,,,,,,,Yes,Yes,,,,,,,Yes,,,,98,Rosedale-Moore Park,98,Rosedale-Moore Park (98),D53,"{""coordinates"": [[-79.3940989998763, 43.6880100001311]], ""type"": ""MultiPoint""}",2022
18181,18182,2002299583.0,2022-11-25,1251,1100 QUEEN ST W,,10 m West of,Major Arterial,Toronto and East York,Non Intersection,No Control,Clear,Daylight,Dry,Non-Fatal Injury,Pedestrian Collisions,Driver,85 to 89,,,East,"Automobile, Station Wagon",Going Ahead,Driving Properly,Normal,,,,,,,Yes,,Yes,,,,,,,,,,,84,Little Portugal,84,Little Portugal (84),D14,"{""coordinates"": [[-79.4229079996226, 43.6432859997114]], ""type"": ""MultiPoint""}",2022
18182,18183,2002299583.0,2022-11-25,1251,1100 QUEEN ST W,,10 m West of,Major Arterial,Toronto and East York,Non Intersection,No Control,Clear,Daylight,Dry,Non-Fatal Injury,Pedestrian Collisions,Pedestrian,20 to 24,Major,,North,,,,,Pedestrian hit at mid-block,"Crossing, no Traffic Control",Inattentive,,,,Yes,,Yes,,,,,,,,,,,84,Little Portugal,84,Little Portugal (84),D14,"{""coordinates"": [[-79.4229079996226, 43.6432859997114]], ""type"": ""MultiPoint""}",2022
18183,18184,2002303433.0,2022-11-25,2245,PAPE AVE,BROWNING AVE,10 m North o,Major Arterial,Toronto and East York,Intersection Related,No Control,Clear,"Dark, artificial",Dry,Non-Fatal Injury,Sideswipe,Driver,30 to 34,,,South,"Automobile, Station Wagon",Changing Lanes,Improper Lane Change,Normal,,,,,,,,,Yes,,,,,Yes,,,,,,59,Danforth East York,59,Danforth East York (59),D55,"{""coordinates"": [[-79.3464160005878, 43.6831919998339]], ""type"": ""MultiPoint""}",2022
18184,18185,2002303433.0,2022-11-25,2245,PAPE AVE,BROWNING AVE,10 m North o,Major Arterial,Toronto and East York,Intersection Related,No Control,Clear,"Dark, artificial",Dry,Non-Fatal Injury,Sideswipe,Driver,15 to 19,Minor,,South,"Automobile, Station Wagon",Going Ahead,Driving Properly,Normal,,,,,,,,,Yes,,,,,Yes,,,,,,59,Danforth East York,59,Danforth East York (59),D55,"{""coordinates"": [[-79.3464160005878, 43.6831919998339]], ""type"": ""MultiPoint""}",2022
18185,18186,2002303433.0,2022-11-25,2245,PAPE AVE,BROWNING AVE,10 m North o,Major Arterial,Toronto and East York,Intersection Related,No Control,Clear,"Dark, artificial",Dry,Non-Fatal Injury,Sideswipe,Driver,25 to 29,Minimal,,North,"Automobile, Station Wagon",Going Ahead,Driving Properly,Normal,,,,,,,,,Yes,,,,,Yes,,,,,,59,Danforth East York,59,Danforth East York (59),D55,"{""coordinates"": [[-79.3464160005878, 43.6831919998339]], ""type"": ""MultiPoint""}",2022
18186,18187,2002303433.0,2022-11-25,2245,PAPE AVE,BROWNING AVE,10 m North o,Major Arterial,Toronto and East York,Intersection Related,No Control,Clear,"Dark, artificial",Dry,Non-Fatal Injury,Sideswipe,Passenger,25 to 29,Major,,,,,,,,,,,,,,,Yes,,,,,Yes,,,,,,59,Danforth East York,59,Danforth East York (59),D55,"{""coordinates"": [[-79.3464160005878, 43.6831919998339]], ""type"": ""MultiPoint""}",2022
18187,18188,2002306311.0,2022-11-26,1134,KINGSTON RD,401 C E 2A W RAMP,3 m East of,Major Arterial,Scarborough,At Intersection,Traffic Signal,Clear,Daylight,Dry,Non-Fatal Injury,Turning Movement,Driver,65 to 69,,,West,"Automobile, Station Wagon",Going Ahead,Disobeyed Traffic Control,Inattentive,,,,,,,,,Yes,,,,,Yes,,Yes,Yes,,,133,Centennial Scarborough,133,Centennial Scarborough (133),D43,"{""coordinates"": [[-79.1524989998789, 43.7948139995922]], ""type"": ""MultiPoint""}",2022
18188,18189,2002306311.0,2022-11-26,1134,KINGSTON RD,401 C E 2A W RAMP,3 m East of,Major Arterial,Scarborough,At Intersection,Traffic Signal,Clear,Daylight,Dry,Non-Fatal Injury,Turning Movement,Driver,35 to 39,Minor,,South,"Automobile, Station Wagon",Turning Left,Driving Properly,Normal,,,,,,,,,Yes,,,,,Yes,,Yes,Yes,,,133,Centennial Scarborough,133,Centennial Scarborough (133),D43,"{""coordinates"": [[-79.1524989998789, 43.7948139995922]], ""type"": ""MultiPoint""}",2022
18189,18190,2002306311.0,2022-11-26,1134,KINGSTON RD,401 C E 2A W RAMP,3 m East of,Major Arterial,Scarborough,At Intersection,Traffic Signal,Clear,Daylight,Dry,Non-Fatal Injury,Turning Movement,Passenger,45 to 49,,,,,,,,,,,,,,,,Yes,,,,,Yes,,Yes,Yes,,,133,Centennial Scarborough,133,Centennial Scarborough (133),D43,"{""coordinates"": [[-79.1524989998789, 43.7948139995922]], ""type"": ""MultiPoint""}",2022
18190,18191,2002306311.0,2022-11-26,1134,KINGSTON RD,401 C E 2A W RAMP,3 m East of,Major Arterial,Scarborough,At Intersection,Traffic Signal,Clear,Daylight,Dry,Non-Fatal Injury,Turning Movement,Passenger,20 to 24,Major,,,,,,,,,,,,,,,Yes,,,,,Yes,,Yes,Yes,,,133,Centennial Scarborough,133,Centennial Scarborough (133),D43,"{""coordinates"": [[-79.1524989998789, 43.7948139995922]], ""type"": ""MultiPoint""}",2022
18191,18192,2002306761.0,2022-11-26,1248,LAKE SHORE BV W,LONG BRANCH AV,70 m West of,Major Arterial,Etobicoke York,Non Intersection,No Control,Clear,Daylight,Dry,Non-Fatal Injury,Pedestrian Collisions,,85 to 89,,,West,"Automobile, Station Wagon",Reversing,,,,,,,,,Yes,,Yes,,,,,,,,,,,19,Long Branch,19,Long Branch (19),D22,"{""coordinates"": [[-79.5348080004343, 43.5940879996466]], ""type"": ""MultiPoint""}",2022
18192,18193,2002306761.0,2022-11-26,1248,LAKE SHORE BV W,LONG BRANCH AV,70 m West of,Major Arterial,Etobicoke York,Non Intersection,No Control,Clear,Daylight,Dry,Non-Fatal Injury,Pedestrian Collisions,Pedestrian,75 to 79,Major,,Unknown,,,,,Vehicle is reversing and hits pedestrian,Person Getting on/off Vehicle,Unknown,,,,Yes,,Yes,,,,,,,,,,,19,Long Branch,19,Long Branch (19),D22,"{""coordinates"": [[-79.5348080004343, 43.5940879996466]], ""type"": ""MultiPoint""}",2022
18193,18194,2002308202.0,2022-11-26,1619,MARKHAM RD,KINGSTON RD,,Major Arterial,Scarborough,At Intersection,Traffic Signal,Clear,Daylight,Dry,Non-Fatal Injury,Turning Movement,Driver,55 to 59,Major,,East,"Automobile, Station Wagon",Turning Left,Failed to Yield Right of Way,Normal,,,,,,,,,Yes,,,,,,,Yes,,,,139,Scarborough Village,139,Scarborough Village (139),D43,"{""coordinates"": [[-79.2169749998301, 43.7386769998404]], ""type"": ""MultiPoint""}",2022
18194,18195,2002308202.0,2022-11-26,1619,MARKHAM RD,KINGSTON RD,,Major Arterial,Scarborough,At Intersection,Traffic Signal,Clear,Daylight,Dry,Non-Fatal Injury,Turning Movement,Driver,20 to 24,Minor,,West,"Automobile, Station Wagon",Going Ahead,Driving Properly,Normal,,,,,,,,,Yes,,,,,,,Yes,,,,139,Scarborough Village,139,Scarborough Village (139),D43,"{""coordinates"": [[-79.2169749998301, 43.7386769998404]], ""type"": ""MultiPoint""}",2022
18195,18196,2002315818.0,2022-11-27,1810,BATHURST ST,FORT YORK BLVD,,Major Arterial,Toronto and East York,At Intersection,Traffic Signal,Rain,"Dark, artificial",Wet,Non-Fatal Injury,Pedestrian Collisions,Driver,35 to 39,,,West,"Automobile, Station Wagon",Turning Left,Failed to Yield Right of Way,Inattentive,,,,,,,Yes,,Yes,,,,,,,Yes,,,,165,Harbourfront-CityPlace,77,Waterfront Communities-The Island (77),D14,"{""coordinates"": [[-79.4005769997003, 43.638746999656]], ""type"": ""MultiPoint""}",2022
18196,18197,2002315818.0,2022-11-27,1810,BATHURST ST,FORT YORK BLVD,,Major Arterial,Toronto and East York,At Intersection,Traffic Signal,Rain,"Dark, artificial",Wet,Non-Fatal Injury,Pedestrian Collisions,Pedestrian,20 to 24,Major,,West,,,,,Vehicle turns left while ped crosses with ROW at inter.,Crossing with right of way,Normal,,,,Yes,,Yes,,,,,,,Yes,,,,165,Harbourfront-CityPlace,77,Waterfront Communities-The Island (77),D14,"{""coordinates"": [[-79.4005769997003, 43.638746999656]], ""type"": ""MultiPoint""}",2022
18197,18198,2002316382.0,2022-11-27,1943,ALBION RD,TODD BROOK DR,8 m East of,Major Arterial,Etobicoke York,Intersection Related,No Control,Rain,"Dark, artificial",Wet,Property Damage O,Pedestrian Collisions,Driver,40 to 44,,,West,"Automobile, Station Wagon",Going Ahead,Driving Properly,Normal,,,,,,,Yes,,Yes,,,,,,,,,,,3,Thistletown-Beaumond Heights,3,Thistletown-Beaumond Heights (3),D23,"{""coordinates"": [[-79.5716200002274, 43.7382799997909]], ""type"": ""MultiPoint""}",2022
18198,18199,2002316382.0,2022-11-27,1943,ALBION RD,TODD BROOK DR,8 m East of,Major Arterial,Etobicoke York,Intersection Related,No Control,Rain,"Dark, artificial",Wet,Property Damage O,Pedestrian Collisions,Pedestrian,45 to 49,Major,,South,,,,,Vehicle is going straight thru inter.while ped cross without ROW,Crossing without right of way,Other,,,,Yes,,Yes,,,,,,,,,,,3,Thistletown-Beaumond Heights,3,Thistletown-Beaumond Heights (3),D23,"{""coordinates"": [[-79.5716200002274, 43.7382799997909]], ""type"": ""MultiPoint""}",2022
18199,18200,2002319142.0,2022-11-28,840,LINDEN AVE,HARMONY AVE,1 m North of,Local,Scarborough,Intersection Related,No Control,Clear,Daylight,Dry,Non-Fatal Injury,Pedestrian Collisions,Driver,35 to 39,,,South,"Automobile, Station Wagon",Going Ahead,Driving Properly,Normal,,,,,,,Yes,,Yes,,,,,,,,,,,124,Kennedy Park,124,Kennedy Park (124),D41,"{""coordinates"": [[-79.2567700006178, 43.720079999638]], ""type"": ""MultiPoint""}",2022
18200,18201,2002319142.0,2022-11-28,840,LINDEN AVE,HARMONY AVE,1 m North of,Local,Scarborough,Intersection Related,No Control,Clear,Daylight,Dry,Non-Fatal Injury,Pedestrian Collisions,Pedestrian,10 to 14,Major,,West,,,,,Vehicle is going straight thru inter.while ped cross without ROW,Running onto Roadway,Normal,,,,Yes,,Yes,,,,,,,,,,,124,Kennedy Park,124,Kennedy Park (124),D41,"{""coordinates"": [[-79.2567700006178, 43.720079999638]], ""type"": ""MultiPoint""}",2022
18201,18202,2002373908.0,2022-12-01,2130,BLUE JAYS WY,FRONT ST W,,Minor Arterial,Toronto and East York,At Intersection,Traffic Signal,Clear,Dark,Dry,Non-Fatal Injury,Cyclist Collisions,Driver,unknown,,,West,"Automobile, Station Wagon",Going Ahead,Disobeyed Traffic Control,Unknown,,,,,,,,Yes,Yes,,,,,,,Yes,Yes,,,165,Harbourfront-CityPlace,77,Waterfront Communities-The Island (77),D52,"{""coordinates"": [[-79.3912610001855, 43.6434119996574]], ""type"": ""MultiPoint""}",2022
18202,18203,2002373908.0,2022-12-01,2130,BLUE JAYS WY,FRONT ST W,,Minor Arterial,Toronto and East York,At Intersection,Traffic Signal,Clear,Dark,Dry,Non-Fatal Injury,Cyclist Collisions,Cyclist,20 to 24,Major,,North,Bicycle,Going Ahead,,,,,,"Motorist without ROW drives into path of cyclist at inter, lnwy, dwy-Driver not turn.",Driving Properly,Normal,,Yes,Yes,,,,,,,Yes,Yes,,,165,Harbourfront-CityPlace,77,Waterfront Communities-The Island (77),D52,"{""coordinates"": [[-79.3912610001855, 43.6434119996574]], ""type"": ""MultiPoint""}",2022
18203,18204,2002348553.0,2022-12-02,130,21 MILVAN DR,,167 m North ,Collector,,Non Intersection,No Control,Clear,"Dark, artificial",Dry,Non-Fatal Injury,SMV Other,Driver,25 to 29,Major,,South,"Automobile, Station Wagon",Going Ahead,Speed too Fast For Condition,Had Been Drinking,,,,,,,,,Yes,,,,,,Yes,Yes,,,,21,Humber Summit,21,Humber Summit (21),D31,"{""coordinates"": [[-79.5535540003534, 43.752889999719]], ""type"": ""MultiPoint""}",2022
18204,18205,2002351893.0,2022-12-02,1320,ALEXMUIR BLVD,HOMEDALE DR,21 m East of,,,At Intersection,Stop Sign,Clear,Daylight,Dry,Non-Fatal Injury,SMV Other,Driver,40 to 44,Major,,East,"Automobile, Station Wagon",Going Ahead,Lost control,Normal,,,,,,,,,Yes,,,,,Yes,,,,,,129,Agincourt North,129,Agincourt North (129),D42,"{""coordinates"": [[-79.2821619998358, 43.8104850003085]], ""type"": ""MultiPoint""}",2022
18205,18206,2002351893.0,2022-12-02,1320,ALEXMUIR BLVD,HOMEDALE DR,21 m East of,,,At Intersection,Stop Sign,Clear,Daylight,Dry,Non-Fatal Injury,SMV Other,Passenger,5 to 9,,,,,,,,,,,,,,,,Yes,,,,,Yes,,,,,,129,Agincourt North,129,Agincourt North (129),D42,"{""coordinates"": [[-79.2821619998358, 43.8104850003085]], ""type"": ""MultiPoint""}",2022
18206,18207,2002358910.0,2022-12-03,1205,EGLINTON AVE E,GILDER DR,28 m East of,Major Arterial,Scarborough,Non Intersection,No Control,Clear,Daylight,Wet,Non-Fatal Injury,Rear End,Driver,35 to 39,Major,,West,Municipal Transit Bus (TTC),Slowing or Stopping,Following too Close,Inattentive,,,,,,,,,Yes,,,Yes,,Yes,,Yes,,,,124,Kennedy Park,124,Kennedy Park (124),D41,"{""coordinates"": [[-79.2526730003838, 43.7355910003639]], ""type"": ""MultiPoint""}",2022