index,_id,ACCNUM,DATE,TIME,STREET1,STREET2,OFFSET,ROAD_CLASS,DISTRICT,ACCLOC,TRAFFCTL,VISIBILITY,LIGHT,RDSFCOND,ACCLASS,IMPACTYPE,INVTYPE,INVAGE,INJURY,FATAL_NO,INITDIR,VEHTYPE,MANOEUVER,DRIVACT,DRIVCOND,PEDTYPE,PEDACT,PEDCOND,CYCLISTYPE,CYCACT,CYCCOND,PEDESTRIAN,CYCLIST,AUTOMOBILE,MOTORCYCLE,TRUCK,TRSN_CITY_VEH,EMERG_VEH,PASSENGER,SPEEDING,AG_DRIV,REDLIGHT,ALCOHOL,DISABILITY,HOOD_158,NEIGHBOURHOOD_158,HOOD_140,NEIGHBOURHOOD_140,DIVISION,geometry,ACCIDENT_YEAR
18207,18208,2002358910.0,2022-12-03,1205,EGLINTON AVE E,GILDER DR,28 m East of,Major Arterial,Scarborough,Non Intersection,No Control,Clear,Daylight,Wet,Non-Fatal Injury,Rear End,Driver,25 to 29,Minimal,,West,"Automobile, Station Wagon",Stopped,Driving Properly,Normal,,,,,,,,,Yes,,,Yes,,Yes,,Yes,,,,124,Kennedy Park,124,Kennedy Park (124),D41,"{""coordinates"": [[-79.2526730003838, 43.7355910003639]], ""type"": ""MultiPoint""}",2022
18208,18209,2002358910.0,2022-12-03,1205,EGLINTON AVE E,GILDER DR,28 m East of,Major Arterial,Scarborough,Non Intersection,No Control,Clear,Daylight,Wet,Non-Fatal Injury,Rear End,Driver,50 to 54,,,West,Municipal Transit Bus (TTC),Stopped,Driving Properly,Normal,,,,,,,,,Yes,,,Yes,,Yes,,Yes,,,,124,Kennedy Park,124,Kennedy Park (124),D41,"{""coordinates"": [[-79.2526730003838, 43.7355910003639]], ""type"": ""MultiPoint""}",2022
18209,18210,2002358910.0,2022-12-03,1205,EGLINTON AVE E,GILDER DR,28 m East of,Major Arterial,Scarborough,Non Intersection,No Control,Clear,Daylight,Wet,Non-Fatal Injury,Rear End,Passenger,25 to 29,Minimal,,,,,,,,,,,,,,,Yes,,,Yes,,Yes,,Yes,,,,124,Kennedy Park,124,Kennedy Park (124),D41,"{""coordinates"": [[-79.2526730003838, 43.7355910003639]], ""type"": ""MultiPoint""}",2022
18210,18211,2002366866.0,2022-12-04,1538,YONGE ST,GLEBE RD W,10 m East of,,,Intersection Related,Stop Sign,Clear,Daylight,Dry,Non-Fatal Injury,Turning Movement,Driver,35 to 39,,,East,"Automobile, Station Wagon",Turning Left,Failed to Yield Right of Way,Inattentive,,,,,,,,,Yes,Yes,,,,Yes,,Yes,,,,174,South Eglinton-Davisville,104,Mount Pleasant West (104),D53,"{""coordinates"": [[-79.3971359994679, 43.7008510001451]], ""type"": ""MultiPoint""}",2022
18211,18212,2002366866.0,2022-12-04,1538,YONGE ST,GLEBE RD W,10 m East of,,,Intersection Related,Stop Sign,Clear,Daylight,Dry,Non-Fatal Injury,Turning Movement,Motorcycle Driver,45 to 49,Major,,South,Motorcycle,Going Ahead,Driving Properly,Normal,,,,,,,,,Yes,Yes,,,,Yes,,Yes,,,,174,South Eglinton-Davisville,104,Mount Pleasant West (104),D53,"{""coordinates"": [[-79.3971359994679, 43.7008510001451]], ""type"": ""MultiPoint""}",2022
18212,18213,2002366866.0,2022-12-04,1538,YONGE ST,GLEBE RD W,10 m East of,,,Intersection Related,Stop Sign,Clear,Daylight,Dry,Non-Fatal Injury,Turning Movement,Passenger,40 to 44,Minimal,,,,,,,,,,,,,,,Yes,Yes,,,,Yes,,Yes,,,,174,South Eglinton-Davisville,104,Mount Pleasant West (104),D53,"{""coordinates"": [[-79.3971359994679, 43.7008510001451]], ""type"": ""MultiPoint""}",2022
18213,18214,2002374058.0,2022-12-05,1505,INNISWOOD DR,HOWARTH AVE,56 m West of,Local,Scarborough,Non Intersection,No Control,Clear,Daylight,Dry,Non-Fatal Injury,Pedestrian Collisions,Driver,40 to 44,,,West,"Automobile, Station Wagon",Going Ahead,Driving Properly,Normal,,,,,,,Yes,,Yes,,,,,Yes,,,,,,119,Wexford/Maryvale,119,Wexford/Maryvale (119),D41,"{""coordinates"": [[-79.3059569998646, 43.7382300001646]], ""type"": ""MultiPoint""}",2022
18214,18215,2002374058.0,2022-12-05,1505,INNISWOOD DR,HOWARTH AVE,56 m West of,Local,Scarborough,Non Intersection,No Control,Clear,Daylight,Dry,Non-Fatal Injury,Pedestrian Collisions,Passenger,10 to 14,,,,,,,,,,,,,,Yes,,Yes,,,,,Yes,,,,,,119,Wexford/Maryvale,119,Wexford/Maryvale (119),D41,"{""coordinates"": [[-79.3059569998646, 43.7382300001646]], ""type"": ""MultiPoint""}",2022
18215,18216,2002374058.0,2022-12-05,1505,INNISWOOD DR,HOWARTH AVE,56 m West of,Local,Scarborough,Non Intersection,No Control,Clear,Daylight,Dry,Non-Fatal Injury,Pedestrian Collisions,Pedestrian,10 to 14,Major,,South,,,,,Pedestrian hit at mid-block,Running onto Roadway,Inattentive,,,,Yes,,Yes,,,,,Yes,,,,,,119,Wexford/Maryvale,119,Wexford/Maryvale (119),D41,"{""coordinates"": [[-79.3059569998646, 43.7382300001646]], ""type"": ""MultiPoint""}",2022
18216,18217,2002376276.0,2022-12-05,2018,LAWRENCE AV E,CURLEW DRIVE,80 m East of,Major Arterial,North York,Non Intersection,No Control,Clear,"Dark, artificial",Dry,Non-Fatal Injury,Pedestrian Collisions,Driver,55 to 59,,,West,"Automobile, Station Wagon",Going Ahead,Driving Properly,Normal,,,,,,,Yes,,Yes,,,,,,,,,,,43,Victoria Village,43,Victoria Village (43),D33,"{""coordinates"": [[-79.317988999581, 43.7411679998242]], ""type"": ""MultiPoint""}",2022
18217,18218,2002376276.0,2022-12-05,2018,LAWRENCE AV E,CURLEW DRIVE,80 m East of,Major Arterial,North York,Non Intersection,No Control,Clear,"Dark, artificial",Dry,Non-Fatal Injury,Pedestrian Collisions,Driver,20 to 24,,,West,"Automobile, Station Wagon",Going Ahead,Driving Properly,Normal,,,,,,,Yes,,Yes,,,,,,,,,,,43,Victoria Village,43,Victoria Village (43),D33,"{""coordinates"": [[-79.317988999581, 43.7411679998242]], ""type"": ""MultiPoint""}",2022
18218,18219,2002376276.0,2022-12-05,2018,LAWRENCE AV E,CURLEW DRIVE,80 m East of,Major Arterial,North York,Non Intersection,No Control,Clear,"Dark, artificial",Dry,Non-Fatal Injury,Pedestrian Collisions,Pedestrian,60 to 64,Major,,Unknown,,,,,Pedestrian hit at mid-block,"Crossing, no Traffic Control","Ability Impaired, Drugs",,,,Yes,,Yes,,,,,,,,,,,43,Victoria Village,43,Victoria Village (43),D33,"{""coordinates"": [[-79.317988999581, 43.7411679998242]], ""type"": ""MultiPoint""}",2022
18219,18220,2002385833.0,2022-12-07,540,WILSON HEIGHTS BLVD,KENNARD AVE,2 m North of,,,Non Intersection,Stop Sign,Clear,"Dark, artificial",Dry,Non-Fatal Injury,SMV Other,Driver,30 to 34,Major,,South,Pick Up Truck,Going Ahead,Lost control,"Ability Impaired, Alcohol Over .08",,,,,,,,,Yes,,,,,,Yes,Yes,,Yes,,34,Bathurst Manor,34,Bathurst Manor (34),D32,"{""coordinates"": [[-79.4642219998, 43.7602420003517]], ""type"": ""MultiPoint""}",2022
18220,18221,2002405693.0,2022-12-09,1710,JANE ST,FINCH AVE W,25 m West of,Major Arterial,,Non Intersection,No Control,Clear,Daylight,Dry,Non-Fatal Injury,Pedestrian Collisions,Driver,55 to 59,,,North,Pick Up Truck,Going Ahead,Other,Normal,,,,,,,Yes,,Yes,,,,,,,,,,,25,Glenfield-Jane Heights,25,Glenfield-Jane Heights (25),D31,"{""coordinates"": [[-79.5173140001815, 43.7558239996758]], ""type"": ""MultiPoint""}",2022
18221,18222,2002405693.0,2022-12-09,1710,JANE ST,FINCH AVE W,25 m West of,Major Arterial,,Non Intersection,No Control,Clear,Daylight,Dry,Non-Fatal Injury,Pedestrian Collisions,Pedestrian,40 to 44,Major,,West,,,,,Pedestrian hit at private driveway,"Crossing, no Traffic Control",Normal,,,,Yes,,Yes,,,,,,,,,,,25,Glenfield-Jane Heights,25,Glenfield-Jane Heights (25),D31,"{""coordinates"": [[-79.5173140001815, 43.7558239996758]], ""type"": ""MultiPoint""}",2022
18222,18223,2002407065.0,2022-12-09,2038,MCCOWAN RD,ELLESMERE RD,40 m North o,Major Arterial,Scarborough,Non Intersection,No Control,Clear,"Dark, artificial",Dry,Non-Fatal Injury,Sideswipe,Driver,75 to 79,,,South,"Automobile, Station Wagon",Going Ahead,Improper Lane Change,Inattentive,,,,,,,,,Yes,,,,,,,,,,,142,Woburn North,137,Woburn (137),D43,"{""coordinates"": [[-79.2515370000954, 43.7727270002835]], ""type"": ""MultiPoint""}",2022
18223,18224,2002407065.0,2022-12-09,2038,MCCOWAN RD,ELLESMERE RD,40 m North o,Major Arterial,Scarborough,Non Intersection,No Control,Clear,"Dark, artificial",Dry,Non-Fatal Injury,Sideswipe,Driver,15 to 19,Major,,North,"Automobile, Station Wagon",Unknown,Driving Properly,Normal,,,,,,,,,Yes,,,,,,,,,,,142,Woburn North,137,Woburn (137),D43,"{""coordinates"": [[-79.2515370000954, 43.7727270002835]], ""type"": ""MultiPoint""}",2022
18224,18225,2002424464.0,2022-12-12,1118,DUNDAS ST W,SPADINA AVE,,Major Arterial,Toronto and East York,At Intersection,Traffic Signal,Clear,Daylight,Dry,Fatal,Pedestrian Collisions,Driver,55 to 59,,,West,"Automobile, Station Wagon",Turning Right,Failed to Yield Right of Way,Inattentive,,,,,,,Yes,,Yes,,,,,,,Yes,,,,78,Kensington-Chinatown,78,Kensington-Chinatown (78),D52,"{""coordinates"": [[-79.3980060005157, 43.6528690002029]], ""type"": ""MultiPoint""}",2022
18225,18226,2002424464.0,2022-12-12,1118,DUNDAS ST W,SPADINA AVE,,Major Arterial,Toronto and East York,At Intersection,Traffic Signal,Clear,Daylight,Dry,Fatal,Pedestrian Collisions,Pedestrian,70 to 74,Fatal,49.0,West,,,,,Vehicle turns right while ped crosses with ROW at inter.,Crossing with right of way,Other,,,,Yes,,Yes,,,,,,,Yes,,,,78,Kensington-Chinatown,78,Kensington-Chinatown (78),D52,"{""coordinates"": [[-79.3980060005157, 43.6528690002029]], ""type"": ""MultiPoint""}",2022
18226,18227,2002431114.0,2022-12-13,910,STEELES AVE W,KIPLING AVE,,Major Arterial,Etobicoke York,At Intersection,Traffic Signal,Clear,Daylight,Dry,Fatal,Turning Movement,Driver,80 to 84,Fatal,50.0,North,"Automobile, Station Wagon",Turning Right,Improper Turn,Unknown,,,,,,,,,Yes,,Yes,,,Yes,,,,,,2,Mount Olive-Silverstone-Jamestown,2,Mount Olive-Silverstone-Jamestown (2),D23,"{""coordinates"": [[-79.5898619997752, 43.7595349996821]], ""type"": ""MultiPoint""}",2022
18227,18228,2002431114.0,2022-12-13,910,STEELES AVE W,KIPLING AVE,,Major Arterial,Etobicoke York,At Intersection,Traffic Signal,Clear,Daylight,Dry,Fatal,Turning Movement,Driver,30 to 34,Minor,,West,"Automobile, Station Wagon",Going Ahead,Driving Properly,Normal,,,,,,,,,Yes,,Yes,,,Yes,,,,,,2,Mount Olive-Silverstone-Jamestown,2,Mount Olive-Silverstone-Jamestown (2),D23,"{""coordinates"": [[-79.5898619997752, 43.7595349996821]], ""type"": ""MultiPoint""}",2022
18228,18229,2002431114.0,2022-12-13,910,STEELES AVE W,KIPLING AVE,,Major Arterial,Etobicoke York,At Intersection,Traffic Signal,Clear,Daylight,Dry,Fatal,Turning Movement,Passenger,0 to 4,Minor,,,,,,,,,,,,,,,Yes,,Yes,,,Yes,,,,,,2,Mount Olive-Silverstone-Jamestown,2,Mount Olive-Silverstone-Jamestown (2),D23,"{""coordinates"": [[-79.5898619997752, 43.7595349996821]], ""type"": ""MultiPoint""}",2022
18229,18230,2002431114.0,2022-12-13,910,STEELES AVE W,KIPLING AVE,,Major Arterial,Etobicoke York,At Intersection,Traffic Signal,Clear,Daylight,Dry,Fatal,Turning Movement,Truck Driver,60 to 64,,,East,Truck-Tractor,Going Ahead,Driving Properly,Normal,,,,,,,,,Yes,,Yes,,,Yes,,,,,,2,Mount Olive-Silverstone-Jamestown,2,Mount Olive-Silverstone-Jamestown (2),D23,"{""coordinates"": [[-79.5898619997752, 43.7595349996821]], ""type"": ""MultiPoint""}",2022
18230,18231,2002436647.0,2022-12-13,2301,AVENUE RD,LONSDALE RD,,Major Arterial,Toronto and East York,At Intersection,Traffic Signal,Clear,"Dark, artificial",Dry,Non-Fatal Injury,Turning Movement,Driver,35 to 39,Major,,North,"Automobile, Station Wagon",Going Ahead,Lost control,Unknown,,,,,,,,,Yes,,,,,,Yes,Yes,,,,97,Yonge-St.Clair,97,Yonge-St.Clair (97),D53,"{""coordinates"": [[-79.4030260002774, 43.6906570002421]], ""type"": ""MultiPoint""}",2022
18231,18232,2002436647.0,2022-12-13,2301,AVENUE RD,LONSDALE RD,,Major Arterial,Toronto and East York,At Intersection,Traffic Signal,Clear,"Dark, artificial",Dry,Non-Fatal Injury,Turning Movement,Driver,40 to 44,Minor,,West,"Automobile, Station Wagon",Turning Left,Driving Properly,Unknown,,,,,,,,,Yes,,,,,,Yes,Yes,,,,97,Yonge-St.Clair,97,Yonge-St.Clair (97),D53,"{""coordinates"": [[-79.4030260002774, 43.6906570002421]], ""type"": ""MultiPoint""}",2022
18232,18233,2002447253.0,2022-12-15,1134,MAITLAND PL,HOMEWOOD AVE,,Collector,Toronto and East York,At Intersection,No Control,Freezing Rain,Daylight,Wet,Non-Fatal Injury,Pedestrian Collisions,Driver,60 to 64,Major,,North,"Automobile, Station Wagon",Turning Left,Improper Turn,Inattentive,,,,,,,Yes,,Yes,,,,,,Yes,Yes,,,,71,Cabbagetown-South St.James Town,71,Cabbagetown-South St.James Town (71),D51,"{""coordinates"": [[-79.375507000378, 43.6656480004277]], ""type"": ""MultiPoint""}",2022
18233,18234,2002447253.0,2022-12-15,1134,MAITLAND PL,HOMEWOOD AVE,,Collector,Toronto and East York,At Intersection,No Control,Freezing Rain,Daylight,Wet,Non-Fatal Injury,Pedestrian Collisions,Pedestrian,unknown,Minor,,Unknown,,,,,Vehicle turns left while ped crosses with ROW at inter.,Other,Other,,,,Yes,,Yes,,,,,,Yes,Yes,,,,71,Cabbagetown-South St.James Town,71,Cabbagetown-South St.James Town (71),D51,"{""coordinates"": [[-79.375507000378, 43.6656480004277]], ""type"": ""MultiPoint""}",2022
18234,18235,2002449618.0,2022-12-15,1720,SHAW ST,KING ST W,,Major Arterial,Toronto and East York,At Intersection,Traffic Signal,Freezing Rain,"Dark, artificial",Slush,Non-Fatal Injury,Pedestrian Collisions,Driver,25 to 29,,,South,"Automobile, Station Wagon",Turning Right,Failed to Yield Right of Way,Inattentive,,,,,,,Yes,,Yes,,,,,,,Yes,,,,162,West Queen West,82,Niagara (82),D14,"{""coordinates"": [[-79.414981000037, 43.6413640003751]], ""type"": ""MultiPoint""}",2022
18235,18236,2002449618.0,2022-12-15,1720,SHAW ST,KING ST W,,Major Arterial,Toronto and East York,At Intersection,Traffic Signal,Freezing Rain,"Dark, artificial",Slush,Non-Fatal Injury,Pedestrian Collisions,Pedestrian,65 to 69,Major,,Unknown,,,,,Vehicle turns right while ped crosses with ROW at inter.,Crossing with right of way,Normal,,,,Yes,,Yes,,,,,,,Yes,,,,162,West Queen West,82,Niagara (82),D14,"{""coordinates"": [[-79.414981000037, 43.6413640003751]], ""type"": ""MultiPoint""}",2022
18236,18237,2002450489.0,2022-12-15,1925,936 DIXON RD,,150 m West o,Major Arterial,Etobicoke York,Non Intersection,No Control,Snow,Dark,Loose Snow,Non-Fatal Injury,Pedestrian Collisions,Driver,50 to 54,,,West,"Automobile, Station Wagon",Going Ahead,Driving Properly,Normal,,,,,,,Yes,,Yes,,,,,,,,,,,1,West Humber-Clairville,1,West Humber-Clairville (1),D23,"{""coordinates"": [[-79.5972549994822, 43.6865910001988]], ""type"": ""MultiPoint""}",2022
18237,18238,2002450489.0,2022-12-15,1925,936 DIXON RD,,150 m West o,Major Arterial,Etobicoke York,Non Intersection,No Control,Snow,Dark,Loose Snow,Non-Fatal Injury,Pedestrian Collisions,Pedestrian,25 to 29,Major,,North,,,,,Pedestrian hit at mid-block,"Crossing, no Traffic Control",Inattentive,,,,Yes,,Yes,,,,,,,,,,,1,West Humber-Clairville,1,West Humber-Clairville (1),D23,"{""coordinates"": [[-79.5972549994822, 43.6865910001988]], ""type"": ""MultiPoint""}",2022
18238,18239,2002450489.0,2022-12-15,1925,936 DIXON RD,,150 m West o,Major Arterial,Etobicoke York,Non Intersection,No Control,Snow,Dark,Loose Snow,Non-Fatal Injury,Pedestrian Collisions,Pedestrian,40 to 44,Minor,,North,,,,,Pedestrian hit at mid-block,"Crossing, no Traffic Control",Inattentive,,,,Yes,,Yes,,,,,,,,,,,1,West Humber-Clairville,1,West Humber-Clairville (1),D23,"{""coordinates"": [[-79.5972549994822, 43.6865910001988]], ""type"": ""MultiPoint""}",2022
18239,18240,2002473250.0,2022-12-18,2228,LAKE SHORE BLVD E,LOWER JARVIS ST,1 m West of,Major Arterial,Toronto and East York,At Intersection,Traffic Signal,Clear,"Dark, artificial",Dry,Non-Fatal Injury,Cyclist Collisions,Cyclist,40 to 44,Major,,South,Bicycle,Going Ahead,,,,,,"Cyclist without ROW rides into path of motorist at inter, lnwy, dwy-Cyclist not turn.",Disobeyed Traffic Control,Inattentive,,Yes,Yes,,,,,Yes,,,,,,166,St Lawrence-East Bayfront-The Islands,77,Waterfront Communities-The Island (77),D51,"{""coordinates"": [[-79.3697920004484, 43.6455069999956]], ""type"": ""MultiPoint""}",2022
18240,18241,2002473250.0,2022-12-18,2228,LAKE SHORE BLVD E,LOWER JARVIS ST,1 m West of,Major Arterial,Toronto and East York,At Intersection,Traffic Signal,Clear,"Dark, artificial",Dry,Non-Fatal Injury,Cyclist Collisions,Driver,25 to 29,,,East,"Automobile, Station Wagon",Going Ahead,Driving Properly,Normal,,,,,,,,Yes,Yes,,,,,Yes,,,,,,166,St Lawrence-East Bayfront-The Islands,77,Waterfront Communities-The Island (77),D51,"{""coordinates"": [[-79.3697920004484, 43.6455069999956]], ""type"": ""MultiPoint""}",2022
18241,18242,2002473250.0,2022-12-18,2228,LAKE SHORE BLVD E,LOWER JARVIS ST,1 m West of,Major Arterial,Toronto and East York,At Intersection,Traffic Signal,Clear,"Dark, artificial",Dry,Non-Fatal Injury,Cyclist Collisions,Passenger,25 to 29,,,,,,,,,,,,,,,Yes,Yes,,,,,Yes,,,,,,166,St Lawrence-East Bayfront-The Islands,77,Waterfront Communities-The Island (77),D51,"{""coordinates"": [[-79.3697920004484, 43.6455069999956]], ""type"": ""MultiPoint""}",2022
18242,18243,2002473250.0,2022-12-18,2228,LAKE SHORE BLVD E,LOWER JARVIS ST,1 m West of,Major Arterial,Toronto and East York,At Intersection,Traffic Signal,Clear,"Dark, artificial",Dry,Non-Fatal Injury,Cyclist Collisions,Passenger,20 to 24,,,,,,,,,,,,,,,Yes,Yes,,,,,Yes,,,,,,166,St Lawrence-East Bayfront-The Islands,77,Waterfront Communities-The Island (77),D51,"{""coordinates"": [[-79.3697920004484, 43.6455069999956]], ""type"": ""MultiPoint""}",2022
18243,18244,2002476311.0,2022-12-19,1047,MORNINGSIDE AVE,PAN AM DR,,,,At Intersection,Traffic Signal,Clear,Daylight,Dry,Non-Fatal Injury,Turning Movement,Driver,85 to 89,Major,,North,"Automobile, Station Wagon",Going Ahead,Disobeyed Traffic Control,Medical or Physical Disability,,,,,,,,,Yes,,,,,Yes,,Yes,Yes,,Yes,134,Highland Creek,134,Highland Creek (134),D43,"{""coordinates"": [[-79.195514000014, 43.7920520003289]], ""type"": ""MultiPoint""}",2022
18244,18245,2002476311.0,2022-12-19,1047,MORNINGSIDE AVE,PAN AM DR,,,,At Intersection,Traffic Signal,Clear,Daylight,Dry,Non-Fatal Injury,Turning Movement,Driver,65 to 69,,,East,"Automobile, Station Wagon",Turning Left,Driving Properly,Normal,,,,,,,,,Yes,,,,,Yes,,Yes,Yes,,Yes,134,Highland Creek,134,Highland Creek (134),D43,"{""coordinates"": [[-79.195514000014, 43.7920520003289]], ""type"": ""MultiPoint""}",2022
18245,18246,2002476311.0,2022-12-19,1047,MORNINGSIDE AVE,PAN AM DR,,,,At Intersection,Traffic Signal,Clear,Daylight,Dry,Non-Fatal Injury,Turning Movement,Passenger,0 to 4,,,,,,,,,,,,,,,,Yes,,,,,Yes,,Yes,Yes,,Yes,134,Highland Creek,134,Highland Creek (134),D43,"{""coordinates"": [[-79.195514000014, 43.7920520003289]], ""type"": ""MultiPoint""}",2022
18246,18247,2002484301.0,2022-12-20,1150,CARLINGVIEW DR,DIXON RD,45 m South o,Major Arterial,Etobicoke York,Non Intersection,No Control,Clear,Daylight,Dry,Non-Fatal Injury,Sideswipe,Driver,20 to 24,Minor,,South,"Automobile, Station Wagon",Changing Lanes,Improper Passing,Inattentive,,,,,,,,,Yes,,,,,Yes,,Yes,,,,1,West Humber-Clairville,1,West Humber-Clairville (1),D23,"{""coordinates"": [[-79.5953630002259, 43.6862480002955]], ""type"": ""MultiPoint""}",2022
18247,18248,2002484301.0,2022-12-20,1150,CARLINGVIEW DR,DIXON RD,45 m South o,Major Arterial,Etobicoke York,Non Intersection,No Control,Clear,Daylight,Dry,Non-Fatal Injury,Sideswipe,Driver,20 to 24,Minor,,South,"Automobile, Station Wagon",Going Ahead,Driving Properly,Normal,,,,,,,,,Yes,,,,,Yes,,Yes,,,,1,West Humber-Clairville,1,West Humber-Clairville (1),D23,"{""coordinates"": [[-79.5953630002259, 43.6862480002955]], ""type"": ""MultiPoint""}",2022
18248,18249,2002484301.0,2022-12-20,1150,CARLINGVIEW DR,DIXON RD,45 m South o,Major Arterial,Etobicoke York,Non Intersection,No Control,Clear,Daylight,Dry,Non-Fatal Injury,Sideswipe,Driver,65 to 69,Minor,,South,"Automobile, Station Wagon",Going Ahead,Driving Properly,Normal,,,,,,,,,Yes,,,,,Yes,,Yes,,,,1,West Humber-Clairville,1,West Humber-Clairville (1),D23,"{""coordinates"": [[-79.5953630002259, 43.6862480002955]], ""type"": ""MultiPoint""}",2022
18249,18250,2002484301.0,2022-12-20,1150,CARLINGVIEW DR,DIXON RD,45 m South o,Major Arterial,Etobicoke York,Non Intersection,No Control,Clear,Daylight,Dry,Non-Fatal Injury,Sideswipe,Passenger,20 to 24,Major,,,,,,,,,,,,,,,Yes,,,,,Yes,,Yes,,,,1,West Humber-Clairville,1,West Humber-Clairville (1),D23,"{""coordinates"": [[-79.5953630002259, 43.6862480002955]], ""type"": ""MultiPoint""}",2022
18250,18251,2002494669.0,2022-12-21,1750,GLOUCESTER GRV,WINNETT AVE,,Local,,At Intersection,Stop Sign,Clear,Dark,Wet,Non-Fatal Injury,Pedestrian Collisions,Driver,35 to 39,,,North,Pick Up Truck,Turning Left,Failed to Yield Right of Way,Normal,,,,,,,Yes,,Yes,,,,,,,Yes,,,,106,Humewood-Cedarvale,106,Humewood-Cedarvale (106),D13,"{""coordinates"": [[-79.436533999825, 43.6968639999692]], ""type"": ""MultiPoint""}",2022
18251,18252,2002494669.0,2022-12-21,1750,GLOUCESTER GRV,WINNETT AVE,,Local,,At Intersection,Stop Sign,Clear,Dark,Wet,Non-Fatal Injury,Pedestrian Collisions,Pedestrian,30 to 34,Major,,North,,,,,Vehicle turns left while ped crosses with ROW at inter.,Crossing with right of way,Normal,,,,Yes,,Yes,,,,,,,Yes,,,,106,Humewood-Cedarvale,106,Humewood-Cedarvale (106),D13,"{""coordinates"": [[-79.436533999825, 43.6968639999692]], ""type"": ""MultiPoint""}",2022
18252,18253,2002494669.0,2022-12-21,1750,GLOUCESTER GRV,WINNETT AVE,,Local,,At Intersection,Stop Sign,Clear,Dark,Wet,Non-Fatal Injury,Pedestrian Collisions,Pedestrian,5 to 9,Minimal,,North,,,,,Vehicle turns left while ped crosses with ROW at inter.,Crossing with right of way,Normal,,,,Yes,,Yes,,,,,,,Yes,,,,106,Humewood-Cedarvale,106,Humewood-Cedarvale (106),D13,"{""coordinates"": [[-79.436533999825, 43.6968639999692]], ""type"": ""MultiPoint""}",2022
18253,18254,2002494669.0,2022-12-21,1750,GLOUCESTER GRV,WINNETT AVE,,Local,,At Intersection,Stop Sign,Clear,Dark,Wet,Non-Fatal Injury,Pedestrian Collisions,Pedestrian,0 to 4,Minor,,North,,,,,Vehicle turns left while ped crosses with ROW at inter.,Crossing with right of way,Normal,,,,Yes,,Yes,,,,,,,Yes,,,,106,Humewood-Cedarvale,106,Humewood-Cedarvale (106),D13,"{""coordinates"": [[-79.436533999825, 43.6968639999692]], ""type"": ""MultiPoint""}",2022
18254,18255,2002494669.0,2022-12-21,1750,GLOUCESTER GRV,WINNETT AVE,,Local,,At Intersection,Stop Sign,Clear,Dark,Wet,Non-Fatal Injury,Pedestrian Collisions,Pedestrian,0 to 4,Minimal,,North,,,,,Vehicle turns left while ped crosses with ROW at inter.,Crossing with right of way,Normal,,,,Yes,,Yes,,,,,,,Yes,,,,106,Humewood-Cedarvale,106,Humewood-Cedarvale (106),D13,"{""coordinates"": [[-79.436533999825, 43.6968639999692]], ""type"": ""MultiPoint""}",2022
18255,18256,2002522465.0,2022-12-26,112,WESTON ROAD,BIRDSTONE CRESCENT,128 m South ,Major Shoreline,,Non Intersection,No Control,Clear,"Dark, artificial",Wet,Non-Fatal Injury,SMV Other,Driver,15 to 19,Minor,,North,"Automobile, Station Wagon",Going Ahead,Lost control,Inattentive,,,,,,,,,Yes,,,,,Yes,,Yes,,,,90,Junction Area,90,Junction Area (90),D12,"{""coordinates"": [[-79.4684250005935, 43.6734030001797]], ""type"": ""MultiPoint""}",2022
18256,18257,2002522465.0,2022-12-26,112,WESTON ROAD,BIRDSTONE CRESCENT,128 m South ,Major Shoreline,,Non Intersection,No Control,Clear,"Dark, artificial",Wet,Non-Fatal Injury,SMV Other,Passenger,20 to 24,Minor,,,,,,,,,,,,,,,Yes,,,,,Yes,,Yes,,,,90,Junction Area,90,Junction Area (90),D12,"{""coordinates"": [[-79.4684250005935, 43.6734030001797]], ""type"": ""MultiPoint""}",2022
18257,18258,2002522465.0,2022-12-26,112,WESTON ROAD,BIRDSTONE CRESCENT,128 m South ,Major Shoreline,,Non Intersection,No Control,Clear,"Dark, artificial",Wet,Non-Fatal Injury,SMV Other,Passenger,20 to 24,Minor,,,,,,,,,,,,,,,Yes,,,,,Yes,,Yes,,,,90,Junction Area,90,Junction Area (90),D12,"{""coordinates"": [[-79.4684250005935, 43.6734030001797]], ""type"": ""MultiPoint""}",2022
18258,18259,2002522465.0,2022-12-26,112,WESTON ROAD,BIRDSTONE CRESCENT,128 m South ,Major Shoreline,,Non Intersection,No Control,Clear,"Dark, artificial",Wet,Non-Fatal Injury,SMV Other,Passenger,20 to 24,Minor,,,,,,,,,,,,,,,Yes,,,,,Yes,,Yes,,,,90,Junction Area,90,Junction Area (90),D12,"{""coordinates"": [[-79.4684250005935, 43.6734030001797]], ""type"": ""MultiPoint""}",2022
18259,18260,2002522465.0,2022-12-26,112,WESTON ROAD,BIRDSTONE CRESCENT,128 m South ,Major Shoreline,,Non Intersection,No Control,Clear,"Dark, artificial",Wet,Non-Fatal Injury,SMV Other,Passenger,15 to 19,Major,,,,,,,,,,,,,,,Yes,,,,,Yes,,Yes,,,,90,Junction Area,90,Junction Area (90),D12,"{""coordinates"": [[-79.4684250005935, 43.6734030001797]], ""type"": ""MultiPoint""}",2022
18260,18261,2002556621.0,2022-12-30,2234,BLOOR ST W,MONTROSE AVE,76 m West of,Major Arterial,Toronto and East York,Non Intersection,No Control,Rain,"Dark, artificial",Wet,Non-Fatal Injury,Pedestrian Collisions,Driver,35 to 39,,,East,"Automobile, Station Wagon",Going Ahead,Driving Properly,Normal,,,,,,,Yes,,Yes,,,,,,,,,,,80,Palmerston-Little Italy,80,Palmerston-Little Italy (80),D14,"{""coordinates"": [[-79.421267999734, 43.6628560002569]], ""type"": ""MultiPoint""}",2022