index,_id,ACCNUM,DATE,TIME,STREET1,STREET2,OFFSET,ROAD_CLASS,DISTRICT,ACCLOC,TRAFFCTL,VISIBILITY,LIGHT,RDSFCOND,ACCLASS,IMPACTYPE,INVTYPE,INVAGE,INJURY,FATAL_NO,INITDIR,VEHTYPE,MANOEUVER,DRIVACT,DRIVCOND,PEDTYPE,PEDACT,PEDCOND,CYCLISTYPE,CYCACT,CYCCOND,PEDESTRIAN,CYCLIST,AUTOMOBILE,MOTORCYCLE,TRUCK,TRSN_CITY_VEH,EMERG_VEH,PASSENGER,SPEEDING,AG_DRIV,REDLIGHT,ALCOHOL,DISABILITY,HOOD_158,NEIGHBOURHOOD_158,HOOD_140,NEIGHBOURHOOD_140,DIVISION,geometry,ACCIDENT_YEAR
18261,18262,2002556621.0,2022-12-30,2234,BLOOR ST W,MONTROSE AVE,76 m West of,Major Arterial,Toronto and East York,Non Intersection,No Control,Rain,"Dark, artificial",Wet,Non-Fatal Injury,Pedestrian Collisions,Pedestrian,40 to 44,Major,,South,,,,,Pedestrian hit at mid-block,"Crossing, no Traffic Control",Inattentive,,,,Yes,,Yes,,,,,,,,,,,80,Palmerston-Little Italy,80,Palmerston-Little Italy (80),D14,"{""coordinates"": [[-79.421267999734, 43.6628560002569]], ""type"": ""MultiPoint""}",2022
18262,18263,3000013825.0,2023-01-02,2334,BATHURST ST,HADDINGTON AVE,,Major Arterial,North York,At Intersection,Stop Sign,Clear,"Dark, artificial",Wet,Non-Fatal Injury,Turning Movement,Driver,35 to 39,Minimal,,West,"Automobile, Station Wagon",Making U Turn,Improper Turn,Inattentive,,,,,,,,,Yes,,,Yes,,Yes,,Yes,,,,39,Bedford Park-Nortown,39,Bedford Park-Nortown (39),D32,"{""coordinates"": [[-79.4326579995803, 43.7320889999717]], ""type"": ""MultiPoint""}",2023
18263,18264,3000013825.0,2023-01-02,2334,BATHURST ST,HADDINGTON AVE,,Major Arterial,North York,At Intersection,Stop Sign,Clear,"Dark, artificial",Wet,Non-Fatal Injury,Turning Movement,Driver,25 to 29,Major,,North,Municipal Transit Bus (TTC),Going Ahead,Driving Properly,Normal,,,,,,,,,Yes,,,Yes,,Yes,,Yes,,,,39,Bedford Park-Nortown,39,Bedford Park-Nortown (39),D32,"{""coordinates"": [[-79.4326579995803, 43.7320889999717]], ""type"": ""MultiPoint""}",2023
18264,18265,3000013825.0,2023-01-02,2334,BATHURST ST,HADDINGTON AVE,,Major Arterial,North York,At Intersection,Stop Sign,Clear,"Dark, artificial",Wet,Non-Fatal Injury,Turning Movement,Passenger,10 to 14,Major,,,,,,,,,,,,,,,Yes,,,Yes,,Yes,,Yes,,,,39,Bedford Park-Nortown,39,Bedford Park-Nortown (39),D32,"{""coordinates"": [[-79.4326579995803, 43.7320889999717]], ""type"": ""MultiPoint""}",2023
18265,18266,3000027148.0,2023-01-04,1710,LAKE SHORE BLVD W,SECOND ST,,Major Arterial,Etobicoke York,At Intersection,No Control,Rain,Dark,Wet,Fatal,Pedestrian Collisions,Driver,60 to 64,,,West,Pick Up Truck,Turning Right,Failed to Yield Right of Way,Unknown,,,,,,,Yes,,Yes,,,,,,,Yes,,,,18,New Toronto,18,New Toronto (18),D22,"{""coordinates"": [[-79.4996059999804, 43.6019159995891]], ""type"": ""MultiPoint""}",2023
18266,18267,3000027148.0,2023-01-04,1710,LAKE SHORE BLVD W,SECOND ST,,Major Arterial,Etobicoke York,At Intersection,No Control,Rain,Dark,Wet,Fatal,Pedestrian Collisions,Pedestrian,55 to 59,Fatal,1.0,West,,,,,Vehicle turns right while ped crosses with ROW at inter.,Crossing with right of way,Normal,,,,Yes,,Yes,,,,,,,Yes,,,,18,New Toronto,18,New Toronto (18),D22,"{""coordinates"": [[-79.4996059999804, 43.6019159995891]], ""type"": ""MultiPoint""}",2023
18267,18268,3000027334.0,2023-01-04,1730,MARKHAM RD,FINCH AVE E,5 m North of,Major Arterial,Scarborough,At Intersection,Traffic Signal,Rain,"Dark, artificial",Wet,Non-Fatal Injury,Pedestrian Collisions,Driver,75 to 79,,,North,"Automobile, Station Wagon",Turning Left,Failed to Yield Right of Way,Inattentive,,,,,,,Yes,,Yes,,,,,,,Yes,,,,145,Malvern West,132,Malvern (132),D42,"{""coordinates"": [[-79.2429760003291, 43.8129409996306]], ""type"": ""MultiPoint""}",2023
18268,18269,3000027334.0,2023-01-04,1730,MARKHAM RD,FINCH AVE E,5 m North of,Major Arterial,Scarborough,At Intersection,Traffic Signal,Rain,"Dark, artificial",Wet,Non-Fatal Injury,Pedestrian Collisions,Pedestrian,20 to 24,Major,,East,"Automobile, Station Wagon",Unknown,,,Vehicle turns left while ped crosses with ROW at inter.,Crossing with right of way,Normal,,,,Yes,,Yes,,,,,,,Yes,,,,145,Malvern West,132,Malvern (132),D42,"{""coordinates"": [[-79.2429760003291, 43.8129409996306]], ""type"": ""MultiPoint""}",2023
18269,18270,3000027415.0,2023-01-04,1740,DON MILLS RD,WYNFORD DR,,Major Arterial,North York,Intersection Related,Traffic Signal,Rain,Dark,Wet,Non-Fatal Injury,Pedestrian Collisions,Driver,75 to 79,,,South,"Automobile, Station Wagon",Turning Left,,Unknown,,,,,,,Yes,,Yes,,,,,,,,,,,42,Banbury-Don Mills,42,Banbury-Don Mills (42),D33,"{""coordinates"": [[-79.33953400054, 43.7230140003314]], ""type"": ""MultiPoint""}",2023
18270,18271,3000027415.0,2023-01-04,1740,DON MILLS RD,WYNFORD DR,,Major Arterial,North York,Intersection Related,Traffic Signal,Rain,Dark,Wet,Non-Fatal Injury,Pedestrian Collisions,Pedestrian,50 to 54,Major,,,,,,,Vehicle turns left while ped crosses with ROW at inter.,Crossing with right of way,Normal,,,,Yes,,Yes,,,,,,,,,,,42,Banbury-Don Mills,42,Banbury-Don Mills (42),D33,"{""coordinates"": [[-79.33953400054, 43.7230140003314]], ""type"": ""MultiPoint""}",2023
18271,18272,3000037155.0,2023-01-05,2224,488 QUEEN ST W,DENISON AVE,,Major Arterial,Toronto and East York,Non Intersection,No Control,Rain,"Dark, artificial",Wet,Non-Fatal Injury,Pedestrian Collisions,Driver,20 to 24,,,East,"Automobile, Station Wagon",Going Ahead,Driving Properly,Normal,,,,,,,Yes,,Yes,,,,,,,,,,,164,Wellington Place,77,Waterfront Communities-The Island (77),D14,"{""coordinates"": [[-79.4007680002768, 43.6477800000414]], ""type"": ""MultiPoint""}",2023
18272,18273,3000037155.0,2023-01-05,2224,488 QUEEN ST W,DENISON AVE,,Major Arterial,Toronto and East York,Non Intersection,No Control,Rain,"Dark, artificial",Wet,Non-Fatal Injury,Pedestrian Collisions,Pedestrian,55 to 59,Major,,North,"Automobile, Station Wagon",Unknown,,,Pedestrian hit at mid-block,"Crossing, no Traffic Control",Inattentive,,,,Yes,,Yes,,,,,,,,,,,164,Wellington Place,77,Waterfront Communities-The Island (77),D14,"{""coordinates"": [[-79.4007680002768, 43.6477800000414]], ""type"": ""MultiPoint""}",2023
18273,18274,3000042197.0,2023-01-06,1518,YONGE ST,HILLSDALE AVE E,,Major Arterial,North York,Intersection Related,No Control,Clear,Daylight,Dry,Fatal,Pedestrian Collisions,Truck Driver,25 to 29,,,North,Truck - Open,Pulling Away from Shoulder or Curb,Other,Inattentive,,,,,,,Yes,,,,Yes,,,,,,,,,174,South Eglinton-Davisville,104,Mount Pleasant West (104),D53,"{""coordinates"": [[-79.3976470002274, 43.7033260001509]], ""type"": ""MultiPoint""}",2023
18274,18275,3000042197.0,2023-01-06,1518,YONGE ST,HILLSDALE AVE E,,Major Arterial,North York,Intersection Related,No Control,Clear,Daylight,Dry,Fatal,Pedestrian Collisions,Pedestrian,70 to 74,Fatal,3.0,Unknown,,,,,Other / Undefined,On Sidewalk or Shoulder,Normal,,,,Yes,,,,Yes,,,,,,,,,174,South Eglinton-Davisville,104,Mount Pleasant West (104),D53,"{""coordinates"": [[-79.3976470002274, 43.7033260001509]], ""type"": ""MultiPoint""}",2023
18275,18276,3000059883.0,2023-01-09,104,QUEEN ST E,BOND ST,13 M EAST OF,Major Arterial,Toronto and East York,Non Intersection,No Control,Clear,"Dark, artificial",Dry,Non-Fatal Injury,Approaching,Truck Driver,35 to 39,Major,,East,"Truck - Closed (Blazer, etc)",Going Ahead,Failed to Yield Right of Way,"Ability Impaired, Alcohol",,,,,,,,,,,Yes,Yes,,Yes,,Yes,,Yes,,168,Downtown Yonge East,75,Church-Yonge Corridor (75),D51,"{""coordinates"": [[-79.376818999521, 43.6528650001946]], ""type"": ""MultiPoint""}",2023
18276,18277,3000059883.0,2023-01-09,104,QUEEN ST E,BOND ST,13 M EAST OF,Major Arterial,Toronto and East York,Non Intersection,No Control,Clear,"Dark, artificial",Dry,Non-Fatal Injury,Approaching,Driver,45 to 49,,,West,Street Car,Going Ahead,Driving Properly,Normal,,,,,,,,,,,Yes,Yes,,Yes,,Yes,,Yes,,168,Downtown Yonge East,75,Church-Yonge Corridor (75),D51,"{""coordinates"": [[-79.376818999521, 43.6528650001946]], ""type"": ""MultiPoint""}",2023
18277,18278,3000059883.0,2023-01-09,104,QUEEN ST E,BOND ST,13 M EAST OF,Major Arterial,Toronto and East York,Non Intersection,No Control,Clear,"Dark, artificial",Dry,Non-Fatal Injury,Approaching,Passenger,20 to 24,Minor,,,"Truck - Closed (Blazer, etc)",,,,,,,,,,,,,,Yes,Yes,,Yes,,Yes,,Yes,,168,Downtown Yonge East,75,Church-Yonge Corridor (75),D51,"{""coordinates"": [[-79.376818999521, 43.6528650001946]], ""type"": ""MultiPoint""}",2023
18278,18279,3000066042.0,2023-01-09,1830,4138 LAWRENCE AVE E,,10 m West of,Major Arterial,Scarborough,Non Intersection,No Control,Rain,Dark,Wet,Non-Fatal Injury,Pedestrian Collisions,Driver,65 to 69,,,East,"Automobile, Station Wagon",Going Ahead,Driving Properly,Normal,,,,,,,Yes,,Yes,,,,,,,,,,,136,West Hill,136,West Hill (136),D43,"{""coordinates"": [[-79.1924620004636, 43.7669700001067]], ""type"": ""MultiPoint""}",2023
18279,18280,3000066042.0,2023-01-09,1830,4138 LAWRENCE AVE E,,10 m West of,Major Arterial,Scarborough,Non Intersection,No Control,Rain,Dark,Wet,Non-Fatal Injury,Pedestrian Collisions,Driver,65 to 69,,,West,"Automobile, Station Wagon",Going Ahead,Driving Properly,Normal,,,,,,,Yes,,Yes,,,,,,,,,,,136,West Hill,136,West Hill (136),D43,"{""coordinates"": [[-79.1924620004636, 43.7669700001067]], ""type"": ""MultiPoint""}",2023
18280,18281,3000066042.0,2023-01-09,1830,4138 LAWRENCE AVE E,,10 m West of,Major Arterial,Scarborough,Non Intersection,No Control,Rain,Dark,Wet,Non-Fatal Injury,Pedestrian Collisions,Pedestrian,70 to 74,Major,,North,"Automobile, Station Wagon",Unknown,,,Pedestrian hit at mid-block,Crossing without right of way,Normal,,,,Yes,,Yes,,,,,,,,,,,136,West Hill,136,West Hill (136),D43,"{""coordinates"": [[-79.1924620004636, 43.7669700001067]], ""type"": ""MultiPoint""}",2023
18281,18282,3000066794.0,2023-01-09,2037,JANE ST,WILSON AVE,,Major Arterial,North York,Non Intersection,No Control,Rain,"Dark, artificial",Wet,Fatal,Pedestrian Collisions,Driver,55 to 59,,2.0,South,Pick Up Truck,Going Ahead,Driving Properly,Normal,,,,,,,Yes,,Yes,,,,,,,,,,,154,Oakdale-Beverley Heights,26,Downsview-Roding-CFB (26),D31,"{""coordinates"": [[-79.5087460001358, 43.7215109996461]], ""type"": ""MultiPoint""}",2023
18282,18283,3000066794.0,2023-01-09,2037,JANE ST,WILSON AVE,,Major Arterial,North York,Non Intersection,No Control,Rain,"Dark, artificial",Wet,Fatal,Pedestrian Collisions,Pedestrian,60 to 64,Fatal,,West,,,,,Pedestrian hit at mid-block,"Crossing, no Traffic Control",Had Been Drinking,,,,Yes,,Yes,,,,,,,,,,,154,Oakdale-Beverley Heights,26,Downsview-Roding-CFB (26),D31,"{""coordinates"": [[-79.5087460001358, 43.7215109996461]], ""type"": ""MultiPoint""}",2023
18283,18284,3000103787.0,2023-01-14,1250,CELESTINE DR,51,5 m North of,,,Non Intersection,No Control,Clear,Daylight,Dry,Non-Fatal Injury,SMV Other,Driver,75 to 79,Major,,North,"Automobile, Station Wagon",Going Ahead,Other,Medical or Physical Disability,,,,,,,,,Yes,,,,,Yes,,,,,Yes,7,Willowridge-Martingrove-Richview,7,Willowridge-Martingrove-Richview (7),D23,"{""coordinates"": [[-79.5605120001875, 43.6895740000305]], ""type"": ""MultiPoint""}",2023
18284,18285,3000103787.0,2023-01-14,1250,CELESTINE DR,51,5 m North of,,,Non Intersection,No Control,Clear,Daylight,Dry,Non-Fatal Injury,SMV Other,Passenger,75 to 79,Minimal,,,,,,,,,,,,,,,Yes,,,,,Yes,,,,,Yes,7,Willowridge-Martingrove-Richview,7,Willowridge-Martingrove-Richview (7),D23,"{""coordinates"": [[-79.5605120001875, 43.6895740000305]], ""type"": ""MultiPoint""}",2023
18285,18286,3000104809.0,2023-01-14,1518,MCCOWAN RD,BELLECHASSE ST,26 m North o,Major Arterial,Scarborough,Non Intersection,No Control,Clear,Daylight,Dry,Non-Fatal Injury,Pedestrian Collisions,Driver,35 to 39,,,North,"Automobile, Station Wagon",Going Ahead,Lost control,Inattentive,,,,,,,Yes,,Yes,,,,,,,,,,,142,Woburn North,137,Woburn (137),D43,"{""coordinates"": [[-79.2473629995932, 43.7613670003468]], ""type"": ""MultiPoint""}",2023
18286,18287,3000104809.0,2023-01-14,1518,MCCOWAN RD,BELLECHASSE ST,26 m North o,Major Arterial,Scarborough,Non Intersection,No Control,Clear,Daylight,Dry,Non-Fatal Injury,Pedestrian Collisions,Pedestrian,25 to 29,Major,,Unknown,"Automobile, Station Wagon",Unknown,,,Pedestrian hit on sidewalk or shoulder,On Sidewalk or Shoulder,Normal,,,,Yes,,Yes,,,,,,,,,,,142,Woburn North,137,Woburn (137),D43,"{""coordinates"": [[-79.2473629995932, 43.7613670003468]], ""type"": ""MultiPoint""}",2023
18287,18288,3000104809.0,2023-01-14,1518,MCCOWAN RD,BELLECHASSE ST,26 m North o,Major Arterial,Scarborough,Non Intersection,No Control,Clear,Daylight,Dry,Non-Fatal Injury,Pedestrian Collisions,Pedestrian,25 to 29,Minimal,,Unknown,"Automobile, Station Wagon",Unknown,,,Pedestrian hit on sidewalk or shoulder,On Sidewalk or Shoulder,Normal,,,,Yes,,Yes,,,,,,,,,,,142,Woburn North,137,Woburn (137),D43,"{""coordinates"": [[-79.2473629995932, 43.7613670003468]], ""type"": ""MultiPoint""}",2023
18288,18289,3000112044.0,2023-01-15,1455,PHARMACY AV,KNIGHTSBRIDGE RD,,Minor Arterial,Scarborough,At Intersection,Traffic Signal,Clear,Daylight,Dry,Non-Fatal Injury,Pedestrian Collisions,Driver,65 to 69,,,West,"Automobile, Station Wagon",Turning Left,Failed to Yield Right of Way,Normal,,,,,,,Yes,,Yes,,,,,Yes,,Yes,,,,120,Clairlea-Birchmount,120,Clairlea-Birchmount (120),D41,"{""coordinates"": [[-79.293628000212, 43.7160710003715]], ""type"": ""MultiPoint""}",2023
18289,18290,3000112044.0,2023-01-15,1455,PHARMACY AV,KNIGHTSBRIDGE RD,,Minor Arterial,Scarborough,At Intersection,Traffic Signal,Clear,Daylight,Dry,Non-Fatal Injury,Pedestrian Collisions,Passenger,65 to 69,,,,,,,,,,,,,,Yes,,Yes,,,,,Yes,,Yes,,,,120,Clairlea-Birchmount,120,Clairlea-Birchmount (120),D41,"{""coordinates"": [[-79.293628000212, 43.7160710003715]], ""type"": ""MultiPoint""}",2023
18290,18291,3000112044.0,2023-01-15,1455,PHARMACY AV,KNIGHTSBRIDGE RD,,Minor Arterial,Scarborough,At Intersection,Traffic Signal,Clear,Daylight,Dry,Non-Fatal Injury,Pedestrian Collisions,Pedestrian,65 to 69,Major,,South,"Automobile, Station Wagon",Unknown,,,Vehicle turns left while ped crosses with ROW at inter.,Crossing with right of way,Normal,,,,Yes,,Yes,,,,,Yes,,Yes,,,,120,Clairlea-Birchmount,120,Clairlea-Birchmount (120),D41,"{""coordinates"": [[-79.293628000212, 43.7160710003715]], ""type"": ""MultiPoint""}",2023
18291,18292,3000138276.0,2023-01-18,1741,RENFORTH DR,EGLINTON AVE W,,,,Intersection Related,Traffic Signal,Clear,"Dark, artificial",Dry,Non-Fatal Injury,Pedestrian Collisions,Driver,85 to 89,,,South,"Automobile, Station Wagon",Going Ahead,Failed to Yield Right of Way,Normal,,,,,,,Yes,,Yes,,,,,,,Yes,,,,11,Eringate-Centennial-West Deane,11,Eringate-Centennial-West Deane (11),D22,"{""coordinates"": [[-79.5876420000673, 43.6661059997811]], ""type"": ""MultiPoint""}",2023
18292,18293,3000138276.0,2023-01-18,1741,RENFORTH DR,EGLINTON AVE W,,,,Intersection Related,Traffic Signal,Clear,"Dark, artificial",Dry,Non-Fatal Injury,Pedestrian Collisions,Pedestrian,25 to 29,Major,,,,,,,,,Normal,,,,Yes,,Yes,,,,,,,Yes,,,,11,Eringate-Centennial-West Deane,11,Eringate-Centennial-West Deane (11),D22,"{""coordinates"": [[-79.5876420000673, 43.6661059997811]], ""type"": ""MultiPoint""}",2023
18293,18294,3000165513.0,2023-01-22,108,DUFFERIN ST,AUBURN AV,100 m South ,Major Arterial,Scarborough,Non Intersection,No Control,Clear,"Dark, artificial",Dry,Non-Fatal Injury,Rear End,Driver,25 to 29,Major,,North,"Automobile, Station Wagon",Overtaking,Improper Passing,Other,,,,,,,,,Yes,,,,,Yes,,Yes,,,,92,Corso Italia-Davenport,92,Corso Italia-Davenport (92),D13,"{""coordinates"": [[-79.4418139997834, 43.6750400001335]], ""type"": ""MultiPoint""}",2023
18294,18295,3000165513.0,2023-01-22,108,DUFFERIN ST,AUBURN AV,100 m South ,Major Arterial,Scarborough,Non Intersection,No Control,Clear,"Dark, artificial",Dry,Non-Fatal Injury,Rear End,Passenger,35 to 39,Major,,,,,,,,,,,,,,,Yes,,,,,Yes,,Yes,,,,92,Corso Italia-Davenport,92,Corso Italia-Davenport (92),D13,"{""coordinates"": [[-79.4418139997834, 43.6750400001335]], ""type"": ""MultiPoint""}",2023
18295,18296,3000188867.0,2023-01-24,2359,THE WESTWAY,WINCOTT DR,,Minor Arterial,Etobicoke York,Non Intersection,No Control,Clear,"Dark, artificial",Dry,Fatal,Pedestrian Collisions,Driver,85 to 89,,,East,"Automobile, Station Wagon",Going Ahead,Driving Properly,Normal,,,,,,,Yes,,Yes,,,,,Yes,,,,,,7,Willowridge-Martingrove-Richview,7,Willowridge-Martingrove-Richview (7),D23,"{""coordinates"": [[-79.5496930000017, 43.6872969999175]], ""type"": ""MultiPoint""}",2023
18296,18297,3000188867.0,2023-01-24,2359,THE WESTWAY,WINCOTT DR,,Minor Arterial,Etobicoke York,Non Intersection,No Control,Clear,"Dark, artificial",Dry,Fatal,Pedestrian Collisions,Pedestrian,55 to 59,Fatal,4.0,South,,,,,Pedestrian hit at mid-block,"Crossing, no Traffic Control",Inattentive,,,,Yes,,Yes,,,,,Yes,,,,,,7,Willowridge-Martingrove-Richview,7,Willowridge-Martingrove-Richview (7),D23,"{""coordinates"": [[-79.5496930000017, 43.6872969999175]], ""type"": ""MultiPoint""}",2023
18297,18298,3000188867.0,2023-01-24,2359,THE WESTWAY,WINCOTT DR,,Minor Arterial,Etobicoke York,Non Intersection,No Control,Clear,"Dark, artificial",Dry,Fatal,Pedestrian Collisions,Passenger,80 to 84,,,,,,,,,,,,,,Yes,,Yes,,,,,Yes,,,,,,7,Willowridge-Martingrove-Richview,7,Willowridge-Martingrove-Richview (7),D23,"{""coordinates"": [[-79.5496930000017, 43.6872969999175]], ""type"": ""MultiPoint""}",2023
18298,18299,3000237551.0,2023-01-31,810,RENFORTH DR,SILVER DART DR,,Major Arterial,Etobicoke York,Intersection Related,Traffic Signal,Clear,Daylight,Dry,Non-Fatal Injury,Angle,Driver,25 to 29,Minimal,,West,"Automobile, Station Wagon",Going Ahead,Disobeyed Traffic Control,Normal,,,,,,,,,Yes,,,,,,,Yes,Yes,,,1,West Humber-Clairville,1,West Humber-Clairville (1),D23,"{""coordinates"": [[-79.5932039999473, 43.6764279998732]], ""type"": ""MultiPoint""}",2023
18299,18300,3000237551.0,2023-01-31,810,RENFORTH DR,SILVER DART DR,,Major Arterial,Etobicoke York,Intersection Related,Traffic Signal,Clear,Daylight,Dry,Non-Fatal Injury,Angle,Driver,70 to 74,Major,,North,Passenger Van,Going Ahead,Driving Properly,Normal,,,,,,,,,Yes,,,,,,,Yes,Yes,,,1,West Humber-Clairville,1,West Humber-Clairville (1),D23,"{""coordinates"": [[-79.5932039999473, 43.6764279998732]], ""type"": ""MultiPoint""}",2023
18300,18301,3000237620.0,2023-01-31,821,BLOOR ST E,Sherbourne St N,100 m West o,Major Arterial,Toronto and East York,Non Intersection,No Control,Clear,Daylight,Dry,Non-Fatal Injury,Cyclist Collisions,Cyclist,40 to 44,Major,,West,Bicycle,Changing Lanes,,,,,,,Speed too Fast For Condition,,,Yes,Yes,,Yes,,,,,Yes,,,,74,North St.James Town,74,North St.James Town (74),D51,"{""coordinates"": [[-79.3779249994551, 43.672063999581]], ""type"": ""MultiPoint""}",2023
18301,18302,3000237620.0,2023-01-31,821,BLOOR ST E,Sherbourne St N,100 m West o,Major Arterial,Toronto and East York,Non Intersection,No Control,Clear,Daylight,Dry,Non-Fatal Injury,Cyclist Collisions,Driver,55 to 59,,,West,"Automobile, Station Wagon",Going Ahead,Driving Properly,Normal,,,,,,,,Yes,Yes,,Yes,,,,,Yes,,,,74,North St.James Town,74,North St.James Town (74),D51,"{""coordinates"": [[-79.3779249994551, 43.672063999581]], ""type"": ""MultiPoint""}",2023
18302,18303,3000237620.0,2023-01-31,821,BLOOR ST E,Sherbourne St N,100 m West o,Major Arterial,Toronto and East York,Non Intersection,No Control,Clear,Daylight,Dry,Non-Fatal Injury,Cyclist Collisions,Truck Driver,unknown,,,West,Truck - Dump,Stopped,Disobeyed Traffic Control,Unknown,,,,,,,,Yes,Yes,,Yes,,,,,Yes,,,,74,North St.James Town,74,North St.James Town (74),D51,"{""coordinates"": [[-79.3779249994551, 43.672063999581]], ""type"": ""MultiPoint""}",2023
18303,18304,3000250618.0,2023-02-01,1736,QUEENS QUAY E,RICHARDSON ST,98 m East of,Minor Arterial,Toronto and East York,Intersection Related,No Control,Clear,"Dusk, artificial",Dry,Non-Fatal Injury,Pedestrian Collisions,Driver,unknown,,,West,"Automobile, Station Wagon",Going Ahead,Speed too Fast For Condition,Unknown,,,,,,,Yes,,Yes,,,,,,Yes,Yes,,,,166,St Lawrence-East Bayfront-The Islands,77,Waterfront Communities-The Island (77),D51,"{""coordinates"": [[-79.3677779994174, 43.6442709999673]], ""type"": ""MultiPoint""}",2023
18304,18305,3000250618.0,2023-02-01,1736,QUEENS QUAY E,RICHARDSON ST,98 m East of,Minor Arterial,Toronto and East York,Intersection Related,No Control,Clear,"Dusk, artificial",Dry,Non-Fatal Injury,Pedestrian Collisions,Pedestrian,55 to 59,Major,,North,"Automobile, Station Wagon",,,,Vehicle is going straight thru inter.while ped cross without ROW,Crossing without right of way,Normal,,,,Yes,,Yes,,,,,,Yes,Yes,,,,166,St Lawrence-East Bayfront-The Islands,77,Waterfront Communities-The Island (77),D51,"{""coordinates"": [[-79.3677779994174, 43.6442709999673]], ""type"": ""MultiPoint""}",2023
18305,18306,3000268080.0,2023-02-03,1835,DUBRAY AV,WILSON AV,,Major Arterial,North York,Intersection Related,Traffic Signal,Clear,"Dark, artificial",Dry,Non-Fatal Injury,Pedestrian Collisions,Driver,30 to 34,,,West,"Automobile, Station Wagon",Going Ahead,Driving Properly,Normal,,,,,,,Yes,,Yes,,,,,,,,,,,155,Downsview,26,Downsview-Roding-CFB (26),D31,"{""coordinates"": [[-79.4777099994236, 43.728075999922]], ""type"": ""MultiPoint""}",2023
18306,18307,3000268080.0,2023-02-03,1835,DUBRAY AV,WILSON AV,,Major Arterial,North York,Intersection Related,Traffic Signal,Clear,"Dark, artificial",Dry,Non-Fatal Injury,Pedestrian Collisions,Pedestrian,70 to 74,Major,,Unknown,"Automobile, Station Wagon",Unknown,,,Vehicle is going straight thru inter.while ped cross without ROW,Crossing without right of way,Normal,,,,Yes,,Yes,,,,,,,,,,,155,Downsview,26,Downsview-Roding-CFB (26),D31,"{""coordinates"": [[-79.4777099994236, 43.728075999922]], ""type"": ""MultiPoint""}",2023
18307,18308,3000276853.0,2023-02-04,2117,YONGE ST,MERTON ST,,Major Arterial,Etobicoke York,Non Intersection,No Control,Clear,Dark,Loose Snow,Fatal,Approaching,Driver,45 to 49,Fatal,5.0,South,"Automobile, Station Wagon",Going Ahead,Driving Properly,Unknown,,,,,,,,,Yes,,,,,,,,,,,99,Mount Pleasant East,99,Mount Pleasant East (99),D53,"{""coordinates"": [[-79.3959610004878, 43.6950789996208]], ""type"": ""MultiPoint""}",2023
18308,18309,3000276853.0,2023-02-04,2117,YONGE ST,MERTON ST,,Major Arterial,Etobicoke York,Non Intersection,No Control,Clear,Dark,Loose Snow,Fatal,Approaching,Driver,55 to 59,Minimal,,North,"Automobile, Station Wagon",Going Ahead,Lost control,Other,,,,,,,,,Yes,,,,,,,,,,,99,Mount Pleasant East,99,Mount Pleasant East (99),D53,"{""coordinates"": [[-79.3959610004878, 43.6950789996208]], ""type"": ""MultiPoint""}",2023
18309,18310,3000289640.0,2023-02-06,1415,JANE ST,ARDAGH ST,,Major Arterial,Toronto and East York,Intersection Related,Traffic Signal,Clear,Daylight,Dry,Non-Fatal Injury,Pedestrian Collisions,Driver,75 to 79,,,South,"Automobile, Station Wagon",Turning Left,Failed to Yield Right of Way,Unknown,,,,,,,Yes,,Yes,,,,,,,Yes,,,,114,Lambton Baby Point,114,Lambton Baby Point (114),D11,"{""coordinates"": [[-79.4870559999209, 43.6555699999312]], ""type"": ""MultiPoint""}",2023
18310,18311,3000289640.0,2023-02-06,1415,JANE ST,ARDAGH ST,,Major Arterial,Toronto and East York,Intersection Related,Traffic Signal,Clear,Daylight,Dry,Non-Fatal Injury,Pedestrian Collisions,Pedestrian,75 to 79,Major,,Unknown,"Automobile, Station Wagon",Unknown,,,Vehicle turns left while ped crosses with ROW at inter.,Crossing with right of way,Unknown,,,,Yes,,Yes,,,,,,,Yes,,,,114,Lambton Baby Point,114,Lambton Baby Point (114),D11,"{""coordinates"": [[-79.4870559999209, 43.6555699999312]], ""type"": ""MultiPoint""}",2023
18311,18312,3000293296.0,2023-02-06,2230,YONGE ST,AVONDALE AVE,FLORENCE AVE,Major Arterial,North York,Intersection Related,Traffic Signal,Clear,"Dark, artificial",Dry,Non-Fatal Injury,Pedestrian Collisions,Driver,35 to 39,,,South,"Automobile, Station Wagon",Going Ahead,Other,Normal,,,,,,,Yes,,Yes,,,,,,,,,,,153,Avondale,51,Willowdale East (51),D32,"{""coordinates"": [[-79.410106000081, 43.7581739998904]], ""type"": ""MultiPoint""}",2023