index,_id,ACCNUM,DATE,TIME,STREET1,STREET2,OFFSET,ROAD_CLASS,DISTRICT,ACCLOC,TRAFFCTL,VISIBILITY,LIGHT,RDSFCOND,ACCLASS,IMPACTYPE,INVTYPE,INVAGE,INJURY,FATAL_NO,INITDIR,VEHTYPE,MANOEUVER,DRIVACT,DRIVCOND,PEDTYPE,PEDACT,PEDCOND,CYCLISTYPE,CYCACT,CYCCOND,PEDESTRIAN,CYCLIST,AUTOMOBILE,MOTORCYCLE,TRUCK,TRSN_CITY_VEH,EMERG_VEH,PASSENGER,SPEEDING,AG_DRIV,REDLIGHT,ALCOHOL,DISABILITY,HOOD_158,NEIGHBOURHOOD_158,HOOD_140,NEIGHBOURHOOD_140,DIVISION,geometry,ACCIDENT_YEAR
18312,18313,3000293296.0,2023-02-06,2230,YONGE ST,AVONDALE AVE,FLORENCE AVE,Major Arterial,North York,Intersection Related,Traffic Signal,Clear,"Dark, artificial",Dry,Non-Fatal Injury,Pedestrian Collisions,Pedestrian,70 to 74,Major,,East,"Automobile, Station Wagon",Unknown,,,Vehicle is going straight thru inter.while ped cross with ROW,Crossing with right of way,Normal,,,,Yes,,Yes,,,,,,,,,,,153,Avondale,51,Willowdale East (51),D32,"{""coordinates"": [[-79.410106000081, 43.7581739998904]], ""type"": ""MultiPoint""}",2023
18313,18314,3000302593.0,2023-02-08,204,BURNHAMTHORPE RD,MILL ST,150 m West o,,,Non Intersection,No Control,Clear,"Dark, artificial",Wet,Non-Fatal Injury,Pedestrian Collisions,Driver,30 to 34,,,East,"Automobile, Station Wagon",Going Ahead,Other,Normal,,,,,,,Yes,,Yes,,,,,,,,,,,11,Eringate-Centennial-West Deane,11,Eringate-Centennial-West Deane (11),D22,"{""coordinates"": [[-79.5854599999814, 43.6381289996625]], ""type"": ""MultiPoint""}",2023
18314,18315,3000302593.0,2023-02-08,204,BURNHAMTHORPE RD,MILL ST,150 m West o,,,Non Intersection,No Control,Clear,"Dark, artificial",Wet,Non-Fatal Injury,Pedestrian Collisions,Pedestrian,25 to 29,Major,,,,,,,,,Other,,,,Yes,,Yes,,,,,,,,,,,11,Eringate-Centennial-West Deane,11,Eringate-Centennial-West Deane (11),D22,"{""coordinates"": [[-79.5854599999814, 43.6381289996625]], ""type"": ""MultiPoint""}",2023
18315,18316,3000318941.0,2023-02-10,34,VIEWMOUNT AVE,WILLIAM R ALLEN RD S,60 m North o,Expressway,North York,Non Intersection,No Control,Clear,"Dark, artificial",Wet,Non-Fatal Injury,Pedestrian Collisions,Driver,30 to 34,,,South,"Automobile, Station Wagon",Going Ahead,Driving Properly,Normal,,,,,,,Yes,,Yes,,,,,,,,,,,31,Yorkdale-Glen Park,31,Yorkdale-Glen Park (31),D13,"{""coordinates"": [[-79.4405630001569, 43.7080830004466]], ""type"": ""MultiPoint""}",2023
18316,18317,3000318941.0,2023-02-10,34,VIEWMOUNT AVE,WILLIAM R ALLEN RD S,60 m North o,Expressway,North York,Non Intersection,No Control,Clear,"Dark, artificial",Wet,Non-Fatal Injury,Pedestrian Collisions,Pedestrian,35 to 39,Major,,Unknown,"Automobile, Station Wagon",Unknown,,,Other / Undefined,Crossing without right of way,Unknown,,,,Yes,,Yes,,,,,,,,,,,31,Yorkdale-Glen Park,31,Yorkdale-Glen Park (31),D13,"{""coordinates"": [[-79.4405630001569, 43.7080830004466]], ""type"": ""MultiPoint""}",2023
18317,18318,3000348503.0,2023-02-13,1633,RECTORY RD,WESTON RD,2 m East of,Minor Arterial,Toronto and East York,Intersection Related,No Control,Clear,Daylight,Dry,Non-Fatal Injury,Pedestrian Collisions,Driver,25 to 29,,,West,Pick Up Truck,Turning Right,Failed to Yield Right of Way,Other,,,,,,,Yes,,Yes,,,,,,,Yes,,,,113,Weston,113,Weston (113),D12,"{""coordinates"": [[-79.5311919996441, 43.7059660002356]], ""type"": ""MultiPoint""}",2023
18318,18319,3000348503.0,2023-02-13,1633,RECTORY RD,WESTON RD,2 m East of,Minor Arterial,Toronto and East York,Intersection Related,No Control,Clear,Daylight,Dry,Non-Fatal Injury,Pedestrian Collisions,Pedestrian,25 to 29,Major,,,,,,,,Crossing with right of way,Normal,,,,Yes,,Yes,,,,,,,Yes,,,,113,Weston,113,Weston (113),D12,"{""coordinates"": [[-79.5311919996441, 43.7059660002356]], ""type"": ""MultiPoint""}",2023
18319,18320,3000348503.0,2023-02-13,1633,RECTORY RD,WESTON RD,2 m East of,Minor Arterial,Toronto and East York,Intersection Related,No Control,Clear,Daylight,Dry,Non-Fatal Injury,Pedestrian Collisions,Pedestrian,0 to 4,Minor,,,,,,,,Crossing with right of way,Normal,,,,Yes,,Yes,,,,,,,Yes,,,,113,Weston,113,Weston (113),D12,"{""coordinates"": [[-79.5311919996441, 43.7059660002356]], ""type"": ""MultiPoint""}",2023
18320,18321,3000375558.0,2023-02-17,30,SPADINA AV,DUNDAS ST W,,Major Arterial,Toronto and East York,Intersection Related,Traffic Signal,Rain,"Dusk, artificial",Wet,Non-Fatal Injury,Pedestrian Collisions,Driver,20 to 24,,,West,"Automobile, Station Wagon",Turning Left,Failed to Yield Right of Way,Normal,,,,,,,Yes,,Yes,,,,,Yes,,Yes,,,,78,Kensington-Chinatown,78,Kensington-Chinatown (78),D52,"{""coordinates"": [[-79.3980210001638, 43.6529529997514]], ""type"": ""MultiPoint""}",2023
18321,18322,3000375558.0,2023-02-17,30,SPADINA AV,DUNDAS ST W,,Major Arterial,Toronto and East York,Intersection Related,Traffic Signal,Rain,"Dusk, artificial",Wet,Non-Fatal Injury,Pedestrian Collisions,Passenger,20 to 24,,,,,,,,,,,,,,Yes,,Yes,,,,,Yes,,Yes,,,,78,Kensington-Chinatown,78,Kensington-Chinatown (78),D52,"{""coordinates"": [[-79.3980210001638, 43.6529529997514]], ""type"": ""MultiPoint""}",2023
18322,18323,3000375558.0,2023-02-17,30,SPADINA AV,DUNDAS ST W,,Major Arterial,Toronto and East York,Intersection Related,Traffic Signal,Rain,"Dusk, artificial",Wet,Non-Fatal Injury,Pedestrian Collisions,Pedestrian,20 to 24,Minor,,North,"Automobile, Station Wagon",Unknown,,,Vehicle turns left while ped crosses with ROW at inter.,Crossing with right of way,Unknown,,,,Yes,,Yes,,,,,Yes,,Yes,,,,78,Kensington-Chinatown,78,Kensington-Chinatown (78),D52,"{""coordinates"": [[-79.3980210001638, 43.6529529997514]], ""type"": ""MultiPoint""}",2023
18323,18324,3000375558.0,2023-02-17,30,SPADINA AV,DUNDAS ST W,,Major Arterial,Toronto and East York,Intersection Related,Traffic Signal,Rain,"Dusk, artificial",Wet,Non-Fatal Injury,Pedestrian Collisions,Pedestrian,20 to 24,Major,,North,"Automobile, Station Wagon",Unknown,,,Vehicle turns left while ped crosses with ROW at inter.,Crossing with right of way,Unknown,,,,Yes,,Yes,,,,,Yes,,Yes,,,,78,Kensington-Chinatown,78,Kensington-Chinatown (78),D52,"{""coordinates"": [[-79.3980210001638, 43.6529529997514]], ""type"": ""MultiPoint""}",2023
18324,18325,3000375758.0,2023-02-17,136,WILSON AVE,DUFFERIN ST,,Major Arterial,North York,Intersection Related,Traffic Signal,Rain,"Dark, artificial",Wet,Non-Fatal Injury,Pedestrian Collisions,Pedestrian,15 to 19,Major,,,,,,,Vehicle turns left while ped crosses with ROW at inter.,Crossing with right of way,Normal,,,,Yes,,,,,,,,,,,,,33,Clanton Park,26,Downsview-Roding-CFB (26),D32,"{""coordinates"": [[-79.4588809995655, 43.7320960003924]], ""type"": ""MultiPoint""}",2023
18325,18326,3000457330.0,2023-02-27,1723,RICHMOND ST W,PORTLAND ST,2 m West of,Major Arterial,Toronto and East York,Intersection Related,Traffic Signal,Snow,"Dusk, artificial",Loose Snow,Non-Fatal Injury,Pedestrian Collisions,Driver,20 to 24,,,West,"Automobile, Station Wagon",Turning Left,Improper Turn,,,,,,,,Yes,,Yes,,,,,,,,,,,164,Wellington Place,77,Waterfront Communities-The Island (77),D14,"{""coordinates"": [[-79.4011340000653, 43.6468989996538]], ""type"": ""MultiPoint""}",2023
18326,18327,3000457330.0,2023-02-27,1723,RICHMOND ST W,PORTLAND ST,2 m West of,Major Arterial,Toronto and East York,Intersection Related,Traffic Signal,Snow,"Dusk, artificial",Loose Snow,Non-Fatal Injury,Pedestrian Collisions,Driver,35 to 39,,,West,"Automobile, Station Wagon",Going Ahead,Driving Properly,Normal,,,,,,,Yes,,Yes,,,,,,,,,,,164,Wellington Place,77,Waterfront Communities-The Island (77),D14,"{""coordinates"": [[-79.4011340000653, 43.6468989996538]], ""type"": ""MultiPoint""}",2023
18327,18328,3000457330.0,2023-02-27,1723,RICHMOND ST W,PORTLAND ST,2 m West of,Major Arterial,Toronto and East York,Intersection Related,Traffic Signal,Snow,"Dusk, artificial",Loose Snow,Non-Fatal Injury,Pedestrian Collisions,Pedestrian,45 to 49,Major,,Unknown,"Automobile, Station Wagon",Unknown,,,Pedestrian hit on sidewalk or shoulder,On Sidewalk or Shoulder,Unknown,,,,Yes,,Yes,,,,,,,,,,,164,Wellington Place,77,Waterfront Communities-The Island (77),D14,"{""coordinates"": [[-79.4011340000653, 43.6468989996538]], ""type"": ""MultiPoint""}",2023
18328,18329,3000472403.0,2023-03-01,1515,TOWER DR,WARDEN AVE,,Major Arterial,Scarborough,Intersection Related,Traffic Signal,Clear,Daylight,Dry,Non-Fatal Injury,Pedestrian Collisions,Driver,65 to 69,,,West,"Automobile, Station Wagon",Turning Left,Failed to Yield Right of Way,Normal,,,,,,,Yes,,Yes,,,,,,,Yes,,,,119,Wexford/Maryvale,119,Wexford/Maryvale (119),D41,"{""coordinates"": [[-79.2983510000114, 43.7543399996809]], ""type"": ""MultiPoint""}",2023
18329,18330,3000472403.0,2023-03-01,1515,TOWER DR,WARDEN AVE,,Major Arterial,Scarborough,Intersection Related,Traffic Signal,Clear,Daylight,Dry,Non-Fatal Injury,Pedestrian Collisions,Pedestrian,45 to 49,Major,,West,"Automobile, Station Wagon",Other,,,Vehicle turns left while ped crosses with ROW at inter.,Crossing with right of way,Normal,,,,Yes,,Yes,,,,,,,Yes,,,,119,Wexford/Maryvale,119,Wexford/Maryvale (119),D41,"{""coordinates"": [[-79.2983510000114, 43.7543399996809]], ""type"": ""MultiPoint""}",2023
18330,18331,3000481546.0,2023-03-02,1731,QUEEN'S PLATE DR,REXDALE BV,,Major Arterial,Etobicoke York,Intersection Related,Traffic Signal,Clear,Dusk,Other,Non-Fatal Injury,Pedestrian Collisions,Driver,25 to 29,,,South,"Automobile, Station Wagon",Turning Right,Failed to Yield Right of Way,Normal,,,,,,,Yes,,Yes,,,,,,,Yes,,,,1,West Humber-Clairville,1,West Humber-Clairville (1),D23,"{""coordinates"": [[-79.5926540003324, 43.7165169996142]], ""type"": ""MultiPoint""}",2023
18331,18332,3000481546.0,2023-03-02,1731,QUEEN'S PLATE DR,REXDALE BV,,Major Arterial,Etobicoke York,Intersection Related,Traffic Signal,Clear,Dusk,Other,Non-Fatal Injury,Pedestrian Collisions,Pedestrian,55 to 59,Major,,North,"Automobile, Station Wagon",Unknown,,,Vehicle turns right while ped crosses with ROW at inter.,Crossing with right of way,Unknown,,,,Yes,,Yes,,,,,,,Yes,,,,1,West Humber-Clairville,1,West Humber-Clairville (1),D23,"{""coordinates"": [[-79.5926540003324, 43.7165169996142]], ""type"": ""MultiPoint""}",2023
18332,18333,3000499467.0,2023-03-04,2230,JANE ST,WESTON RD,,Major Arterial ,Toronto and East York,Intersection Related,Traffic Signal,Clear,"Dark, artificial",Wet,Non-Fatal Injury,Pedestrian Collisions,Pedestrian,45 to 49,Major,,,,,,,Vehicle is going straight thru inter.while ped cross without ROW,Crossing without right of way,Had Been Drinking,,,,Yes,,,,,,,,,,,,,115,Mount Dennis,115,Mount Dennis (115),D12,"{""coordinates"": [[-79.5008650005776, 43.6913099996959]], ""type"": ""MultiPoint""}",2023
18333,18334,3000539041.0,2023-03-09,2115,RUNNYMEDE RD,DUNDAS ST W,2 m East of,Major Arterial,Toronto and East York,Intersection Related,Traffic Signal,Clear,"Dark, artificial",Dry,Non-Fatal Injury,Pedestrian Collisions,Driver,unknown,,,East,"Automobile, Station Wagon",Turning Left,,Unknown,,,,,,,Yes,,Yes,,,,,,,,,,,90,Junction Area,90,Junction Area (90),D11,"{""coordinates"": [[-79.4820819997308, 43.6655909999748]], ""type"": ""MultiPoint""}",2023
18334,18335,3000539041.0,2023-03-09,2115,RUNNYMEDE RD,DUNDAS ST W,2 m East of,Major Arterial,Toronto and East York,Intersection Related,Traffic Signal,Clear,"Dark, artificial",Dry,Non-Fatal Injury,Pedestrian Collisions,Pedestrian,30 to 34,Major,,Unknown,"Automobile, Station Wagon",Unknown,,,Vehicle turns left while ped crosses with ROW at inter.,Crossing with right of way,Unknown,,,,Yes,,Yes,,,,,,,,,,,90,Junction Area,90,Junction Area (90),D11,"{""coordinates"": [[-79.4820819997308, 43.6655909999748]], ""type"": ""MultiPoint""}",2023
18335,18336,3000572571.0,2023-03-14,1234,BATHURST ST,NASSAU ST,5 m North of,Major Arterial,Toronto and East York,Intersection Related,Traffic Signal,Clear,Daylight,Dry,Non-Fatal Injury,SMV Other,Driver,50 to 54,,,North,Street Car,Slowing or Stopping,Driving Properly,Normal,,,,,,,,,,,,Yes,,Yes,,,,,,78,Kensington-Chinatown,78,Kensington-Chinatown (78),D14,"{""coordinates"": [[-79.4068020000081, 43.6542919996671]], ""type"": ""MultiPoint""}",2023
18336,18337,3000572571.0,2023-03-14,1234,BATHURST ST,NASSAU ST,5 m North of,Major Arterial,Toronto and East York,Intersection Related,Traffic Signal,Clear,Daylight,Dry,Non-Fatal Injury,SMV Other,Passenger,40 to 44,Major,,,,,,,,,,,,,,,,,,Yes,,Yes,,,,,,78,Kensington-Chinatown,78,Kensington-Chinatown (78),D14,"{""coordinates"": [[-79.4068020000081, 43.6542919996671]], ""type"": ""MultiPoint""}",2023
18337,18338,3000606776.0,2023-03-18,1830,BATHURST ST,DREWRY AVE,41 m East of,Major Arterial,North York,Intersection Related,Traffic Signal,Clear,Daylight,Dry,Non-Fatal Injury,Pedestrian Collisions,Driver,25 to 29,,,West,"Automobile, Station Wagon",Going Ahead,Driving Properly,Unknown,,,,,,,Yes,,Yes,,,,,,,,,,,36,Newtonbrook West,36,Newtonbrook West (36),D32,"{""coordinates"": [[-79.4443160004406, 43.7811609999915]], ""type"": ""MultiPoint""}",2023
18338,18339,3000606776.0,2023-03-18,1830,BATHURST ST,DREWRY AVE,41 m East of,Major Arterial,North York,Intersection Related,Traffic Signal,Clear,Daylight,Dry,Non-Fatal Injury,Pedestrian Collisions,Pedestrian,85 to 89,Major,,,,,,,,Crossing with right of way,Normal,,,,Yes,,Yes,,,,,,,,,,,36,Newtonbrook West,36,Newtonbrook West (36),D32,"{""coordinates"": [[-79.4443160004406, 43.7811609999915]], ""type"": ""MultiPoint""}",2023
18339,18340,3000609959.0,2023-03-19,435,DUNDAS ST W,NOTTINGHAM DR,,Major Arterial,Etobicoke York,Non Intersection,No Control,Clear,"Dark, artificial",Ice,Fatal,SMV Other,Driver,35 to 39,Fatal,6.0,West,"Automobile, Station Wagon",Going Ahead,Lost control,,,,,,,,,,Yes,,,,,,,,,,,15,Kingsway South,15,Kingsway South (15),D22,"{""coordinates"": [[-79.5223420000003, 43.655738000082]], ""type"": ""MultiPoint""}",2023
18340,18341,3000655372.0,2023-03-24,2005,DUFFERIN ST,NORTON AVE,,Major Arterial,Toronto and East York,Intersection Related,No Control,Clear,"Dark, artificial",Dry,Non-Fatal Injury,Turning Movement,Driver,20 to 24,Major,,South,Rickshaw,Going Ahead,Speed too Fast For Condition,Other,,,,,,,,,Yes,,,,,Yes,Yes,Yes,,,,92,Corso Italia-Davenport,92,Corso Italia-Davenport (92),D13,"{""coordinates"": [[-79.4433469995233, 43.6787550001696]], ""type"": ""MultiPoint""}",2023
18341,18342,3000655372.0,2023-03-24,2005,DUFFERIN ST,NORTON AVE,,Major Arterial,Toronto and East York,Intersection Related,No Control,Clear,"Dark, artificial",Dry,Non-Fatal Injury,Turning Movement,Driver,50 to 54,,,South,"Automobile, Station Wagon",Turning Right,Driving Properly,Normal,,,,,,,,,Yes,,,,,Yes,Yes,Yes,,,,92,Corso Italia-Davenport,92,Corso Italia-Davenport (92),D13,"{""coordinates"": [[-79.4433469995233, 43.6787550001696]], ""type"": ""MultiPoint""}",2023
18342,18343,3000655372.0,2023-03-24,2005,DUFFERIN ST,NORTON AVE,,Major Arterial,Toronto and East York,Intersection Related,No Control,Clear,"Dark, artificial",Dry,Non-Fatal Injury,Turning Movement,Passenger,20 to 24,,,,,,,,,,,,,,,,Yes,,,,,Yes,Yes,Yes,,,,92,Corso Italia-Davenport,92,Corso Italia-Davenport (92),D13,"{""coordinates"": [[-79.4433469995233, 43.6787550001696]], ""type"": ""MultiPoint""}",2023
18343,18344,3000655372.0,2023-03-24,2005,DUFFERIN ST,NORTON AVE,,Major Arterial,Toronto and East York,Intersection Related,No Control,Clear,"Dark, artificial",Dry,Non-Fatal Injury,Turning Movement,Passenger,20 to 24,,,,,,,,,,,,,,,,Yes,,,,,Yes,Yes,Yes,,,,92,Corso Italia-Davenport,92,Corso Italia-Davenport (92),D13,"{""coordinates"": [[-79.4433469995233, 43.6787550001696]], ""type"": ""MultiPoint""}",2023
18344,18345,3000686439.0,2023-03-28,2050,YONGE ST,BOWOOD AV,9 m North of,Major Arterial,Toronto and East York,Non Intersection,No Control,Clear,"Dark, artificial",Dry,Non-Fatal Injury,Pedestrian Collisions,Driver,60 to 64,,,North,"Automobile, Station Wagon",Going Ahead,Driving Properly,Normal,,,,,,,Yes,,Yes,,,,,,,,,,,105,Lawrence Park North,105,Lawrence Park North (105),D32,"{""coordinates"": [[-79.4031169998679, 43.7285869999502]], ""type"": ""MultiPoint""}",2023
18345,18346,3000686439.0,2023-03-28,2050,YONGE ST,BOWOOD AV,9 m North of,Major Arterial,Toronto and East York,Non Intersection,No Control,Clear,"Dark, artificial",Dry,Non-Fatal Injury,Pedestrian Collisions,Pedestrian,60 to 64,Major,,,,,,,Vehicle hits the pedestrian walking or running out from between parked vehicles at mid-block,,Unknown,,,,Yes,,Yes,,,,,,,,,,,105,Lawrence Park North,105,Lawrence Park North (105),D32,"{""coordinates"": [[-79.4031169998679, 43.7285869999502]], ""type"": ""MultiPoint""}",2023
18346,18347,3000693299.0,2023-03-29,1715,DON MILLS RD,OVERLEA BV,,Minor Arterial,Toronto and East York,Intersection Related,Traffic Signal,Clear,Daylight,Dry,Non-Fatal Injury,Pedestrian Collisions,Driver,30 to 34,,,South,"Automobile, Station Wagon",Turning Left,,Unknown,,,,,,,Yes,,Yes,,,,,Yes,,,,,,44,Flemingdon Park,44,Flemingdon Park (44),D55,"{""coordinates"": [[-79.3343689995885, 43.7100020000826]], ""type"": ""MultiPoint""}",2023
18347,18348,3000693299.0,2023-03-29,1715,DON MILLS RD,OVERLEA BV,,Minor Arterial,Toronto and East York,Intersection Related,Traffic Signal,Clear,Daylight,Dry,Non-Fatal Injury,Pedestrian Collisions,Pedestrian,40 to 44,Major,,,,,,,Vehicle turns left while ped crosses with ROW at inter.,Crossing with right of way,Normal,,,,Yes,,Yes,,,,,Yes,,,,,,44,Flemingdon Park,44,Flemingdon Park (44),D55,"{""coordinates"": [[-79.3343689995885, 43.7100020000826]], ""type"": ""MultiPoint""}",2023
18348,18349,3000693299.0,2023-03-29,1715,DON MILLS RD,OVERLEA BV,,Minor Arterial,Toronto and East York,Intersection Related,Traffic Signal,Clear,Daylight,Dry,Non-Fatal Injury,Pedestrian Collisions,Passenger,0 to 4,,,,,,,,,,,,,,Yes,,Yes,,,,,Yes,,,,,,44,Flemingdon Park,44,Flemingdon Park (44),D55,"{""coordinates"": [[-79.3343689995885, 43.7100020000826]], ""type"": ""MultiPoint""}",2023
18349,18350,3000694442.0,2023-03-29,1945,WARDEN AVE,BELL ESTATE RD,,Minor Arterial,Scarborough,Intersection Related,Stop Sign,Clear,"Dusk, artificial",Dry,Non-Fatal Injury,Turning Movement,Driver,20 to 24,Minimal,,West,"Automobile, Station Wagon",Turning Left,Failed to Yield Right of Way,Other,,,,,,,,,Yes,,,,,,,Yes,,,,120,Clairlea-Birchmount,120,Clairlea-Birchmount (120),D41,"{""coordinates"": [[-79.2780340002713, 43.7049969998024]], ""type"": ""MultiPoint""}",2023
18350,18351,3000694442.0,2023-03-29,1945,WARDEN AVE,BELL ESTATE RD,,Minor Arterial,Scarborough,Intersection Related,Stop Sign,Clear,"Dusk, artificial",Dry,Non-Fatal Injury,Turning Movement,Driver,60 to 64,Major,,North,"Automobile, Station Wagon",Going Ahead,Driving Properly,Normal,,,,,,,,,Yes,,,,,,,Yes,,,,120,Clairlea-Birchmount,120,Clairlea-Birchmount (120),D41,"{""coordinates"": [[-79.2780340002713, 43.7049969998024]], ""type"": ""MultiPoint""}",2023
18351,18352,3000700132.0,2023-03-30,1400,LAWRENCE AV E,BELLAMY RD N,,Major Arterial,Scarborough,Intersection Related,Traffic Signal,Clear,Daylight,Dry,Non-Fatal Injury,Turning Movement,Passenger,75 to 79,,,,,,,,,,,,,,,,Yes,,,,,Yes,,Yes,Yes,,,141,Golfdale-Cedarbrae-Woburn,137,Woburn (137),D43,"{""coordinates"": [[-79.2352330002678, 43.7577270003929]], ""type"": ""MultiPoint""}",2023
18352,18353,3000700132.0,2023-03-30,1400,LAWRENCE AV E,BELLAMY RD N,,Major Arterial,Scarborough,Intersection Related,Traffic Signal,Clear,Daylight,Dry,Non-Fatal Injury,Turning Movement,Driver,65 to 69,,,North,"Automobile, Station Wagon",Turning Right,Driving Properly,Normal,,,,,,,,,Yes,,,,,Yes,,Yes,Yes,,,141,Golfdale-Cedarbrae-Woburn,137,Woburn (137),D43,"{""coordinates"": [[-79.2352330002678, 43.7577270003929]], ""type"": ""MultiPoint""}",2023
18353,18354,3000700132.0,2023-03-30,1400,LAWRENCE AV E,BELLAMY RD N,,Major Arterial,Scarborough,Intersection Related,Traffic Signal,Clear,Daylight,Dry,Non-Fatal Injury,Turning Movement,Driver,15 to 19,Major,,East,Rickshaw,Going Ahead,Disobeyed Traffic Control,Normal,,,,,,,,,Yes,,,,,Yes,,Yes,Yes,,,141,Golfdale-Cedarbrae-Woburn,137,Woburn (137),D43,"{""coordinates"": [[-79.2352330002678, 43.7577270003929]], ""type"": ""MultiPoint""}",2023
18354,18355,3000702981.0,2023-03-30,1949,LAKE SHORE BLVD W,SUPERIOR AVE,,Major Arterial,Etobicoke York,At Intersection,Traffic Signal,Clear,Dusk,Dry,Non-Fatal Injury,Cyclist Collisions,Driver,50 to 54,,,West,Pick Up Truck,Turning Left,Failed to Yield Right of Way,Other,,,,,,,,Yes,Yes,,,,,,,Yes,,,,161,Humber Bay Shores,17,Mimico (includes Humber Bay Shores) (17),D22,"{""coordinates"": [[-79.488635000082, 43.614958000338]], ""type"": ""MultiPoint""}",2023
18355,18356,3000702981.0,2023-03-30,1949,LAKE SHORE BLVD W,SUPERIOR AVE,,Major Arterial,Etobicoke York,At Intersection,Traffic Signal,Clear,Dusk,Dry,Non-Fatal Injury,Cyclist Collisions,Cyclist,35 to 39,Major,,East,Bicycle,Going Ahead,,,,,,Motorist turned left across cyclists path.,Driving Properly,Normal,,Yes,Yes,,,,,,,Yes,,,,161,Humber Bay Shores,17,Mimico (includes Humber Bay Shores) (17),D22,"{""coordinates"": [[-79.488635000082, 43.614958000338]], ""type"": ""MultiPoint""}",2023
18356,18357,3000715851.0,2023-04-01,1105,LAWRENCE AV E,MOSSBANK DR,2 m North of,Major Arterial,Scarborough,Intersection Related,Traffic Signal,Clear,Daylight,Dry,Non-Fatal Injury,Pedestrian Collisions,Driver,65 to 69,,,South,"Automobile, Station Wagon",Turning Left,Failed to Yield Right of Way,Other,,,,,,,Yes,,Yes,,,,,Yes,,Yes,,,,141,Golfdale-Cedarbrae-Woburn,137,Woburn (137),D43,"{""coordinates"": [[-79.21101699946, 43.7628699995463]], ""type"": ""MultiPoint""}",2023
18357,18358,3000715851.0,2023-04-01,1105,LAWRENCE AV E,MOSSBANK DR,2 m North of,Major Arterial,Scarborough,Intersection Related,Traffic Signal,Clear,Daylight,Dry,Non-Fatal Injury,Pedestrian Collisions,Passenger,0 to 4,,,,,,,,,,,,,,Yes,,Yes,,,,,Yes,,Yes,,,,141,Golfdale-Cedarbrae-Woburn,137,Woburn (137),D43,"{""coordinates"": [[-79.21101699946, 43.7628699995463]], ""type"": ""MultiPoint""}",2023
18358,18359,3000715851.0,2023-04-01,1105,LAWRENCE AV E,MOSSBANK DR,2 m North of,Major Arterial,Scarborough,Intersection Related,Traffic Signal,Clear,Daylight,Dry,Non-Fatal Injury,Pedestrian Collisions,Pedestrian,60 to 64,Major,,,,,,,Vehicle turns left while ped crosses with ROW at inter.,Crossing with right of way,Normal,,,,Yes,,Yes,,,,,Yes,,Yes,,,,141,Golfdale-Cedarbrae-Woburn,137,Woburn (137),D43,"{""coordinates"": [[-79.21101699946, 43.7628699995463]], ""type"": ""MultiPoint""}",2023
18359,18360,3000743879.0,2023-04-04,2010,YONGE ST,GLEBE RD W,5 m North of,Major Arterial ,Toronto and East York,Intersection Related,Stop Sign,Clear,"Dark, artificial",Dry,Non-Fatal Injury,Turning Movement,Driver,15 to 19,,,East,"Automobile, Station Wagon",Turning Left,Failed to Yield Right of Way,Normal,,,,,,,,,Yes,Yes,,,,,Yes,Yes,,,,174,South Eglinton-Davisville,104,Mount Pleasant West (104),D53,"{""coordinates"": [[-79.3971209998328, 43.7008580000156]], ""type"": ""MultiPoint""}",2023
18360,18361,3000743879.0,2023-04-04,2010,YONGE ST,GLEBE RD W,5 m North of,Major Arterial ,Toronto and East York,Intersection Related,Stop Sign,Clear,"Dark, artificial",Dry,Non-Fatal Injury,Turning Movement,Motorcycle Driver,20 to 24,Major,,South,Motorcycle,Going Ahead,Exceeding Speed Limit,Normal,,,,,,,,,Yes,Yes,,,,,Yes,Yes,,,,174,South Eglinton-Davisville,104,Mount Pleasant West (104),D53,"{""coordinates"": [[-79.3971209998328, 43.7008580000156]], ""type"": ""MultiPoint""}",2023
18361,18362,3000772392.0,2023-04-08,1319,DUNDAS ST W,DUFFERIN ST,70 m West of,Major Arterial,Toronto and East York,Non Intersection,No Control,Clear,Daylight,Dry,Non-Fatal Injury,Other,Driver,30 to 34,,,East,"Automobile, Station Wagon",Stopped,Failed to Yield Right of Way,Other,,,,,,,,Yes,Yes,,,Yes,,,,Yes,,,,84,Little Portugal,84,Little Portugal (84),D11,"{""coordinates"": [[-79.4322540000031, 43.6496230001126]], ""type"": ""MultiPoint""}",2023
18362,18363,3000772392.0,2023-04-08,1319,DUNDAS ST W,DUFFERIN ST,70 m West of,Major Arterial,Toronto and East York,Non Intersection,No Control,Clear,Daylight,Dry,Non-Fatal Injury,Other,Driver,60 to 64,,,East,Street Car,Going Ahead,Driving Properly,Normal,,,,,,,,Yes,Yes,,,Yes,,,,Yes,,,,84,Little Portugal,84,Little Portugal (84),D11,"{""coordinates"": [[-79.4322540000031, 43.6496230001126]], ""type"": ""MultiPoint""}",2023
18363,18364,3000772392.0,2023-04-08,1319,DUNDAS ST W,DUFFERIN ST,70 m West of,Major Arterial,Toronto and East York,Non Intersection,No Control,Clear,Daylight,Dry,Non-Fatal Injury,Other,Cyclist,35 to 39,Major,,East,Bicycle,Going Ahead,,,,,,Cyclist struck opened vehicle door,Driving Properly,Normal,,Yes,Yes,,,Yes,,,,Yes,,,,84,Little Portugal,84,Little Portugal (84),D11,"{""coordinates"": [[-79.4322540000031, 43.6496230001126]], ""type"": ""MultiPoint""}",2023