index,_id,ACCNUM,DATE,TIME,STREET1,STREET2,OFFSET,ROAD_CLASS,DISTRICT,ACCLOC,TRAFFCTL,VISIBILITY,LIGHT,RDSFCOND,ACCLASS,IMPACTYPE,INVTYPE,INVAGE,INJURY,FATAL_NO,INITDIR,VEHTYPE,MANOEUVER,DRIVACT,DRIVCOND,PEDTYPE,PEDACT,PEDCOND,CYCLISTYPE,CYCACT,CYCCOND,PEDESTRIAN,CYCLIST,AUTOMOBILE,MOTORCYCLE,TRUCK,TRSN_CITY_VEH,EMERG_VEH,PASSENGER,SPEEDING,AG_DRIV,REDLIGHT,ALCOHOL,DISABILITY,HOOD_158,NEIGHBOURHOOD_158,HOOD_140,NEIGHBOURHOOD_140,DIVISION,geometry,ACCIDENT_YEAR
18364,18365,3000790865.0,2023-04-10,2120,VICTORIA PARK AV,VAN HORNE AV,36 m North o,Major Arterial,North York,Intersection Related,Traffic Signal,Clear,Daylight,Dry,Non-Fatal Injury,SMV Other,Motorcycle Driver,20 to 24,Major,,South,Motorcycle,Pulling Onto Shoulder or towardCurb,Lost control,Normal,,,,,,,,,,Yes,,,,,,Yes,,,,46,Pleasant View,46,Pleasant View (46),D33,"{""coordinates"": [[-79.3295930000148, 43.7892519995637]], ""type"": ""MultiPoint""}",2023
18365,18366,3000810912.0,2023-04-13,600,84 BARRINGTON AVE,,,Local,Toronto and East York,Non Intersection,No Control,Clear,Daylight,Dry,Fatal,Pedestrian Collisions,Driver,70 to 74,,,East,"Automobile, Station Wagon",Going Ahead,Lost control,Fatigue,,,,,,,Yes,,Yes,,,,,,,,,,,61,Taylor-Massey,61,Taylor-Massey (61),D55,"{""coordinates"": [[-79.3018070001187, 43.6912870002338]], ""type"": ""MultiPoint""}",2023
18366,18367,3000810912.0,2023-04-13,600,84 BARRINGTON AVE,,,Local,Toronto and East York,Non Intersection,No Control,Clear,Daylight,Dry,Fatal,Pedestrian Collisions,Pedestrian,60 to 64,Fatal,7.0,West,,,,,Other / Undefined,Coming From Behind Parked Vehicle,Normal,,,,Yes,,Yes,,,,,,,,,,,61,Taylor-Massey,61,Taylor-Massey (61),D55,"{""coordinates"": [[-79.3018070001187, 43.6912870002338]], ""type"": ""MultiPoint""}",2023
18367,18368,3000818825.0,2023-04-13,2206,569 BROADVIEW AVE,MILLBROOK CR,10 m South o,Minor Arterial,Toronto and East York,Intersection Related,Traffic Signal,Clear,"Dark, artificial",Dry,Non-Fatal Injury,Approaching,Driver,35 to 39,Major,,North,"Automobile, Station Wagon",Going Ahead,Improper Passing,Other,,,,,,,,,Yes,,,,,,Yes,Yes,,,,68,North Riverdale,68,North Riverdale (68),D55,"{""coordinates"": [[-79.3548919996227, 43.6720150000092]], ""type"": ""MultiPoint""}",2023
18368,18369,3000818825.0,2023-04-13,2206,569 BROADVIEW AVE,MILLBROOK CR,10 m South o,Minor Arterial,Toronto and East York,Intersection Related,Traffic Signal,Clear,"Dark, artificial",Dry,Non-Fatal Injury,Approaching,Driver,60 to 64,Minimal,,South,"Automobile, Station Wagon",Going Ahead,Driving Properly,Normal,,,,,,,,,Yes,,,,,,Yes,Yes,,,,68,North Riverdale,68,North Riverdale (68),D55,"{""coordinates"": [[-79.3548919996227, 43.6720150000092]], ""type"": ""MultiPoint""}",2023
18369,18370,3000823067.0,2023-04-14,1205,YONGE ST,DUNDAS SQ,,Major Arterial,Etobicoke York,Intersection Related,Traffic Signal,Clear,Daylight,Dry,Non-Fatal Injury,Pedestrian Collisions,Pedestrian,30 to 34,Major,,,,,,,Other / Undefined,Running onto Roadway,Other,,,,Yes,,,,,,,,,,,,,168,Downtown Yonge East,75,Church-Yonge Corridor (75),D51,"{""coordinates"": [[-79.3806109995065, 43.6557149995966]], ""type"": ""MultiPoint""}",2023
18370,18371,3000839391.0,2023-04-16,824,BLOOR ST W,ABERFOYLE CRES,,Major Arterial,Etobicoke York,At Intersection,Traffic Signal,Clear,Daylight,Dry,Fatal,Pedestrian Collisions,Pedestrian,65 to 69,Fatal,8.0,,,,,,Unknown,Other,Normal,,,,Yes,,Yes,,,,,,,,,,,16,Stonegate-Queensway,16,Stonegate-Queensway (16),D22,"{""coordinates"": [[-79.5189390003851, 43.6455940001161]], ""type"": ""MultiPoint""}",2023
18371,18372,3000839391.0,2023-04-16,824,BLOOR ST W,ABERFOYLE CRES,,Major Arterial,Etobicoke York,At Intersection,Traffic Signal,Clear,Daylight,Dry,Fatal,Pedestrian Collisions,Driver,70 to 74,,,East,"Automobile, Station Wagon",Going Ahead,Other,Other,,,,,,,Yes,,Yes,,,,,,,,,,,16,Stonegate-Queensway,16,Stonegate-Queensway (16),D22,"{""coordinates"": [[-79.5189390003851, 43.6455940001161]], ""type"": ""MultiPoint""}",2023
18372,18373,3000851315.0,2023-04-17,1650,JONES AV,GERRARD ST E,,Minor Arterial,Etobicoke York,Other,Traffic Signal,Rain,Daylight,Wet,Non-Fatal Injury,Pedestrian Collisions,Driver,20 to 24,,,East,"Automobile, Station Wagon",Going Ahead,Driving Properly,Normal,,,,,,,Yes,,Yes,,,,,,,,,,,70,South Riverdale,70,South Riverdale (70),D55,"{""coordinates"": [[-79.3355670006243, 43.6692569998616]], ""type"": ""MultiPoint""}",2023
18373,18374,3000851315.0,2023-04-17,1650,JONES AV,GERRARD ST E,,Minor Arterial,Etobicoke York,Other,Traffic Signal,Rain,Daylight,Wet,Non-Fatal Injury,Pedestrian Collisions,Pedestrian,20 to 24,Major,,,,,,,Pedestrian hit a PXO/ped. Mid-block signal,Crossing marked crosswalk without ROW,Normal,,,,Yes,,Yes,,,,,,,,,,,70,South Riverdale,70,South Riverdale (70),D55,"{""coordinates"": [[-79.3355670006243, 43.6692569998616]], ""type"": ""MultiPoint""}",2023
18374,18375,3000861369.0,2023-04-18,2013,JARVIS ST,SHUTER ST,,Major Arterial,Toronto and East York,Intersection Related,Traffic Signal,Clear,"Dark, artificial",Dry,Non-Fatal Injury,Pedestrian Collisions,Truck Driver,45 to 49,,,East,Truck - Open,Turning Right,Improper Turn,Normal,,,,,,,Yes,,,,Yes,,,,,,,,,73,Moss Park,73,Moss Park (73),D51,"{""coordinates"": [[-79.3738890005337, 43.6553679998534]], ""type"": ""MultiPoint""}",2023
18375,18376,3000861369.0,2023-04-18,2013,JARVIS ST,SHUTER ST,,Major Arterial,Toronto and East York,Intersection Related,Traffic Signal,Clear,"Dark, artificial",Dry,Non-Fatal Injury,Pedestrian Collisions,Pedestrian,80 to 84,Major,,,,,,,Vehicle turns right while ped crosses with ROW at inter.,Crossing with right of way,Normal,,,,Yes,,,,Yes,,,,,,,,,73,Moss Park,73,Moss Park (73),D51,"{""coordinates"": [[-79.3738890005337, 43.6553679998534]], ""type"": ""MultiPoint""}",2023
18376,18377,3000862268.0,2023-04-18,2305,ALBION RD,FINCH AVE W,,Major Arterial,Etobicoke York,At Intersection,Traffic Signal,Clear,"Dark, artificial",Dry,Fatal,Rear End,Driver,60 to 64,Fatal,9.0,East,Passenger Van,Going Ahead,Driving Properly,Normal,,,,,,,,,Yes,,,,,Yes,Yes,Yes,,,,2,Mount Olive-Silverstone-Jamestown,2,Mount Olive-Silverstone-Jamestown (2),D23,"{""coordinates"": [[-79.5891830003418, 43.7410229997831]], ""type"": ""MultiPoint""}",2023
18377,18378,3000862268.0,2023-04-18,2305,ALBION RD,FINCH AVE W,,Major Arterial,Etobicoke York,At Intersection,Traffic Signal,Clear,"Dark, artificial",Dry,Fatal,Rear End,Driver,35 to 39,Minor,,East,"Automobile, Station Wagon",Going Ahead,Exceeding Speed Limit,Other,,,,,,,,,Yes,,,,,Yes,Yes,Yes,,,,2,Mount Olive-Silverstone-Jamestown,2,Mount Olive-Silverstone-Jamestown (2),D23,"{""coordinates"": [[-79.5891830003418, 43.7410229997831]], ""type"": ""MultiPoint""}",2023
18378,18379,3000862268.0,2023-04-18,2305,ALBION RD,FINCH AVE W,,Major Arterial,Etobicoke York,At Intersection,Traffic Signal,Clear,"Dark, artificial",Dry,Fatal,Rear End,Passenger,35 to 39,Minor,,East,"Automobile, Station Wagon",Going Ahead,,,,,,,,,,,Yes,,,,,Yes,Yes,Yes,,,,2,Mount Olive-Silverstone-Jamestown,2,Mount Olive-Silverstone-Jamestown (2),D23,"{""coordinates"": [[-79.5891830003418, 43.7410229997831]], ""type"": ""MultiPoint""}",2023
18379,18380,3000862268.0,2023-04-18,2305,ALBION RD,FINCH AVE W,,Major Arterial,Etobicoke York,At Intersection,Traffic Signal,Clear,"Dark, artificial",Dry,Fatal,Rear End,Driver,50 to 54,Minor,,East,"Automobile, Station Wagon",Going Ahead,Driving Properly,Normal,,,,,,,,,Yes,,,,,Yes,Yes,Yes,,,,2,Mount Olive-Silverstone-Jamestown,2,Mount Olive-Silverstone-Jamestown (2),D23,"{""coordinates"": [[-79.5891830003418, 43.7410229997831]], ""type"": ""MultiPoint""}",2023
18380,18381,3000862268.0,2023-04-18,2305,ALBION RD,FINCH AVE W,,Major Arterial,Etobicoke York,At Intersection,Traffic Signal,Clear,"Dark, artificial",Dry,Fatal,Rear End,Driver,65 to 69,Minimal,,East,Passenger Van,Slowing or Stopping,Driving Properly,Normal,,,,,,,,,Yes,,,,,Yes,Yes,Yes,,,,2,Mount Olive-Silverstone-Jamestown,2,Mount Olive-Silverstone-Jamestown (2),D23,"{""coordinates"": [[-79.5891830003418, 43.7410229997831]], ""type"": ""MultiPoint""}",2023
18381,18382,3000889124.0,2023-04-22,227,MIDLAND AV,GOODLAND GT,,Major Arterial,Scarborough,Intersection Related,Stop Sign,Rain,"Dark, artificial",Wet,Non-Fatal Injury,Turning Movement,Driver,55 to 59,,,South,Pick Up Truck,Turning Left,Improper Turn,Normal,,,,,,,,,Yes,,,,,,Yes,Yes,,,,128,Agincourt South-Malvern West,128,Agincourt South-Malvern West (128),D42,"{""coordinates"": [[-79.2755459994273, 43.7792150002551]], ""type"": ""MultiPoint""}",2023
18382,18383,3000889124.0,2023-04-22,227,MIDLAND AV,GOODLAND GT,,Major Arterial,Scarborough,Intersection Related,Stop Sign,Rain,"Dark, artificial",Wet,Non-Fatal Injury,Turning Movement,Driver,15 to 19,Major,,North,"Automobile, Station Wagon",Going Ahead,Driving Properly,Unknown,,,,,,,,,Yes,,,,,,Yes,Yes,,,,128,Agincourt South-Malvern West,128,Agincourt South-Malvern West (128),D42,"{""coordinates"": [[-79.2755459994273, 43.7792150002551]], ""type"": ""MultiPoint""}",2023
18383,18384,3000965934.0,2023-05-01,1055,BRIMLEY RD,LAWRENCE AVE E,,Major Arterial,Scarborough,At Intersection,Traffic Signal,Clear,Daylight,Dry,Fatal,Turning Movement,Driver,60 to 64,Fatal,10.0,East,Passenger Van,Turning Left,Improper Turn,Normal,,,,,,,,,Yes,,,,,Yes,Yes,Yes,,,,157,Bendale South,127,Bendale (127),D43,"{""coordinates"": [[-79.2553280004464, 43.7534550001752]], ""type"": ""MultiPoint""}",2023
18384,18385,3000965934.0,2023-05-01,1055,BRIMLEY RD,LAWRENCE AVE E,,Major Arterial,Scarborough,At Intersection,Traffic Signal,Clear,Daylight,Dry,Fatal,Turning Movement,Driver,15 to 19,Major,,West,"Automobile, Station Wagon",Going Ahead,Exceeding Speed Limit,Normal,,,,,,,,,Yes,,,,,Yes,Yes,Yes,,,,157,Bendale South,127,Bendale (127),D43,"{""coordinates"": [[-79.2553280004464, 43.7534550001752]], ""type"": ""MultiPoint""}",2023
18385,18386,3000965934.0,2023-05-01,1055,BRIMLEY RD,LAWRENCE AVE E,,Major Arterial,Scarborough,At Intersection,Traffic Signal,Clear,Daylight,Dry,Fatal,Turning Movement,Passenger,15 to 19,Minor,,West,,,,,,,,,,,,,Yes,,,,,Yes,Yes,Yes,,,,157,Bendale South,127,Bendale (127),D43,"{""coordinates"": [[-79.2553280004464, 43.7534550001752]], ""type"": ""MultiPoint""}",2023
18386,18387,3000965934.0,2023-05-01,1055,BRIMLEY RD,LAWRENCE AVE E,,Major Arterial,Scarborough,At Intersection,Traffic Signal,Clear,Daylight,Dry,Fatal,Turning Movement,Passenger,15 to 19,Minor,,West,,,,,,,,,,,,,Yes,,,,,Yes,Yes,Yes,,,,157,Bendale South,127,Bendale (127),D43,"{""coordinates"": [[-79.2553280004464, 43.7534550001752]], ""type"": ""MultiPoint""}",2023
18387,18388,3001015199.0,2023-05-07,35,MARKHAM RD,SHEPPARD AVE E,100 metres W,Major Arterial,Scarborough,Non Intersection,No Control,Clear,Dark,Dry,Fatal,Pedestrian Collisions,Pedestrian,55 to 59,Fatal,11.0,South,,,,,Pedestrian hit at mid-block,Crossing without right of way,Other,,,,Yes,,Yes,,,,,,,Yes,,,,128,Agincourt South-Malvern West,128,Agincourt South-Malvern West (128),D42,"{""coordinates"": [[-79.2399020004188, 43.7935660003934]], ""type"": ""MultiPoint""}",2023
18388,18389,3001015199.0,2023-05-07,35,MARKHAM RD,SHEPPARD AVE E,100 metres W,Major Arterial,Scarborough,Non Intersection,No Control,Clear,Dark,Dry,Fatal,Pedestrian Collisions,Driver,20 to 24,,,West,"Automobile, Station Wagon",Going Ahead,Failed to Yield Right of Way,Other,,,,,,,Yes,,Yes,,,,,,,Yes,,,,128,Agincourt South-Malvern West,128,Agincourt South-Malvern West (128),D42,"{""coordinates"": [[-79.2399020004188, 43.7935660003934]], ""type"": ""MultiPoint""}",2023
18389,18390,3001015348.0,2023-05-07,100,STEELES AV W,KEELE ST,70 m East of,,,Non Intersection,No Control,Clear,"Dark, artificial",Dry,Non-Fatal Injury,Rear End,Motorcycle Driver,25 to 29,Major,,East,Motorcycle,Going Ahead,Exceeding Speed Limit,Other,,,,,,,,,Yes,Yes,,,,,Yes,Yes,,,,27,York University Heights,27,York University Heights (27),NSA,"{""coordinates"": [[-79.4936479994536, 43.7817449995749]], ""type"": ""MultiPoint""}",2023
18390,18391,3001015348.0,2023-05-07,100,STEELES AV W,KEELE ST,70 m East of,,,Non Intersection,No Control,Clear,"Dark, artificial",Dry,Non-Fatal Injury,Rear End,Driver,35 to 39,,,East,"Automobile, Station Wagon",Going Ahead,Driving Properly,Normal,,,,,,,,,Yes,Yes,,,,,Yes,Yes,,,,27,York University Heights,27,York University Heights (27),NSA,"{""coordinates"": [[-79.4936479994536, 43.7817449995749]], ""type"": ""MultiPoint""}",2023
18391,18392,3001037077.0,2023-05-09,1531,BANBURY RD,YORK MILLS RD,,Collector,North York,Intersection Related,Traffic Signal,Clear,Daylight,Dry,Non-Fatal Injury,Pedestrian Collisions,Driver,90 to 94,,,East,"Automobile, Station Wagon",Going Ahead,Driving Properly,Normal,,,,,,,Yes,,Yes,,,,,,,,,,,42,Banbury-Don Mills,40,St.Andrew-Windfields (40),D33,"{""coordinates"": [[-79.3654590002482, 43.7524970003453]], ""type"": ""MultiPoint""}",2023
18392,18393,3001037077.0,2023-05-09,1531,BANBURY RD,YORK MILLS RD,,Collector,North York,Intersection Related,Traffic Signal,Clear,Daylight,Dry,Non-Fatal Injury,Pedestrian Collisions,Pedestrian,10 to 14,Major,,,,,,,Vehicle is going straight thru inter.while ped cross without ROW,Crossing without right of way,Normal,,,,Yes,,Yes,,,,,,,,,,,42,Banbury-Don Mills,40,St.Andrew-Windfields (40),D33,"{""coordinates"": [[-79.3654590002482, 43.7524970003453]], ""type"": ""MultiPoint""}",2023
18393,18394,3001076357.0,2023-05-13,2212,FINCH AVE W,CHAMPAGNE DR,,Major Arterial,North York,Intersection Related,Traffic Signal,Clear,"Dark, artificial",Dry,Fatal,Turning Movement,Driver,40 to 44,Minor,,West,"Automobile, Station Wagon",Turning Left,Failed to Yield Right of Way,Normal,,,,,,,,,Yes,Yes,,,,,,Yes,,,,27,York University Heights,27,York University Heights (27),D32,"{""coordinates"": [[-79.4714390004375, 43.7677559998708]], ""type"": ""MultiPoint""}",2023
18394,18395,3001076357.0,2023-05-13,2212,FINCH AVE W,CHAMPAGNE DR,,Major Arterial,North York,Intersection Related,Traffic Signal,Clear,"Dark, artificial",Dry,Fatal,Turning Movement,Motorcycle Driver,55 to 59,Fatal,12.0,East,Motorcycle,Going Ahead,,,,,,,,,,,Yes,Yes,,,,,,Yes,,,,27,York University Heights,27,York University Heights (27),D32,"{""coordinates"": [[-79.4714390004375, 43.7677559998708]], ""type"": ""MultiPoint""}",2023
18395,18396,3001160562.0,2023-05-23,1733,YORKWOODS GT,JANE ST,7 m West of,Collector,North York,Intersection Related,Traffic Signal,Clear,Daylight,Dry,Non-Fatal Injury,Turning Movement,Driver,65 to 69,Minor,,East,"Automobile, Station Wagon",Turning Left,Failed to Yield Right of Way,Other,,,,,,,,,Yes,Yes,,,,,,Yes,,,,25,Glenfield-Jane Heights,25,Glenfield-Jane Heights (25),D31,"{""coordinates"": [[-79.5160099999435, 43.7507269998855]], ""type"": ""MultiPoint""}",2023
18396,18397,3001160562.0,2023-05-23,1733,YORKWOODS GT,JANE ST,7 m West of,Collector,North York,Intersection Related,Traffic Signal,Clear,Daylight,Dry,Non-Fatal Injury,Turning Movement,Motorcycle Driver,25 to 29,Major,,North,Motorcycle,Going Ahead,Driving Properly,Normal,,,,,,,,,Yes,Yes,,,,,,Yes,,,,25,Glenfield-Jane Heights,25,Glenfield-Jane Heights (25),D31,"{""coordinates"": [[-79.5160099999435, 43.7507269998855]], ""type"": ""MultiPoint""}",2023
18397,18398,3001165167.0,2023-05-24,830,AVENUE RD,BERNARD AVE,20 m East of,,,Intersection Related,Stop Sign,Clear,"Daylight, artificial",Dry,Non-Fatal Injury,Pedestrian Collisions,Driver,35 to 39,,,East,"Automobile, Station Wagon",Turning Left,,Unknown,,,,,,,Yes,,Yes,,,,,,,,,,,95,Annex,95,Annex (95),D53,"{""coordinates"": [[-79.3962739995045, 43.6740069995885]], ""type"": ""MultiPoint""}",2023
18398,18399,3001165167.0,2023-05-24,830,AVENUE RD,BERNARD AVE,20 m East of,,,Intersection Related,Stop Sign,Clear,"Daylight, artificial",Dry,Non-Fatal Injury,Pedestrian Collisions,Pedestrian,70 to 74,Major,,,,,,,,,Unknown,,,,Yes,,Yes,,,,,,,,,,,95,Annex,95,Annex (95),D53,"{""coordinates"": [[-79.3962739995045, 43.6740069995885]], ""type"": ""MultiPoint""}",2023
18399,18400,3001181189.0,2023-05-26,50,STEELES AV WEST,JANE ST,,Major Shoreline,North York,Intersection Related,Traffic Signal,Clear,"Dark, artificial",Dry,Non-Fatal Injury,Cyclist Collisions,Cyclist,55 to 59,Major,,East,Bicycle,Going Ahead,,,,,,Motorist turned left across cyclists path.,,Unknown,,Yes,,,,,,,,,,,,24,Black Creek,24,Black Creek (24),D31,"{""coordinates"": [[-79.5217320002674, 43.7753319997305]], ""type"": ""MultiPoint""}",2023
18400,18401,3001193849.0,2023-05-27,1237,FORT YORK BV,LAKE SHORE BV W,,Collector,Toronto and East York,Intersection Related,Traffic Signal,Clear,Daylight,Dry,Non-Fatal Injury,Pedestrian Collisions,Motorcycle Driver,25 to 29,,,East,Motorcycle,Going Ahead,Improper Passing,Normal,,,,,,,Yes,,Yes,Yes,,,,,,Yes,,,,163,Fort York-Liberty Village,82,Niagara (82),D14,"{""coordinates"": [[-79.406680000236, 43.6354890002539]], ""type"": ""MultiPoint""}",2023
18401,18402,3001193849.0,2023-05-27,1237,FORT YORK BV,LAKE SHORE BV W,,Collector,Toronto and East York,Intersection Related,Traffic Signal,Clear,Daylight,Dry,Non-Fatal Injury,Pedestrian Collisions,Driver,50 to 54,,,East,"Automobile, Station Wagon",Slowing or Stopping,Driving Properly,Normal,,,,,,,Yes,,Yes,Yes,,,,,,Yes,,,,163,Fort York-Liberty Village,82,Niagara (82),D14,"{""coordinates"": [[-79.406680000236, 43.6354890002539]], ""type"": ""MultiPoint""}",2023
18402,18403,3001193849.0,2023-05-27,1237,FORT YORK BV,LAKE SHORE BV W,,Collector,Toronto and East York,Intersection Related,Traffic Signal,Clear,Daylight,Dry,Non-Fatal Injury,Pedestrian Collisions,Pedestrian,35 to 39,Major,,,,,,,Vehicle is going straight thru inter.while ped cross without ROW,"Crossing, Pedestrian Crossover",Normal,,,,Yes,,Yes,Yes,,,,,,Yes,,,,163,Fort York-Liberty Village,82,Niagara (82),D14,"{""coordinates"": [[-79.406680000236, 43.6354890002539]], ""type"": ""MultiPoint""}",2023
18403,18404,3001202915.0,2023-05-28,1330,GREENHOLM CRCT,LAWRENCE AVE E,GREENCREST C,Major Arterial,Scarborough,At Intersection,Traffic Signal,Clear,Daylight,Dry,Fatal,Turning Movement,Motorcycle Driver,20 to 24,Fatal,13.0,East,Motorcycle,Going Ahead,Speed too Fast For Condition,Other,,,,,,,,,Yes,Yes,,,,,Yes,Yes,,,,141,Golfdale-Cedarbrae-Woburn,137,Woburn (137),D43,"{""coordinates"": [[-79.2229489999838, 43.7602410000484]], ""type"": ""MultiPoint""}",2023
18404,18405,3001202915.0,2023-05-28,1330,GREENHOLM CRCT,LAWRENCE AVE E,GREENCREST C,Major Arterial,Scarborough,At Intersection,Traffic Signal,Clear,Daylight,Dry,Fatal,Turning Movement,Driver,50 to 54,,,West,"Automobile, Station Wagon",Turning Left,Failed to Yield Right of Way,Normal,,,,,,,,,Yes,Yes,,,,,Yes,Yes,,,,141,Golfdale-Cedarbrae-Woburn,137,Woburn (137),D43,"{""coordinates"": [[-79.2229489999838, 43.7602410000484]], ""type"": ""MultiPoint""}",2023
18405,18406,3001204708.0,2023-05-28,1706,KEELE ST,SHEPPARD AV W,24 m West of,Major Arterial,North York,Non Intersection,Traffic Signal,Clear,Daylight,Dry,Non-Fatal Injury,Pedestrian Collisions,Driver,35 to 39,,,East,"Automobile, Station Wagon",Going Ahead,Driving Properly,Normal,,,,,,,Yes,,Yes,,,,,Yes,,,,,,155,Downsview,27,York University Heights (27),D31,"{""coordinates"": [[-79.4867049999603, 43.7447339999024]], ""type"": ""MultiPoint""}",2023
18406,18407,3001204708.0,2023-05-28,1706,KEELE ST,SHEPPARD AV W,24 m West of,Major Arterial,North York,Non Intersection,Traffic Signal,Clear,Daylight,Dry,Non-Fatal Injury,Pedestrian Collisions,Pedestrian,45 to 49,Major,,North,,,,,Vehicle is going straight thru inter.while ped cross without ROW,Crossing without right of way,Normal,,,,Yes,,Yes,,,,,Yes,,,,,,155,Downsview,27,York University Heights (27),D31,"{""coordinates"": [[-79.4867049999603, 43.7447339999024]], ""type"": ""MultiPoint""}",2023
18407,18408,3001204708.0,2023-05-28,1706,KEELE ST,SHEPPARD AV W,24 m West of,Major Arterial,North York,Non Intersection,Traffic Signal,Clear,Daylight,Dry,Non-Fatal Injury,Pedestrian Collisions,Passenger,35 to 39,,,,"Automobile, Station Wagon",,,,,,,,,,Yes,,Yes,,,,,Yes,,,,,,155,Downsview,27,York University Heights (27),D31,"{""coordinates"": [[-79.4867049999603, 43.7447339999024]], ""type"": ""MultiPoint""}",2023
18408,18409,3001205970.0,2023-05-28,1927,SCARLETT RD,LOCKHEED BLVD,,Major Arterial,Etobicoke York,At Intersection,No Control,Clear,Daylight,Dry,Fatal,Cyclist Collisions,Driver,20 to 24,,,North,"Automobile, Station Wagon",Changing Lanes,Other,Normal,,,,,,,,Yes,Yes,,,,,Yes,,,,,,8,Humber Heights-Westmount,8,Humber Heights-Westmount (8),D23,"{""coordinates"": [[-79.5250349996115, 43.6996370002843]], ""type"": ""MultiPoint""}",2023
18409,18410,3001205970.0,2023-05-28,1927,SCARLETT RD,LOCKHEED BLVD,,Major Arterial,Etobicoke York,At Intersection,No Control,Clear,Daylight,Dry,Fatal,Cyclist Collisions,Passenger,20 to 24,,,North,"Automobile, Station Wagon",,,,,,,,,,,Yes,Yes,,,,,Yes,,,,,,8,Humber Heights-Westmount,8,Humber Heights-Westmount (8),D23,"{""coordinates"": [[-79.5250349996115, 43.6996370002843]], ""type"": ""MultiPoint""}",2023
18410,18411,3001205970.0,2023-05-28,1927,SCARLETT RD,LOCKHEED BLVD,,Major Arterial,Etobicoke York,At Intersection,No Control,Clear,Daylight,Dry,Fatal,Cyclist Collisions,Cyclist,30 to 34,Fatal,14.0,North,Bicycle,Turning Left,,,,,,Cyclist and Driver travelling in same direction. One vehicle sideswipes the other.,Other,Normal,,Yes,Yes,,,,,Yes,,,,,,8,Humber Heights-Westmount,8,Humber Heights-Westmount (8),D23,"{""coordinates"": [[-79.5250349996115, 43.6996370002843]], ""type"": ""MultiPoint""}",2023
18411,18412,3001211034.0,2023-05-29,1126,BLOOR ST E,SHERBOURNE ST,25 m West of,Major Arterial,Toronto and East York,Intersection Related,Traffic Signal,Clear,Daylight,Dry,Non-Fatal Injury,Other,Driver,75 to 79,,,East,"Automobile, Station Wagon",Changing Lanes,Improper Lane Change,Other,,,,,,,,Yes,Yes,,,,,,,,,,,74,North St.James Town,98,Rosedale-Moore Park (98),D51,"{""coordinates"": [[-79.37711599963, 43.6723050001457]], ""type"": ""MultiPoint""}",2023
18412,18413,3001211034.0,2023-05-29,1126,BLOOR ST E,SHERBOURNE ST,25 m West of,Major Arterial,Toronto and East York,Intersection Related,Traffic Signal,Clear,Daylight,Dry,Non-Fatal Injury,Other,Cyclist,45 to 49,Major,,East,Bicycle,Going Ahead,,,,,,Cyclist and Driver travelling in same direction. One vehicle sideswipes the other.,Driving Properly,Normal,,Yes,Yes,,,,,,,,,,,74,North St.James Town,98,Rosedale-Moore Park (98),D51,"{""coordinates"": [[-79.37711599963, 43.6723050001457]], ""type"": ""MultiPoint""}",2023
18413,18414,3001211390.0,2023-05-29,1211,ORIOLE PKWY,GORMLEY AVE,10 m South o,Major Arterial,North York,Non Intersection,No Control,Clear,Daylight,Dry,Non-Fatal Injury,Other,Driver,75 to 79,Major,,North,"Automobile, Station Wagon",Changing Lanes,Lost control,Fatigue,,,,,,,,,Yes,,,,,,,Yes,,,,97,Yonge-St.Clair,97,Yonge-St.Clair (97),D53,"{""coordinates"": [[-79.4012480002326, 43.6921029999835]], ""type"": ""MultiPoint""}",2023
18414,18415,3001211390.0,2023-05-29,1211,ORIOLE PKWY,GORMLEY AVE,10 m South o,Major Arterial,North York,Non Intersection,No Control,Clear,Daylight,Dry,Non-Fatal Injury,Other,Driver,65 to 69,,,North,"Automobile, Station Wagon",Going Ahead,Driving Properly,Normal,,,,,,,,,Yes,,,,,,,Yes,,,,97,Yonge-St.Clair,97,Yonge-St.Clair (97),D53,"{""coordinates"": [[-79.4012480002326, 43.6921029999835]], ""type"": ""MultiPoint""}",2023
18415,18416,3001223136.0,2023-05-30,1512,HOLLAND PARK AV,OAKWOOD AV,,Local,Toronto and East York,Intersection Related,Stop Sign,Clear,Daylight,Dry,Non-Fatal Injury,Pedestrian Collisions,Driver,55 to 59,,,East,Pick Up Truck,Turning Left,Failed to Yield Right of Way,Normal,,,,,,,Yes,,Yes,,,,,,,Yes,,,,107,Oakwood Village,107,Oakwood Village (107),D13,"{""coordinates"": [[-79.4383879994136, 43.6863769998673]], ""type"": ""MultiPoint""}",2023
18416,18417,3001223136.0,2023-05-30,1512,HOLLAND PARK AV,OAKWOOD AV,,Local,Toronto and East York,Intersection Related,Stop Sign,Clear,Daylight,Dry,Non-Fatal Injury,Pedestrian Collisions,Pedestrian,55 to 59,Major,,,,,,,Vehicle turns left while ped crosses with ROW at inter.,"Crossing, Pedestrian Crossover",Normal,,,,Yes,,Yes,,,,,,,Yes,,,,107,Oakwood Village,107,Oakwood Village (107),D13,"{""coordinates"": [[-79.4383879994136, 43.6863769998673]], ""type"": ""MultiPoint""}",2023