index,_id,ACCNUM,DATE,TIME,STREET1,STREET2,OFFSET,ROAD_CLASS,DISTRICT,ACCLOC,TRAFFCTL,VISIBILITY,LIGHT,RDSFCOND,ACCLASS,IMPACTYPE,INVTYPE,INVAGE,INJURY,FATAL_NO,INITDIR,VEHTYPE,MANOEUVER,DRIVACT,DRIVCOND,PEDTYPE,PEDACT,PEDCOND,CYCLISTYPE,CYCACT,CYCCOND,PEDESTRIAN,CYCLIST,AUTOMOBILE,MOTORCYCLE,TRUCK,TRSN_CITY_VEH,EMERG_VEH,PASSENGER,SPEEDING,AG_DRIV,REDLIGHT,ALCOHOL,DISABILITY,HOOD_158,NEIGHBOURHOOD_158,HOOD_140,NEIGHBOURHOOD_140,DIVISION,geometry,ACCIDENT_YEAR
18417,18418,3001224496.0,2023-05-30,1723,DANFORTH AV,VICTORIA PARK AV,22 m North o,Major Arterial,Toronto and East York,Intersection Related,Traffic Signal,Clear,Daylight,Dry,Non-Fatal Injury,,Driver,30 to 34,,,North,Municipal Transit Bus (TTC),Going Ahead,Other,Normal,,,,,,,,Yes,,,,Yes,,,,,,,,61,Taylor-Massey,61,Taylor-Massey (61),D55,"{""coordinates"": [[-79.2883639997319, 43.6912289999994]], ""type"": ""MultiPoint""}",2023
18418,18419,3001224496.0,2023-05-30,1723,DANFORTH AV,VICTORIA PARK AV,22 m North o,Major Arterial,Toronto and East York,Intersection Related,Traffic Signal,Clear,Daylight,Dry,Non-Fatal Injury,,Cyclist,60 to 64,Major,,North,Bicycle,Going Ahead,,,,,,Cyclist and Driver travelling in same direction. One vehicle sideswipes the other.,Other,Unknown,,Yes,,,,Yes,,,,,,,,61,Taylor-Massey,61,Taylor-Massey (61),D55,"{""coordinates"": [[-79.2883639997319, 43.6912289999994]], ""type"": ""MultiPoint""}",2023
18419,18420,3001239733.0,2023-06-01,744,REXDALE BV,QUEEN'S PLATE DR,,,,Intersection Related,Traffic Signal,Clear,Daylight,Dry,Non-Fatal Injury,Pedestrian Collisions,Truck Driver,50 to 54,,,East,Truck-Tractor,Going Ahead,Driving Properly,Normal,,,,,,,Yes,,,,Yes,,,Yes,,,,,,1,West Humber-Clairville,1,West Humber-Clairville (1),D23,"{""coordinates"": [[-79.5925790000997, 43.7165369999888]], ""type"": ""MultiPoint""}",2023
18420,18421,3001239733.0,2023-06-01,744,REXDALE BV,QUEEN'S PLATE DR,,,,Intersection Related,Traffic Signal,Clear,Daylight,Dry,Non-Fatal Injury,Pedestrian Collisions,Passenger,35 to 39,,,,,,,,,,,,,,Yes,,,,Yes,,,Yes,,,,,,1,West Humber-Clairville,1,West Humber-Clairville (1),D23,"{""coordinates"": [[-79.5925790000997, 43.7165369999888]], ""type"": ""MultiPoint""}",2023
18421,18422,3001239733.0,2023-06-01,744,REXDALE BV,QUEEN'S PLATE DR,,,,Intersection Related,Traffic Signal,Clear,Daylight,Dry,Non-Fatal Injury,Pedestrian Collisions,Pedestrian,10 to 14,Major,,,,,,,,,Unknown,,,,Yes,,,,Yes,,,Yes,,,,,,1,West Humber-Clairville,1,West Humber-Clairville (1),D23,"{""coordinates"": [[-79.5925790000997, 43.7165369999888]], ""type"": ""MultiPoint""}",2023
18422,18423,3001254670.0,2023-06-02,1448,MARLEE AVE,GLENCAIRN AVE,70 m North o,Major Arterial,North York,Non Intersection,No Control,Clear,Daylight,Dry,Non-Fatal Injury,Pedestrian Collisions,Driver,30 to 34,,,North,"Automobile, Station Wagon",Going Ahead,Driving Properly,Normal,,,,,,,Yes,,Yes,,,,,,,,,,,31,Yorkdale-Glen Park,31,Yorkdale-Glen Park (31),D13,"{""coordinates"": [[-79.4438130002532, 43.7089980000624]], ""type"": ""MultiPoint""}",2023
18423,18424,3001254670.0,2023-06-02,1448,MARLEE AVE,GLENCAIRN AVE,70 m North o,Major Arterial,North York,Non Intersection,No Control,Clear,Daylight,Dry,Non-Fatal Injury,Pedestrian Collisions,Pedestrian,45 to 49,Major,,,,,,,Pedestrian hit at mid-block,"Crossing, no Traffic Control",Normal,,,,Yes,,Yes,,,,,,,,,,,31,Yorkdale-Glen Park,31,Yorkdale-Glen Park (31),D13,"{""coordinates"": [[-79.4438130002532, 43.7089980000624]], ""type"": ""MultiPoint""}",2023
18424,18425,3001255637.0,2023-06-02,1615,CHUDLEIGH AV,DUPLEX AV,2 m East of,,,Intersection Related,Stop Sign,Clear,Daylight,Dry,Non-Fatal Injury,Cyclist Collisions,Driver,65 to 69,,,South,"Automobile, Station Wagon",Going Ahead,Driving Properly,Normal,,,,,,,,Yes,Yes,,,,,,,,,,,103,Lawrence Park South,103,Lawrence Park South (103),D53,"{""coordinates"": [[-79.405277000251, 43.723581999629]], ""type"": ""MultiPoint""}",2023
18425,18426,3001255637.0,2023-06-02,1615,CHUDLEIGH AV,DUPLEX AV,2 m East of,,,Intersection Related,Stop Sign,Clear,Daylight,Dry,Non-Fatal Injury,Cyclist Collisions,Cyclist,45 to 49,Major,,West,Bicycle,Going Ahead,,,,,,,Failed to Yield Right of Way,,,Yes,Yes,,,,,,,,,,,103,Lawrence Park South,103,Lawrence Park South (103),D53,"{""coordinates"": [[-79.405277000251, 43.723581999629]], ""type"": ""MultiPoint""}",2023
18426,18427,3001255752.0,2023-06-02,1625,BLEECKER ST,WELLESLEY ST E,,,,Intersection Related,Pedestrian Crossover,Clear,Daylight,Dry,Non-Fatal Injury,SMV Other,Driver,30 to 34,,,West,"Automobile, Station Wagon",Turning Right,Driving Properly,Normal,,,,,,,,,Yes,,,,,,,,,,,71,Cabbagetown-South St.James Town,74,North St.James Town (74),D51,"{""coordinates"": [[-79.3737370003141, 43.6673040002142]], ""type"": ""MultiPoint""}",2023
18427,18428,3001255752.0,2023-06-02,1625,BLEECKER ST,WELLESLEY ST E,,,,Intersection Related,Pedestrian Crossover,Clear,Daylight,Dry,Non-Fatal Injury,SMV Other,Driver,30 to 34,Major,,West,Rickshaw,Going Ahead,Driving Properly,Normal,,,,,,,,,Yes,,,,,,,,,,,71,Cabbagetown-South St.James Town,74,North St.James Town (74),D51,"{""coordinates"": [[-79.3737370003141, 43.6673040002142]], ""type"": ""MultiPoint""}",2023
18428,18429,3001259368.0,2023-06-02,2200,STEELES AVE E,Bluffwood Dr,61 m East of,,,Non Intersection,,Clear,Dark,Dry,Non-Fatal Injury,Pedestrian Collisions,Driver,55 to 59,,,West,"Automobile, Station Wagon",Going Ahead,Driving Properly,Normal,,,,,,,Yes,,Yes,,,,,,,,,,,49,Bayview Woods-Steeles,NSA,NSA,D33,"{""coordinates"": [[-79.3753390003972, 43.8078799998108]], ""type"": ""MultiPoint""}",2023
18429,18430,3001259368.0,2023-06-02,2200,STEELES AVE E,Bluffwood Dr,61 m East of,,,Non Intersection,,Clear,Dark,Dry,Non-Fatal Injury,Pedestrian Collisions,Pedestrian,60 to 64,Major,,,,,,,,,Unknown,,,,Yes,,Yes,,,,,,,,,,,49,Bayview Woods-Steeles,NSA,NSA,D33,"{""coordinates"": [[-79.3753390003972, 43.8078799998108]], ""type"": ""MultiPoint""}",2023
18430,18431,3001266373.0,2023-06-03,1750,Dufferin St,OVERBROOK PL,,,,Intersection Related,Traffic Signal,Clear,Daylight,Dry,Non-Fatal Injury,Pedestrian Collisions,Motorcycle Driver,50 to 54,Major,,North,Motorcycle,Going Ahead,,Unknown,,,,,,,Yes,,,Yes,,,,,,,,,,34,Bathurst Manor,34,Bathurst Manor (34),D32,"{""coordinates"": [[-79.4651829996683, 43.7610500003852]], ""type"": ""MultiPoint""}",2023
18431,18432,3001266373.0,2023-06-03,1750,Dufferin St,OVERBROOK PL,,,,Intersection Related,Traffic Signal,Clear,Daylight,Dry,Non-Fatal Injury,Pedestrian Collisions,Pedestrian,10 to 14,Minor,,,,,,,,,Unknown,,,,Yes,,,Yes,,,,,,,,,,34,Bathurst Manor,34,Bathurst Manor (34),D32,"{""coordinates"": [[-79.4651829996683, 43.7610500003852]], ""type"": ""MultiPoint""}",2023
18432,18433,3001266525.0,2023-06-03,1809,DUNDAS ST E,LOGAN AV,2 m East of,,,Intersection Related,Traffic Signal,Clear,Daylight,Dry,Non-Fatal Injury,Cyclist Collisions,Driver,60 to 64,,,East,"Automobile, Station Wagon",Turning Left,Improper Turn,,,,,,,,,Yes,Yes,,,,,,,,,,,70,South Riverdale,70,South Riverdale (70),D55,"{""coordinates"": [[-79.3438299994653, 43.6639319998439]], ""type"": ""MultiPoint""}",2023
18433,18434,3001266525.0,2023-06-03,1809,DUNDAS ST E,LOGAN AV,2 m East of,,,Intersection Related,Traffic Signal,Clear,Daylight,Dry,Non-Fatal Injury,Cyclist Collisions,Cyclist,25 to 29,Major,,West,Bicycle,Going Ahead,,,,,,,Driving Properly,Normal,,Yes,Yes,,,,,,,,,,,70,South Riverdale,70,South Riverdale (70),D55,"{""coordinates"": [[-79.3438299994653, 43.6639319998439]], ""type"": ""MultiPoint""}",2023
18434,18435,3001278941.0,2023-06-05,745,WESTON RD,OAK ST,,Major Arterial,North York,Intersection Related,Traffic Signal,Clear,Daylight,Dry,Non-Fatal Injury,Approaching,Driver,25 to 29,Major,,South,"Automobile, Station Wagon",Going Ahead,Improper Passing,Unknown,,,,,,,,,Yes,,Yes,,,,,Yes,,,,113,Weston,113,Weston (113),D12,"{""coordinates"": [[-79.5335879999343, 43.7077889999139]], ""type"": ""MultiPoint""}",2023
18435,18436,3001278941.0,2023-06-05,745,WESTON RD,OAK ST,,Major Arterial,North York,Intersection Related,Traffic Signal,Clear,Daylight,Dry,Non-Fatal Injury,Approaching,Truck Driver,55 to 59,Minor,,North,Truck - Open,Going Ahead,Driving Properly,Normal,,,,,,,,,Yes,,Yes,,,,,Yes,,,,113,Weston,113,Weston (113),D12,"{""coordinates"": [[-79.5335879999343, 43.7077889999139]], ""type"": ""MultiPoint""}",2023
18436,18437,3001278941.0,2023-06-05,745,WESTON RD,OAK ST,,Major Arterial,North York,Intersection Related,Traffic Signal,Clear,Daylight,Dry,Non-Fatal Injury,Approaching,Driver,25 to 29,,,South,"Automobile, Station Wagon",Stopped,Driving Properly,Normal,,,,,,,,,Yes,,Yes,,,,,Yes,,,,113,Weston,113,Weston (113),D12,"{""coordinates"": [[-79.5335879999343, 43.7077889999139]], ""type"": ""MultiPoint""}",2023
18437,18438,3001286165.0,2023-06-05,2155,SHERBOURNE ST,EARL ST,,Minor Arterial,Toronto and East York,Other,Pedestrian Crossover,Clear,"Dark, artificial",Dry,Non-Fatal Injury,Pedestrian Collisions,Driver,60 to 64,,,North,"Automobile, Station Wagon",Going Ahead,Driving Properly,Normal,,,,,,,Yes,,Yes,,,,,Yes,,,,,,74,North St.James Town,74,North St.James Town (74),D51,"{""coordinates"": [[-79.3753240005709, 43.6687149997351]], ""type"": ""MultiPoint""}",2023
18438,18439,3001286165.0,2023-06-05,2155,SHERBOURNE ST,EARL ST,,Minor Arterial,Toronto and East York,Other,Pedestrian Crossover,Clear,"Dark, artificial",Dry,Non-Fatal Injury,Pedestrian Collisions,Passenger,70 to 74,,,,,,,,,,,,,,Yes,,Yes,,,,,Yes,,,,,,74,North St.James Town,74,North St.James Town (74),D51,"{""coordinates"": [[-79.3753240005709, 43.6687149997351]], ""type"": ""MultiPoint""}",2023
18439,18440,3001286165.0,2023-06-05,2155,SHERBOURNE ST,EARL ST,,Minor Arterial,Toronto and East York,Other,Pedestrian Crossover,Clear,"Dark, artificial",Dry,Non-Fatal Injury,Pedestrian Collisions,Passenger,70 to 74,,,,,,,,,,,,,,Yes,,Yes,,,,,Yes,,,,,,74,North St.James Town,74,North St.James Town (74),D51,"{""coordinates"": [[-79.3753240005709, 43.6687149997351]], ""type"": ""MultiPoint""}",2023
18440,18441,3001286165.0,2023-06-05,2155,SHERBOURNE ST,EARL ST,,Minor Arterial,Toronto and East York,Other,Pedestrian Crossover,Clear,"Dark, artificial",Dry,Non-Fatal Injury,Pedestrian Collisions,Pedestrian,65 to 69,Major,,,,,,,Pedestrian hit a PXO/ped. Mid-block signal,"Crossing, Pedestrian Crossover",Normal,,,,Yes,,Yes,,,,,Yes,,,,,,74,North St.James Town,74,North St.James Town (74),D51,"{""coordinates"": [[-79.3753240005709, 43.6687149997351]], ""type"": ""MultiPoint""}",2023
18441,18442,3001288337.0,2023-06-06,731,MOUNT PLEASANT BLOOR RAMP,MOUNT PLEASANT RD,,Major Arterial ,Toronto and East York,Other,Stop Sign,Clear,Daylight,Dry,Fatal,Pedestrian Collisions,Pedestrian,25 to 29,Fatal,15.0,North,,,,,Vehicle turns right while ped crosses with ROW at inter.,Crossing with right of way,Normal,,,,Yes,,Yes,,,,,,,Yes,,,,98,Rosedale-Moore Park,98,Rosedale-Moore Park (98),D53,"{""coordinates"": [[-79.379526999702, 43.6723580002998]], ""type"": ""MultiPoint""}",2023
18442,18443,3001288337.0,2023-06-06,731,MOUNT PLEASANT BLOOR RAMP,MOUNT PLEASANT RD,,Major Arterial ,Toronto and East York,Other,Stop Sign,Clear,Daylight,Dry,Fatal,Pedestrian Collisions,Driver,25 to 29,,,West,Tow Truck,Merging,Failed to Yield Right of Way,Other,,,,,,,Yes,,Yes,,,,,,,Yes,,,,98,Rosedale-Moore Park,98,Rosedale-Moore Park (98),D53,"{""coordinates"": [[-79.379526999702, 43.6723580002998]], ""type"": ""MultiPoint""}",2023
18443,18444,3001292986.0,2023-06-06,1637,ISLINGTON AV,TITAN RD,,Major Arterial,Etobicoke York,Intersection Related,Traffic Signal,Clear,Daylight,Dry,Non-Fatal Injury,Pedestrian Collisions,Driver,65 to 69,,,North,"Automobile, Station Wagon",Going Ahead,Driving Properly,Normal,,,,,,,Yes,,Yes,,,,,,,,,,,16,Stonegate-Queensway,16,Stonegate-Queensway (16),D22,"{""coordinates"": [[-79.5177339995252, 43.6308810000137]], ""type"": ""MultiPoint""}",2023
18444,18445,3001292986.0,2023-06-06,1637,ISLINGTON AV,TITAN RD,,Major Arterial,Etobicoke York,Intersection Related,Traffic Signal,Clear,Daylight,Dry,Non-Fatal Injury,Pedestrian Collisions,Pedestrian,0 to 4,Major,,,,,,,Vehicle is going straight thru inter.while ped cross with ROW,Crossing with right of way,Normal,,,,Yes,,Yes,,,,,,,,,,,16,Stonegate-Queensway,16,Stonegate-Queensway (16),D22,"{""coordinates"": [[-79.5177339995252, 43.6308810000137]], ""type"": ""MultiPoint""}",2023
18445,18446,3001301183.0,2023-06-07,1411,SAWMILL RD,DOLORES RD,150 m South ,Local,North York,Non Intersection,No Control,Clear,Daylight,Dry,Non-Fatal Injury,SMV Other,Truck Driver,60 to 64,Minor,,North,"Truck - Closed (Blazer, etc)",Turning Right,Speed too Fast For Condition,Normal,,,,,,,,,,,Yes,,,Yes,Yes,Yes,,,,25,Glenfield-Jane Heights,25,Glenfield-Jane Heights (25),D31,"{""coordinates"": [[-79.5087239998983, 43.7471300001591]], ""type"": ""MultiPoint""}",2023
18446,18447,3001301183.0,2023-06-07,1411,SAWMILL RD,DOLORES RD,150 m South ,Local,North York,Non Intersection,No Control,Clear,Daylight,Dry,Non-Fatal Injury,SMV Other,Passenger,35 to 39,Major,,,,,,,,,,,,,,,,,Yes,,,Yes,Yes,Yes,,,,25,Glenfield-Jane Heights,25,Glenfield-Jane Heights (25),D31,"{""coordinates"": [[-79.5087239998983, 43.7471300001591]], ""type"": ""MultiPoint""}",2023
18447,18448,3001303438.0,2023-06-07,1810,FOREST HILL RD,HEATH ST W,,,,Intersection Related,Stop Sign,Clear,Daylight,Dry,Non-Fatal Injury,Cyclist Collisions,Cyclist,20 to 24,Major,,East,Bicycle,Going Ahead,,,,,,,Disobeyed Traffic Control,Normal,,Yes,Yes,,,,,,,,,,,96,Casa Loma,96,Casa Loma (96),D53,"{""coordinates"": [[-79.4040259999479, 43.6883769996331]], ""type"": ""MultiPoint""}",2023
18448,18449,3001303438.0,2023-06-07,1810,FOREST HILL RD,HEATH ST W,,,,Intersection Related,Stop Sign,Clear,Daylight,Dry,Non-Fatal Injury,Cyclist Collisions,Driver,45 to 49,,,North,"Automobile, Station Wagon",Going Ahead,Driving Properly,Normal,,,,,,,,Yes,Yes,,,,,,,,,,,96,Casa Loma,96,Casa Loma (96),D53,"{""coordinates"": [[-79.4040259999479, 43.6883769996331]], ""type"": ""MultiPoint""}",2023
18449,18450,3001305596.0,2023-06-08,18,BATHURST ST,STADACONA DR,47 m North o,Major Arterial,North York,Non Intersection,No Control,Clear,"Dark, artificial",Dry,Non-Fatal Injury,Turning Movement,Driver,35 to 39,Major,,South,"Automobile, Station Wagon",Making U Turn,Improper Turn,Normal,,,,,,,,,Yes,,,,,,,,,,,32,Englemount-Lawrence,32,Englemount-Lawrence (32),D32,"{""coordinates"": [[-79.4334059994595, 43.7349189999659]], ""type"": ""MultiPoint""}",2023
18450,18451,3001307011.0,2023-06-08,742,WOODBINE AV,GERRARD ST E,,Major Arterial,Toronto and East York,Intersection Related,Traffic Signal,Clear,Daylight,Dry,Non-Fatal Injury,Pedestrian Collisions,Truck Driver,40 to 44,,,North,Truck - Dump,Turning Right,Improper Turn,,,,,,,,Yes,,,,Yes,,,,,,,,,62,East End-Danforth,62,East End-Danforth (62),D55,"{""coordinates"": [[-79.3107249999681, 43.6807960003894]], ""type"": ""MultiPoint""}",2023
18451,18452,3001307011.0,2023-06-08,742,WOODBINE AV,GERRARD ST E,,Major Arterial,Toronto and East York,Intersection Related,Traffic Signal,Clear,Daylight,Dry,Non-Fatal Injury,Pedestrian Collisions,Pedestrian,50 to 54,Major,,,,,,,Pedestrian involved in a collision with transit vehicle anywhere along roadway,On Sidewalk or Shoulder,Normal,,,,Yes,,,,Yes,,,,,,,,,62,East End-Danforth,62,East End-Danforth (62),D55,"{""coordinates"": [[-79.3107249999681, 43.6807960003894]], ""type"": ""MultiPoint""}",2023
18452,18453,3001320528.0,2023-06-09,1736,YONGE ST,GOULD ST,15 m North o,Major Arterial,Toronto and East York,Intersection Related,Traffic Signal,Clear,Daylight,Dry,Non-Fatal Injury,Cyclist Collisions,Driver,45 to 49,,,North,"Bus (Other) (Go Bus, Gray Coa",Overtaking,Improper Passing,Normal,,,,,,,,Yes,,,,Yes,,,,Yes,,,,168,Downtown Yonge East,75,Church-Yonge Corridor (75),D51,"{""coordinates"": [[-79.3813280004654, 43.6574009998554]], ""type"": ""MultiPoint""}",2023
18453,18454,3001320528.0,2023-06-09,1736,YONGE ST,GOULD ST,15 m North o,Major Arterial,Toronto and East York,Intersection Related,Traffic Signal,Clear,Daylight,Dry,Non-Fatal Injury,Cyclist Collisions,Cyclist,35 to 39,Major,,North,Bicycle,Going Ahead,,,,,,"Motorist without ROW drives into path of cyclist at inter, lnwy, dwy-Driver not turn.",Driving Properly,Normal,,Yes,,,,Yes,,,,Yes,,,,168,Downtown Yonge East,75,Church-Yonge Corridor (75),D51,"{""coordinates"": [[-79.3813280004654, 43.6574009998554]], ""type"": ""MultiPoint""}",2023
18454,18455,3001327997.0,2023-06-10,1453,205 CHURCH ST,Uphill Ave,2 m South of,Collector,Toronto and East York,Non Intersection,No Control,Clear,Daylight,Dry,Non-Fatal Injury,Pedestrian Collisions,Driver,80 to 84,,,North,Pick Up Truck,Reversing,Other,Normal,,,,,,,Yes,,Yes,,,,,,,,,,,113,Weston,113,Weston (113),D12,"{""coordinates"": [[-79.5085399998184, 43.7085859996519]], ""type"": ""MultiPoint""}",2023
18455,18456,3001327997.0,2023-06-10,1453,205 CHURCH ST,Uphill Ave,2 m South of,Collector,Toronto and East York,Non Intersection,No Control,Clear,Daylight,Dry,Non-Fatal Injury,Pedestrian Collisions,Pedestrian,70 to 74,Major,,,,,,,Vehicle is reversing and hits pedestrian,On Sidewalk or Shoulder,Other,,,,Yes,,Yes,,,,,,,,,,,113,Weston,113,Weston (113),D12,"{""coordinates"": [[-79.5085399998184, 43.7085859996519]], ""type"": ""MultiPoint""}",2023
18456,18457,3001328893.0,2023-06-10,1630,DUPONT ST,HURON ST,,Minor Arterial,Toronto and East York,Intersection Related,Traffic Signal,Clear,Daylight,Dry,Non-Fatal Injury,Turning Movement,Driver,45 to 49,,,North,"Automobile, Station Wagon",Turning Left,Improper Turn,Normal,,,,,,,,,Yes,,,,,,,,,,,95,Annex,95,Annex (95),D53,"{""coordinates"": [[-79.4047119994341, 43.6753760000503]], ""type"": ""MultiPoint""}",2023
18457,18458,3001328893.0,2023-06-10,1630,DUPONT ST,HURON ST,,Minor Arterial,Toronto and East York,Intersection Related,Traffic Signal,Clear,Daylight,Dry,Non-Fatal Injury,Turning Movement,Driver,60 to 64,Major,,South,"Automobile, Station Wagon",Going Ahead,Driving Properly,Normal,,,,,,,,,Yes,,,,,,,,,,,95,Annex,95,Annex (95),D53,"{""coordinates"": [[-79.4047119994341, 43.6753760000503]], ""type"": ""MultiPoint""}",2023
18458,18459,3001330203.0,2023-06-10,1859,LAWRENCE AVE E,THE DON WAY E,,Major Arterial,North York,Intersection Related,Traffic Signal,Clear,"Dusk, artificial",Dry,Non-Fatal Injury,Turning Movement,Driver,60 to 64,,,West,"Automobile, Station Wagon",Turning Left,Failed to Yield Right of Way,Normal,,,,,,,,,Yes,Yes,,,,,,Yes,,,,42,Banbury-Don Mills,42,Banbury-Don Mills (42),D33,"{""coordinates"": [[-79.3409379996144, 43.7377039997332]], ""type"": ""MultiPoint""}",2023
18459,18460,3001330203.0,2023-06-10,1859,LAWRENCE AVE E,THE DON WAY E,,Major Arterial,North York,Intersection Related,Traffic Signal,Clear,"Dusk, artificial",Dry,Non-Fatal Injury,Turning Movement,Motorcycle Driver,25 to 29,Major,,East,Motorcycle,Going Ahead,Driving Properly,Normal,,,,,,,,,Yes,Yes,,,,,,Yes,,,,42,Banbury-Don Mills,42,Banbury-Don Mills (42),D33,"{""coordinates"": [[-79.3409379996144, 43.7377039997332]], ""type"": ""MultiPoint""}",2023
18460,18461,3001334130.0,2023-06-11,727,1738 ISLINGTON AV,EGLINTON AVENUE,140 m South ,Major Arterial,Etobicoke York,Non Intersection,No Control,Clear,Daylight,Dry,Non-Fatal Injury,Approaching,Driver,30 to 34,Minor,,South,"Automobile, Station Wagon",Going Ahead,Lost control,Unknown,,,,,,,,,Yes,,,,,,,,,,,10,Princess-Rosethorn,10,Princess-Rosethorn (10),D22,"{""coordinates"": [[-79.5380429997471, 43.6776760004452]], ""type"": ""MultiPoint""}",2023
18461,18462,3001334130.0,2023-06-11,727,1738 ISLINGTON AV,EGLINTON AVENUE,140 m South ,Major Arterial,Etobicoke York,Non Intersection,No Control,Clear,Daylight,Dry,Non-Fatal Injury,Approaching,Driver,20 to 24,Major,,North,"Automobile, Station Wagon",Going Ahead,Driving Properly,Normal,,,,,,,,,Yes,,,,,,,,,,,10,Princess-Rosethorn,10,Princess-Rosethorn (10),D22,"{""coordinates"": [[-79.5380429997471, 43.6776760004452]], ""type"": ""MultiPoint""}",2023
18462,18463,3001338095.0,2023-06-11,1735,KEELE ST,ROGERS RD,2 m South of,Major Arterial,Toronto and East York,Intersection Related,Traffic Signal,Clear,Daylight,Dry,Non-Fatal Injury,Turning Movement,Driver,20 to 24,,,North,"Automobile, Station Wagon",Turning Left,Improper Turn,Normal,,,,,,,,,Yes,Yes,,,,,,,,,,110,Keelesdale-Eglinton West,110,Keelesdale-Eglinton West (110),D12,"{""coordinates"": [[-79.4715610004998, 43.6821429995788]], ""type"": ""MultiPoint""}",2023
18463,18464,3001338095.0,2023-06-11,1735,KEELE ST,ROGERS RD,2 m South of,Major Arterial,Toronto and East York,Intersection Related,Traffic Signal,Clear,Daylight,Dry,Non-Fatal Injury,Turning Movement,Motorcycle Driver,30 to 34,Major,,South,Motorcycle,Going Ahead,Other,Normal,,,,,,,,,Yes,Yes,,,,,,,,,,110,Keelesdale-Eglinton West,110,Keelesdale-Eglinton West (110),D12,"{""coordinates"": [[-79.4715610004998, 43.6821429995788]], ""type"": ""MultiPoint""}",2023
18464,18465,3001338848.0,2023-06-11,1912,SHAW ST,QUEEN ST W,30 m South o,Collector,Toronto and East York,Non Intersection,,Rain,Daylight,Wet,Non-Fatal Injury,SMV Other,Motorcycle Driver,40 to 44,Major,,North,Motorcycle,Going Ahead,Driving Properly,Normal,,,,,,,,,,Yes,,,,,,,,,,162,West Queen West,82,Niagara (82),D14,"{""coordinates"": [[-79.4162090002943, 43.6444690001247]], ""type"": ""MultiPoint""}",2023
18465,18466,3001342046.0,2023-06-12,805,KIPLING AV,BURNHAMTHORPE RD,8 m South of,Major Arterial,Etobicoke York,Intersection Related,Traffic Signal,Rain,Daylight,Wet,Non-Fatal Injury,Pedestrian Collisions,Driver,50 to 54,,,South,"Automobile, Station Wagon",Going Ahead,Driving Properly,Normal,,,,,,,Yes,,Yes,,,,,Yes,,Yes,,,,158,Islington,14,Islington-City Centre West (14),D22,"{""coordinates"": [[-79.5393630001188, 43.6509839998988]], ""type"": ""MultiPoint""}",2023
18466,18467,3001342046.0,2023-06-12,805,KIPLING AV,BURNHAMTHORPE RD,8 m South of,Major Arterial,Etobicoke York,Intersection Related,Traffic Signal,Rain,Daylight,Wet,Non-Fatal Injury,Pedestrian Collisions,Pedestrian,10 to 14,Major,,,,,,,Vehicle is going straight thru inter.while ped cross with ROW,Crossing without right of way,Normal,,,,Yes,,Yes,,,,,Yes,,Yes,,,,158,Islington,14,Islington-City Centre West (14),D22,"{""coordinates"": [[-79.5393630001188, 43.6509839998988]], ""type"": ""MultiPoint""}",2023
18467,18468,3001342046.0,2023-06-12,805,KIPLING AV,BURNHAMTHORPE RD,8 m South of,Major Arterial,Etobicoke York,Intersection Related,Traffic Signal,Rain,Daylight,Wet,Non-Fatal Injury,Pedestrian Collisions,Passenger,15 to 19,,,,,,,,,,,,,,Yes,,Yes,,,,,Yes,,Yes,,,,158,Islington,14,Islington-City Centre West (14),D22,"{""coordinates"": [[-79.5393630001188, 43.6509839998988]], ""type"": ""MultiPoint""}",2023
18468,18469,3001346279.0,2023-06-12,1625,MOUNT PLEASANT RD,EGLINTON AV E,20 m West of,Major Arterial,Toronto and East York,Intersection Related,Traffic Signal,Rain,Daylight,Wet,Non-Fatal Injury,Pedestrian Collisions,Driver,45 to 49,,,South,"Automobile, Station Wagon",Going Ahead,Driving Properly,Normal,,,,,,,Yes,,Yes,,,,,,,,,,,99,Mount Pleasant East,99,Mount Pleasant East (99),D53,"{""coordinates"": [[-79.3901699998649, 43.7084149999422]], ""type"": ""MultiPoint""}",2023
18469,18470,3001346279.0,2023-06-12,1625,MOUNT PLEASANT RD,EGLINTON AV E,20 m West of,Major Arterial,Toronto and East York,Intersection Related,Traffic Signal,Rain,Daylight,Wet,Non-Fatal Injury,Pedestrian Collisions,Pedestrian,30 to 34,Major,,,,,,,Vehicle is going straight thru inter.while ped cross without ROW,Crossing without right of way,Other,,,,Yes,,Yes,,,,,,,,,,,99,Mount Pleasant East,99,Mount Pleasant East (99),D53,"{""coordinates"": [[-79.3901699998649, 43.7084149999422]], ""type"": ""MultiPoint""}",2023
18470,18471,3001349626.0,2023-06-13,210,FINCH AV W,TORRESDALE AV,60 m West of,Collector,North York,Non Intersection,Traffic Signal,Clear,"Dusk, artificial",Dry,Non-Fatal Injury,Turning Movement,Driver,25 to 29,Minor,,West,"Automobile, Station Wagon",Turning Left,Other,Normal,,,,,,,,,Yes,Yes,,,,,Yes,Yes,,,,35,Westminster-Branson,35,Westminster-Branson (35),D32,"{""coordinates"": [[-79.4511669999369, 43.7728300003588]], ""type"": ""MultiPoint""}",2023