index,_id,ACCNUM,DATE,TIME,STREET1,STREET2,OFFSET,ROAD_CLASS,DISTRICT,ACCLOC,TRAFFCTL,VISIBILITY,LIGHT,RDSFCOND,ACCLASS,IMPACTYPE,INVTYPE,INVAGE,INJURY,FATAL_NO,INITDIR,VEHTYPE,MANOEUVER,DRIVACT,DRIVCOND,PEDTYPE,PEDACT,PEDCOND,CYCLISTYPE,CYCACT,CYCCOND,PEDESTRIAN,CYCLIST,AUTOMOBILE,MOTORCYCLE,TRUCK,TRSN_CITY_VEH,EMERG_VEH,PASSENGER,SPEEDING,AG_DRIV,REDLIGHT,ALCOHOL,DISABILITY,HOOD_158,NEIGHBOURHOOD_158,HOOD_140,NEIGHBOURHOOD_140,DIVISION,geometry,ACCIDENT_YEAR
18471,18472,3001349626.0,2023-06-13,210,FINCH AV W,TORRESDALE AV,60 m West of,Collector,North York,Non Intersection,Traffic Signal,Clear,"Dusk, artificial",Dry,Non-Fatal Injury,Turning Movement,Motorcycle Driver,55 to 59,Major,,East,Motorcycle,Going Ahead,Exceeding Speed Limit,Normal,,,,,,,,,Yes,Yes,,,,,Yes,Yes,,,,35,Westminster-Branson,35,Westminster-Branson (35),D32,"{""coordinates"": [[-79.4511669999369, 43.7728300003588]], ""type"": ""MultiPoint""}",2023
18472,18473,3001362364.0,2023-06-14,1235,EGLINTON AVE E,MASON RD,,Major Arterial,Scarborough,Intersection Related,Traffic Signal,Clear,Daylight,Dry,Fatal,Pedestrian Collisions,Pedestrian,65 to 69,Fatal,16.0,North,,,,,Vehicle turns right while ped crosses with ROW at inter.,Crossing with right of way,Normal,,,,Yes,,Yes,,,,,,,Yes,,,,139,Scarborough Village,139,Scarborough Village (139),D43,"{""coordinates"": [[-79.2251240000742, 43.7417209996277]], ""type"": ""MultiPoint""}",2023
18473,18474,3001362364.0,2023-06-14,1235,EGLINTON AVE E,MASON RD,,Major Arterial,Scarborough,Intersection Related,Traffic Signal,Clear,Daylight,Dry,Fatal,Pedestrian Collisions,Driver,65 to 69,,,East,"Automobile, Station Wagon",Turning Right,Failed to Yield Right of Way,Normal,,,,,,,Yes,,Yes,,,,,,,Yes,,,,139,Scarborough Village,139,Scarborough Village (139),D43,"{""coordinates"": [[-79.2251240000742, 43.7417209996277]], ""type"": ""MultiPoint""}",2023
18474,18475,3001387773.0,2023-06-17,539,KEELE ST,ROGERS RD,64 m North o,Major Arterial,Etobicoke York,Non Intersection,Traffic Signal,Clear,Daylight,Dry,Non-Fatal Injury,Pedestrian Collisions,Driver,70 to 74,,,North,"Automobile, Station Wagon",Pulling Away from Shoulder or Curb,Driving Properly,Normal,,,,,,,Yes,,Yes,,,,,,,,,,,110,Keelesdale-Eglinton West,110,Keelesdale-Eglinton West (110),D12,"{""coordinates"": [[-79.4715989997546, 43.6821360003613]], ""type"": ""MultiPoint""}",2023
18475,18476,3001387773.0,2023-06-17,539,KEELE ST,ROGERS RD,64 m North o,Major Arterial,Etobicoke York,Non Intersection,Traffic Signal,Clear,Daylight,Dry,Non-Fatal Injury,Pedestrian Collisions,Pedestrian,0 to 4,Major,,,,,,,,,Unknown,,,,Yes,,Yes,,,,,,,,,,,110,Keelesdale-Eglinton West,110,Keelesdale-Eglinton West (110),D12,"{""coordinates"": [[-79.4715989997546, 43.6821360003613]], ""type"": ""MultiPoint""}",2023
18476,18477,3001396865.0,2023-06-18,705,LAWRENCE AV E,PHARMACY AV,,,,Intersection Related,Traffic Signal,Clear,Daylight,Dry,Non-Fatal Injury,Angle,Driver,65 to 69,Minimal,,South,"Automobile, Station Wagon",Going Ahead,Disobeyed Traffic Control,Normal,,,,,,,,,Yes,,,,,Yes,,Yes,Yes,,,119,Wexford/Maryvale,119,Wexford/Maryvale (119),D41,"{""coordinates"": [[-79.3046070003552, 43.7432469999512]], ""type"": ""MultiPoint""}",2023
18477,18478,3001396865.0,2023-06-18,705,LAWRENCE AV E,PHARMACY AV,,,,Intersection Related,Traffic Signal,Clear,Daylight,Dry,Non-Fatal Injury,Angle,Driver,50 to 54,Minimal,,West,"Automobile, Station Wagon",Going Ahead,Driving Properly,Normal,,,,,,,,,Yes,,,,,Yes,,Yes,Yes,,,119,Wexford/Maryvale,119,Wexford/Maryvale (119),D41,"{""coordinates"": [[-79.3046070003552, 43.7432469999512]], ""type"": ""MultiPoint""}",2023
18478,18479,3001396865.0,2023-06-18,705,LAWRENCE AV E,PHARMACY AV,,,,Intersection Related,Traffic Signal,Clear,Daylight,Dry,Non-Fatal Injury,Angle,Passenger,60 to 64,Major,,,,,,,,,,,,,,,Yes,,,,,Yes,,Yes,Yes,,,119,Wexford/Maryvale,119,Wexford/Maryvale (119),D41,"{""coordinates"": [[-79.3046070003552, 43.7432469999512]], ""type"": ""MultiPoint""}",2023
18479,18480,3001396865.0,2023-06-18,705,LAWRENCE AV E,PHARMACY AV,,,,Intersection Related,Traffic Signal,Clear,Daylight,Dry,Non-Fatal Injury,Angle,Passenger,20 to 24,Minimal,,,,,,,,,,,,,,,Yes,,,,,Yes,,Yes,Yes,,,119,Wexford/Maryvale,119,Wexford/Maryvale (119),D41,"{""coordinates"": [[-79.3046070003552, 43.7432469999512]], ""type"": ""MultiPoint""}",2023
18480,18481,3001418143.0,2023-06-20,1306,MILNER AVE,MORNINGSIDE AV,200 m West o,Minor Arterial,Scarborough,Non Intersection,No Control,Clear,Daylight,Dry,Non-Fatal Injury,Pedestrian Collisions,Driver,15 to 19,,,West,"Automobile, Station Wagon",Going Ahead,Driving Properly,Unknown,,,,,,,Yes,,Yes,,,,,,,,,,,146,Malvern East,132,Malvern (132),D42,"{""coordinates"": [[-79.2013279994276, 43.7995899996773]], ""type"": ""MultiPoint""}",2023
18481,18482,3001418143.0,2023-06-20,1306,MILNER AVE,MORNINGSIDE AV,200 m West o,Minor Arterial,Scarborough,Non Intersection,No Control,Clear,Daylight,Dry,Non-Fatal Injury,Pedestrian Collisions,Pedestrian,10 to 14,Major,,,,,,,Pedestrian hit at mid-block,Running onto Roadway,Normal,,,,Yes,,Yes,,,,,,,,,,,146,Malvern East,132,Malvern (132),D42,"{""coordinates"": [[-79.2013279994276, 43.7995899996773]], ""type"": ""MultiPoint""}",2023
18482,18483,3001421711.0,2023-06-20,1922,DANFORTH AV,WOODBINE AV,,Major Arterial,Toronto and East York,Intersection Related,Traffic Signal,Clear,"Dark, artificial",Dry,Non-Fatal Injury,Cyclist Collisions,Cyclist,30 to 34,Major,,East,Bicycle,Going Ahead,,,,,,,Driving Properly,Normal,,Yes,Yes,,,,,,,,,,,62,East End-Danforth,62,East End-Danforth (62),D55,"{""coordinates"": [[-79.3127399998357, 43.6855949995722]], ""type"": ""MultiPoint""}",2023
18483,18484,3001421711.0,2023-06-20,1922,DANFORTH AV,WOODBINE AV,,Major Arterial,Toronto and East York,Intersection Related,Traffic Signal,Clear,"Dark, artificial",Dry,Non-Fatal Injury,Cyclist Collisions,Driver,30 to 34,,,South,Pick Up Truck,Going Ahead,Driving Properly,Normal,,,,,,,,Yes,Yes,,,,,,,,,,,62,East End-Danforth,62,East End-Danforth (62),D55,"{""coordinates"": [[-79.3127399998357, 43.6855949995722]], ""type"": ""MultiPoint""}",2023
18484,18485,3001492927.0,2023-06-21,2000,QUEEN ST E,BEECH AV,9 m West of,Minor Arterial,Toronto and East York,Non Intersection,No Control,Clear,Daylight,Dry,Non-Fatal Injury,Cyclist Collisions,Driver,65 to 69,,,West,"Automobile, Station Wagon",Parked,Other,Normal,,,,,,,,Yes,Yes,,,,,,,,,,,63,The Beaches,63,The Beaches (63),D55,"{""coordinates"": [[-79.2872039995779, 43.6726329995633]], ""type"": ""MultiPoint""}",2023
18485,18486,3001492927.0,2023-06-21,2000,QUEEN ST E,BEECH AV,9 m West of,Minor Arterial,Toronto and East York,Non Intersection,No Control,Clear,Daylight,Dry,Non-Fatal Injury,Cyclist Collisions,Cyclist,65 to 69,Major,,West,Bicycle,Going Ahead,,,,,,Cyclist struck opened vehicle door,Driving Properly,Normal,,Yes,Yes,,,,,,,,,,,63,The Beaches,63,The Beaches (63),D55,"{""coordinates"": [[-79.2872039995779, 43.6726329995633]], ""type"": ""MultiPoint""}",2023
18486,18487,3001436521.0,2023-06-22,1100,PARLIAMENT ST,FRONT ST E,3 m South of,Major Arterial,Toronto and East York,Intersection Related,Traffic Signal,Clear,Daylight,Dry,Non-Fatal Injury,Angle,Driver,50 to 54,Minimal,,East,"Bus (Other) (Go Bus, Gray Coa",Going Ahead,Disobeyed Traffic Control,Normal,,,,,,,,,Yes,,,Yes,,,,Yes,Yes,,,166,St Lawrence-East Bayfront-The Islands,73,Moss Park (73),D51,"{""coordinates"": [[-79.3627049997566, 43.6515720004494]], ""type"": ""MultiPoint""}",2023
18487,18488,3001436521.0,2023-06-22,1100,PARLIAMENT ST,FRONT ST E,3 m South of,Major Arterial,Toronto and East York,Intersection Related,Traffic Signal,Clear,Daylight,Dry,Non-Fatal Injury,Angle,Driver,45 to 49,Major,,South,"Automobile, Station Wagon",Going Ahead,Driving Properly,Normal,,,,,,,,,Yes,,,Yes,,,,Yes,Yes,,,166,St Lawrence-East Bayfront-The Islands,73,Moss Park (73),D51,"{""coordinates"": [[-79.3627049997566, 43.6515720004494]], ""type"": ""MultiPoint""}",2023
18488,18489,3001446604.0,2023-06-23,1138,DUFFERIN ST,SYLVAN AV,65 m North o,Major Arterial,Toronto and East York,Intersection Related,Traffic Signal,Clear,Daylight,Dry,Non-Fatal Injury,Pedestrian Collisions,Truck Driver,25 to 29,,,South,Truck - Dump,Going Ahead,Failed to Yield Right of Way,Normal,,,,,,,Yes,,,,Yes,,,,,Yes,,,,83,Dufferin Grove,83,Dufferin Grove (83),D11,"{""coordinates"": [[-79.4333910001723, 43.6547339997081]], ""type"": ""MultiPoint""}",2023
18489,18490,3001446604.0,2023-06-23,1138,DUFFERIN ST,SYLVAN AV,65 m North o,Major Arterial,Toronto and East York,Intersection Related,Traffic Signal,Clear,Daylight,Dry,Non-Fatal Injury,Pedestrian Collisions,Pedestrian,80 to 84,Major,,,,,,,Vehicle is going straight thru inter.while ped cross with ROW,Crossing with right of way,Normal,,,,Yes,,,,Yes,,,,,Yes,,,,83,Dufferin Grove,83,Dufferin Grove (83),D11,"{""coordinates"": [[-79.4333910001723, 43.6547339997081]], ""type"": ""MultiPoint""}",2023
18490,18491,3001448363.0,2023-06-23,1451,SHEPPARD AVE W,BEECROFT RD,,Major Arterial,North York,At Intersection,Traffic Signal,Rain,Daylight,Wet,Non-Fatal Injury,Angle,Driver,40 to 44,,,South,"Automobile, Station Wagon",Going Ahead,Disobeyed Traffic Control,Normal,,,,,,,,,Yes,,,,,,,Yes,Yes,,,38,Lansing-Westgate,38,Lansing-Westgate (38),D32,"{""coordinates"": [[-79.4130889994211, 43.7609319999981]], ""type"": ""MultiPoint""}",2023
18491,18492,3001448363.0,2023-06-23,1451,SHEPPARD AVE W,BEECROFT RD,,Major Arterial,North York,At Intersection,Traffic Signal,Rain,Daylight,Wet,Non-Fatal Injury,Angle,Driver,35 to 39,Major,,East,"Automobile, Station Wagon",Going Ahead,Driving Properly,Normal,,,,,,,,,Yes,,,,,,,Yes,Yes,,,38,Lansing-Westgate,38,Lansing-Westgate (38),D32,"{""coordinates"": [[-79.4130889994211, 43.7609319999981]], ""type"": ""MultiPoint""}",2023
18492,18493,3001452923.0,2023-06-24,31,GARDINER E LOWER JARVIS RAMP,LOWER JARVIS ST,,Expressway Ramp,Toronto and East York,Non Intersection,No Control,Clear,"Dark, artificial",Dry,Fatal,Pedestrian Collisions,Pedestrian,20 to 24,Fatal,17.0,North,,,,,Pedestrian hit at mid-block,Running onto Roadway,Normal,,,,Yes,,,,,,,,,,,,,166,St Lawrence-East Bayfront-The Islands,77,Waterfront Communities-The Island (77),D51,"{""coordinates"": [[-79.369913999708, 43.6454490002351]], ""type"": ""MultiPoint""}",2023
18493,18494,3001452923.0,2023-06-24,31,GARDINER E LOWER JARVIS RAMP,LOWER JARVIS ST,,Expressway Ramp,Toronto and East York,Non Intersection,No Control,Clear,"Dark, artificial",Dry,Fatal,Pedestrian Collisions,Driver,65 to 69,,,East,,Going Ahead,Driving Properly,Normal,,,,,,,Yes,,,,,,,,,,,,,166,St Lawrence-East Bayfront-The Islands,77,Waterfront Communities-The Island (77),D51,"{""coordinates"": [[-79.369913999708, 43.6454490002351]], ""type"": ""MultiPoint""}",2023
18494,18495,3001483428.0,2023-06-27,932,JANE ST,YEWTREE BLVD,,Major Arterial,North York,Intersection Related,Traffic Signal,Clear,Daylight,Dry,Non-Fatal Injury,Pedestrian Collisions,Driver,50 to 54,,,West,"Automobile, Station Wagon",Turning Left,Improper Turn,Normal,,,,,,,Yes,,Yes,,,,,,,,,,,25,Glenfield-Jane Heights,25,Glenfield-Jane Heights (25),D31,"{""coordinates"": [[-79.5170399995554, 43.7548619999809]], ""type"": ""MultiPoint""}",2023
18495,18496,3001483428.0,2023-06-27,932,JANE ST,YEWTREE BLVD,,Major Arterial,North York,Intersection Related,Traffic Signal,Clear,Daylight,Dry,Non-Fatal Injury,Pedestrian Collisions,Pedestrian,45 to 49,Major,,,,,,,Vehicle turns left while ped crosses with ROW at inter.,Crossing with right of way,Normal,,,,Yes,,Yes,,,,,,,,,,,25,Glenfield-Jane Heights,25,Glenfield-Jane Heights (25),D31,"{""coordinates"": [[-79.5170399995554, 43.7548619999809]], ""type"": ""MultiPoint""}",2023
18496,18497,3001489552.0,2023-06-27,2122,EGLINTON AV W,WILLOWRIDGE RD,20 m West of,Major Arterial,Etobicoke York,Intersection Related,Traffic Signal,Clear,"Dark, artificial",Dry,Non-Fatal Injury,SMV Other,Motorcycle Driver,20 to 24,Major,,West,Motorcycle,Turning Left,Lost control,Other,,,,,,,,,,Yes,,,,,,,,,,7,Willowridge-Martingrove-Richview,7,Willowridge-Martingrove-Richview (7),D23,"{""coordinates"": [[-79.5653569998987, 43.6743270002089]], ""type"": ""MultiPoint""}",2023
18497,18498,3001490275.0,2023-06-27,2317,LOWER SIMCOE ST,GRAND TRUNK CRES,22 m South o,Collector,Toronto and East York,Non Intersection,No Control,Clear,"Dark, artificial",Dry,Non-Fatal Injury,Pedestrian Collisions,Pedestrian,30 to 34,Major,,,,,,,Pedestrian hit on sidewalk or shoulder,On Sidewalk or Shoulder,Normal,,,,Yes,,,,,,,,,,,,,165,Harbourfront-CityPlace,77,Waterfront Communities-The Island (77),D52,"{""coordinates"": [[-79.3834719994385, 43.6409980003487]], ""type"": ""MultiPoint""}",2023
18498,18499,3001492664.0,2023-06-28,914,WESTON RD,CORONADO CT,95 m North o,Major Arterial,North York,Intersection Related,Traffic Signal,Clear,Daylight,Dry,Non-Fatal Injury,SMV Other,Driver,25 to 29,,,North,Intercity Bus,Slowing or Stopping,Driving Properly,Normal,,,,,,,,,,,,Yes,,Yes,,,,,,22,Humbermede,22,Humbermede (22),D31,"{""coordinates"": [[-79.5397600004484, 43.7402449999379]], ""type"": ""MultiPoint""}",2023
18499,18500,3001492664.0,2023-06-28,914,WESTON RD,CORONADO CT,95 m North o,Major Arterial,North York,Intersection Related,Traffic Signal,Clear,Daylight,Dry,Non-Fatal Injury,SMV Other,Passenger,70 to 74,Major,,,,,,,,,,,,,,,,,,Yes,,Yes,,,,,,22,Humbermede,22,Humbermede (22),D31,"{""coordinates"": [[-79.5397600004484, 43.7402449999379]], ""type"": ""MultiPoint""}",2023
18500,18501,3001494486.0,2023-06-28,1230,LAKE SHORE BV E,LOWER JARVIS ST,4 m North of,Major Arterial,Toronto and East York,Intersection Related,Traffic Signal,Clear,Daylight,Dry,Non-Fatal Injury,Turning Movement,Driver,80 to 84,,,East,"Automobile, Station Wagon",Turning Right,Disobeyed Traffic Control,Other,,,,,,,,,Yes,,,,,Yes,,Yes,Yes,,,166,St Lawrence-East Bayfront-The Islands,77,Waterfront Communities-The Island (77),D51,"{""coordinates"": [[-79.3697919998698, 43.6455480001182]], ""type"": ""MultiPoint""}",2023
18501,18502,3001494486.0,2023-06-28,1230,LAKE SHORE BV E,LOWER JARVIS ST,4 m North of,Major Arterial,Toronto and East York,Intersection Related,Traffic Signal,Clear,Daylight,Dry,Non-Fatal Injury,Turning Movement,Driver,25 to 29,Major,,East,Passenger Van,Turning Right,Driving Properly,Normal,,,,,,,,,Yes,,,,,Yes,,Yes,Yes,,,166,St Lawrence-East Bayfront-The Islands,77,Waterfront Communities-The Island (77),D51,"{""coordinates"": [[-79.3697919998698, 43.6455480001182]], ""type"": ""MultiPoint""}",2023
18502,18503,3001494486.0,2023-06-28,1230,LAKE SHORE BV E,LOWER JARVIS ST,4 m North of,Major Arterial,Toronto and East York,Intersection Related,Traffic Signal,Clear,Daylight,Dry,Non-Fatal Injury,Turning Movement,Passenger,50 to 54,,,,,,,,,,,,,,,,Yes,,,,,Yes,,Yes,Yes,,,166,St Lawrence-East Bayfront-The Islands,77,Waterfront Communities-The Island (77),D51,"{""coordinates"": [[-79.3697919998698, 43.6455480001182]], ""type"": ""MultiPoint""}",2023
18503,18504,3001494486.0,2023-06-28,1230,LAKE SHORE BV E,LOWER JARVIS ST,4 m North of,Major Arterial,Toronto and East York,Intersection Related,Traffic Signal,Clear,Daylight,Dry,Non-Fatal Injury,Turning Movement,Passenger,15 to 19,,,,,,,,,,,,,,,,Yes,,,,,Yes,,Yes,Yes,,,166,St Lawrence-East Bayfront-The Islands,77,Waterfront Communities-The Island (77),D51,"{""coordinates"": [[-79.3697919998698, 43.6455480001182]], ""type"": ""MultiPoint""}",2023
18504,18505,3001494486.0,2023-06-28,1230,LAKE SHORE BV E,LOWER JARVIS ST,4 m North of,Major Arterial,Toronto and East York,Intersection Related,Traffic Signal,Clear,Daylight,Dry,Non-Fatal Injury,Turning Movement,Passenger,80 to 84,,,,,,,,,,,,,,,,Yes,,,,,Yes,,Yes,Yes,,,166,St Lawrence-East Bayfront-The Islands,77,Waterfront Communities-The Island (77),D51,"{""coordinates"": [[-79.3697919998698, 43.6455480001182]], ""type"": ""MultiPoint""}",2023
18505,18506,3001497037.0,2023-06-28,1705,26 GERRARD ST E,YONGE ST,50 m West of,Minor Arterial,Toronto and East York,Non Intersection,No Control,Clear,Daylight,Dry,Non-Fatal Injury,Cyclist Collisions,Cyclist,35 to 39,Major,,East,Bicycle,Going Ahead,,,,,,Cyclist and Driver travelling in same direction. One vehicle sideswipes the other.,Lost control,Normal,,Yes,Yes,,,,,,,,,,,168,Downtown Yonge East,75,Church-Yonge Corridor (75),D51,"{""coordinates"": [[-79.381556999413, 43.6592049997233]], ""type"": ""MultiPoint""}",2023
18506,18507,3001497037.0,2023-06-28,1705,26 GERRARD ST E,YONGE ST,50 m West of,Minor Arterial,Toronto and East York,Non Intersection,No Control,Clear,Daylight,Dry,Non-Fatal Injury,Cyclist Collisions,Driver,55 to 59,,,East,Pick Up Truck,Stopped,Driving Properly,Normal,,,,,,,,Yes,Yes,,,,,,,,,,,168,Downtown Yonge East,75,Church-Yonge Corridor (75),D51,"{""coordinates"": [[-79.381556999413, 43.6592049997233]], ""type"": ""MultiPoint""}",2023
18507,18508,4000062087.0,2023-06-28,2315,WOLFE AV,COMMONWEALTH AV,5 m West of,,,Intersection Related,Traffic Signal,Clear,"Dark, artificial",Dry,Non-Fatal Injury,,Driver,unknown,,,East,"Automobile, Station Wagon",Overtaking,Improper Passing,,,,,,,,,,Yes,Yes,,,,,,Yes,,,,124,Kennedy Park,124,Kennedy Park (124),D41,"{""coordinates"": [[-79.253650000356, 43.7274280001604]], ""type"": ""MultiPoint""}",2023
18508,18509,4000062087.0,2023-06-28,2315,WOLFE AV,COMMONWEALTH AV,5 m West of,,,Intersection Related,Traffic Signal,Clear,"Dark, artificial",Dry,Non-Fatal Injury,,Motorcycle Driver,60 to 64,Major,,East,Motorcycle,Slowing or Stopping,Driving Properly,Normal,,,,,,,,,Yes,Yes,,,,,,Yes,,,,124,Kennedy Park,124,Kennedy Park (124),D41,"{""coordinates"": [[-79.253650000356, 43.7274280001604]], ""type"": ""MultiPoint""}",2023
18509,18510,3001500863.0,2023-06-29,630,DON VALLEY PKWY N,LAWRENCE W DVP N RAMP,49 m East of,Expressway Ramp,North York,Non Intersection,No Control,Clear,Daylight,Dry,Non-Fatal Injury,SMV Other,Driver,40 to 44,Major,,North,"Automobile, Station Wagon",Turning Right,Lost control,Normal,,,,,,,,,Yes,,,,,,,,,,,149,Parkwoods-O'Connor Hills,45,Parkwoods-Donalda (45),D33,"{""coordinates"": [[-79.332079999954, 43.7424070001126]], ""type"": ""MultiPoint""}",2023
18510,18511,3001506035.0,2023-06-29,1650,SPADINA AV,BALDWIN ST,100 m North ,Major Arterial,Toronto and East York,Non Intersection,No Control,Clear,Daylight,Dry,Non-Fatal Injury,Pedestrian Collisions,Motorcycle Driver,25 to 29,,,North,Motorcycle,Going Ahead,Driving Properly,Normal,,,,,,,Yes,,,Yes,,,,,,,,,,78,Kensington-Chinatown,78,Kensington-Chinatown (78),D14,"{""coordinates"": [[-79.3989670001147, 43.6552229996666]], ""type"": ""MultiPoint""}",2023
18511,18512,3001506035.0,2023-06-29,1650,SPADINA AV,BALDWIN ST,100 m North ,Major Arterial,Toronto and East York,Non Intersection,No Control,Clear,Daylight,Dry,Non-Fatal Injury,Pedestrian Collisions,Pedestrian,70 to 74,Major,,,,,,,Pedestrian hit at mid-block,"Crossing, no Traffic Control",Normal,,,,Yes,,,Yes,,,,,,,,,,78,Kensington-Chinatown,78,Kensington-Chinatown (78),D14,"{""coordinates"": [[-79.3989670001147, 43.6552229996666]], ""type"": ""MultiPoint""}",2023
18512,18513,3001508922.0,2023-06-29,2310,KENNEDY RD,FINCH AV,5 m North of,,,Intersection Related,Traffic Signal,Clear,"Dark, artificial",Dry,Non-Fatal Injury,Pedestrian Collisions,Driver,45 to 49,,,North,"Automobile, Station Wagon",Going Ahead,Driving Properly,Normal,,,,,,,Yes,,Yes,,,,,,,,,,,130,Milliken,130,Milliken (130),D42,"{""coordinates"": [[-79.2964739998749, 43.8013909999413]], ""type"": ""MultiPoint""}",2023
18513,18514,3001508922.0,2023-06-29,2310,KENNEDY RD,FINCH AV,5 m North of,,,Intersection Related,Traffic Signal,Clear,"Dark, artificial",Dry,Non-Fatal Injury,Pedestrian Collisions,Pedestrian,45 to 49,Major,,,,,,,,,Unknown,,,,Yes,,Yes,,,,,,,,,,,130,Milliken,130,Milliken (130),D42,"{""coordinates"": [[-79.2964739998749, 43.8013909999413]], ""type"": ""MultiPoint""}",2023
18514,18515,3001514208.0,2023-06-30,1444,MCCOWAN RD,ELLESMERE RD,50 m East of,Major Arterial,Scarborough,Non Intersection,No Control,Clear,Daylight,Dry,Non-Fatal Injury,Rear End,Driver,40 to 44,Major,,West,"Automobile, Station Wagon",Going Ahead,Other,Other,,,,,,,,,Yes,,,,,,,,,,,142,Woburn North,137,Woburn (137),D43,"{""coordinates"": [[-79.2508419998962, 43.772193000303]], ""type"": ""MultiPoint""}",2023
18515,18516,3001514208.0,2023-06-30,1444,MCCOWAN RD,ELLESMERE RD,50 m East of,Major Arterial,Scarborough,Non Intersection,No Control,Clear,Daylight,Dry,Non-Fatal Injury,Rear End,Driver,70 to 74,,,West,"Automobile, Station Wagon",Slowing or Stopping,Driving Properly,Normal,,,,,,,,,Yes,,,,,,,,,,,142,Woburn North,137,Woburn (137),D43,"{""coordinates"": [[-79.2508419998962, 43.772193000303]], ""type"": ""MultiPoint""}",2023
18516,18517,3001514707.0,2023-06-30,1537,KENNEDY RD,WICKWARE GT,,,,Intersection Related,Traffic Signal,Clear,Daylight,Dry,Non-Fatal Injury,Pedestrian Collisions,Driver,30 to 34,,,North,"Automobile, Station Wagon",Going Ahead,Driving Properly,Normal,,,,,,,Yes,,Yes,,,,,,,,,,,126,Dorset Park,126,Dorset Park (126),D41,"{""coordinates"": [[-79.2762560005851, 43.7532300001866]], ""type"": ""MultiPoint""}",2023
18517,18518,3001514707.0,2023-06-30,1537,KENNEDY RD,WICKWARE GT,,,,Intersection Related,Traffic Signal,Clear,Daylight,Dry,Non-Fatal Injury,Pedestrian Collisions,Pedestrian,15 to 19,Major,,,,,,,,,Unknown,,,,Yes,,Yes,,,,,,,,,,,126,Dorset Park,126,Dorset Park (126),D41,"{""coordinates"": [[-79.2762560005851, 43.7532300001866]], ""type"": ""MultiPoint""}",2023
18518,18519,3001524851.0,2023-07-01,1840,BROCK AV,CROATIA ST,,,,Intersection Related,Stop Sign,Clear,Daylight,Dry,Non-Fatal Injury,Pedestrian Collisions,Driver,50 to 54,,,North,"Automobile, Station Wagon",Going Ahead,Failed to Yield Right of Way,Normal,,,,,,,Yes,,Yes,,,,,,,Yes,,,,83,Dufferin Grove,83,Dufferin Grove (83),D11,"{""coordinates"": [[-79.4385259996801, 43.6575769999648]], ""type"": ""MultiPoint""}",2023
18519,18520,3001524851.0,2023-07-01,1840,BROCK AV,CROATIA ST,,,,Intersection Related,Stop Sign,Clear,Daylight,Dry,Non-Fatal Injury,Pedestrian Collisions,Pedestrian,70 to 74,Major,,,,,,,,,Unknown,,,,Yes,,Yes,,,,,,,Yes,,,,83,Dufferin Grove,83,Dufferin Grove (83),D11,"{""coordinates"": [[-79.4385259996801, 43.6575769999648]], ""type"": ""MultiPoint""}",2023
18520,18521,3001535064.0,2023-07-03,26,MORNINGSIDE AVE,MORNINGVIEW TRL,,Minor Arterial,Scarborough,Non Intersection,No Control,Clear,"Dark, artificial",Dry,Fatal,Pedestrian Collisions,Pedestrian,35 to 39,Fatal,18.0,West,,,,,Pedestrian hit at mid-block,Crossing without right of way,Other,,,,Yes,,,,,,,,,,,Yes,,146,Malvern East,132,Malvern (132),D42,"{""coordinates"": [[-79.2045549995592, 43.8121859997803]], ""type"": ""MultiPoint""}",2023
18521,18522,3001535064.0,2023-07-03,26,MORNINGSIDE AVE,MORNINGVIEW TRL,,Minor Arterial,Scarborough,Non Intersection,No Control,Clear,"Dark, artificial",Dry,Fatal,Pedestrian Collisions,Driver,25 to 29,,,North,,Going Ahead,Driving Properly,"Ability Impaired, Alcohol Over .08",,,,,,,Yes,,,,,,,,,,,Yes,,146,Malvern East,132,Malvern (132),D42,"{""coordinates"": [[-79.2045549995592, 43.8121859997803]], ""type"": ""MultiPoint""}",2023
18522,18523,3001543521.0,2023-07-04,21,ADELAIDE ST W,SPADINA AV,,Major Arterial,North York,Intersection Related,Traffic Signal,Clear,"Dark, artificial",Dry,Non-Fatal Injury,Cyclist Collisions,Driver,25 to 29,,,East,"Automobile, Station Wagon",Going Ahead,Exceeding Speed Limit,Normal,,,,,,,,Yes,Yes,,,,,,Yes,Yes,,,,164,Wellington Place,77,Waterfront Communities-The Island (77),D52,"{""coordinates"": [[-79.3955339999134, 43.6467419999356]], ""type"": ""MultiPoint""}",2023
18523,18524,3001543521.0,2023-07-04,21,ADELAIDE ST W,SPADINA AV,,Major Arterial,North York,Intersection Related,Traffic Signal,Clear,"Dark, artificial",Dry,Non-Fatal Injury,Cyclist Collisions,Cyclist,35 to 39,Major,,South,Bicycle,Going Ahead,,,,,,"Motorist without ROW drives into path of cyclist at inter, lnwy, dwy-Driver not turn.",,Unknown,,Yes,Yes,,,,,,Yes,Yes,,,,164,Wellington Place,77,Waterfront Communities-The Island (77),D52,"{""coordinates"": [[-79.3955339999134, 43.6467419999356]], ""type"": ""MultiPoint""}",2023
18524,18525,3001553842.0,2023-07-05,235,EGLINTON AV W,OAKWOOD AV,83 m West of,,,Non Intersection,Traffic Signal,Clear,"Dark, artificial",Dry,Non-Fatal Injury,Turning Movement,Driver,35 to 39,,,West,"Automobile, Station Wagon",Turning Left,Driving Properly,Normal,,,,,,,,,Yes,Yes,,,,Yes,,,,,,107,Oakwood Village,107,Oakwood Village (107),D13,"{""coordinates"": [[-79.4437440006188, 43.6970859998966]], ""type"": ""MultiPoint""}",2023