index,_id,ACCNUM,DATE,TIME,STREET1,STREET2,OFFSET,ROAD_CLASS,DISTRICT,ACCLOC,TRAFFCTL,VISIBILITY,LIGHT,RDSFCOND,ACCLASS,IMPACTYPE,INVTYPE,INVAGE,INJURY,FATAL_NO,INITDIR,VEHTYPE,MANOEUVER,DRIVACT,DRIVCOND,PEDTYPE,PEDACT,PEDCOND,CYCLISTYPE,CYCACT,CYCCOND,PEDESTRIAN,CYCLIST,AUTOMOBILE,MOTORCYCLE,TRUCK,TRSN_CITY_VEH,EMERG_VEH,PASSENGER,SPEEDING,AG_DRIV,REDLIGHT,ALCOHOL,DISABILITY,HOOD_158,NEIGHBOURHOOD_158,HOOD_140,NEIGHBOURHOOD_140,DIVISION,geometry,ACCIDENT_YEAR
18525,18526,3001553842.0,2023-07-05,235,EGLINTON AV W,OAKWOOD AV,83 m West of,,,Non Intersection,Traffic Signal,Clear,"Dark, artificial",Dry,Non-Fatal Injury,Turning Movement,Motorcycle Driver,35 to 39,,,West,Motorcycle,Going Ahead,,Unknown,,,,,,,,,Yes,Yes,,,,Yes,,,,,,107,Oakwood Village,107,Oakwood Village (107),D13,"{""coordinates"": [[-79.4437440006188, 43.6970859998966]], ""type"": ""MultiPoint""}",2023
18526,18527,3001553842.0,2023-07-05,235,EGLINTON AV W,OAKWOOD AV,83 m West of,,,Non Intersection,Traffic Signal,Clear,"Dark, artificial",Dry,Non-Fatal Injury,Turning Movement,Motorcycle Passenger,20 to 24,Major,,,,,,,,,,,,,,,Yes,Yes,,,,Yes,,,,,,107,Oakwood Village,107,Oakwood Village (107),D13,"{""coordinates"": [[-79.4437440006188, 43.6970859998966]], ""type"": ""MultiPoint""}",2023
18527,18528,3001556354.0,2023-07-05,1028,WESTON RD,HIGHWAY 401 X W,,Major Arterial ,North York,Intersection Related,Traffic Signal,Clear,Daylight,Dry,Non-Fatal Injury,Cyclist Collisions,Driver,50 to 54,,,West,"Automobile, Station Wagon",Turning Right,Improper Turn,Other,,,,,,,,Yes,Yes,,,,,Yes,,,,,,23,Pelmo Park-Humberlea,23,Pelmo Park-Humberlea (23),D31,"{""coordinates"": [[-79.5361509995998, 43.7133929995654]], ""type"": ""MultiPoint""}",2023
18528,18529,3001556354.0,2023-07-05,1028,WESTON RD,HIGHWAY 401 X W,,Major Arterial ,North York,Intersection Related,Traffic Signal,Clear,Daylight,Dry,Non-Fatal Injury,Cyclist Collisions,Cyclist,20 to 24,Major,,South,Bicycle,Going Ahead,,,,,,Motorist turning right on green or amber at signalized intersection strikes cyclist.,Driving Properly,Normal,,Yes,Yes,,,,,Yes,,,,,,23,Pelmo Park-Humberlea,23,Pelmo Park-Humberlea (23),D31,"{""coordinates"": [[-79.5361509995998, 43.7133929995654]], ""type"": ""MultiPoint""}",2023
18529,18530,3001556354.0,2023-07-05,1028,WESTON RD,HIGHWAY 401 X W,,Major Arterial ,North York,Intersection Related,Traffic Signal,Clear,Daylight,Dry,Non-Fatal Injury,Cyclist Collisions,Passenger,80 to 84,,,,,,,,,,,,,,,Yes,Yes,,,,,Yes,,,,,,23,Pelmo Park-Humberlea,23,Pelmo Park-Humberlea (23),D31,"{""coordinates"": [[-79.5361509995998, 43.7133929995654]], ""type"": ""MultiPoint""}",2023
18530,18531,3001558655.0,2023-07-05,1420,THE EAST ML,THE QUEENSWAY,,Minor Arterial,Etobicoke York,Intersection Related,Traffic Signal,Clear,Daylight,Dry,Non-Fatal Injury,Turning Movement,Driver,55 to 59,,,North,"Automobile, Station Wagon",Turning Left,Improper Turn,Normal,,,,,,,,,Yes,,,,,,,,,,,159,Etobicoke City Centre,14,Islington-City Centre West (14),D22,"{""coordinates"": [[-79.5462599999529, 43.6164269996506]], ""type"": ""MultiPoint""}",2023
18531,18532,3001558655.0,2023-07-05,1420,THE EAST ML,THE QUEENSWAY,,Minor Arterial,Etobicoke York,Intersection Related,Traffic Signal,Clear,Daylight,Dry,Non-Fatal Injury,Turning Movement,Driver,60 to 64,Major,,South,"Automobile, Station Wagon",Going Ahead,Driving Properly,Normal,,,,,,,,,Yes,,,,,,,,,,,159,Etobicoke City Centre,14,Islington-City Centre West (14),D22,"{""coordinates"": [[-79.5462599999529, 43.6164269996506]], ""type"": ""MultiPoint""}",2023
18532,18533,3001559884.0,2023-07-05,1625,DUNDAS ST W,HIGH PARK AVE,,Major Arterial,Toronto and East York,Intersection Related,Traffic Signal,Clear,Daylight,Dry,Fatal,Pedestrian Collisions,Pedestrian,5 to 9,Fatal,19.0,South,,,,,Vehicle is going straight thru inter.while ped cross without ROW,Running onto Roadway,Normal,,,,Yes,,Yes,,,,,,,,,,,90,Junction Area,90,Junction Area (90),D11,"{""coordinates"": [[-79.4703480002816, 43.6654079996765]], ""type"": ""MultiPoint""}",2023
18533,18534,3001559884.0,2023-07-05,1625,DUNDAS ST W,HIGH PARK AVE,,Major Arterial,Toronto and East York,Intersection Related,Traffic Signal,Clear,Daylight,Dry,Fatal,Pedestrian Collisions,Driver,40 to 44,,,West,"Automobile, Station Wagon",Going Ahead,Driving Properly,Normal,,,,,,,Yes,,Yes,,,,,,,,,,,90,Junction Area,90,Junction Area (90),D11,"{""coordinates"": [[-79.4703480002816, 43.6654079996765]], ""type"": ""MultiPoint""}",2023
18534,18535,3001561550.0,2023-07-05,1916,DON VALLEY PY N,DON MILLS RD,5 m South of,,,Non Intersection,No Control,Clear,Daylight,Dry,Non-Fatal Injury,SMV Other,Motorcycle Driver,25 to 29,Major,,North,Motorcycle,Slowing or Stopping,Driving Properly,Normal,,,,,,,,,,Yes,,,,,,,,,,58,Old East York,58,Old East York (58),D55,"{""coordinates"": [[-79.3376810005277, 43.7001180000492]], ""type"": ""MultiPoint""}",2023
18535,18536,3001562840.0,2023-07-05,2207,WOBURN AV,YONGE ST,,,,Intersection Related,Stop Sign,Clear,"Dark, artificial",Dry,Non-Fatal Injury,Turning Movement,Driver,90 to 94,,,East,"Automobile, Station Wagon",Turning Left,Improper Turn,Normal,,,,,,,,,Yes,Yes,,,,,,Yes,,,,105,Lawrence Park North,105,Lawrence Park North (105),D32,"{""coordinates"": [[-79.403034000465, 43.7283240002333]], ""type"": ""MultiPoint""}",2023
18536,18537,3001562840.0,2023-07-05,2207,WOBURN AV,YONGE ST,,,,Intersection Related,Stop Sign,Clear,"Dark, artificial",Dry,Non-Fatal Injury,Turning Movement,Motorcycle Driver,30 to 34,Major,,South,Motorcycle,Going Ahead,Driving Properly,Normal,,,,,,,,,Yes,Yes,,,,,,Yes,,,,105,Lawrence Park North,105,Lawrence Park North (105),D32,"{""coordinates"": [[-79.403034000465, 43.7283240002333]], ""type"": ""MultiPoint""}",2023
18537,18538,3001598176.0,2023-07-09,2318,WILLIAM R ALLEN RD,SHEPPARD AVE W,36 m South o,Major Arterial,North York,Intersection Related,Traffic Signal,Clear,"Dark, artificial",Dry,Non-Fatal Injury,Turning Movement,Driver,30 to 34,,,North,Municipal Transit Bus (TTC),Turning Left,Driving Properly,Normal,,,,,,,,,Yes,,,Yes,,Yes,,Yes,Yes,,,155,Downsview,27,York University Heights (27),D32,"{""coordinates"": [[-79.4633590003072, 43.7502540002243]], ""type"": ""MultiPoint""}",2023
18538,18539,3001598176.0,2023-07-09,2318,WILLIAM R ALLEN RD,SHEPPARD AVE W,36 m South o,Major Arterial,North York,Intersection Related,Traffic Signal,Clear,"Dark, artificial",Dry,Non-Fatal Injury,Turning Movement,Passenger,20 to 24,,,,,,,,,,,,,,,,Yes,,,Yes,,Yes,,Yes,Yes,,,155,Downsview,27,York University Heights (27),D32,"{""coordinates"": [[-79.4633590003072, 43.7502540002243]], ""type"": ""MultiPoint""}",2023
18539,18540,3001598176.0,2023-07-09,2318,WILLIAM R ALLEN RD,SHEPPARD AVE W,36 m South o,Major Arterial,North York,Intersection Related,Traffic Signal,Clear,"Dark, artificial",Dry,Non-Fatal Injury,Turning Movement,Driver,20 to 24,Major,,South,"Automobile, Station Wagon",Going Ahead,Disobeyed Traffic Control,Other,,,,,,,,,Yes,,,Yes,,Yes,,Yes,Yes,,,155,Downsview,27,York University Heights (27),D32,"{""coordinates"": [[-79.4633590003072, 43.7502540002243]], ""type"": ""MultiPoint""}",2023
18540,18541,3001604371.0,2023-07-10,1700,SHEPPARD AVE W,RIVALDA RD,40 m East of,Major Arterial,North York,Non Intersection,Traffic Signal,Clear,Daylight,Dry,Non-Fatal Injury,Cyclist Collisions,Cyclist,65 to 69,Major,,East,Bicycle,Going Ahead,,,,,,Cyclist strikes a parked vehicle.,Lost control,Normal,,Yes,,,,Yes,,,,,,,,23,Pelmo Park-Humberlea,22,Humbermede (22),D31,"{""coordinates"": [[-79.5334430001932, 43.7347859999119]], ""type"": ""MultiPoint""}",2023
18541,18542,3001604371.0,2023-07-10,1700,SHEPPARD AVE W,RIVALDA RD,40 m East of,Major Arterial,North York,Non Intersection,Traffic Signal,Clear,Daylight,Dry,Non-Fatal Injury,Cyclist Collisions,Driver,35 to 39,,,East,Municipal Transit Bus (TTC),Stopped,Driving Properly,Normal,,,,,,,,Yes,,,,Yes,,,,,,,,23,Pelmo Park-Humberlea,22,Humbermede (22),D31,"{""coordinates"": [[-79.5334430001932, 43.7347859999119]], ""type"": ""MultiPoint""}",2023
18542,18543,3001611724.0,2023-07-11,1353,HORNER AVE,THIRTIETH ST,,Minor Arterial,Etobicoke York,Intersection Related,Traffic Signal,Clear,Daylight,Dry,Fatal,Pedestrian Collisions,Pedestrian,65 to 69,Fatal,20.0,South,,,,,Vehicle turns left while ped crosses with ROW at inter.,Crossing with right of way,Normal,,,,Yes,,Yes,,,,,,,,,,,20,Alderwood,20,Alderwood (20),D22,"{""coordinates"": [[-79.5336949998421, 43.6041929996613]], ""type"": ""MultiPoint""}",2023
18543,18544,3001611724.0,2023-07-11,1353,HORNER AVE,THIRTIETH ST,,Minor Arterial,Etobicoke York,Intersection Related,Traffic Signal,Clear,Daylight,Dry,Fatal,Pedestrian Collisions,Driver,45 to 49,,,North,Pick Up Truck,Turning Left,Improper Turn,Normal,,,,,,,Yes,,Yes,,,,,,,,,,,20,Alderwood,20,Alderwood (20),D22,"{""coordinates"": [[-79.5336949998421, 43.6041929996613]], ""type"": ""MultiPoint""}",2023
18544,18545,3001614743.0,2023-07-11,2029,EGLINTON AVE W,KANE AVE,29 m East of,Major Arterial,Toronto and East York,Non Intersection,No Control,Clear,Daylight,Dry,Non-Fatal Injury,Pedestrian Collisions,Driver,50 to 54,,,West,"Automobile, Station Wagon",Going Ahead,Other,Other,,,,,,,Yes,,Yes,,,,,,,,,,,112,Beechborough-Greenbrook,112,Beechborough-Greenbrook (112),D12,"{""coordinates"": [[-79.4700200005103, 43.6913059996175]], ""type"": ""MultiPoint""}",2023
18545,18546,3001614743.0,2023-07-11,2029,EGLINTON AVE W,KANE AVE,29 m East of,Major Arterial,Toronto and East York,Non Intersection,No Control,Clear,Daylight,Dry,Non-Fatal Injury,Pedestrian Collisions,Driver,30 to 34,,,West,"Automobile, Station Wagon",Changing Lanes,Driving Properly,Normal,,,,,,,Yes,,Yes,,,,,,,,,,,112,Beechborough-Greenbrook,112,Beechborough-Greenbrook (112),D12,"{""coordinates"": [[-79.4700200005103, 43.6913059996175]], ""type"": ""MultiPoint""}",2023
18546,18547,3001614743.0,2023-07-11,2029,EGLINTON AVE W,KANE AVE,29 m East of,Major Arterial,Toronto and East York,Non Intersection,No Control,Clear,Daylight,Dry,Non-Fatal Injury,Pedestrian Collisions,Pedestrian,25 to 29,Major,,,,,,,Pedestrian hit at mid-block,Other,Normal,,,,Yes,,Yes,,,,,,,,,,,112,Beechborough-Greenbrook,112,Beechborough-Greenbrook (112),D12,"{""coordinates"": [[-79.4700200005103, 43.6913059996175]], ""type"": ""MultiPoint""}",2023
18547,18548,3001614743.0,2023-07-11,2029,EGLINTON AVE W,KANE AVE,29 m East of,Major Arterial,Toronto and East York,Non Intersection,No Control,Clear,Daylight,Dry,Non-Fatal Injury,Pedestrian Collisions,Pedestrian,55 to 59,Minimal,,,,,,,Pedestrian hit at mid-block,Other,Normal,,,,Yes,,Yes,,,,,,,,,,,112,Beechborough-Greenbrook,112,Beechborough-Greenbrook (112),D12,"{""coordinates"": [[-79.4700200005103, 43.6913059996175]], ""type"": ""MultiPoint""}",2023
18548,18549,3001620861.0,2023-07-12,1507,LAKE SHORE BLVD W,ISLINGTON AVE,100 m North ,Major Arterial,Etobicoke York,Non Intersection,Traffic Signal,Clear,Daylight,Dry,Non-Fatal Injury,Turning Movement,Driver,60 to 64,,,West,"Automobile, Station Wagon",Making U Turn,Improper Turn,Normal,,,,,,,,,Yes,Yes,,,,,,,,,,18,New Toronto,18,New Toronto (18),D22,"{""coordinates"": [[-79.5053129996799, 43.600844000032]], ""type"": ""MultiPoint""}",2023
18549,18550,3001620861.0,2023-07-12,1507,LAKE SHORE BLVD W,ISLINGTON AVE,100 m North ,Major Arterial,Etobicoke York,Non Intersection,Traffic Signal,Clear,Daylight,Dry,Non-Fatal Injury,Turning Movement,Motorcycle Driver,55 to 59,Major,,South,Motorcycle,Going Ahead,Driving Properly,Normal,,,,,,,,,Yes,Yes,,,,,,,,,,18,New Toronto,18,New Toronto (18),D22,"{""coordinates"": [[-79.5053129996799, 43.600844000032]], ""type"": ""MultiPoint""}",2023
18550,18551,3001621816.0,2023-07-12,1700,QUEEN ST W,DOVERCOURT RD,10 m East of,Major Arterial,Toronto and East York,Intersection Related,Traffic Signal,Clear,Daylight,Dry,Non-Fatal Injury,Cyclist Collisions,Driver,50 to 54,Major,,West,"Automobile, Station Wagon",Going Ahead,Exceeding Speed Limit,Normal,,,,,,,,,Yes,,,,,,Yes,Yes,,,,162,West Queen West,81,Trinity-Bellwoods (81),D14,"{""coordinates"": [[-79.4223739996098, 43.6434960001894]], ""type"": ""MultiPoint""}",2023
18551,18552,3001622602.0,2023-07-12,1840,1176 YONGE ST,SCRIVENER SQ,,Major Arterial,Toronto and East York,Non Intersection,,Clear,Daylight,Dry,Non-Fatal Injury,Other,Cyclist,30 to 34,Major,,South,Bicycle,Going Ahead,,,,,,Insufficient information (to determine cyclist crash type).,Driving Properly,Normal,,Yes,Yes,,,,,,,Yes,,,,95,Annex,95,Annex (95),D53,"{""coordinates"": [[-79.3910550001238, 43.6807240001158]], ""type"": ""MultiPoint""}",2023
18552,18553,3001622602.0,2023-07-12,1840,1176 YONGE ST,SCRIVENER SQ,,Major Arterial,Toronto and East York,Non Intersection,,Clear,Daylight,Dry,Non-Fatal Injury,Other,Driver,30 to 34,,,South,"Automobile, Station Wagon",Going Ahead,Following too Close,Normal,,,,,,,,Yes,Yes,,,,,,,Yes,,,,95,Annex,95,Annex (95),D53,"{""coordinates"": [[-79.3910550001238, 43.6807240001158]], ""type"": ""MultiPoint""}",2023
18553,18554,3001623085.0,2023-07-12,1957,SPADINA RD,SILVERWOOD AVE,,Minor Arterial,Toronto and East York,At Intersection,No Control,Clear,"Daylight, artificial",Dry,,SMV Other,Driver,70 to 74,Fatal,21.0,South,"Automobile, Station Wagon",Going Ahead,Exceeding Speed Limit,Medical or Physical Disability,,,,,,,,,Yes,,,,,,Yes,Yes,,,Yes,101,Forest Hill South,101,Forest Hill South (101),D53,"{""coordinates"": [[-79.4156909995256, 43.6958909995866]], ""type"": ""MultiPoint""}",2023
18554,18555,3001627049.0,2023-07-13,1020,1085 ROYAL YORK RD,THE KINGSWAY,200 m South ,,,Non Intersection,Stop Sign,Clear,Daylight,Dry,Non-Fatal Injury,SMV Other,Driver,50 to 54,,,North,Municipal Transit Bus (TTC),Slowing or Stopping,Driving Properly,Normal,,,,,,,,,,,,Yes,,Yes,,,,,,15,Kingsway South,15,Kingsway South (15),D22,"{""coordinates"": [[-79.5142779997226, 43.6541319999901]], ""type"": ""MultiPoint""}",2023
18555,18556,3001627049.0,2023-07-13,1020,1085 ROYAL YORK RD,THE KINGSWAY,200 m South ,,,Non Intersection,Stop Sign,Clear,Daylight,Dry,Non-Fatal Injury,SMV Other,Passenger,75 to 79,Major,,,,,,,,,,,,,,,,,,Yes,,Yes,,,,,,15,Kingsway South,15,Kingsway South (15),D22,"{""coordinates"": [[-79.5142779997226, 43.6541319999901]], ""type"": ""MultiPoint""}",2023
18556,18557,3001644736.0,2023-07-15,1135,DANFORTH RD,TRUDELLE ST,,Major Arterial,Scarborough,Intersection Related,Traffic Signal,Clear,Daylight,Wet,Non-Fatal Injury,Turning Movement,Driver,60 to 64,,,South,Pick Up Truck,Turning Left,Improper Turn,Normal,,,,,,,,,Yes,Yes,,,,Yes,,Yes,,,,138,Eglinton East,138,Eglinton East (138),D43,"{""coordinates"": [[-79.2455020005148, 43.739924000138]], ""type"": ""MultiPoint""}",2023
18557,18558,3001644736.0,2023-07-15,1135,DANFORTH RD,TRUDELLE ST,,Major Arterial,Scarborough,Intersection Related,Traffic Signal,Clear,Daylight,Wet,Non-Fatal Injury,Turning Movement,Motorcycle Driver,20 to 24,Minor,,North,Motorcycle,Going Ahead,Driving Properly,Normal,,,,,,,,,Yes,Yes,,,,Yes,,Yes,,,,138,Eglinton East,138,Eglinton East (138),D43,"{""coordinates"": [[-79.2455020005148, 43.739924000138]], ""type"": ""MultiPoint""}",2023
18558,18559,3001644736.0,2023-07-15,1135,DANFORTH RD,TRUDELLE ST,,Major Arterial,Scarborough,Intersection Related,Traffic Signal,Clear,Daylight,Wet,Non-Fatal Injury,Turning Movement,Motorcycle Passenger,20 to 24,Major,,,,,,,,,,,,,,,Yes,Yes,,,,Yes,,Yes,,,,138,Eglinton East,138,Eglinton East (138),D43,"{""coordinates"": [[-79.2455020005148, 43.739924000138]], ""type"": ""MultiPoint""}",2023
18559,18560,3001648805.0,2023-07-15,2129,CALEDONIA RD,LOTHERTON PTWY,5 m East of,Minor Arterial,North York,At/Near Private Drive,No Control,Rain,Dark,Wet,Non-Fatal Injury,Turning Movement,Driver,30 to 34,Minimal,,East,"Automobile, Station Wagon",Turning Left,Failed to Yield Right of Way,Normal,,,,,,,,,Yes,Yes,,,,,,Yes,,,,31,Yorkdale-Glen Park,31,Yorkdale-Glen Park (31),D13,"{""coordinates"": [[-79.4655720001619, 43.7074270000928]], ""type"": ""MultiPoint""}",2023
18560,18561,3001648805.0,2023-07-15,2129,CALEDONIA RD,LOTHERTON PTWY,5 m East of,Minor Arterial,North York,At/Near Private Drive,No Control,Rain,Dark,Wet,Non-Fatal Injury,Turning Movement,Motorcycle Driver,15 to 19,Major,,South,Motorcycle,Going Ahead,Driving Properly,Normal,,,,,,,,,Yes,Yes,,,,,,Yes,,,,31,Yorkdale-Glen Park,31,Yorkdale-Glen Park (31),D13,"{""coordinates"": [[-79.4655720001619, 43.7074270000928]], ""type"": ""MultiPoint""}",2023
18561,18562,3001649078.0,2023-07-15,2200,JANE ST,STEELES AV W,5 m South of,Major Arterial,North York,Intersection Related,Traffic Signal,Rain,"Dark, artificial",Wet,Non-Fatal Injury,Pedestrian Collisions,Driver,35 to 39,,,North,"Automobile, Station Wagon",Turning Left,Improper Turn,Normal,,,,,,,Yes,,Yes,,,,,,,,,,,24,Black Creek,24,Black Creek (24),D31,"{""coordinates"": [[-79.5216930001101, 43.7753129997211]], ""type"": ""MultiPoint""}",2023
18562,18563,3001649078.0,2023-07-15,2200,JANE ST,STEELES AV W,5 m South of,Major Arterial,North York,Intersection Related,Traffic Signal,Rain,"Dark, artificial",Wet,Non-Fatal Injury,Pedestrian Collisions,Pedestrian,20 to 24,Major,,,,,,,Vehicle turns left while ped crosses with ROW at inter.,Crossing with right of way,Normal,,,,Yes,,Yes,,,,,,,,,,,24,Black Creek,24,Black Creek (24),D31,"{""coordinates"": [[-79.5216930001101, 43.7753129997211]], ""type"": ""MultiPoint""}",2023
18563,18564,3001681349.0,2023-07-19,1758,CALEDONIA RD,KEITH AV,2 m North of,Minor Arterial,Toronto and East York,Intersection Related,Stop Sign,Clear,Daylight,Dry,Non-Fatal Injury,Cyclist Collisions,Driver,35 to 39,,,West,"Automobile, Station Wagon",Going Ahead,Failed to Yield Right of Way,Other,,,,,,,,Yes,Yes,,,,,,,Yes,,,,109,Caledonia-Fairbank,109,Caledonia-Fairbank (109),D13,"{""coordinates"": [[-79.4612229993749, 43.6906760004207]], ""type"": ""MultiPoint""}",2023
18564,18565,3001681349.0,2023-07-19,1758,CALEDONIA RD,KEITH AV,2 m North of,Minor Arterial,Toronto and East York,Intersection Related,Stop Sign,Clear,Daylight,Dry,Non-Fatal Injury,Cyclist Collisions,Cyclist,60 to 64,Major,,South,Bicycle,Going Ahead,,,,,,"Motorist without ROW drives into path of cyclist at inter, lnwy, dwy-Driver not turn.",Driving Properly,Normal,,Yes,Yes,,,,,,,Yes,,,,109,Caledonia-Fairbank,109,Caledonia-Fairbank (109),D13,"{""coordinates"": [[-79.4612229993749, 43.6906760004207]], ""type"": ""MultiPoint""}",2023
18565,18566,3001682522.0,2023-07-19,2037,VICTORIA PARK AVE,CLINTWOOD GT,,Major Arterial,North York,Intersection Related,Stop Sign,Clear,Daylight,Dry,Fatal,SMV Other,Motorcycle Driver,35 to 39,Fatal,22.0,South,Motorcycle,Going Ahead,Exceeding Speed Limit,,,,,,,,,,,Yes,,,,,Yes,Yes,,,,119,Wexford/Maryvale,119,Wexford/Maryvale (119),D41,"{""coordinates"": [[-79.3120759997577, 43.7487629998545]], ""type"": ""MultiPoint""}",2023
18566,18567,3001688296.0,2023-07-20,1427,YONGE ST,CHAPLIN CR,8 m North of,Major Arterial,Toronto and East York,Intersection Related,Traffic Signal,Clear,Daylight,Dry,Non-Fatal Injury,Pedestrian Collisions,Driver,35 to 39,,,South,Passenger Van,Going Ahead,Lost control,Normal,,,,,,,Yes,,Yes,,,,,Yes,Yes,Yes,,,,174,South Eglinton-Davisville,104,Mount Pleasant West (104),D53,"{""coordinates"": [[-79.3966020005714, 43.6983059999595]], ""type"": ""MultiPoint""}",2023
18567,18568,3001688296.0,2023-07-20,1427,YONGE ST,CHAPLIN CR,8 m North of,Major Arterial,Toronto and East York,Intersection Related,Traffic Signal,Clear,Daylight,Dry,Non-Fatal Injury,Pedestrian Collisions,Passenger,30 to 34,,,,,,,,,,,,,,Yes,,Yes,,,,,Yes,Yes,Yes,,,,174,South Eglinton-Davisville,104,Mount Pleasant West (104),D53,"{""coordinates"": [[-79.3966020005714, 43.6983059999595]], ""type"": ""MultiPoint""}",2023
18568,18569,3001688296.0,2023-07-20,1427,YONGE ST,CHAPLIN CR,8 m North of,Major Arterial,Toronto and East York,Intersection Related,Traffic Signal,Clear,Daylight,Dry,Non-Fatal Injury,Pedestrian Collisions,Pedestrian,45 to 49,Major,,,,,,,Vehicle is going straight thru inter.while ped cross with ROW,On Sidewalk or Shoulder,Normal,,,,Yes,,Yes,,,,,Yes,Yes,Yes,,,,174,South Eglinton-Davisville,104,Mount Pleasant West (104),D53,"{""coordinates"": [[-79.3966020005714, 43.6983059999595]], ""type"": ""MultiPoint""}",2023
18569,18570,3001739879.0,2023-07-22,1830,95 QUEENS QUAY E,COOPER ST,10 m East of,Minor Arterial,,Non Intersection,,Clear,Daylight,Dry,Non-Fatal Injury,Pedestrian Collisions,Driver,60 to 64,,,East,Unknown,Going Ahead,,Unknown,,,,,,,Yes,,,,,,,,,,,,,166,St Lawrence-East Bayfront-The Islands,77,Waterfront Communities-The Island (77),D51,"{""coordinates"": [[-79.3710510004355, 43.6431030002337]], ""type"": ""MultiPoint""}",2023
18570,18571,3001739879.0,2023-07-22,1830,95 QUEENS QUAY E,COOPER ST,10 m East of,Minor Arterial,,Non Intersection,,Clear,Daylight,Dry,Non-Fatal Injury,Pedestrian Collisions,Pedestrian,55 to 59,Major,,,,,,,Pedestrian hit a PXO/ped. Mid-block signal,Crossing with right of way,Normal,,,,Yes,,,,,,,,,,,,,166,St Lawrence-East Bayfront-The Islands,77,Waterfront Communities-The Island (77),D51,"{""coordinates"": [[-79.3710510004355, 43.6431030002337]], ""type"": ""MultiPoint""}",2023
18571,18572,3001713995.0,2023-07-23,1400,SIMCOE ST,NELSON ST,10 m West of,Collector,Toronto and East York,At/Near Private Drive,,Clear,Daylight,Dry,Non-Fatal Injury,Pedestrian Collisions,Driver,25 to 29,,,West,Delivery Van,Going Ahead,Driving Properly,Normal,,,,,,,Yes,,Yes,,,,,Yes,,,,,,164,Wellington Place,77,Waterfront Communities-The Island (77),D52,"{""coordinates"": [[-79.3867910004479, 43.6490309997582]], ""type"": ""MultiPoint""}",2023
18572,18573,3001713995.0,2023-07-23,1400,SIMCOE ST,NELSON ST,10 m West of,Collector,Toronto and East York,At/Near Private Drive,,Clear,Daylight,Dry,Non-Fatal Injury,Pedestrian Collisions,Pedestrian,35 to 39,Major,,West,,Going Ahead,,,Pedestrian hit at private driveway,Other,Other,,,,Yes,,Yes,,,,,Yes,,,,,,164,Wellington Place,77,Waterfront Communities-The Island (77),D52,"{""coordinates"": [[-79.3867910004479, 43.6490309997582]], ""type"": ""MultiPoint""}",2023
18573,18574,3001713995.0,2023-07-23,1400,SIMCOE ST,NELSON ST,10 m West of,Collector,Toronto and East York,At/Near Private Drive,,Clear,Daylight,Dry,Non-Fatal Injury,Pedestrian Collisions,Passenger,20 to 24,,,,,,,,,,,,,,Yes,,Yes,,,,,Yes,,,,,,164,Wellington Place,77,Waterfront Communities-The Island (77),D52,"{""coordinates"": [[-79.3867910004479, 43.6490309997582]], ""type"": ""MultiPoint""}",2023
18574,18575,3001717343.0,2023-07-23,2331,KEELE ST,TORO RD,,Major Arterial,North York,Intersection Related,Traffic Signal,Clear,"Dark, artificial",Dry,Non-Fatal Injury,Rear End,Driver,20 to 24,Minor,,South,"Automobile, Station Wagon",Stopped,Driving Properly,Normal,,,,,,,,,Yes,,,,,Yes,,,,,,27,York University Heights,27,York University Heights (27),D31,"{""coordinates"": [[-79.4900470002041, 43.7598290003363]], ""type"": ""MultiPoint""}",2023
18575,18576,3001717343.0,2023-07-23,2331,KEELE ST,TORO RD,,Major Arterial,North York,Intersection Related,Traffic Signal,Clear,"Dark, artificial",Dry,Non-Fatal Injury,Rear End,Passenger,10 to 14,Minor,,,,,,,,,,,,,,,Yes,,,,,Yes,,,,,,27,York University Heights,27,York University Heights (27),D31,"{""coordinates"": [[-79.4900470002041, 43.7598290003363]], ""type"": ""MultiPoint""}",2023
18576,18577,3001717343.0,2023-07-23,2331,KEELE ST,TORO RD,,Major Arterial,North York,Intersection Related,Traffic Signal,Clear,"Dark, artificial",Dry,Non-Fatal Injury,Rear End,Passenger,5 to 9,Major,,,,,,,,,,,,,,,Yes,,,,,Yes,,,,,,27,York University Heights,27,York University Heights (27),D31,"{""coordinates"": [[-79.4900470002041, 43.7598290003363]], ""type"": ""MultiPoint""}",2023
18577,18578,3001717343.0,2023-07-23,2331,KEELE ST,TORO RD,,Major Arterial,North York,Intersection Related,Traffic Signal,Clear,"Dark, artificial",Dry,Non-Fatal Injury,Rear End,Passenger,35 to 39,,,,,,,,,,,,,,,,Yes,,,,,Yes,,,,,,27,York University Heights,27,York University Heights (27),D31,"{""coordinates"": [[-79.4900470002041, 43.7598290003363]], ""type"": ""MultiPoint""}",2023