index,_id,ACCNUM,DATE,TIME,STREET1,STREET2,OFFSET,ROAD_CLASS,DISTRICT,ACCLOC,TRAFFCTL,VISIBILITY,LIGHT,RDSFCOND,ACCLASS,IMPACTYPE,INVTYPE,INVAGE,INJURY,FATAL_NO,INITDIR,VEHTYPE,MANOEUVER,DRIVACT,DRIVCOND,PEDTYPE,PEDACT,PEDCOND,CYCLISTYPE,CYCACT,CYCCOND,PEDESTRIAN,CYCLIST,AUTOMOBILE,MOTORCYCLE,TRUCK,TRSN_CITY_VEH,EMERG_VEH,PASSENGER,SPEEDING,AG_DRIV,REDLIGHT,ALCOHOL,DISABILITY,HOOD_158,NEIGHBOURHOOD_158,HOOD_140,NEIGHBOURHOOD_140,DIVISION,geometry,ACCIDENT_YEAR
18578,18579,3001723451.0,2023-07-24,1730,MORNINGSIDE AV,ELLESMERE RD,475 m South ,Major Arterial,Scarborough,Non Intersection,No Control,Rain,Daylight,Wet,Non-Fatal Injury,SMV Other,Driver,20 to 24,Major,,South,"Automobile, Station Wagon",Going Ahead,Speed too Fast For Condition,Normal,,,,,,,,,Yes,,,,,,Yes,Yes,,,,135,Morningside,135,Morningside (135),D43,"{""coordinates"": [[-79.1916309998019, 43.781236999726]], ""type"": ""MultiPoint""}",2023
18579,18580,3001727076.0,2023-07-25,633,KIPLING AV,KINGSVIEW BV,33 m South o,Major Arterial,Etobicoke York,Intersection Related,Traffic Signal,Clear,Daylight,Dry,Non-Fatal Injury,Approaching,Driver,20 to 24,Minor,,North,"Automobile, Station Wagon",Going Ahead,Lost control,Other,,,,,,,,,Yes,,,,,,Yes,Yes,,,,6,Kingsview Village-The Westway,6,Kingsview Village-The Westway (6),D23,"{""coordinates"": [[-79.559733999993, 43.6966430003088]], ""type"": ""MultiPoint""}",2023
18580,18581,3001727076.0,2023-07-25,633,KIPLING AV,KINGSVIEW BV,33 m South o,Major Arterial,Etobicoke York,Intersection Related,Traffic Signal,Clear,Daylight,Dry,Non-Fatal Injury,Approaching,Driver,50 to 54,Major,,South,Passenger Van,Going Ahead,Driving Properly,Normal,,,,,,,,,Yes,,,,,,Yes,Yes,,,,6,Kingsview Village-The Westway,6,Kingsview Village-The Westway (6),D23,"{""coordinates"": [[-79.559733999993, 43.6966430003088]], ""type"": ""MultiPoint""}",2023
18581,18582,3001736827.0,2023-07-26,957,QUEEN'S DR,ARKWRIGHT ST,,Local,North York,Intersection Related,Stop Sign,Clear,Daylight,Dry,Non-Fatal Injury,Cyclist Collisions,Cyclist,50 to 54,Major,,North,Bicycle,Turning Left,,,,,,Cyclist turned left across motorists path.,Disobeyed Traffic Control,Normal,,Yes,,,,,,,,Yes,,,,28,Rustic,28,Rustic (28),D12,"{""coordinates"": [[-79.4962110002774, 43.709562999893]], ""type"": ""MultiPoint""}",2023
18582,18583,3001736827.0,2023-07-26,957,QUEEN'S DR,ARKWRIGHT ST,,Local,North York,Intersection Related,Stop Sign,Clear,Daylight,Dry,Non-Fatal Injury,Cyclist Collisions,Cyclist,30 to 34,,,East,Bicycle,Going Ahead,,,,,,,Driving Properly,Normal,,Yes,,,,,,,,Yes,,,,28,Rustic,28,Rustic (28),D12,"{""coordinates"": [[-79.4962110002774, 43.709562999893]], ""type"": ""MultiPoint""}",2023
18583,18584,3001751416.0,2023-07-27,2322,MARKHAM RD,BLAKEMANOR BV,66 m North o,Major Arterial,Scarborough,Non Intersection,,Clear,"Dark, artificial",Dry,Non-Fatal Injury,Rear End,Driver,20 to 24,Major,,North,"Automobile, Station Wagon",Changing Lanes,Exceeding Speed Limit,Had Been Drinking,,,,,,,,,Yes,,,,,Yes,Yes,Yes,,,,141,Golfdale-Cedarbrae-Woburn,137,Woburn (137),D43,"{""coordinates"": [[-79.2222629995869, 43.7510249998208]], ""type"": ""MultiPoint""}",2023
18584,18585,3001751416.0,2023-07-27,2322,MARKHAM RD,BLAKEMANOR BV,66 m North o,Major Arterial,Scarborough,Non Intersection,,Clear,"Dark, artificial",Dry,Non-Fatal Injury,Rear End,Driver,25 to 29,Minimal,,North,"Automobile, Station Wagon",Going Ahead,Driving Properly,Unknown,,,,,,,,,Yes,,,,,Yes,Yes,Yes,,,,141,Golfdale-Cedarbrae-Woburn,137,Woburn (137),D43,"{""coordinates"": [[-79.2222629995869, 43.7510249998208]], ""type"": ""MultiPoint""}",2023
18585,18586,3001751416.0,2023-07-27,2322,MARKHAM RD,BLAKEMANOR BV,66 m North o,Major Arterial,Scarborough,Non Intersection,,Clear,"Dark, artificial",Dry,Non-Fatal Injury,Rear End,Driver,30 to 34,Minimal,,South,"Automobile, Station Wagon",Going Ahead,Driving Properly,Normal,,,,,,,,,Yes,,,,,Yes,Yes,Yes,,,,141,Golfdale-Cedarbrae-Woburn,137,Woburn (137),D43,"{""coordinates"": [[-79.2222629995869, 43.7510249998208]], ""type"": ""MultiPoint""}",2023
18586,18587,3001751416.0,2023-07-27,2322,MARKHAM RD,BLAKEMANOR BV,66 m North o,Major Arterial,Scarborough,Non Intersection,,Clear,"Dark, artificial",Dry,Non-Fatal Injury,Rear End,Driver,45 to 49,,,South,"Automobile, Station Wagon",Going Ahead,Driving Properly,Normal,,,,,,,,,Yes,,,,,Yes,Yes,Yes,,,,141,Golfdale-Cedarbrae-Woburn,137,Woburn (137),D43,"{""coordinates"": [[-79.2222629995869, 43.7510249998208]], ""type"": ""MultiPoint""}",2023
18587,18588,3001751416.0,2023-07-27,2322,MARKHAM RD,BLAKEMANOR BV,66 m North o,Major Arterial,Scarborough,Non Intersection,,Clear,"Dark, artificial",Dry,Non-Fatal Injury,Rear End,Passenger,55 to 59,Major,,,,,,,,,,,,,,,Yes,,,,,Yes,Yes,Yes,,,,141,Golfdale-Cedarbrae-Woburn,137,Woburn (137),D43,"{""coordinates"": [[-79.2222629995869, 43.7510249998208]], ""type"": ""MultiPoint""}",2023
18588,18589,3001759851.0,2023-07-28,2218,WARDEN AVE,ELLESMERE RD,,Major Arterial,Scarborough,Non Intersection,No Control,Clear,Dark,Dry,Fatal,Pedestrian Collisions,Pedestrian,50 to 54,Fatal,23.0,West,,,,,Pedestrian hit at mid-block,"Crossing, no Traffic Control",Normal,,,,Yes,,Yes,,,,,,,,,,,119,Wexford/Maryvale,119,Wexford/Maryvale (119),D41,"{""coordinates"": [[-79.3007160000885, 43.7611219996815]], ""type"": ""MultiPoint""}",2023
18589,18590,3001759851.0,2023-07-28,2218,WARDEN AVE,ELLESMERE RD,,Major Arterial,Scarborough,Non Intersection,No Control,Clear,Dark,Dry,Fatal,Pedestrian Collisions,Driver,30 to 34,,,South,"Automobile, Station Wagon",Going Ahead,Driving Properly,Normal,,,,,,,Yes,,Yes,,,,,,,,,,,119,Wexford/Maryvale,119,Wexford/Maryvale (119),D41,"{""coordinates"": [[-79.3007160000885, 43.7611219996815]], ""type"": ""MultiPoint""}",2023
18590,18591,3001762588.0,2023-07-29,954,LESLIE ST,LAKE SHORE BLVD E,,Minor Arterial,Toronto and East York,Non Intersection,,Rain,Daylight,Wet,Non-Fatal Injury,Rear End,Cyclist,15 to 19,Major,,South,Bicycle,Going Ahead,,,,,,Cyclist and Driver travelling in same direction. One vehicle rear-ended the other.,Lost control,Normal,,Yes,,,Yes,,,,,,,,,70,South Riverdale,70,South Riverdale (70),D55,"{""coordinates"": [[-79.3282649995808, 43.6589879997381]], ""type"": ""MultiPoint""}",2023
18591,18592,3001762588.0,2023-07-29,954,LESLIE ST,LAKE SHORE BLVD E,,Minor Arterial,Toronto and East York,Non Intersection,,Rain,Daylight,Wet,Non-Fatal Injury,Rear End,Truck Driver,unknown,,,South,Truck - Dump,Going Ahead,Driving Properly,Normal,,,,,,,,Yes,,,Yes,,,,,,,,,70,South Riverdale,70,South Riverdale (70),D55,"{""coordinates"": [[-79.3282649995808, 43.6589879997381]], ""type"": ""MultiPoint""}",2023
18592,18593,3001764047.0,2023-07-29,1407,DIXON RD,MARTIN GROVE RD,,Major Arterial,Etobicoke York,Non Intersection,Traffic Signal,Rain,Daylight,Wet,Fatal,SMV Other,Driver,30 to 34,Fatal,24.0,North,Pick Up Truck,Going Ahead,Other,Other,,,,,,,,,Yes,,,,,,,,,,,1,West Humber-Clairville,1,West Humber-Clairville (1),D23,"{""coordinates"": [[-79.5707959999432, 43.6915190004129]], ""type"": ""MultiPoint""}",2023
18593,18594,3001772212.0,2023-07-29,2210,COLLEGE ST,HURON ST,,,,Intersection Related,Traffic Signal,Clear,Daylight,Dry,Non-Fatal Injury,Turning Movement,Driver,60 to 64,,,West,"Automobile, Station Wagon",Turning Right,Improper Turn,Normal,,,,,,,,,Yes,,,,,,,,,,,78,Kensington-Chinatown,79,University (79),D52,"{""coordinates"": [[-79.3981660005799, 43.6582670003325]], ""type"": ""MultiPoint""}",2023
18594,18595,3001772212.0,2023-07-29,2210,COLLEGE ST,HURON ST,,,,Intersection Related,Traffic Signal,Clear,Daylight,Dry,Non-Fatal Injury,Turning Movement,Driver,15 to 19,Major,,West,Unknown,Going Ahead,Driving Properly,Normal,,,,,,,,,Yes,,,,,,,,,,,78,Kensington-Chinatown,79,University (79),D52,"{""coordinates"": [[-79.3981660005799, 43.6582670003325]], ""type"": ""MultiPoint""}",2023
18595,18596,3001801230.0,2023-08-03,1,WESTON RD,BLACK CREEK DR,3 m West of,Major Arterial,Etobicoke York,Intersection Related,Traffic Signal,Clear,"Dark, artificial",Dry,Non-Fatal Injury,Turning Movement,Driver,30 to 34,Major,,South,"Automobile, Station Wagon",Turning Left,Disobeyed Traffic Control,Other,,,,,,,,,Yes,,,,,,,Yes,Yes,,,111,Rockcliffe-Smythe,111,Rockcliffe-Smythe (111),D12,"{""coordinates"": [[-79.4802810000664, 43.6833669995792]], ""type"": ""MultiPoint""}",2023
18596,18597,3001801230.0,2023-08-03,1,WESTON RD,BLACK CREEK DR,3 m West of,Major Arterial,Etobicoke York,Intersection Related,Traffic Signal,Clear,"Dark, artificial",Dry,Non-Fatal Injury,Turning Movement,Driver,30 to 34,Major,,South,"Automobile, Station Wagon",Turning Left,,,,,,,,,,,Yes,,,,,,,Yes,Yes,,,111,Rockcliffe-Smythe,111,Rockcliffe-Smythe (111),D12,"{""coordinates"": [[-79.4802810000664, 43.6833669995792]], ""type"": ""MultiPoint""}",2023
18597,18598,3001810408.0,2023-08-04,110,LAWRENCE AVE E,BIRCHMOUNT RD,181 m East o,Major Arterial,Scarborough,At/Near Private Drive,,Rain,"Dark, artificial",Wet,Non-Fatal Injury,Pedestrian Collisions,Driver,20 to 24,,,East,"Automobile, Station Wagon",Going Ahead,Failed to Yield Right of Way,Normal,,,,,,,Yes,,Yes,,,,,,,Yes,,,,126,Dorset Park,126,Dorset Park (126),D41,"{""coordinates"": [[-79.2805280001287, 43.74837400039]], ""type"": ""MultiPoint""}",2023
18598,18599,3001810408.0,2023-08-04,110,LAWRENCE AVE E,BIRCHMOUNT RD,181 m East o,Major Arterial,Scarborough,At/Near Private Drive,,Rain,"Dark, artificial",Wet,Non-Fatal Injury,Pedestrian Collisions,Pedestrian,0 to 4,Major,,,,,,,Pedestrian hit at private driveway,Other,Other,,,,Yes,,Yes,,,,,,,Yes,,,,126,Dorset Park,126,Dorset Park (126),D41,"{""coordinates"": [[-79.2805280001287, 43.74837400039]], ""type"": ""MultiPoint""}",2023
18599,18600,3001816584.0,2023-08-04,1848,VAUGHAN RD,ATLAS AVE,east of,Minor Arterial,Toronto and East York,Non Intersection,No Control,Clear,Daylight,Dry,Fatal,Pedestrian Collisions,Pedestrian,80 to 84,Fatal,25.0,,Pick Up Truck,,,,Pedestrian hit at mid-block,"Crossing, no Traffic Control",Other,,,,Yes,,Yes,,,,,,,,,,,107,Oakwood Village,107,Oakwood Village (107),D13,"{""coordinates"": [[-79.4337040002317, 43.6890549999383]], ""type"": ""MultiPoint""}",2023
18600,18601,3001816584.0,2023-08-04,1848,VAUGHAN RD,ATLAS AVE,east of,Minor Arterial,Toronto and East York,Non Intersection,No Control,Clear,Daylight,Dry,Fatal,Pedestrian Collisions,Driver,65 to 69,,,West,Pick Up Truck,Going Ahead,Driving Properly,Normal,,,,,,,Yes,,Yes,,,,,,,,,,,107,Oakwood Village,107,Oakwood Village (107),D13,"{""coordinates"": [[-79.4337040002317, 43.6890549999383]], ""type"": ""MultiPoint""}",2023
18601,18602,3001817720.0,2023-08-04,2141,KINGSTON RD,KALMAR AVE,,Major Arterial,Scarborough,Intersection Related,No Control,Clear,"Daylight, artificial",Dry,Non-Fatal Injury,Pedestrian Collisions,Pedestrian,65 to 69,Major,,West,,Going Ahead,,,Vehicle is going straight thru inter.while ped cross with ROW,"Crossing, no Traffic Control",Normal,,,,Yes,,,,,,,,,,,,,122,Birchcliffe-Cliffside,122,Birchcliffe-Cliffside (122),D41,"{""coordinates"": [[-79.2679249996413, 43.6897189999258]], ""type"": ""MultiPoint""}",2023
18602,18603,3001826353.0,2023-08-05,2200,LESLIE ST,SHEPPARD AV E,,Major Arterial,North York,Intersection Related,Traffic Signal,Clear,"Dusk, artificial",Dry,Non-Fatal Injury,Pedestrian Collisions,Driver,25 to 29,,,North,"Automobile, Station Wagon",Turning Right,Other,Normal,,,,,,,Yes,,Yes,,,,,,,,,,,47,Don Valley Village,52,Bayview Village (52),D33,"{""coordinates"": [[-79.364131000223, 43.7716660000518]], ""type"": ""MultiPoint""}",2023
18603,18604,3001826353.0,2023-08-05,2200,LESLIE ST,SHEPPARD AV E,,Major Arterial,North York,Intersection Related,Traffic Signal,Clear,"Dusk, artificial",Dry,Non-Fatal Injury,Pedestrian Collisions,Pedestrian,25 to 29,Major,,,,,,,Vehicle turns right while ped crosses with ROW at inter.,Other,Normal,,,,Yes,,Yes,,,,,,,,,,,47,Don Valley Village,52,Bayview Village (52),D33,"{""coordinates"": [[-79.364131000223, 43.7716660000518]], ""type"": ""MultiPoint""}",2023
18604,18605,3001831500.0,2023-08-06,1534,STEELES AVE W,EMERALD LANE,,Major Arterial,North York,Intersection Related,Traffic Signal,Clear,Daylight,Dry,Non-Fatal Injury,Turning Movement,Driver,45 to 49,,,West,"Automobile, Station Wagon",Turning Left,Improper Turn,Normal,,,,,,,,,Yes,Yes,,,,Yes,,,,,,36,Newtonbrook West,36,Newtonbrook West (36),D32,"{""coordinates"": [[-79.4409970002775, 43.7934480004232]], ""type"": ""MultiPoint""}",2023
18605,18606,3001831500.0,2023-08-06,1534,STEELES AVE W,EMERALD LANE,,Major Arterial,North York,Intersection Related,Traffic Signal,Clear,Daylight,Dry,Non-Fatal Injury,Turning Movement,Motorcycle Driver,25 to 29,Major,,East,Motorcycle,Going Ahead,,Unknown,,,,,,,,,Yes,Yes,,,,Yes,,,,,,36,Newtonbrook West,36,Newtonbrook West (36),D32,"{""coordinates"": [[-79.4409970002775, 43.7934480004232]], ""type"": ""MultiPoint""}",2023
18606,18607,3001831500.0,2023-08-06,1534,STEELES AVE W,EMERALD LANE,,Major Arterial,North York,Intersection Related,Traffic Signal,Clear,Daylight,Dry,Non-Fatal Injury,Turning Movement,Passenger,50 to 54,,,,,,,,,,,,,,,,Yes,Yes,,,,Yes,,,,,,36,Newtonbrook West,36,Newtonbrook West (36),D32,"{""coordinates"": [[-79.4409970002775, 43.7934480004232]], ""type"": ""MultiPoint""}",2023
18607,18608,3001831500.0,2023-08-06,1534,STEELES AVE W,EMERALD LANE,,Major Arterial,North York,Intersection Related,Traffic Signal,Clear,Daylight,Dry,Non-Fatal Injury,Turning Movement,Passenger,5 to 9,,,,,,,,,,,,,,,,Yes,Yes,,,,Yes,,,,,,36,Newtonbrook West,36,Newtonbrook West (36),D32,"{""coordinates"": [[-79.4409970002775, 43.7934480004232]], ""type"": ""MultiPoint""}",2023
18608,18609,3001831500.0,2023-08-06,1534,STEELES AVE W,EMERALD LANE,,Major Arterial,North York,Intersection Related,Traffic Signal,Clear,Daylight,Dry,Non-Fatal Injury,Turning Movement,Passenger,15 to 19,,,,,,,,,,,,,,,,Yes,Yes,,,,Yes,,,,,,36,Newtonbrook West,36,Newtonbrook West (36),D32,"{""coordinates"": [[-79.4409970002775, 43.7934480004232]], ""type"": ""MultiPoint""}",2023
18609,18610,3001847275.0,2023-08-08,1643,QUEEN ST E,SAULTER ST,5 m West of,Major Arterial,Toronto and East York,Non Intersection,,Clear,Daylight,Dry,Non-Fatal Injury,Pedestrian Collisions,Driver,45 to 49,,,West,"Automobile, Station Wagon",Going Ahead,Driving Properly,Normal,,,,,,,Yes,,Yes,,,,,,,,,,,70,South Riverdale,70,South Riverdale (70),D55,"{""coordinates"": [[-79.3474149996437, 43.6594260004475]], ""type"": ""MultiPoint""}",2023
18610,18611,3001847275.0,2023-08-08,1643,QUEEN ST E,SAULTER ST,5 m West of,Major Arterial,Toronto and East York,Non Intersection,,Clear,Daylight,Dry,Non-Fatal Injury,Pedestrian Collisions,Pedestrian,25 to 29,Major,,,,,,,Vehicle is going straight thru inter.while ped cross without ROW,Crossing without right of way,Normal,,,,Yes,,Yes,,,,,,,,,,,70,South Riverdale,70,South Riverdale (70),D55,"{""coordinates"": [[-79.3474149996437, 43.6594260004475]], ""type"": ""MultiPoint""}",2023
18611,18612,3001857283.0,2023-08-09,1958,QUEEN ST E,LEWIS ST,4 m West of,Minor Arterial,Toronto and East York,Non Intersection,Stop Sign,Clear,"Dark, artificial",Dry,Non-Fatal Injury,Pedestrian Collisions,Driver,30 to 34,,,West,Street Car,Going Ahead,Driving Properly,Normal,,,,,,,Yes,,,,,Yes,,,,,,,,70,South Riverdale,70,South Riverdale (70),D55,"{""coordinates"": [[-79.3486210003648, 43.6591560003166]], ""type"": ""MultiPoint""}",2023
18612,18613,3001857283.0,2023-08-09,1958,QUEEN ST E,LEWIS ST,4 m West of,Minor Arterial,Toronto and East York,Non Intersection,Stop Sign,Clear,"Dark, artificial",Dry,Non-Fatal Injury,Pedestrian Collisions,Pedestrian,45 to 49,Major,,,,,,,Pedestrian hit at mid-block,Running onto Roadway,Other,,,,Yes,,,,,Yes,,,,,,,,70,South Riverdale,70,South Riverdale (70),D55,"{""coordinates"": [[-79.3486210003648, 43.6591560003166]], ""type"": ""MultiPoint""}",2023
18613,18614,3001857549.0,2023-08-09,2039,BLOOR ST W,ST GEORGE ST,55 m South o,Minor Arterial,,Non Intersection,Traffic Signal,Clear,Dark,Dry,Non-Fatal Injury,Cyclist Collisions,Driver,40 to 44,,,North,"Automobile, Station Wagon",Stopped,Driving Properly,Normal,,,,,,,,Yes,Yes,,,,,Yes,,,,,,79,University,79,University (79),D52,"{""coordinates"": [[-79.3996459995476, 43.6670409997336]], ""type"": ""MultiPoint""}",2023
18614,18615,3001857549.0,2023-08-09,2039,BLOOR ST W,ST GEORGE ST,55 m South o,Minor Arterial,,Non Intersection,Traffic Signal,Clear,Dark,Dry,Non-Fatal Injury,Cyclist Collisions,Cyclist,20 to 24,Major,,North,Bicycle,Going Ahead,,,,,,Insufficient information (to determine cyclist crash type).,Driving Properly,Normal,,Yes,Yes,,,,,Yes,,,,,,79,University,79,University (79),D52,"{""coordinates"": [[-79.3996459995476, 43.6670409997336]], ""type"": ""MultiPoint""}",2023
18615,18616,3001857549.0,2023-08-09,2039,BLOOR ST W,ST GEORGE ST,55 m South o,Minor Arterial,,Non Intersection,Traffic Signal,Clear,Dark,Dry,Non-Fatal Injury,Cyclist Collisions,Passenger,20 to 24,,,,,,,,,,,,,,,Yes,Yes,,,,,Yes,,,,,,79,University,79,University (79),D52,"{""coordinates"": [[-79.3996459995476, 43.6670409997336]], ""type"": ""MultiPoint""}",2023
18616,18617,3001860153.0,2023-08-10,750,STEELES AV E,MCCOWAN RD,100 m West o,,,Non Intersection,No Control,Clear,Daylight,Dry,Non-Fatal Injury,Rear End,Driver,35 to 39,Major,,West,"Automobile, Station Wagon",Going Ahead,Lost control,Other,,,,,,,,,Yes,,,,,Yes,,,,,,NSA,NSA,NSA,NSA,D42,"{""coordinates"": [[-79.2763399999405, 43.8307789996978]], ""type"": ""MultiPoint""}",2023
18617,18618,3001860153.0,2023-08-10,750,STEELES AV E,MCCOWAN RD,100 m West o,,,Non Intersection,No Control,Clear,Daylight,Dry,Non-Fatal Injury,Rear End,Driver,55 to 59,,,West,"Automobile, Station Wagon",Going Ahead,Driving Properly,Normal,,,,,,,,,Yes,,,,,Yes,,,,,,NSA,NSA,NSA,NSA,D42,"{""coordinates"": [[-79.2763399999405, 43.8307789996978]], ""type"": ""MultiPoint""}",2023
18618,18619,3001860153.0,2023-08-10,750,STEELES AV E,MCCOWAN RD,100 m West o,,,Non Intersection,No Control,Clear,Daylight,Dry,Non-Fatal Injury,Rear End,Driver,25 to 29,Major,,East,"Automobile, Station Wagon",Going Ahead,Driving Properly,Normal,,,,,,,,,Yes,,,,,Yes,,,,,,NSA,NSA,NSA,NSA,D42,"{""coordinates"": [[-79.2763399999405, 43.8307789996978]], ""type"": ""MultiPoint""}",2023
18619,18620,3001860153.0,2023-08-10,750,STEELES AV E,MCCOWAN RD,100 m West o,,,Non Intersection,No Control,Clear,Daylight,Dry,Non-Fatal Injury,Rear End,Passenger,50 to 54,Major,,,,,,,,,,,,,,,Yes,,,,,Yes,,,,,,NSA,NSA,NSA,NSA,D42,"{""coordinates"": [[-79.2763399999405, 43.8307789996978]], ""type"": ""MultiPoint""}",2023
18620,18621,3001869877.0,2023-08-11,1128,THE POND RD,IAN MACDONALD BV,,,,,Traffic Signal,Clear,Daylight,Dry,Non-Fatal Injury,Pedestrian Collisions,Driver,30 to 34,,,East,"Automobile, Station Wagon",Going Ahead,Driving Properly,Normal,,,,,,,Yes,,Yes,,,,,,,,,,,27,York University Heights,27,York University Heights (27),D31,"{""coordinates"": [[-79.5113640004918, 43.7724449996643]], ""type"": ""MultiPoint""}",2023
18621,18622,3001869877.0,2023-08-11,1128,THE POND RD,IAN MACDONALD BV,,,,,Traffic Signal,Clear,Daylight,Dry,Non-Fatal Injury,Pedestrian Collisions,Pedestrian,35 to 39,Major,,,,,,,,,Unknown,,,,Yes,,Yes,,,,,,,,,,,27,York University Heights,27,York University Heights (27),D31,"{""coordinates"": [[-79.5113640004918, 43.7724449996643]], ""type"": ""MultiPoint""}",2023
18622,18623,3001871981.0,2023-08-11,1555,DUNDAS ST W,LANSDOWNE AV,,Minor Arterial,North York,Intersection Related,Traffic Signal,Clear,Daylight,Dry,Non-Fatal Injury,Cyclist Collisions,Cyclist,15 to 19,Major,,South,Bicycle,Going Ahead,,,,,,Cyclist turned left across motorists path.,Improper Turn,Other,,Yes,Yes,,,,,,,Yes,Yes,,,83,Dufferin Grove,83,Dufferin Grove (83),D11,"{""coordinates"": [[-79.4396999995695, 43.6501720001549]], ""type"": ""MultiPoint""}",2023
18623,18624,3001871981.0,2023-08-11,1555,DUNDAS ST W,LANSDOWNE AV,,Minor Arterial,North York,Intersection Related,Traffic Signal,Clear,Daylight,Dry,Non-Fatal Injury,Cyclist Collisions,Driver,35 to 39,,,West,"Automobile, Station Wagon",Going Ahead,Disobeyed Traffic Control,Other,,,,,,,,Yes,Yes,,,,,,,Yes,Yes,,,83,Dufferin Grove,83,Dufferin Grove (83),D11,"{""coordinates"": [[-79.4396999995695, 43.6501720001549]], ""type"": ""MultiPoint""}",2023
18624,18625,3001880373.0,2023-08-12,1740,SHEPPARD AV W,BATHURST ST,3 m West of,Major Arterial,North York,At Intersection,Traffic Signal,Clear,Daylight,Dry,Non-Fatal Injury,Pedestrian Collisions,Driver,20 to 24,Minor,,West,"Automobile, Station Wagon",Turning Left,Failed to Yield Right of Way,Normal,,,,,,,Yes,,Yes,,,,,,,Yes,,,,34,Bathurst Manor,34,Bathurst Manor (34),D32,"{""coordinates"": [[-79.4384420003432, 43.7554650002354]], ""type"": ""MultiPoint""}",2023
18625,18626,3001880373.0,2023-08-12,1740,SHEPPARD AV W,BATHURST ST,3 m West of,Major Arterial,North York,At Intersection,Traffic Signal,Clear,Daylight,Dry,Non-Fatal Injury,Pedestrian Collisions,Driver,25 to 29,Minor,,East,"Automobile, Station Wagon",Going Ahead,Driving Properly,Normal,,,,,,,Yes,,Yes,,,,,,,Yes,,,,34,Bathurst Manor,34,Bathurst Manor (34),D32,"{""coordinates"": [[-79.4384420003432, 43.7554650002354]], ""type"": ""MultiPoint""}",2023
18626,18627,3001880373.0,2023-08-12,1740,SHEPPARD AV W,BATHURST ST,3 m West of,Major Arterial,North York,At Intersection,Traffic Signal,Clear,Daylight,Dry,Non-Fatal Injury,Pedestrian Collisions,Pedestrian,45 to 49,Minor,,,,,,,Pedestrian hit on sidewalk or shoulder,On Sidewalk or Shoulder,Normal,,,,Yes,,Yes,,,,,,,Yes,,,,34,Bathurst Manor,34,Bathurst Manor (34),D32,"{""coordinates"": [[-79.4384420003432, 43.7554650002354]], ""type"": ""MultiPoint""}",2023
18627,18628,3001880373.0,2023-08-12,1740,SHEPPARD AV W,BATHURST ST,3 m West of,Major Arterial,North York,At Intersection,Traffic Signal,Clear,Daylight,Dry,Non-Fatal Injury,Pedestrian Collisions,Pedestrian,45 to 49,Minor,,,,,,,Pedestrian hit on sidewalk or shoulder,On Sidewalk or Shoulder,Normal,,,,Yes,,Yes,,,,,,,Yes,,,,34,Bathurst Manor,34,Bathurst Manor (34),D32,"{""coordinates"": [[-79.4384420003432, 43.7554650002354]], ""type"": ""MultiPoint""}",2023
18628,18629,3001880373.0,2023-08-12,1740,SHEPPARD AV W,BATHURST ST,3 m West of,Major Arterial,North York,At Intersection,Traffic Signal,Clear,Daylight,Dry,Non-Fatal Injury,Pedestrian Collisions,Pedestrian,20 to 24,Major,,,,,,,Pedestrian hit on sidewalk or shoulder,,Unknown,,,,Yes,,Yes,,,,,,,Yes,,,,34,Bathurst Manor,34,Bathurst Manor (34),D32,"{""coordinates"": [[-79.4384420003432, 43.7554650002354]], ""type"": ""MultiPoint""}",2023
18629,18630,3001889840.0,2023-08-13,2256,BEECHBOROUGH AV,KEELE ST,,Collector,Toronto and East York,Intersection Related,Traffic Signal,Clear,Dark,Dry,Non-Fatal Injury,Turning Movement,Driver,55 to 59,,,South,"Automobile, Station Wagon",Turning Left,Improper Turn,Normal,,,,,,,,,Yes,Yes,,,,,,,,,,112,Beechborough-Greenbrook,112,Beechborough-Greenbrook (112),D12,"{""coordinates"": [[-79.474788000139, 43.6943580001104]], ""type"": ""MultiPoint""}",2023
18630,18631,3001889840.0,2023-08-13,2256,BEECHBOROUGH AV,KEELE ST,,Collector,Toronto and East York,Intersection Related,Traffic Signal,Clear,Dark,Dry,Non-Fatal Injury,Turning Movement,Motorcycle Driver,30 to 34,Major,,North,Motorcycle,Going Ahead,Driving Properly,Normal,,,,,,,,,Yes,Yes,,,,,,,,,,112,Beechborough-Greenbrook,112,Beechborough-Greenbrook (112),D12,"{""coordinates"": [[-79.474788000139, 43.6943580001104]], ""type"": ""MultiPoint""}",2023
18631,18632,3001897484.0,2023-08-14,2047,YONGE ST,ROXBOROUGH ST E,,Collector,Toronto and East York,Intersection Related,Stop Sign,Clear,"Dark, artificial",Dry,Non-Fatal Injury,SMV Other,Driver,55 to 59,,,South,"Automobile, Station Wagon",Turning Left,Improper Turn,Normal,,,,,,,,,Yes,,,,,,,,,,,98,Rosedale-Moore Park,98,Rosedale-Moore Park (98),D53,"{""coordinates"": [[-79.3887129994297, 43.6780989995783]], ""type"": ""MultiPoint""}",2023
18632,18633,3001897484.0,2023-08-14,2047,YONGE ST,ROXBOROUGH ST E,,Collector,Toronto and East York,Intersection Related,Stop Sign,Clear,"Dark, artificial",Dry,Non-Fatal Injury,SMV Other,Driver,35 to 39,Major,,North,Unknown,Going Ahead,Driving Properly,Normal,,,,,,,,,Yes,,,,,,,,,,,98,Rosedale-Moore Park,98,Rosedale-Moore Park (98),D53,"{""coordinates"": [[-79.3887129994297, 43.6780989995783]], ""type"": ""MultiPoint""}",2023