index,_id,ACCNUM,DATE,TIME,STREET1,STREET2,OFFSET,ROAD_CLASS,DISTRICT,ACCLOC,TRAFFCTL,VISIBILITY,LIGHT,RDSFCOND,ACCLASS,IMPACTYPE,INVTYPE,INVAGE,INJURY,FATAL_NO,INITDIR,VEHTYPE,MANOEUVER,DRIVACT,DRIVCOND,PEDTYPE,PEDACT,PEDCOND,CYCLISTYPE,CYCACT,CYCCOND,PEDESTRIAN,CYCLIST,AUTOMOBILE,MOTORCYCLE,TRUCK,TRSN_CITY_VEH,EMERG_VEH,PASSENGER,SPEEDING,AG_DRIV,REDLIGHT,ALCOHOL,DISABILITY,HOOD_158,NEIGHBOURHOOD_158,HOOD_140,NEIGHBOURHOOD_140,DIVISION,geometry,ACCIDENT_YEAR
18633,18634,3001904810.0,2023-08-15,1817,500 THE EAST ML,FOUR SEASONS PL,189 m North ,Minor Arterial,Etobicoke York,At/Near Private Drive,No Control,Clear,Daylight,Dry,Non-Fatal Injury,SMV Other,Driver,15 to 19,Major,,South,"Automobile, Station Wagon",Going Ahead,Exceeding Speed Limit,Other,,,,,,,,,Yes,,,,,,Yes,Yes,,,,158,Islington,14,Islington-City Centre West (14),D22,"{""coordinates"": [[-79.5624950002863, 43.6512249997494]], ""type"": ""MultiPoint""}",2023
18634,18635,3001922494.0,2023-08-17,2036,EGLINTON AV E,MARKHAM RD,6 m East of,Major Arterial,Scarborough,Intersection Related,Traffic Signal,Clear,"Dusk, artificial",Dry,Non-Fatal Injury,Pedestrian Collisions,Driver,45 to 49,,,East,"Automobile, Station Wagon",Going Ahead,Driving Properly,Normal,,,,,,,Yes,,Yes,,,,,Yes,,,,,,139,Scarborough Village,139,Scarborough Village (139),D43,"{""coordinates"": [[-79.2188829994808, 43.7431859996342]], ""type"": ""MultiPoint""}",2023
18635,18636,3001922494.0,2023-08-17,2036,EGLINTON AV E,MARKHAM RD,6 m East of,Major Arterial,Scarborough,Intersection Related,Traffic Signal,Clear,"Dusk, artificial",Dry,Non-Fatal Injury,Pedestrian Collisions,Passenger,10 to 14,,,,,,,,,,,,,,Yes,,Yes,,,,,Yes,,,,,,139,Scarborough Village,139,Scarborough Village (139),D43,"{""coordinates"": [[-79.2188829994808, 43.7431859996342]], ""type"": ""MultiPoint""}",2023
18636,18637,3001922494.0,2023-08-17,2036,EGLINTON AV E,MARKHAM RD,6 m East of,Major Arterial,Scarborough,Intersection Related,Traffic Signal,Clear,"Dusk, artificial",Dry,Non-Fatal Injury,Pedestrian Collisions,Pedestrian,45 to 49,Major,,,,,,,Vehicle is going straight thru inter.while ped cross without ROW,Crossing marked crosswalk without ROW,Had Been Drinking,,,,Yes,,Yes,,,,,Yes,,,,,,139,Scarborough Village,139,Scarborough Village (139),D43,"{""coordinates"": [[-79.2188829994808, 43.7431859996342]], ""type"": ""MultiPoint""}",2023
18637,18638,3001923294.0,2023-08-17,2246,F G GARDINER XY E,ISLINGTON AV,275 m West o,Expressway,Etobicoke York,Non Intersection,No Control,Rain,"Dark, artificial",Wet,Non-Fatal Injury,Rear End,Driver,20 to 24,,,East,"Automobile, Station Wagon",Going Ahead,Speed too Fast For Condition,"Ability Impaired, Alcohol Over .08",,,,,,,,,Yes,,,,,Yes,Yes,Yes,,Yes,,160,Mimico-Queensway,17,Mimico (includes Humber Bay Shores) (17),D22,"{""coordinates"": [[-79.5163000004384, 43.6196770000401]], ""type"": ""MultiPoint""}",2023
18638,18639,3001923294.0,2023-08-17,2246,F G GARDINER XY E,ISLINGTON AV,275 m West o,Expressway,Etobicoke York,Non Intersection,No Control,Rain,"Dark, artificial",Wet,Non-Fatal Injury,Rear End,Driver,25 to 29,Major,,East,Passenger Van,Going Ahead,Driving Properly,Normal,,,,,,,,,Yes,,,,,Yes,Yes,Yes,,Yes,,160,Mimico-Queensway,17,Mimico (includes Humber Bay Shores) (17),D22,"{""coordinates"": [[-79.5163000004384, 43.6196770000401]], ""type"": ""MultiPoint""}",2023
18639,18640,3001923294.0,2023-08-17,2246,F G GARDINER XY E,ISLINGTON AV,275 m West o,Expressway,Etobicoke York,Non Intersection,No Control,Rain,"Dark, artificial",Wet,Non-Fatal Injury,Rear End,Driver,30 to 34,Minimal,,East,Passenger Van,Going Ahead,Driving Properly,Normal,,,,,,,,,Yes,,,,,Yes,Yes,Yes,,Yes,,160,Mimico-Queensway,17,Mimico (includes Humber Bay Shores) (17),D22,"{""coordinates"": [[-79.5163000004384, 43.6196770000401]], ""type"": ""MultiPoint""}",2023
18640,18641,3001923294.0,2023-08-17,2246,F G GARDINER XY E,ISLINGTON AV,275 m West o,Expressway,Etobicoke York,Non Intersection,No Control,Rain,"Dark, artificial",Wet,Non-Fatal Injury,Rear End,Passenger,20 to 24,Minimal,,,,,,,,,,,,,,,Yes,,,,,Yes,Yes,Yes,,Yes,,160,Mimico-Queensway,17,Mimico (includes Humber Bay Shores) (17),D22,"{""coordinates"": [[-79.5163000004384, 43.6196770000401]], ""type"": ""MultiPoint""}",2023
18641,18642,3001923294.0,2023-08-17,2246,F G GARDINER XY E,ISLINGTON AV,275 m West o,Expressway,Etobicoke York,Non Intersection,No Control,Rain,"Dark, artificial",Wet,Non-Fatal Injury,Rear End,Passenger,25 to 29,Minimal,,,,,,,,,,,,,,,Yes,,,,,Yes,Yes,Yes,,Yes,,160,Mimico-Queensway,17,Mimico (includes Humber Bay Shores) (17),D22,"{""coordinates"": [[-79.5163000004384, 43.6196770000401]], ""type"": ""MultiPoint""}",2023
18642,18643,3001923363.0,2023-08-17,2255,JANE ST,EXBURY RD,100 m South ,Major Arterial,North York,Non Intersection,Traffic Signal,Rain,"Dark, artificial",Wet,Non-Fatal Injury,Approaching,Driver,25 to 29,Major,,North,"Automobile, Station Wagon",Other,Speed too Fast For Condition,Normal,,,,,,,,,Yes,,,,,,Yes,Yes,,,,154,Oakdale-Beverley Heights,26,Downsview-Roding-CFB (26),D31,"{""coordinates"": [[-79.5104940000893, 43.7284150003514]], ""type"": ""MultiPoint""}",2023
18643,18644,3001923363.0,2023-08-17,2255,JANE ST,EXBURY RD,100 m South ,Major Arterial,North York,Non Intersection,Traffic Signal,Rain,"Dark, artificial",Wet,Non-Fatal Injury,Approaching,Driver,30 to 34,Major,,South,"Automobile, Station Wagon",Going Ahead,Driving Properly,Normal,,,,,,,,,Yes,,,,,,Yes,Yes,,,,154,Oakdale-Beverley Heights,26,Downsview-Roding-CFB (26),D31,"{""coordinates"": [[-79.5104940000893, 43.7284150003514]], ""type"": ""MultiPoint""}",2023
18644,18645,3001924743.0,2023-08-18,630,EGLINTON AVE E,BRIMLEY RD,20 m West of,Major Arterial,Scarborough,Non Intersection,,Clear,Dawn,Dry,Non-Fatal Injury,Pedestrian Collisions,Driver,25 to 29,,,West,Pick Up Truck,Going Ahead,Driving Properly,Normal,,,,,,,Yes,,Yes,,,,,,,,,,,138,Eglinton East,138,Eglinton East (138),D43,"{""coordinates"": [[-79.2480580003636, 43.7367050002675]], ""type"": ""MultiPoint""}",2023
18645,18646,3001924743.0,2023-08-18,630,EGLINTON AVE E,BRIMLEY RD,20 m West of,Major Arterial,Scarborough,Non Intersection,,Clear,Dawn,Dry,Non-Fatal Injury,Pedestrian Collisions,Pedestrian,25 to 29,Major,,,,,,,Pedestrian hit at mid-block,Crossing without right of way,Other,,,,Yes,,Yes,,,,,,,,,,,138,Eglinton East,138,Eglinton East (138),D43,"{""coordinates"": [[-79.2480580003636, 43.7367050002675]], ""type"": ""MultiPoint""}",2023
18646,18647,3001930218.0,2023-08-18,1943,MERTON ST,MOUNT PLEASANT RD,,Major Arterial,Toronto and East York,Intersection Related,Traffic Signal,Clear,"Dark, artificial",Dry,Non-Fatal Injury,Turning Movement,Driver,25 to 29,,,North,"Automobile, Station Wagon",Turning Left,Improper Turn,Normal,,,,,,,,,Yes,Yes,,,,,,,,,,99,Mount Pleasant East,99,Mount Pleasant East (99),D53,"{""coordinates"": [[-79.3864470000152, 43.6981799997319]], ""type"": ""MultiPoint""}",2023
18647,18648,3001930218.0,2023-08-18,1943,MERTON ST,MOUNT PLEASANT RD,,Major Arterial,Toronto and East York,Intersection Related,Traffic Signal,Clear,"Dark, artificial",Dry,Non-Fatal Injury,Turning Movement,Motorcycle Driver,25 to 29,Major,,South,Motorcycle,Going Ahead,Driving Properly,Unknown,,,,,,,,,Yes,Yes,,,,,,,,,,99,Mount Pleasant East,99,Mount Pleasant East (99),D53,"{""coordinates"": [[-79.3864470000152, 43.6981799997319]], ""type"": ""MultiPoint""}",2023
18648,18649,3001940328.0,2023-08-20,305,BAY ST,BLOOR ST,9 m South of,Major Arterial,Toronto and East York,Intersection Related,Traffic Signal,Clear,Dark,Dry,Non-Fatal Injury,Pedestrian Collisions,Driver,25 to 29,,,South,"Automobile, Station Wagon",Going Ahead,Driving Properly,Normal,,,,,,,Yes,,Yes,,,,,Yes,Yes,Yes,,,,169,Bay-Cloverhill,95,Annex (95),D52,"{""coordinates"": [[-79.3894760004553, 43.669672999752]], ""type"": ""MultiPoint""}",2023
18649,18650,3001940328.0,2023-08-20,305,BAY ST,BLOOR ST,9 m South of,Major Arterial,Toronto and East York,Intersection Related,Traffic Signal,Clear,Dark,Dry,Non-Fatal Injury,Pedestrian Collisions,Passenger,20 to 24,,,,,,,,,,,,,,Yes,,Yes,,,,,Yes,Yes,Yes,,,,169,Bay-Cloverhill,95,Annex (95),D52,"{""coordinates"": [[-79.3894760004553, 43.669672999752]], ""type"": ""MultiPoint""}",2023
18650,18651,3001940328.0,2023-08-20,305,BAY ST,BLOOR ST,9 m South of,Major Arterial,Toronto and East York,Intersection Related,Traffic Signal,Clear,Dark,Dry,Non-Fatal Injury,Pedestrian Collisions,Pedestrian,50 to 54,Major,,,,,,,Vehicle is going straight thru inter.while ped cross without ROW,Crossing without right of way,Normal,,,,Yes,,Yes,,,,,Yes,Yes,Yes,,,,169,Bay-Cloverhill,95,Annex (95),D52,"{""coordinates"": [[-79.3894760004553, 43.669672999752]], ""type"": ""MultiPoint""}",2023
18651,18652,3001959767.0,2023-08-22,1451,KING ST W,JAMESON AVE,10 m West of,Major Arterial,,Non Intersection,Traffic Signal,Clear,Daylight,Dry,Non-Fatal Injury,Pedestrian Collisions,Driver,25 to 29,,,East,"Automobile, Station Wagon",Going Ahead,Failed to Yield Right of Way,Other,,,,,,,Yes,,Yes,,,,,,,Yes,,,,85,South Parkdale,85,South Parkdale (85),D14,"{""coordinates"": [[-79.4363430000246, 43.6370260001221]], ""type"": ""MultiPoint""}",2023
18652,18653,3001959767.0,2023-08-22,1451,KING ST W,JAMESON AVE,10 m West of,Major Arterial,,Non Intersection,Traffic Signal,Clear,Daylight,Dry,Non-Fatal Injury,Pedestrian Collisions,Pedestrian,50 to 54,Major,,,,,,,Other / Undefined,Crossing with right of way,Normal,,,,Yes,,Yes,,,,,,,Yes,,,,85,South Parkdale,85,South Parkdale (85),D14,"{""coordinates"": [[-79.4363430000246, 43.6370260001221]], ""type"": ""MultiPoint""}",2023
18653,18654,3001964542.0,2023-08-23,545,WESTON RD,SHEPPARD AVE W,,Major Arterial,North York,Intersection Related,Traffic Signal,Clear,Daylight,Dry,Non-Fatal Injury,Pedestrian Collisions,Driver,55 to 59,,,North,"Automobile, Station Wagon",Turning Right,Failed to Yield Right of Way,Normal,,,,,,,Yes,,Yes,,,,,,,Yes,,,,23,Pelmo Park-Humberlea,22,Humbermede (22),D31,"{""coordinates"": [[-79.5381960002232, 43.7337519996563]], ""type"": ""MultiPoint""}",2023
18654,18655,3001964542.0,2023-08-23,545,WESTON RD,SHEPPARD AVE W,,Major Arterial,North York,Intersection Related,Traffic Signal,Clear,Daylight,Dry,Non-Fatal Injury,Pedestrian Collisions,Pedestrian,60 to 64,Major,,,,,,,Vehicle turns right while ped crosses with ROW at inter.,Crossing with right of way,Normal,,,,Yes,,Yes,,,,,,,Yes,,,,23,Pelmo Park-Humberlea,22,Humbermede (22),D31,"{""coordinates"": [[-79.5381960002232, 43.7337519996563]], ""type"": ""MultiPoint""}",2023
18655,18656,3001969077.0,2023-08-23,1733,DIXON RD,CITY VIEW DR,60 m East of,Major Arterial,Etobicoke York,At/Near Private Drive,Traffic Signal,Clear,Daylight,Dry,Non-Fatal Injury,Pedestrian Collisions,Driver,50 to 54,,,North,Pick Up Truck,Turning Left,Improper Turn,Normal,,,,,,,Yes,,Yes,,,,,Yes,,,,,,1,West Humber-Clairville,1,West Humber-Clairville (1),D23,"{""coordinates"": [[-79.5763199996612, 43.6903829999134]], ""type"": ""MultiPoint""}",2023
18656,18657,3001969077.0,2023-08-23,1733,DIXON RD,CITY VIEW DR,60 m East of,Major Arterial,Etobicoke York,At/Near Private Drive,Traffic Signal,Clear,Daylight,Dry,Non-Fatal Injury,Pedestrian Collisions,Passenger,40 to 44,,,,,,,,,,,,,,Yes,,Yes,,,,,Yes,,,,,,1,West Humber-Clairville,1,West Humber-Clairville (1),D23,"{""coordinates"": [[-79.5763199996612, 43.6903829999134]], ""type"": ""MultiPoint""}",2023
18657,18658,3001969077.0,2023-08-23,1733,DIXON RD,CITY VIEW DR,60 m East of,Major Arterial,Etobicoke York,At/Near Private Drive,Traffic Signal,Clear,Daylight,Dry,Non-Fatal Injury,Pedestrian Collisions,Pedestrian,60 to 64,Major,,,,,,,Pedestrian hit at mid-block,Crossing without right of way,Normal,,,,Yes,,Yes,,,,,Yes,,,,,,1,West Humber-Clairville,1,West Humber-Clairville (1),D23,"{""coordinates"": [[-79.5763199996612, 43.6903829999134]], ""type"": ""MultiPoint""}",2023
18658,18659,3001971666.0,2023-08-24,9,QUEEN ST W,DUFFERIN ST,67 m East of,Major Arterial,Toronto and East York,Non Intersection,No Control,Clear,"Dark, artificial",Dry,Non-Fatal Injury,Cyclist Collisions,Driver,20 to 24,,,West,"Automobile, Station Wagon",Stopped,Other,Normal,,,,,,,,Yes,Yes,,,,,,,,,,,84,Little Portugal,84,Little Portugal (84),D14,"{""coordinates"": [[-79.427813999889, 43.6424050002767]], ""type"": ""MultiPoint""}",2023
18659,18660,3001971666.0,2023-08-24,9,QUEEN ST W,DUFFERIN ST,67 m East of,Major Arterial,Toronto and East York,Non Intersection,No Control,Clear,"Dark, artificial",Dry,Non-Fatal Injury,Cyclist Collisions,Cyclist,30 to 34,Major,,West,Bicycle,Going Ahead,,,,,,Cyclist struck opened vehicle door,Driving Properly,Normal,,Yes,Yes,,,,,,,,,,,84,Little Portugal,84,Little Portugal (84),D14,"{""coordinates"": [[-79.427813999889, 43.6424050002767]], ""type"": ""MultiPoint""}",2023
18660,18661,3001982879.0,2023-08-25,1144,ROYAL YORK RD,CAVELL AVE,45 m North o,Minor Arterial,Etobicoke York,Non Intersection,No Control,Clear,Daylight,Dry,Non-Fatal Injury,Cyclist Collisions,Driver,55 to 59,,,North,"Automobile, Station Wagon",Stopped,Driving Properly,Normal,,,,,,,,Yes,Yes,,,,,Yes,,,,,,160,Mimico-Queensway,17,Mimico (includes Humber Bay Shores) (17),D22,"{""coordinates"": [[-79.4979129993752, 43.6150230003987]], ""type"": ""MultiPoint""}",2023
18661,18662,3001982879.0,2023-08-25,1144,ROYAL YORK RD,CAVELL AVE,45 m North o,Minor Arterial,Etobicoke York,Non Intersection,No Control,Clear,Daylight,Dry,Non-Fatal Injury,Cyclist Collisions,Cyclist,55 to 59,Major,,North,Bicycle,Going Ahead,,,,,,Cyclist struck opened vehicle door,Driving Properly,Normal,,Yes,Yes,,,,,Yes,,,,,,160,Mimico-Queensway,17,Mimico (includes Humber Bay Shores) (17),D22,"{""coordinates"": [[-79.4979129993752, 43.6150230003987]], ""type"": ""MultiPoint""}",2023
18662,18663,3001982879.0,2023-08-25,1144,ROYAL YORK RD,CAVELL AVE,45 m North o,Minor Arterial,Etobicoke York,Non Intersection,No Control,Clear,Daylight,Dry,Non-Fatal Injury,Cyclist Collisions,Passenger,50 to 54,,,,,,,,,,,,,,,Yes,Yes,,,,,Yes,,,,,,160,Mimico-Queensway,17,Mimico (includes Humber Bay Shores) (17),D22,"{""coordinates"": [[-79.4979129993752, 43.6150230003987]], ""type"": ""MultiPoint""}",2023
18663,18664,3001984053.0,2023-08-25,1416,HENLEY CRES,ELMHURST DRIVE,10 m North o,Local,Etobicoke York,Non Intersection,Stop Sign,Clear,Daylight,Dry,Non-Fatal Injury,Pedestrian Collisions,Driver,unknown,,,North,"Automobile, Station Wagon",Going Ahead,Other,Unknown,,,,,,,Yes,,Yes,,,,,,,Yes,,,,4,Rexdale-Kipling,4,Rexdale-Kipling (4),D23,"{""coordinates"": [[-79.5715589999727, 43.7285830004506]], ""type"": ""MultiPoint""}",2023
18664,18665,3001984053.0,2023-08-25,1416,HENLEY CRES,ELMHURST DRIVE,10 m North o,Local,Etobicoke York,Non Intersection,Stop Sign,Clear,Daylight,Dry,Non-Fatal Injury,Pedestrian Collisions,Pedestrian,30 to 34,Major,,,,,,,Pedestrian hit at mid-block,Other,Normal,,,,Yes,,Yes,,,,,,,Yes,,,,4,Rexdale-Kipling,4,Rexdale-Kipling (4),D23,"{""coordinates"": [[-79.5715589999727, 43.7285830004506]], ""type"": ""MultiPoint""}",2023
18665,18666,3001985783.0,2023-08-25,1757,KINGSTON RD,MANSE RD,,Major Arterial,Scarborough,Intersection Related,Traffic Signal,Clear,Daylight,Dry,Non-Fatal Injury,Turning Movement,Driver,65 to 69,,,East,"Automobile, Station Wagon",Turning Left,Improper Turn,Normal,,,,,,,,,Yes,,,,,Yes,,,,,,136,West Hill,136,West Hill (136),D43,"{""coordinates"": [[-79.1779430004812, 43.7748629998864]], ""type"": ""MultiPoint""}",2023
18666,18667,3001985783.0,2023-08-25,1757,KINGSTON RD,MANSE RD,,Major Arterial,Scarborough,Intersection Related,Traffic Signal,Clear,Daylight,Dry,Non-Fatal Injury,Turning Movement,Driver,20 to 24,Major,,West,"Automobile, Station Wagon",Going Ahead,Driving Properly,Normal,,,,,,,,,Yes,,,,,Yes,,,,,,136,West Hill,136,West Hill (136),D43,"{""coordinates"": [[-79.1779430004812, 43.7748629998864]], ""type"": ""MultiPoint""}",2023
18667,18668,3001985783.0,2023-08-25,1757,KINGSTON RD,MANSE RD,,Major Arterial,Scarborough,Intersection Related,Traffic Signal,Clear,Daylight,Dry,Non-Fatal Injury,Turning Movement,Passenger,15 to 19,,,,,,,,,,,,,,,,Yes,,,,,Yes,,,,,,136,West Hill,136,West Hill (136),D43,"{""coordinates"": [[-79.1779430004812, 43.7748629998864]], ""type"": ""MultiPoint""}",2023
18668,18669,3001985783.0,2023-08-25,1757,KINGSTON RD,MANSE RD,,Major Arterial,Scarborough,Intersection Related,Traffic Signal,Clear,Daylight,Dry,Non-Fatal Injury,Turning Movement,Passenger,0 to 4,Minimal,,,,,,,,,,,,,,,Yes,,,,,Yes,,,,,,136,West Hill,136,West Hill (136),D43,"{""coordinates"": [[-79.1779430004812, 43.7748629998864]], ""type"": ""MultiPoint""}",2023
18669,18670,3001986496.0,2023-08-25,1920,LOWER SIMCOE ST,STATION ST,10 m South o,Collector,Toronto and East York,Non Intersection,Stop Sign,Clear,Daylight,Dry,Non-Fatal Injury,Sideswipe,Driver,20 to 24,,,South,"Automobile, Station Wagon",Changing Lanes,Improper Lane Change,Normal,,,,,,,,Yes,Yes,,,,,,,,,,,165,Harbourfront-CityPlace,77,Waterfront Communities-The Island (77),D52,"{""coordinates"": [[-79.3847760005202, 43.6442859996835]], ""type"": ""MultiPoint""}",2023
18670,18671,3001986496.0,2023-08-25,1920,LOWER SIMCOE ST,STATION ST,10 m South o,Collector,Toronto and East York,Non Intersection,Stop Sign,Clear,Daylight,Dry,Non-Fatal Injury,Sideswipe,Cyclist,40 to 44,Major,,South,Bicycle,Going Ahead,,,,,,Cyclist and Driver travelling in same direction. One vehicle sideswipes the other.,Driving Properly,Normal,,Yes,Yes,,,,,,,,,,,165,Harbourfront-CityPlace,77,Waterfront Communities-The Island (77),D52,"{""coordinates"": [[-79.3847760005202, 43.6442859996835]], ""type"": ""MultiPoint""}",2023
18671,18672,3001989785.0,2023-08-25,1947,DUNDAS ST E,RIVER ST,34 m East of,Major Arterial,Toronto and East York,Non Intersection,No Control,Clear,Daylight,Dry,Non-Fatal Injury,Cyclist Collisions,Motorcycle Driver,unknown,,,East,Motorcycle,Overtaking,Improper Passing,Unknown,,,,,,,,Yes,,Yes,,,,,,Yes,,,,72,Regent Park,72,Regent Park (72),D51,"{""coordinates"": [[-79.3577230000124, 43.6613030001511]], ""type"": ""MultiPoint""}",2023
18672,18673,3001989785.0,2023-08-25,1947,DUNDAS ST E,RIVER ST,34 m East of,Major Arterial,Toronto and East York,Non Intersection,No Control,Clear,Daylight,Dry,Non-Fatal Injury,Cyclist Collisions,Cyclist,50 to 54,Major,,East,Bicycle,Going Ahead,,,,,,"Motorist without ROW drives into path of cyclist at inter, lnwy, dwy-Driver not turn.",Driving Properly,Normal,,Yes,,Yes,,,,,,Yes,,,,72,Regent Park,72,Regent Park (72),D51,"{""coordinates"": [[-79.3577230000124, 43.6613030001511]], ""type"": ""MultiPoint""}",2023
18673,18674,3001995620.0,2023-08-26,2325,HILDA AVE,STEELES AVE W,,,,,Traffic Signal,Clear,"Dark, artificial",Dry,Non-Fatal Injury,Pedestrian Collisions,Driver,40 to 44,,,North,"Automobile, Station Wagon",Turning Left,Improper Turn,Normal,,,,,,,Yes,,Yes,,,,,,,,,,,NSA,NSA,NSA,NSA,D32,"{""coordinates"": [[-79.429232999387, 43.7960430003922]], ""type"": ""MultiPoint""}",2023
18674,18675,3001995620.0,2023-08-26,2325,HILDA AVE,STEELES AVE W,,,,,Traffic Signal,Clear,"Dark, artificial",Dry,Non-Fatal Injury,Pedestrian Collisions,Pedestrian,45 to 49,Major,,,,,,,,,Unknown,,,,Yes,,Yes,,,,,,,,,,,NSA,NSA,NSA,NSA,D32,"{""coordinates"": [[-79.429232999387, 43.7960430003922]], ""type"": ""MultiPoint""}",2023
18675,18676,3001998353.0,2023-08-27,1055,KEELE ST,INGRAM DR,,Major Arterial,North York,Intersection Related,Traffic Signal,Clear,Daylight,Dry,Non-Fatal Injury,Turning Movement,Driver,90 to 94,,,South,"Automobile, Station Wagon",Turning Left,Driving Properly,Normal,,,,,,,,,Yes,Yes,,,,,,,,,,30,Brookhaven-Amesbury,30,Brookhaven-Amesbury (30),D12,"{""coordinates"": [[-79.4759399996519, 43.6994349996582]], ""type"": ""MultiPoint""}",2023
18676,18677,3001998353.0,2023-08-27,1055,KEELE ST,INGRAM DR,,Major Arterial,North York,Intersection Related,Traffic Signal,Clear,Daylight,Dry,Non-Fatal Injury,Turning Movement,Motorcycle Driver,20 to 24,Major,,North,Motorcycle,Going Ahead,Driving Properly,Normal,,,,,,,,,Yes,Yes,,,,,,,,,,30,Brookhaven-Amesbury,30,Brookhaven-Amesbury (30),D12,"{""coordinates"": [[-79.4759399996519, 43.6994349996582]], ""type"": ""MultiPoint""}",2023
18677,18678,3002003989.0,2023-08-28,524,VICTORIA PARK AV,LAWRENCE AV E,16 m North o,Major Arterial,North York,Intersection Related,Traffic Signal,Clear,"Dusk, artificial",Dry,Non-Fatal Injury,Turning Movement,Driver,60 to 64,Minor,,North,"Automobile, Station Wagon",Turning Left,Failed to Yield Right of Way,Other,,,,,,,,,Yes,Yes,,,,,,Yes,,,,119,Wexford/Maryvale,119,Wexford/Maryvale (119),D41,"{""coordinates"": [[-79.3097570005916, 43.7421519997087]], ""type"": ""MultiPoint""}",2023
18678,18679,3002003989.0,2023-08-28,524,VICTORIA PARK AV,LAWRENCE AV E,16 m North o,Major Arterial,North York,Intersection Related,Traffic Signal,Clear,"Dusk, artificial",Dry,Non-Fatal Injury,Turning Movement,Motorcycle Driver,55 to 59,Major,,South,Motorcycle,Going Ahead,Driving Properly,Normal,,,,,,,,,Yes,Yes,,,,,,Yes,,,,119,Wexford/Maryvale,119,Wexford/Maryvale (119),D41,"{""coordinates"": [[-79.3097570005916, 43.7421519997087]], ""type"": ""MultiPoint""}",2023
18679,18680,3002037938.0,2023-09-01,256,BATHURST ST,STEWART ST,20 m North o,Major Arterial,Toronto and East York,Non Intersection,No Control,Clear,"Dark, artificial",Dry,Non-Fatal Injury,Pedestrian Collisions,Driver,25 to 29,,,South,Pick Up Truck,Going Ahead,Lost control,Other,,,,,,,Yes,,Yes,,,,,,,,,,,164,Wellington Place,77,Waterfront Communities-The Island (77),D14,"{""coordinates"": [[-79.4023619997655, 43.6431990002562]], ""type"": ""MultiPoint""}",2023
18680,18681,3002037938.0,2023-09-01,256,BATHURST ST,STEWART ST,20 m North o,Major Arterial,Toronto and East York,Non Intersection,No Control,Clear,"Dark, artificial",Dry,Non-Fatal Injury,Pedestrian Collisions,Pedestrian,25 to 29,Major,,,,,,,Other / Undefined,Playing or Working on Highway,Had Been Drinking,,,,Yes,,Yes,,,,,,,,,,,164,Wellington Place,77,Waterfront Communities-The Island (77),D14,"{""coordinates"": [[-79.4023619997655, 43.6431990002562]], ""type"": ""MultiPoint""}",2023
18681,18682,3002037938.0,2023-09-01,256,BATHURST ST,STEWART ST,20 m North o,Major Arterial,Toronto and East York,Non Intersection,No Control,Clear,"Dark, artificial",Dry,Non-Fatal Injury,Pedestrian Collisions,Pedestrian,20 to 24,,,,,,,,Other / Undefined,Playing or Working on Highway,Had Been Drinking,,,,Yes,,Yes,,,,,,,,,,,164,Wellington Place,77,Waterfront Communities-The Island (77),D14,"{""coordinates"": [[-79.4023619997655, 43.6431990002562]], ""type"": ""MultiPoint""}",2023
18682,18683,3002037938.0,2023-09-01,256,BATHURST ST,STEWART ST,20 m North o,Major Arterial,Toronto and East York,Non Intersection,No Control,Clear,"Dark, artificial",Dry,Non-Fatal Injury,Pedestrian Collisions,Pedestrian,30 to 34,,,,,,,,Other / Undefined,,Unknown,,,,Yes,,Yes,,,,,,,,,,,164,Wellington Place,77,Waterfront Communities-The Island (77),D14,"{""coordinates"": [[-79.4023619997655, 43.6431990002562]], ""type"": ""MultiPoint""}",2023
18683,18684,3002047596.0,2023-09-02,455,DANFORTH AV,WESTLAKE AV,57 m East of,Major Arterial,Toronto and East York,Non Intersection,No Control,Clear,"Dusk, artificial",Dry,Non-Fatal Injury,Approaching,Driver,35 to 39,Major,,East,Pick Up Truck,Going Ahead,Lost control,Unknown,,,,,,,,,Yes,,,Yes,,,,,,,,62,East End-Danforth,62,East End-Danforth (62),D55,"{""coordinates"": [[-79.3042859998899, 43.6876319997367]], ""type"": ""MultiPoint""}",2023
18684,18685,3002047596.0,2023-09-02,455,DANFORTH AV,WESTLAKE AV,57 m East of,Major Arterial,Toronto and East York,Non Intersection,No Control,Clear,"Dusk, artificial",Dry,Non-Fatal Injury,Approaching,Driver,35 to 39,,,West,Municipal Transit Bus (TTC),Going Ahead,Driving Properly,Normal,,,,,,,,,Yes,,,Yes,,,,,,,,62,East End-Danforth,62,East End-Danforth (62),D55,"{""coordinates"": [[-79.3042859998899, 43.6876319997367]], ""type"": ""MultiPoint""}",2023
18685,18686,3002047596.0,2023-09-02,455,DANFORTH AV,WESTLAKE AV,57 m East of,Major Arterial,Toronto and East York,Non Intersection,No Control,Clear,"Dusk, artificial",Dry,Non-Fatal Injury,Approaching,Driver,45 to 49,,,West,Municipal Transit Bus (TTC),Going Ahead,Driving Properly,Normal,,,,,,,,,Yes,,,Yes,,,,,,,,62,East End-Danforth,62,East End-Danforth (62),D55,"{""coordinates"": [[-79.3042859998899, 43.6876319997367]], ""type"": ""MultiPoint""}",2023