index,_id,ACCNUM,DATE,TIME,STREET1,STREET2,OFFSET,ROAD_CLASS,DISTRICT,ACCLOC,TRAFFCTL,VISIBILITY,LIGHT,RDSFCOND,ACCLASS,IMPACTYPE,INVTYPE,INVAGE,INJURY,FATAL_NO,INITDIR,VEHTYPE,MANOEUVER,DRIVACT,DRIVCOND,PEDTYPE,PEDACT,PEDCOND,CYCLISTYPE,CYCACT,CYCCOND,PEDESTRIAN,CYCLIST,AUTOMOBILE,MOTORCYCLE,TRUCK,TRSN_CITY_VEH,EMERG_VEH,PASSENGER,SPEEDING,AG_DRIV,REDLIGHT,ALCOHOL,DISABILITY,HOOD_158,NEIGHBOURHOOD_158,HOOD_140,NEIGHBOURHOOD_140,DIVISION,geometry,ACCIDENT_YEAR
18686,18687,3002050673.0,2023-09-02,1515,ISLINGTON AV,THE WESTWAY,,Local,Etobicoke York,Intersection Related,Traffic Signal,Clear,Daylight,Dry,Non-Fatal Injury,Turning Movement,Driver,45 to 49,,,South,"Automobile, Station Wagon",Turning Left,Improper Turn,Normal,,,,,,,,,Yes,Yes,,,,,Yes,Yes,,,,10,Princess-Rosethorn,10,Princess-Rosethorn (10),D22,"{""coordinates"": [[-79.5297199994286, 43.6524069995587]], ""type"": ""MultiPoint""}",2023
18687,18688,3002050673.0,2023-09-02,1515,ISLINGTON AV,THE WESTWAY,,Local,Etobicoke York,Intersection Related,Traffic Signal,Clear,Daylight,Dry,Non-Fatal Injury,Turning Movement,Motorcycle Driver,45 to 49,Major,,North,Motorcycle,Going Ahead,Driving Properly,Normal,,,,,,,,,Yes,Yes,,,,,Yes,Yes,,,,10,Princess-Rosethorn,10,Princess-Rosethorn (10),D22,"{""coordinates"": [[-79.5297199994286, 43.6524069995587]], ""type"": ""MultiPoint""}",2023
18688,18689,3002052041.0,2023-09-02,1839,LAKE SHORE BLVD,LONG BRANCH AV,,Major Arterial,Etobicoke York,Intersection Related,Traffic Signal,Clear,Daylight,Dry,Non-Fatal Injury,Pedestrian Collisions,Driver,85 to 89,,,West,"Automobile, Station Wagon",Going Ahead,Driving Properly,Normal,,,,,,,Yes,,Yes,,,,,,,,,,,19,Long Branch,19,Long Branch (19),D22,"{""coordinates"": [[-79.5339159999303, 43.5944959998264]], ""type"": ""MultiPoint""}",2023
18689,18690,3002052041.0,2023-09-02,1839,LAKE SHORE BLVD,LONG BRANCH AV,,Major Arterial,Etobicoke York,Intersection Related,Traffic Signal,Clear,Daylight,Dry,Non-Fatal Injury,Pedestrian Collisions,Pedestrian,35 to 39,Major,,,,,,,Vehicle is going straight thru inter.while ped cross without ROW,Crossing without right of way,Had Been Drinking,,,,Yes,,Yes,,,,,,,,,,,19,Long Branch,19,Long Branch (19),D22,"{""coordinates"": [[-79.5339159999303, 43.5944959998264]], ""type"": ""MultiPoint""}",2023
18690,18691,3002054123.0,2023-09-03,19,RICHMOND ST W,BAY ST,40 m East of,Major Arterial,Toronto and East York,Intersection Related,Traffic Signal,Clear,"Dark, artificial",Dry,Non-Fatal Injury,SMV Other,Driver,35 to 39,Major,,West,"Automobile, Station Wagon",Pulling Onto Shoulder or towardCurb,Driving Properly,Other,,,,,,,,,Yes,,,,,,,,,,,170,Yonge-Bay Corridor,76,Bay Street Corridor (76),D52,"{""coordinates"": [[-79.3808239994146, 43.6512819999177]], ""type"": ""MultiPoint""}",2023
18691,18692,3002054780.0,2023-09-03,255,343 KIPLING AV,BIRMINGHAM ST,46 m South o,Major Arterial,Etobicoke York,Non Intersection,Traffic Signal,Clear,"Dark, artificial",Dry,Non-Fatal Injury,SMV Other,Driver,40 to 44,Major,,North,"Automobile, Station Wagon",Going Ahead,Lost control,Fatigue,,,,,,,,,Yes,,,,,,,Yes,,,,18,New Toronto,18,New Toronto (18),D22,"{""coordinates"": [[-79.517855999435, 43.6002910002795]], ""type"": ""MultiPoint""}",2023
18692,18693,3002057635.0,2023-09-03,1400,DUFFERIN ST,DUFFERIN PARK AV,,Major Arterial,Toronto and East York,Intersection Related,Traffic Signal,Clear,Daylight,Dry,Non-Fatal Injury,Pedestrian Collisions,Driver,85 to 89,,,East,"Automobile, Station Wagon",Turning Right,Improper Turn,Normal,,,,,,,Yes,,Yes,,,,,Yes,,,,,,83,Dufferin Grove,83,Dufferin Grove (83),D14,"{""coordinates"": [[-79.4342840005224, 43.6571299997488]], ""type"": ""MultiPoint""}",2023
18693,18694,3002057635.0,2023-09-03,1400,DUFFERIN ST,DUFFERIN PARK AV,,Major Arterial,Toronto and East York,Intersection Related,Traffic Signal,Clear,Daylight,Dry,Non-Fatal Injury,Pedestrian Collisions,Passenger,80 to 84,,,,,,,,,,,,,,Yes,,Yes,,,,,Yes,,,,,,83,Dufferin Grove,83,Dufferin Grove (83),D14,"{""coordinates"": [[-79.4342840005224, 43.6571299997488]], ""type"": ""MultiPoint""}",2023
18694,18695,3002057635.0,2023-09-03,1400,DUFFERIN ST,DUFFERIN PARK AV,,Major Arterial,Toronto and East York,Intersection Related,Traffic Signal,Clear,Daylight,Dry,Non-Fatal Injury,Pedestrian Collisions,Pedestrian,20 to 24,Major,,,,,,,Vehicle turns right while ped crosses with ROW at inter.,Crossing with right of way,Normal,,,,Yes,,Yes,,,,,Yes,,,,,,83,Dufferin Grove,83,Dufferin Grove (83),D14,"{""coordinates"": [[-79.4342840005224, 43.6571299997488]], ""type"": ""MultiPoint""}",2023
18695,18696,3002069138.0,2023-09-04,2311,EGLINTON AV W,ISLINGTON AV,5 m South of,Major Arterial,Etobicoke York,Intersection Related,Traffic Signal,Clear,"Dark, artificial",Dry,Non-Fatal Injury,Angle,Driver,35 to 39,Major,,North,"Automobile, Station Wagon",Going Ahead,Driving Properly,Normal,,,,,,,,,Yes,,,,,,,,,,,7,Willowridge-Martingrove-Richview,7,Willowridge-Martingrove-Richview (7),D23,"{""coordinates"": [[-79.5389889997657, 43.6798460000527]], ""type"": ""MultiPoint""}",2023
18696,18697,3002069138.0,2023-09-04,2311,EGLINTON AV W,ISLINGTON AV,5 m South of,Major Arterial,Etobicoke York,Intersection Related,Traffic Signal,Clear,"Dark, artificial",Dry,Non-Fatal Injury,Angle,Driver,60 to 64,Minimal,,West,"Automobile, Station Wagon",Going Ahead,Driving Properly,Normal,,,,,,,,,Yes,,,,,,,,,,,7,Willowridge-Martingrove-Richview,7,Willowridge-Martingrove-Richview (7),D23,"{""coordinates"": [[-79.5389889997657, 43.6798460000527]], ""type"": ""MultiPoint""}",2023
18697,18698,3002072686.0,2023-09-05,1124,LESLIE ST,PEACH WILLOWAY,7 m North of,Major Arterial,North York,At/Near Private Drive,No Control,Clear,Daylight,Dry,Non-Fatal Injury,Cyclist Collisions,Cyclist,60 to 64,Major,,South,Bicycle,Going Ahead,,,,,,"Motorist without ROW drives into path of cyclist at inter, lnwy, dwy-Driver not turn.",Other,Normal,,Yes,Yes,,,,,,,Yes,,,,47,Don Valley Village,47,Don Valley Village (47),D33,"{""coordinates"": [[-79.3654970001101, 43.7792769997124]], ""type"": ""MultiPoint""}",2023
18698,18699,3002072686.0,2023-09-05,1124,LESLIE ST,PEACH WILLOWAY,7 m North of,Major Arterial,North York,At/Near Private Drive,No Control,Clear,Daylight,Dry,Non-Fatal Injury,Cyclist Collisions,Driver,60 to 64,,,West,Delivery Van,Going Ahead,Failed to Yield Right of Way,Normal,,,,,,,,Yes,Yes,,,,,,,Yes,,,,47,Don Valley Village,47,Don Valley Village (47),D33,"{""coordinates"": [[-79.3654970001101, 43.7792769997124]], ""type"": ""MultiPoint""}",2023
18699,18700,3002077507.0,2023-09-05,1648,DOLLEY VARDEN BLVD,ELLESMERE RD,100 m South ,Collector,Scarborough,Non Intersection,No Control,Clear,Daylight,Dry,Non-Fatal Injury,SMV Other,Driver,20 to 24,Major,,North,"Automobile, Station Wagon",Going Ahead,Driving Properly,Normal,,,,,,,,,Yes,,,,,Yes,,,,,,142,Woburn North,137,Woburn (137),D43,"{""coordinates"": [[-79.234637999898, 43.7748779999162]], ""type"": ""MultiPoint""}",2023
18700,18701,3002077507.0,2023-09-05,1648,DOLLEY VARDEN BLVD,ELLESMERE RD,100 m South ,Collector,Scarborough,Non Intersection,No Control,Clear,Daylight,Dry,Non-Fatal Injury,SMV Other,Passenger,20 to 24,,,,,,,,,,,,,,,,Yes,,,,,Yes,,,,,,142,Woburn North,137,Woburn (137),D43,"{""coordinates"": [[-79.234637999898, 43.7748779999162]], ""type"": ""MultiPoint""}",2023
18701,18702,3002081171.0,2023-09-06,1026,CHURCH ST,HAYDEN ST,5 m East of,Minor Arterial,Toronto and East York,Non Intersection,Stop Sign,Clear,Daylight,Dry,Non-Fatal Injury,Pedestrian Collisions,Driver,45 to 49,,,South,Pick Up Truck,Turning Left,Improper Turn,Normal,,,,,,,Yes,,Yes,,,,,,,,,,,167,Church-Wellesley,75,Church-Yonge Corridor (75),D51,"{""coordinates"": [[-79.3827770001667, 43.6701610003158]], ""type"": ""MultiPoint""}",2023
18702,18703,3002081171.0,2023-09-06,1026,CHURCH ST,HAYDEN ST,5 m East of,Minor Arterial,Toronto and East York,Non Intersection,Stop Sign,Clear,Daylight,Dry,Non-Fatal Injury,Pedestrian Collisions,Pedestrian,60 to 64,Major,,,,,,,,Crossing without right of way,Normal,,,,Yes,,Yes,,,,,,,,,,,167,Church-Wellesley,75,Church-Yonge Corridor (75),D51,"{""coordinates"": [[-79.3827770001667, 43.6701610003158]], ""type"": ""MultiPoint""}",2023
18703,18704,3002082759.0,2023-09-06,1328,BRIMLEY RD,SHADDOCK CRES,35 m North o,Major Arterial,Scarborough,Non Intersection,Stop Sign,Clear,Daylight,Dry,Non-Fatal Injury,Turning Movement,Driver,65 to 69,,,East,"Automobile, Station Wagon",Turning Left,Failed to Yield Right of Way,Normal,,,,,,,,,Yes,Yes,,,,,,Yes,,,,138,Eglinton East,138,Eglinton East (138),D41,"{""coordinates"": [[-79.249133000057, 43.7385469998293]], ""type"": ""MultiPoint""}",2023
18704,18705,3002082759.0,2023-09-06,1328,BRIMLEY RD,SHADDOCK CRES,35 m North o,Major Arterial,Scarborough,Non Intersection,Stop Sign,Clear,Daylight,Dry,Non-Fatal Injury,Turning Movement,Motorcycle Driver,15 to 19,Major,,North,Motorcycle,Going Ahead,Driving Properly,Normal,,,,,,,,,Yes,Yes,,,,,,Yes,,,,138,Eglinton East,138,Eglinton East (138),D41,"{""coordinates"": [[-79.249133000057, 43.7385469998293]], ""type"": ""MultiPoint""}",2023
18705,18706,3002086345.0,2023-09-06,2030,BRIMLEY RD,STEELES AV E,16 m East of,Major Arterial,Scarborough,Intersection Related,Traffic Signal,Clear,Dusk,Dry,Non-Fatal Injury,,Driver,25 to 29,Minor,,West,"Automobile, Station Wagon",Changing Lanes,Driving Properly,Normal,,,,,,,,,Yes,,,,,Yes,Yes,Yes,,,,130,Milliken,130,Milliken (130),D42,"{""coordinates"": [[-79.2871809998949, 43.8282799999748]], ""type"": ""MultiPoint""}",2023
18706,18707,3002086345.0,2023-09-06,2030,BRIMLEY RD,STEELES AV E,16 m East of,Major Arterial,Scarborough,Intersection Related,Traffic Signal,Clear,Dusk,Dry,Non-Fatal Injury,,Driver,20 to 24,Major,,West,"Automobile, Station Wagon",Going Ahead,Exceeding Speed Limit,Normal,,,,,,,,,Yes,,,,,Yes,Yes,Yes,,,,130,Milliken,130,Milliken (130),D42,"{""coordinates"": [[-79.2871809998949, 43.8282799999748]], ""type"": ""MultiPoint""}",2023
18707,18708,3002086345.0,2023-09-06,2030,BRIMLEY RD,STEELES AV E,16 m East of,Major Arterial,Scarborough,Intersection Related,Traffic Signal,Clear,Dusk,Dry,Non-Fatal Injury,,Driver,70 to 74,,,West,"Automobile, Station Wagon",Turning Left,Driving Properly,Normal,,,,,,,,,Yes,,,,,Yes,Yes,Yes,,,,130,Milliken,130,Milliken (130),D42,"{""coordinates"": [[-79.2871809998949, 43.8282799999748]], ""type"": ""MultiPoint""}",2023
18708,18709,3002086345.0,2023-09-06,2030,BRIMLEY RD,STEELES AV E,16 m East of,Major Arterial,Scarborough,Intersection Related,Traffic Signal,Clear,Dusk,Dry,Non-Fatal Injury,,Driver,25 to 29,,,West,"Automobile, Station Wagon",Turning Left,Driving Properly,Normal,,,,,,,,,Yes,,,,,Yes,Yes,Yes,,,,130,Milliken,130,Milliken (130),D42,"{""coordinates"": [[-79.2871809998949, 43.8282799999748]], ""type"": ""MultiPoint""}",2023
18709,18710,3002086345.0,2023-09-06,2030,BRIMLEY RD,STEELES AV E,16 m East of,Major Arterial,Scarborough,Intersection Related,Traffic Signal,Clear,Dusk,Dry,Non-Fatal Injury,,Driver,25 to 29,Minimal,,West,"Automobile, Station Wagon",Going Ahead,Driving Properly,Normal,,,,,,,,,Yes,,,,,Yes,Yes,Yes,,,,130,Milliken,130,Milliken (130),D42,"{""coordinates"": [[-79.2871809998949, 43.8282799999748]], ""type"": ""MultiPoint""}",2023
18710,18711,3002086345.0,2023-09-06,2030,BRIMLEY RD,STEELES AV E,16 m East of,Major Arterial,Scarborough,Intersection Related,Traffic Signal,Clear,Dusk,Dry,Non-Fatal Injury,,Driver,60 to 64,Minor,,West,Pick Up Truck,Going Ahead,Driving Properly,Normal,,,,,,,,,Yes,,,,,Yes,Yes,Yes,,,,130,Milliken,130,Milliken (130),D42,"{""coordinates"": [[-79.2871809998949, 43.8282799999748]], ""type"": ""MultiPoint""}",2023
18711,18712,3002086345.0,2023-09-06,2030,BRIMLEY RD,STEELES AV E,16 m East of,Major Arterial,Scarborough,Intersection Related,Traffic Signal,Clear,Dusk,Dry,Non-Fatal Injury,,Passenger,70 to 74,Minor,,,,,,,,,,,,,,,Yes,,,,,Yes,Yes,Yes,,,,130,Milliken,130,Milliken (130),D42,"{""coordinates"": [[-79.2871809998949, 43.8282799999748]], ""type"": ""MultiPoint""}",2023
18712,18713,3002086345.0,2023-09-06,2030,BRIMLEY RD,STEELES AV E,16 m East of,Major Arterial,Scarborough,Intersection Related,Traffic Signal,Clear,Dusk,Dry,Non-Fatal Injury,,Passenger,25 to 29,,,,,,,,,,,,,,,,Yes,,,,,Yes,Yes,Yes,,,,130,Milliken,130,Milliken (130),D42,"{""coordinates"": [[-79.2871809998949, 43.8282799999748]], ""type"": ""MultiPoint""}",2023
18713,18714,3002086345.0,2023-09-06,2030,BRIMLEY RD,STEELES AV E,16 m East of,Major Arterial,Scarborough,Intersection Related,Traffic Signal,Clear,Dusk,Dry,Non-Fatal Injury,,Passenger,20 to 24,Minor,,,,,,,,,,,,,,,Yes,,,,,Yes,Yes,Yes,,,,130,Milliken,130,Milliken (130),D42,"{""coordinates"": [[-79.2871809998949, 43.8282799999748]], ""type"": ""MultiPoint""}",2023
18714,18715,3002103400.0,2023-09-08,1853,STEELES AV W,KIPLING AV,200 m East o,Major Arterial,Etobicoke York,Non Intersection,No Control,Clear,Dark,Dry,Non-Fatal Injury,Approaching,Driver,50 to 54,Major,,West,"Automobile, Station Wagon",Going Ahead,Lost control,Normal,,,,,,,,,Yes,,,,,Yes,,Yes,,,,2,Mount Olive-Silverstone-Jamestown,2,Mount Olive-Silverstone-Jamestown (2),D23,"{""coordinates"": [[-79.5874509996486, 43.7600349998452]], ""type"": ""MultiPoint""}",2023
18715,18716,3002103400.0,2023-09-08,1853,STEELES AV W,KIPLING AV,200 m East o,Major Arterial,Etobicoke York,Non Intersection,No Control,Clear,Dark,Dry,Non-Fatal Injury,Approaching,Driver,50 to 54,Minor,,East,"Automobile, Station Wagon",Going Ahead,Driving Properly,Normal,,,,,,,,,Yes,,,,,Yes,,Yes,,,,2,Mount Olive-Silverstone-Jamestown,2,Mount Olive-Silverstone-Jamestown (2),D23,"{""coordinates"": [[-79.5874509996486, 43.7600349998452]], ""type"": ""MultiPoint""}",2023
18716,18717,3002103400.0,2023-09-08,1853,STEELES AV W,KIPLING AV,200 m East o,Major Arterial,Etobicoke York,Non Intersection,No Control,Clear,Dark,Dry,Non-Fatal Injury,Approaching,Driver,60 to 64,,,East,"Automobile, Station Wagon",Going Ahead,Driving Properly,Normal,,,,,,,,,Yes,,,,,Yes,,Yes,,,,2,Mount Olive-Silverstone-Jamestown,2,Mount Olive-Silverstone-Jamestown (2),D23,"{""coordinates"": [[-79.5874509996486, 43.7600349998452]], ""type"": ""MultiPoint""}",2023
18717,18718,3002103400.0,2023-09-08,1853,STEELES AV W,KIPLING AV,200 m East o,Major Arterial,Etobicoke York,Non Intersection,No Control,Clear,Dark,Dry,Non-Fatal Injury,Approaching,Passenger,50 to 54,Minor,,,,,,,,,,,,,,,Yes,,,,,Yes,,Yes,,,,2,Mount Olive-Silverstone-Jamestown,2,Mount Olive-Silverstone-Jamestown (2),D23,"{""coordinates"": [[-79.5874509996486, 43.7600349998452]], ""type"": ""MultiPoint""}",2023
18718,18719,3002104181.0,2023-09-08,2039,VICTORIA PARK AVE,BISCAYNE BLVD,5 m North of,Major Arterial,Scarborough,Non Intersection,No Control,Clear,"Dark, artificial",Dry,Non-Fatal Injury,Pedestrian Collisions,Driver,20 to 24,,,South,"Automobile, Station Wagon",Going Ahead,Driving Properly,Normal,,,,,,,Yes,,Yes,,,,,,,,,,,119,Wexford/Maryvale,119,Wexford/Maryvale (119),D41,"{""coordinates"": [[-79.3044689994431, 43.729116999563]], ""type"": ""MultiPoint""}",2023
18719,18720,3002104181.0,2023-09-08,2039,VICTORIA PARK AVE,BISCAYNE BLVD,5 m North of,Major Arterial,Scarborough,Non Intersection,No Control,Clear,"Dark, artificial",Dry,Non-Fatal Injury,Pedestrian Collisions,Pedestrian,55 to 59,Fatal,,,,,,,Pedestrian hit at mid-block,Crossing without right of way,Normal,,,,Yes,,Yes,,,,,,,,,,,119,Wexford/Maryvale,119,Wexford/Maryvale (119),D41,"{""coordinates"": [[-79.3044689994431, 43.729116999563]], ""type"": ""MultiPoint""}",2023
18720,18721,3002109887.0,2023-09-09,1525,ELLESMERE RD,DALECLIFF CRES,,Major Arterial,Scarborough,Intersection Related,Stop Sign,Clear,Daylight,Dry,Non-Fatal Injury,Cyclist Collisions,Cyclist,75 to 79,Major,,West,Bicycle,Going Ahead,,,,,,"Cyclist without ROW rides into path of motorist at inter, lnwy, dwy-Cyclist not turn.",Failed to Yield Right of Way,Normal,,Yes,Yes,,,,,,,,,,,119,Wexford/Maryvale,119,Wexford/Maryvale (119),D41,"{""coordinates"": [[-79.3024249995915, 43.7607979999504]], ""type"": ""MultiPoint""}",2023
18721,18722,3002109887.0,2023-09-09,1525,ELLESMERE RD,DALECLIFF CRES,,Major Arterial,Scarborough,Intersection Related,Stop Sign,Clear,Daylight,Dry,Non-Fatal Injury,Cyclist Collisions,Driver,60 to 64,,,North,"Automobile, Station Wagon",Turning Right,Driving Properly,Normal,,,,,,,,Yes,Yes,,,,,,,,,,,119,Wexford/Maryvale,119,Wexford/Maryvale (119),D41,"{""coordinates"": [[-79.3024249995915, 43.7607979999504]], ""type"": ""MultiPoint""}",2023
18722,18723,3002113122.0,2023-09-09,2326,BLOOR ST W,KIPLING AV,100 m East o,Major Arterial,Etobicoke York,Intersection Related,,Clear,Dark,Dry,Non-Fatal Injury,,Motorcycle Driver,25 to 29,Major,,West,Motorcycle,Going Ahead,Exceeding Speed Limit,Normal,,,,,,,,,Yes,Yes,,,,,Yes,Yes,,,,159,Etobicoke City Centre,14,Islington-City Centre West (14),D22,"{""coordinates"": [[-79.5341519994115, 43.6420920003594]], ""type"": ""MultiPoint""}",2023
18723,18724,3002113122.0,2023-09-09,2326,BLOOR ST W,KIPLING AV,100 m East o,Major Arterial,Etobicoke York,Intersection Related,,Clear,Dark,Dry,Non-Fatal Injury,,Driver,45 to 49,,,West,"Automobile, Station Wagon",Stopped,Driving Properly,Normal,,,,,,,,,Yes,Yes,,,,,Yes,Yes,,,,159,Etobicoke City Centre,14,Islington-City Centre West (14),D22,"{""coordinates"": [[-79.5341519994115, 43.6420920003594]], ""type"": ""MultiPoint""}",2023
18724,18725,3002116014.0,2023-09-10,1105,SKYWAY AV,161 SKYWAY AV,4 m West of,,,At/Near Private Drive,,Clear,Daylight,Dry,Non-Fatal Injury,Turning Movement,Driver,55 to 59,Major,,South,"Automobile, Station Wagon",Turning Left,Failed to Yield Right of Way,Normal,,,,,,,,,Yes,,,,,,,Yes,,,,1,West Humber-Clairville,1,West Humber-Clairville (1),D23,"{""coordinates"": [[-79.5812950001723, 43.6812580000351]], ""type"": ""MultiPoint""}",2023
18725,18726,3002116014.0,2023-09-10,1105,SKYWAY AV,161 SKYWAY AV,4 m West of,,,At/Near Private Drive,,Clear,Daylight,Dry,Non-Fatal Injury,Turning Movement,Driver,35 to 39,,,North,"Automobile, Station Wagon",Going Ahead,Driving Properly,Normal,,,,,,,,,Yes,,,,,,,Yes,,,,1,West Humber-Clairville,1,West Humber-Clairville (1),D23,"{""coordinates"": [[-79.5812950001723, 43.6812580000351]], ""type"": ""MultiPoint""}",2023
18726,18727,3002123068.0,2023-09-11,915,ANSFORD AVE,WILSON HEIGHTS BLVD,5 m South of,Minor Arterial,North York,Intersection Related,Stop Sign,Clear,Daylight,Dry,Non-Fatal Injury,Pedestrian Collisions,Driver,40 to 44,,,West,Pick Up Truck,Turning Left,Failed to Yield Right of Way,Inattentive,,,,,,,Yes,,Yes,,,,,,,Yes,,,,33,Clanton Park,33,Clanton Park (33),D32,"{""coordinates"": [[-79.4477269998572, 43.735593999797]], ""type"": ""MultiPoint""}",2023
18727,18728,3002123068.0,2023-09-11,915,ANSFORD AVE,WILSON HEIGHTS BLVD,5 m South of,Minor Arterial,North York,Intersection Related,Stop Sign,Clear,Daylight,Dry,Non-Fatal Injury,Pedestrian Collisions,Pedestrian,65 to 69,Major,,,,,,,Vehicle turns left while ped crosses without ROW at inter.,Crossing without right of way,Normal,,,,Yes,,Yes,,,,,,,Yes,,,,33,Clanton Park,33,Clanton Park (33),D32,"{""coordinates"": [[-79.4477269998572, 43.735593999797]], ""type"": ""MultiPoint""}",2023
18728,18729,3002139943.0,2023-09-13,858,KEELE ST,WILSON AVE,,Major Arterial,North York,Intersection Related,Traffic Signal,Clear,Daylight,Dry,Non-Fatal Injury,,Driver,35 to 39,,,North,"Bus (Other) (Go Bus, Gray Coa",Going Ahead,Following too Close,Normal,,,,,,,,,Yes,,,Yes,,Yes,,Yes,,,,155,Downsview,26,Downsview-Roding-CFB (26),D31,"{""coordinates"": [[-79.4820440003241, 43.7266450001598]], ""type"": ""MultiPoint""}",2023
18729,18730,3002139943.0,2023-09-13,858,KEELE ST,WILSON AVE,,Major Arterial,North York,Intersection Related,Traffic Signal,Clear,Daylight,Dry,Non-Fatal Injury,,Driver,35 to 39,,,North,"Automobile, Station Wagon",Slowing or Stopping,Driving Properly,Normal,,,,,,,,,Yes,,,Yes,,Yes,,Yes,,,,155,Downsview,26,Downsview-Roding-CFB (26),D31,"{""coordinates"": [[-79.4820440003241, 43.7266450001598]], ""type"": ""MultiPoint""}",2023
18730,18731,3002139943.0,2023-09-13,858,KEELE ST,WILSON AVE,,Major Arterial,North York,Intersection Related,Traffic Signal,Clear,Daylight,Dry,Non-Fatal Injury,,Passenger,60 to 64,Major,,,,,,,,,,,,,,,Yes,,,Yes,,Yes,,Yes,,,,155,Downsview,26,Downsview-Roding-CFB (26),D31,"{""coordinates"": [[-79.4820440003241, 43.7266450001598]], ""type"": ""MultiPoint""}",2023
18731,18732,3002144420.0,2023-09-13,1838,ISLINGTON AV,SPRINGBROOK GS,9 m West of,,,Intersection Related,Stop Sign,Clear,"Dark, artificial",Dry,Non-Fatal Injury,Turning Movement,Driver,30 to 34,Minor,,North,"Automobile, Station Wagon",Going Ahead,Exceeding Speed Limit,Normal,,,,,,,,,Yes,,,,,Yes,Yes,Yes,,,,16,Stonegate-Queensway,16,Stonegate-Queensway (16),D22,"{""coordinates"": [[-79.5217020000799, 43.6406809997779]], ""type"": ""MultiPoint""}",2023
18732,18733,3002144420.0,2023-09-13,1838,ISLINGTON AV,SPRINGBROOK GS,9 m West of,,,Intersection Related,Stop Sign,Clear,"Dark, artificial",Dry,Non-Fatal Injury,Turning Movement,Driver,40 to 44,,,West,"Automobile, Station Wagon",Turning Left,Driving Properly,Normal,,,,,,,,,Yes,,,,,Yes,Yes,Yes,,,,16,Stonegate-Queensway,16,Stonegate-Queensway (16),D22,"{""coordinates"": [[-79.5217020000799, 43.6406809997779]], ""type"": ""MultiPoint""}",2023
18733,18734,3002144420.0,2023-09-13,1838,ISLINGTON AV,SPRINGBROOK GS,9 m West of,,,Intersection Related,Stop Sign,Clear,"Dark, artificial",Dry,Non-Fatal Injury,Turning Movement,Driver,40 to 44,Major,,South,"Automobile, Station Wagon",Going Ahead,Driving Properly,Normal,,,,,,,,,Yes,,,,,Yes,Yes,Yes,,,,16,Stonegate-Queensway,16,Stonegate-Queensway (16),D22,"{""coordinates"": [[-79.5217020000799, 43.6406809997779]], ""type"": ""MultiPoint""}",2023
18734,18735,3002144420.0,2023-09-13,1838,ISLINGTON AV,SPRINGBROOK GS,9 m West of,,,Intersection Related,Stop Sign,Clear,"Dark, artificial",Dry,Non-Fatal Injury,Turning Movement,Driver,40 to 44,,,South,"Automobile, Station Wagon",Going Ahead,Driving Properly,Normal,,,,,,,,,Yes,,,,,Yes,Yes,Yes,,,,16,Stonegate-Queensway,16,Stonegate-Queensway (16),D22,"{""coordinates"": [[-79.5217020000799, 43.6406809997779]], ""type"": ""MultiPoint""}",2023
18735,18736,3002144420.0,2023-09-13,1838,ISLINGTON AV,SPRINGBROOK GS,9 m West of,,,Intersection Related,Stop Sign,Clear,"Dark, artificial",Dry,Non-Fatal Injury,Turning Movement,Passenger,45 to 49,Minor,,,,,,,,,,,,,,,Yes,,,,,Yes,Yes,Yes,,,,16,Stonegate-Queensway,16,Stonegate-Queensway (16),D22,"{""coordinates"": [[-79.5217020000799, 43.6406809997779]], ""type"": ""MultiPoint""}",2023
18736,18737,3002144420.0,2023-09-13,1838,ISLINGTON AV,SPRINGBROOK GS,9 m West of,,,Intersection Related,Stop Sign,Clear,"Dark, artificial",Dry,Non-Fatal Injury,Turning Movement,Passenger,15 to 19,Minor,,,,,,,,,,,,,,,Yes,,,,,Yes,Yes,Yes,,,,16,Stonegate-Queensway,16,Stonegate-Queensway (16),D22,"{""coordinates"": [[-79.5217020000799, 43.6406809997779]], ""type"": ""MultiPoint""}",2023
18737,18738,3002144420.0,2023-09-13,1838,ISLINGTON AV,SPRINGBROOK GS,9 m West of,,,Intersection Related,Stop Sign,Clear,"Dark, artificial",Dry,Non-Fatal Injury,Turning Movement,Passenger,45 to 49,Minor,,,,,,,,,,,,,,,Yes,,,,,Yes,Yes,Yes,,,,16,Stonegate-Queensway,16,Stonegate-Queensway (16),D22,"{""coordinates"": [[-79.5217020000799, 43.6406809997779]], ""type"": ""MultiPoint""}",2023
18738,18739,3002144420.0,2023-09-13,1838,ISLINGTON AV,SPRINGBROOK GS,9 m West of,,,Intersection Related,Stop Sign,Clear,"Dark, artificial",Dry,Non-Fatal Injury,Turning Movement,Passenger,40 to 44,,,,,,,,,,,,,,,,Yes,,,,,Yes,Yes,Yes,,,,16,Stonegate-Queensway,16,Stonegate-Queensway (16),D22,"{""coordinates"": [[-79.5217020000799, 43.6406809997779]], ""type"": ""MultiPoint""}",2023
18739,18740,3002144420.0,2023-09-13,1838,ISLINGTON AV,SPRINGBROOK GS,9 m West of,,,Intersection Related,Stop Sign,Clear,"Dark, artificial",Dry,Non-Fatal Injury,Turning Movement,Passenger,0 to 4,,,,,,,,,,,,,,,,Yes,,,,,Yes,Yes,Yes,,,,16,Stonegate-Queensway,16,Stonegate-Queensway (16),D22,"{""coordinates"": [[-79.5217020000799, 43.6406809997779]], ""type"": ""MultiPoint""}",2023
18740,18741,3002144420.0,2023-09-13,1838,ISLINGTON AV,SPRINGBROOK GS,9 m West of,,,Intersection Related,Stop Sign,Clear,"Dark, artificial",Dry,Non-Fatal Injury,Turning Movement,Passenger,40 to 44,Major,,,,,,,,,,,,,,,Yes,,,,,Yes,Yes,Yes,,,,16,Stonegate-Queensway,16,Stonegate-Queensway (16),D22,"{""coordinates"": [[-79.5217020000799, 43.6406809997779]], ""type"": ""MultiPoint""}",2023