index,_id,ACCNUM,DATE,TIME,STREET1,STREET2,OFFSET,ROAD_CLASS,DISTRICT,ACCLOC,TRAFFCTL,VISIBILITY,LIGHT,RDSFCOND,ACCLASS,IMPACTYPE,INVTYPE,INVAGE,INJURY,FATAL_NO,INITDIR,VEHTYPE,MANOEUVER,DRIVACT,DRIVCOND,PEDTYPE,PEDACT,PEDCOND,CYCLISTYPE,CYCACT,CYCCOND,PEDESTRIAN,CYCLIST,AUTOMOBILE,MOTORCYCLE,TRUCK,TRSN_CITY_VEH,EMERG_VEH,PASSENGER,SPEEDING,AG_DRIV,REDLIGHT,ALCOHOL,DISABILITY,HOOD_158,NEIGHBOURHOOD_158,HOOD_140,NEIGHBOURHOOD_140,DIVISION,geometry,ACCIDENT_YEAR
18741,18742,3002151449.0,2023-09-14,1612,FAIRGLEN AV,HUNTINGWOOD DR,5 m West of,Local,Scarborough,Intersection Related,Stop Sign,Clear,Daylight,Dry,Non-Fatal Injury,Pedestrian Collisions,Driver,20 to 24,Minimal,,South,"Automobile, Station Wagon",Going Ahead,Disobeyed Traffic Control,Fatigue,,,,,,,Yes,,Yes,,,,,,,Yes,,,,147,L'Amoreaux West,117,L'Amoreaux (117),D42,"{""coordinates"": [[-79.3227950001681, 43.7809969999936]], ""type"": ""MultiPoint""}",2023
18742,18743,3002151449.0,2023-09-14,1612,FAIRGLEN AV,HUNTINGWOOD DR,5 m West of,Local,Scarborough,Intersection Related,Stop Sign,Clear,Daylight,Dry,Non-Fatal Injury,Pedestrian Collisions,Pedestrian,15 to 19,Major,,,,,,,Vehicle is going straight thru inter.while ped cross with ROW,On Sidewalk or Shoulder,Normal,,,,Yes,,Yes,,,,,,,Yes,,,,147,L'Amoreaux West,117,L'Amoreaux (117),D42,"{""coordinates"": [[-79.3227950001681, 43.7809969999936]], ""type"": ""MultiPoint""}",2023
18743,18744,3002151449.0,2023-09-14,1612,FAIRGLEN AV,HUNTINGWOOD DR,5 m West of,Local,Scarborough,Intersection Related,Stop Sign,Clear,Daylight,Dry,Non-Fatal Injury,Pedestrian Collisions,Pedestrian,15 to 19,Major,,,,,,,Vehicle is going straight thru inter.while ped cross with ROW,On Sidewalk or Shoulder,Normal,,,,Yes,,Yes,,,,,,,Yes,,,,147,L'Amoreaux West,117,L'Amoreaux (117),D42,"{""coordinates"": [[-79.3227950001681, 43.7809969999936]], ""type"": ""MultiPoint""}",2023
18744,18745,3002174448.0,2023-09-17,1250,BREMNER BV,VAN DE WATER CR,,Minor Arterial,Toronto and East York,Intersection Related,Traffic Signal,Clear,Daylight,Dry,Non-Fatal Injury,Pedestrian Collisions,Cyclist,25 to 29,,,West,Bicycle,Going Ahead,,,,,,Cyclist strikes pedestrian.,Disobeyed Traffic Control,,Yes,Yes,,,,,,,,,,,,165,Harbourfront-CityPlace,77,Waterfront Communities-The Island (77),D52,"{""coordinates"": [[-79.3888960001512, 43.6404180004329]], ""type"": ""MultiPoint""}",2023
18745,18746,3002174448.0,2023-09-17,1250,BREMNER BV,VAN DE WATER CR,,Minor Arterial,Toronto and East York,Intersection Related,Traffic Signal,Clear,Daylight,Dry,Non-Fatal Injury,Pedestrian Collisions,Pedestrian,25 to 29,Major,,,,,,,Other / Undefined,Other,Normal,,,,Yes,Yes,,,,,,,,,,,,165,Harbourfront-CityPlace,77,Waterfront Communities-The Island (77),D52,"{""coordinates"": [[-79.3888960001512, 43.6404180004329]], ""type"": ""MultiPoint""}",2023
18746,18747,3002177373.0,2023-09-17,1938,690 GLENCAIRN AVE,,,Minor Arterial,North York,Non Intersection,No Control,Clear,Dark,Dry,Fatal,Rear End,Driver,unknown,,,West,,Going Ahead,,Unknown,,,,,,,,,Yes,,,,,,,,,,,32,Englemount-Lawrence,32,Englemount-Lawrence (32),D13,"{""coordinates"": [[-79.4372969994906, 43.7103109999269]], ""type"": ""MultiPoint""}",2023
18747,18748,3002177373.0,2023-09-17,1938,690 GLENCAIRN AVE,,,Minor Arterial,North York,Non Intersection,No Control,Clear,Dark,Dry,Fatal,Rear End,Vehicle Owner,unknown,,,West,Tow Truck,Going Ahead,,,,,,,,,,,Yes,,,,,,,,,,,32,Englemount-Lawrence,32,Englemount-Lawrence (32),D13,"{""coordinates"": [[-79.4372969994906, 43.7103109999269]], ""type"": ""MultiPoint""}",2023
18748,18749,3002177373.0,2023-09-17,1938,690 GLENCAIRN AVE,,,Minor Arterial,North York,Non Intersection,No Control,Clear,Dark,Dry,Fatal,Rear End,Driver,90 to 94,Fatal,27.0,West,"Automobile, Station Wagon",Going Ahead,Driving Properly,Normal,,,,,,,,,Yes,,,,,,,,,,,32,Englemount-Lawrence,32,Englemount-Lawrence (32),D13,"{""coordinates"": [[-79.4372969994906, 43.7103109999269]], ""type"": ""MultiPoint""}",2023
18749,18750,3002185414.0,2023-09-18,1907,CARLAW AVE,DUNDAS ST E,,Minor Arterial,Toronto and East York,Intersection Related,Traffic Signal,Clear,"Daylight, artificial",Dry,Non-Fatal Injury,Cyclist Collisions,Driver,55 to 59,,,West,"Automobile, Station Wagon",Turning Right,Improper Turn,Normal,,,,,,,,Yes,Yes,,,,,,,,,,,70,South Riverdale,70,South Riverdale (70),D55,"{""coordinates"": [[-79.3415709994339, 43.6648549997285]], ""type"": ""MultiPoint""}",2023
18750,18751,3002185414.0,2023-09-18,1907,CARLAW AVE,DUNDAS ST E,,Minor Arterial,Toronto and East York,Intersection Related,Traffic Signal,Clear,"Daylight, artificial",Dry,Non-Fatal Injury,Cyclist Collisions,Cyclist,55 to 59,Major,,South,Bicycle,Going Ahead,,,,,,Motorist turning right on green or amber at signalized intersection strikes cyclist.,Driving Properly,Normal,,Yes,Yes,,,,,,,,,,,70,South Riverdale,70,South Riverdale (70),D55,"{""coordinates"": [[-79.3415709994339, 43.6648549997285]], ""type"": ""MultiPoint""}",2023
18751,18752,3002195066.0,2023-09-19,2215,MORTIMER AV,BROADVIEW AV,13 m East of,Minor Arterial,Toronto and East York,Non Intersection,Traffic Signal,Clear,"Dark, artificial",Dry,Non-Fatal Injury,Pedestrian Collisions,Pedestrian,85 to 89,Major,,,,,,,Unknown,On Sidewalk or Shoulder,Other,,,,Yes,,,,,,,,,,,,,57,Broadview North,57,Broadview North (57),D55,"{""coordinates"": [[-79.3569140001679, 43.6839360000938]], ""type"": ""MultiPoint""}",2023
18752,18753,3002195156.0,2023-09-19,2302,KINGSTON RD,BRIMLEY RD S,,Major Arterial,Scarborough,At Intersection,Traffic Signal,Clear,"Dark, artificial",Dry,Fatal,Turning Movement,Driver,40 to 44,,,West,"Automobile, Station Wagon",Going Ahead,Improper Turn,Other,,,,,,,,,Yes,Yes,,,,,,,,,,123,Cliffcrest,123,Cliffcrest (123),D43,"{""coordinates"": [[-79.2403289994485, 43.7181540003576]], ""type"": ""MultiPoint""}",2023
18753,18754,3002195156.0,2023-09-19,2302,KINGSTON RD,BRIMLEY RD S,,Major Arterial,Scarborough,At Intersection,Traffic Signal,Clear,"Dark, artificial",Dry,Fatal,Turning Movement,Motorcycle Driver,30 to 34,Fatal,26.0,East,Motorcycle,Turning Left,Driving Properly,Normal,,,,,,,,,Yes,Yes,,,,,,,,,,123,Cliffcrest,123,Cliffcrest (123),D43,"{""coordinates"": [[-79.2403289994485, 43.7181540003576]], ""type"": ""MultiPoint""}",2023
18754,18755,3002203614.0,2023-09-21,15,WARDEN AV,FINCH AV E,,Major Arterial,Scarborough,Intersection Related,Traffic Signal,Clear,"Dark, artificial",Dry,Non-Fatal Injury,Pedestrian Collisions,Driver,55 to 59,,,South,"Automobile, Station Wagon",Turning Left,Failed to Yield Right of Way,Normal,,,,,,,Yes,,Yes,,,,,,,Yes,,,,148,East L'Amoreaux,117,L'Amoreaux (117),D42,"{""coordinates"": [[-79.315723000284, 43.7967779999121]], ""type"": ""MultiPoint""}",2023
18755,18756,3002203614.0,2023-09-21,15,WARDEN AV,FINCH AV E,,Major Arterial,Scarborough,Intersection Related,Traffic Signal,Clear,"Dark, artificial",Dry,Non-Fatal Injury,Pedestrian Collisions,Pedestrian,55 to 59,Major,,,,,,,Vehicle turns left while ped crosses with ROW at inter.,Crossing with right of way,Normal,,,,Yes,,Yes,,,,,,,Yes,,,,148,East L'Amoreaux,117,L'Amoreaux (117),D42,"{""coordinates"": [[-79.315723000284, 43.7967779999121]], ""type"": ""MultiPoint""}",2023
18756,18757,3002204131.0,2023-09-21,346,ALBION RD,WESTMORE DR,65 m East of,Major Arterial,Etobicoke York,Intersection Related,,Clear,"Dark, artificial",Dry,Non-Fatal Injury,Pedestrian Collisions,Driver,55 to 59,,,East,"Automobile, Station Wagon",Going Ahead,Driving Properly,Normal,,,,,,,Yes,,Yes,,,,,,Yes,Yes,,,,1,West Humber-Clairville,1,West Humber-Clairville (1),D23,"{""coordinates"": [[-79.603106999896, 43.7434829998139]], ""type"": ""MultiPoint""}",2023
18757,18758,3002204131.0,2023-09-21,346,ALBION RD,WESTMORE DR,65 m East of,Major Arterial,Etobicoke York,Intersection Related,,Clear,"Dark, artificial",Dry,Non-Fatal Injury,Pedestrian Collisions,Pedestrian,40 to 44,Major,,,,,,,Pedestrian hit at mid-block,Crossing without right of way,Normal,,,,Yes,,Yes,,,,,,Yes,Yes,,,,1,West Humber-Clairville,1,West Humber-Clairville (1),D23,"{""coordinates"": [[-79.603106999896, 43.7434829998139]], ""type"": ""MultiPoint""}",2023
18758,18759,3002207754.0,2023-09-21,1410,HANNA RD,GLENVALE BV,,,,Intersection Related,Stop Sign,Clear,Daylight,Dry,Non-Fatal Injury,Pedestrian Collisions,Driver,60 to 64,,,North,"Automobile, Station Wagon",Turning Left,Failed to Yield Right of Way,Normal,,,,,,,Yes,,Yes,,,,,,,Yes,,,,56,Leaside-Bennington,56,Leaside-Bennington (56),D53,"{""coordinates"": [[-79.3739889996073, 43.7169369997455]], ""type"": ""MultiPoint""}",2023
18759,18760,3002207754.0,2023-09-21,1410,HANNA RD,GLENVALE BV,,,,Intersection Related,Stop Sign,Clear,Daylight,Dry,Non-Fatal Injury,Pedestrian Collisions,Pedestrian,45 to 49,Major,,,,,,,,,Unknown,,,,Yes,,Yes,,,,,,,Yes,,,,56,Leaside-Bennington,56,Leaside-Bennington (56),D53,"{""coordinates"": [[-79.3739889996073, 43.7169369997455]], ""type"": ""MultiPoint""}",2023
18760,18761,3002219111.0,2023-09-22,2155,QUEEN'S PARK CR E,QUEENS PARK,4 m North of,,,Non Intersection,Traffic Signal,Clear,"Dark, artificial",Dry,Non-Fatal Injury,,Motorcycle Driver,45 to 49,Major,,North,Motorcycle,Going Ahead,Driving Properly,Normal,,,,,,,,,,Yes,,,,,,,,,,169,Bay-Cloverhill,76,Bay Street Corridor (76),D52,"{""coordinates"": [[-79.3923070003201, 43.666044999835]], ""type"": ""MultiPoint""}",2023
18761,18762,3002251378.0,2023-09-27,45,EGLINTON AV E,KINGSTON RD,,Major Arterial,Scarborough,Intersection Related,Traffic Signal,Clear,"Dark, artificial",Dry,Non-Fatal Injury,Turning Movement,Driver,55 to 59,Major,,West,Pick Up Truck,Going Ahead,Disobeyed Traffic Control,Normal,,,,,,,,,Yes,,,Yes,,,,Yes,Yes,,,139,Scarborough Village,139,Scarborough Village (139),D43,"{""coordinates"": [[-79.2116270003148, 43.7437310000559]], ""type"": ""MultiPoint""}",2023
18762,18763,3002251378.0,2023-09-27,45,EGLINTON AV E,KINGSTON RD,,Major Arterial,Scarborough,Intersection Related,Traffic Signal,Clear,"Dark, artificial",Dry,Non-Fatal Injury,Turning Movement,Driver,55 to 59,,,South,Municipal Transit Bus (TTC),Turning Left,Driving Properly,Normal,,,,,,,,,Yes,,,Yes,,,,Yes,Yes,,,139,Scarborough Village,139,Scarborough Village (139),D43,"{""coordinates"": [[-79.2116270003148, 43.7437310000559]], ""type"": ""MultiPoint""}",2023
18763,18764,3002265429.0,2023-09-28,1823,GERRARD ST E,COXWELL AVE,,Minor Arterial,Toronto and East York,Intersection Related,Traffic Signal,Clear,"Dusk, artificial",Dry,Non-Fatal Injury,Pedestrian Collisions,Driver,50 to 54,,,East,"Automobile, Station Wagon",Turning Left,Failed to Yield Right of Way,Normal,,,,,,,Yes,,Yes,,,,,,,Yes,,,,64,Woodbine Corridor,64,Woodbine Corridor (64),D55,"{""coordinates"": [[-79.3192780004414, 43.6729110000636]], ""type"": ""MultiPoint""}",2023
18764,18765,3002265429.0,2023-09-28,1823,GERRARD ST E,COXWELL AVE,,Minor Arterial,Toronto and East York,Intersection Related,Traffic Signal,Clear,"Dusk, artificial",Dry,Non-Fatal Injury,Pedestrian Collisions,Pedestrian,10 to 14,Major,,,,,,,Vehicle turns left while ped crosses with ROW at inter.,Crossing with right of way,Unknown,,,,Yes,,Yes,,,,,,,Yes,,,,64,Woodbine Corridor,64,Woodbine Corridor (64),D55,"{""coordinates"": [[-79.3192780004414, 43.6729110000636]], ""type"": ""MultiPoint""}",2023
18765,18766,3002268726.0,2023-09-29,643,KINGSTON RD,CLAREMORE AV,,Major Arterial,Scarborough,Intersection Related,Traffic Signal,Clear,Daylight,Dry,Non-Fatal Injury,Pedestrian Collisions,Driver,25 to 29,,,West,"Automobile, Station Wagon",Going Ahead,Driving Properly,Normal,,,,,,,Yes,,Yes,,,,,,,,,,,122,Birchcliffe-Cliffside,122,Birchcliffe-Cliffside (122),D41,"{""coordinates"": [[-79.2527499994898, 43.7039549996024]], ""type"": ""MultiPoint""}",2023
18766,18767,3002268726.0,2023-09-29,643,KINGSTON RD,CLAREMORE AV,,Major Arterial,Scarborough,Intersection Related,Traffic Signal,Clear,Daylight,Dry,Non-Fatal Injury,Pedestrian Collisions,Pedestrian,0 to 4,Major,,,,,,,Pedestrian hit a PXO/ped. Mid-block signal,Crossing marked crosswalk without ROW,Normal,,,,Yes,,Yes,,,,,,,,,,,122,Birchcliffe-Cliffside,122,Birchcliffe-Cliffside (122),D41,"{""coordinates"": [[-79.2527499994898, 43.7039549996024]], ""type"": ""MultiPoint""}",2023
18767,18768,3002269929.0,2023-09-29,1000,PORT UNION RD,BLUE ANCHOR TL,2 m North of,Minor Arterial,Scarborough,Non Intersection,No Control,Clear,Daylight,Dry,Non-Fatal Injury,Rear End,Driver,25 to 29,Major,,North,"Automobile, Station Wagon",Going Ahead,Lost control,Other,,,,,,,,,Yes,,,,,,,,,,,143,West Rouge,131,Rouge (131),D43,"{""coordinates"": [[-79.143070000329, 43.7949929998173]], ""type"": ""MultiPoint""}",2023
18768,18769,3002269929.0,2023-09-29,1000,PORT UNION RD,BLUE ANCHOR TL,2 m North of,Minor Arterial,Scarborough,Non Intersection,No Control,Clear,Daylight,Dry,Non-Fatal Injury,Rear End,Driver,50 to 54,,,North,"Automobile, Station Wagon",Slowing or Stopping,Driving Properly,Normal,,,,,,,,,Yes,,,,,,,,,,,143,West Rouge,131,Rouge (131),D43,"{""coordinates"": [[-79.143070000329, 43.7949929998173]], ""type"": ""MultiPoint""}",2023
18769,18770,3002269929.0,2023-09-29,1000,PORT UNION RD,BLUE ANCHOR TL,2 m North of,Minor Arterial,Scarborough,Non Intersection,No Control,Clear,Daylight,Dry,Non-Fatal Injury,Rear End,Driver,45 to 49,,,North,Pick Up Truck,Stopped,,Unknown,,,,,,,,,Yes,,,,,,,,,,,143,West Rouge,131,Rouge (131),D43,"{""coordinates"": [[-79.143070000329, 43.7949929998173]], ""type"": ""MultiPoint""}",2023
18770,18771,3002275859.0,2023-09-29,2305,ISLINGTON AVE,FINCH AVE W,97 m North o,Major Arterial,Etobicoke York,Non Intersection,,Clear,"Dark, artificial",Dry,Non-Fatal Injury,Approaching,Driver,45 to 49,,,North,Pick Up Truck,Going Ahead,Other,Other,,,,,,,,,Yes,Yes,,,,,,Yes,,,,21,Humber Summit,21,Humber Summit (21),D31,"{""coordinates"": [[-79.5686069997052, 43.7463330000809]], ""type"": ""MultiPoint""}",2023
18771,18772,3002275859.0,2023-09-29,2305,ISLINGTON AVE,FINCH AVE W,97 m North o,Major Arterial,Etobicoke York,Non Intersection,,Clear,"Dark, artificial",Dry,Non-Fatal Injury,Approaching,Motorcycle Driver,25 to 29,Major,,South,Motorcycle,Going Ahead,Driving Properly,Normal,,,,,,,,,Yes,Yes,,,,,,Yes,,,,21,Humber Summit,21,Humber Summit (21),D31,"{""coordinates"": [[-79.5686069997052, 43.7463330000809]], ""type"": ""MultiPoint""}",2023
18772,18773,3002278272.0,2023-09-30,935,LAWRENCE AVE W,CULFORD RD,,Major Arterial,North York,Intersection Related,Traffic Signal,Clear,Daylight,Dry,Non-Fatal Injury,Pedestrian Collisions,Driver,55 to 59,,,East,"Automobile, Station Wagon",Turning Left,Failed to Yield Right of Way,Normal,,,,,,,Yes,,Yes,,,,,,,Yes,,,,30,Brookhaven-Amesbury,29,Maple Leaf (29),D12,"{""coordinates"": [[-79.4876440004888, 43.7063779999438]], ""type"": ""MultiPoint""}",2023
18773,18774,3002278272.0,2023-09-30,935,LAWRENCE AVE W,CULFORD RD,,Major Arterial,North York,Intersection Related,Traffic Signal,Clear,Daylight,Dry,Non-Fatal Injury,Pedestrian Collisions,Pedestrian,70 to 74,Major,,,,,,,Vehicle turns left while ped crosses with ROW at inter.,Crossing with right of way,Normal,,,,Yes,,Yes,,,,,,,Yes,,,,30,Brookhaven-Amesbury,29,Maple Leaf (29),D12,"{""coordinates"": [[-79.4876440004888, 43.7063779999438]], ""type"": ""MultiPoint""}",2023
18774,18775,3002279550.0,2023-09-30,1305,EVANS AVE,NORTH CARSON ST,,Major Arterial,Etobicoke York,Intersection Related,Stop Sign,Clear,Daylight,Dry,Non-Fatal Injury,Turning Movement,Motorcycle Driver,30 to 34,Major,,East,Motorcycle,Going Ahead,Exceeding Speed Limit,Normal,,,,,,,,,Yes,Yes,,,,Yes,Yes,Yes,,,,20,Alderwood,20,Alderwood (20),D22,"{""coordinates"": [[-79.5387600004199, 43.6129899998252]], ""type"": ""MultiPoint""}",2023
18775,18776,3002279550.0,2023-09-30,1305,EVANS AVE,NORTH CARSON ST,,Major Arterial,Etobicoke York,Intersection Related,Stop Sign,Clear,Daylight,Dry,Non-Fatal Injury,Turning Movement,Driver,55 to 59,,,North,"Automobile, Station Wagon",Turning Left,Driving Properly,Normal,,,,,,,,,Yes,Yes,,,,Yes,Yes,Yes,,,,20,Alderwood,20,Alderwood (20),D22,"{""coordinates"": [[-79.5387600004199, 43.6129899998252]], ""type"": ""MultiPoint""}",2023
18776,18777,3002279550.0,2023-09-30,1305,EVANS AVE,NORTH CARSON ST,,Major Arterial,Etobicoke York,Intersection Related,Stop Sign,Clear,Daylight,Dry,Non-Fatal Injury,Turning Movement,Passenger,55 to 59,,,,,,,,,,,,,,,,Yes,Yes,,,,Yes,Yes,Yes,,,,20,Alderwood,20,Alderwood (20),D22,"{""coordinates"": [[-79.5387600004199, 43.6129899998252]], ""type"": ""MultiPoint""}",2023
18777,18778,3002288728.0,2023-10-01,1642,YONGE ST,BISHOP AV,115 m North ,Major Arterial,North York,Non Intersection,No Control,Clear,Daylight,Dry,Non-Fatal Injury,Rear End,Motorcycle Driver,35 to 39,Major,,North,Motorcycle,Going Ahead,Following too Close,Normal,,,,,,,,,Yes,Yes,,,,,,Yes,,,,36,Newtonbrook West,36,Newtonbrook West (36),D32,"{""coordinates"": [[-79.4165990003349, 43.7839689998783]], ""type"": ""MultiPoint""}",2023
18778,18779,3002288728.0,2023-10-01,1642,YONGE ST,BISHOP AV,115 m North ,Major Arterial,North York,Non Intersection,No Control,Clear,Daylight,Dry,Non-Fatal Injury,Rear End,Driver,50 to 54,,,North,"Automobile, Station Wagon",Going Ahead,Driving Properly,Normal,,,,,,,,,Yes,Yes,,,,,,Yes,,,,36,Newtonbrook West,36,Newtonbrook West (36),D32,"{""coordinates"": [[-79.4165990003349, 43.7839689998783]], ""type"": ""MultiPoint""}",2023
18779,18780,3002302313.0,2023-10-03,1007,PARK RD,CHURCH ST,5 m West of,Major Arterial,Toronto and East York,Intersection Related,Traffic Signal,Clear,Daylight,Dry,Non-Fatal Injury,Cyclist Collisions,Truck Driver,40 to 44,,,South,Truck - Dump,Turning Right,Improper Turn,Normal,,,,,,,,Yes,,,Yes,,,,,,,,,98,Rosedale-Moore Park,98,Rosedale-Moore Park (98),D53,"{""coordinates"": [[-79.3851879999198, 43.6716979997388]], ""type"": ""MultiPoint""}",2023
18780,18781,3002302313.0,2023-10-03,1007,PARK RD,CHURCH ST,5 m West of,Major Arterial,Toronto and East York,Intersection Related,Traffic Signal,Clear,Daylight,Dry,Non-Fatal Injury,Cyclist Collisions,Cyclist,25 to 29,Major,,South,Bicycle,Going Ahead,,,,,,Motorist turning right on green or amber at signalized intersection strikes cyclist.,Driving Properly,Unknown,,Yes,,,Yes,,,,,,,,,98,Rosedale-Moore Park,98,Rosedale-Moore Park (98),D53,"{""coordinates"": [[-79.3851879999198, 43.6716979997388]], ""type"": ""MultiPoint""}",2023
18781,18782,3002306323.0,2023-10-03,1801,277 SHERBOURNE ST,DUNDAS ST W,200 m North ,Minor Arterial,Toronto and East York,Non Intersection,No Control,Clear,Daylight,Dry,Non-Fatal Injury,Pedestrian Collisions,Pedestrian,30 to 34,Major,,,,,,,Other / Undefined,Crossing with right of way,Normal,,,,Yes,,,,,,,,,,,,,73,Moss Park,73,Moss Park (73),D51,"{""coordinates"": [[-79.3717990001488, 43.6601130002637]], ""type"": ""MultiPoint""}",2023
18782,18783,3002313113.0,2023-10-04,1405,ELLESMERE RD,MARKHAM RD,,Major Arterial,Scarborough,Intersection Related,Traffic Signal,Clear,Daylight,Dry,Non-Fatal Injury,Approaching,Driver,50 to 54,Minor,,South,"Automobile, Station Wagon",Going Ahead,Driving Properly,Normal,,,,,,,,,Yes,,,,,Yes,Yes,Yes,Yes,Yes,,141,Golfdale-Cedarbrae-Woburn,137,Woburn (137),D43,"{""coordinates"": [[-79.2317229996705, 43.7764379997104]], ""type"": ""MultiPoint""}",2023
18783,18784,3002313113.0,2023-10-04,1405,ELLESMERE RD,MARKHAM RD,,Major Arterial,Scarborough,Intersection Related,Traffic Signal,Clear,Daylight,Dry,Non-Fatal Injury,Approaching,Driver,65 to 69,Minimal,,North,"Automobile, Station Wagon",Stopped,Driving Properly,Normal,,,,,,,,,Yes,,,,,Yes,Yes,Yes,Yes,Yes,,141,Golfdale-Cedarbrae-Woburn,137,Woburn (137),D43,"{""coordinates"": [[-79.2317229996705, 43.7764379997104]], ""type"": ""MultiPoint""}",2023
18784,18785,3002313113.0,2023-10-04,1405,ELLESMERE RD,MARKHAM RD,,Major Arterial,Scarborough,Intersection Related,Traffic Signal,Clear,Daylight,Dry,Non-Fatal Injury,Approaching,Driver,35 to 39,Major,,South,"Automobile, Station Wagon",Going Ahead,Disobeyed Traffic Control,"Ability Impaired, Alcohol Over .08",,,,,,,,,Yes,,,,,Yes,Yes,Yes,Yes,Yes,,141,Golfdale-Cedarbrae-Woburn,137,Woburn (137),D43,"{""coordinates"": [[-79.2317229996705, 43.7764379997104]], ""type"": ""MultiPoint""}",2023
18785,18786,3002313113.0,2023-10-04,1405,ELLESMERE RD,MARKHAM RD,,Major Arterial,Scarborough,Intersection Related,Traffic Signal,Clear,Daylight,Dry,Non-Fatal Injury,Approaching,Passenger,50 to 54,Minimal,,,,,,,,,,,,,,,Yes,,,,,Yes,Yes,Yes,Yes,Yes,,141,Golfdale-Cedarbrae-Woburn,137,Woburn (137),D43,"{""coordinates"": [[-79.2317229996705, 43.7764379997104]], ""type"": ""MultiPoint""}",2023
18786,18787,3002326104.0,2023-10-06,411,BURNHAMTHORPE RD,THE WEST MALL,,Major Arterial,Etobicoke York,At Intersection,Traffic Signal,,,,Fatal,Pedestrian Collisions,Pedestrian,25 to 29,Fatal,29.0,West,,,,,,Crossing without right of way,Normal,,,,Yes,,Yes,,,,,,,,,,,13,Etobicoke West Mall,13,Etobicoke West Mall (13),D22,"{""coordinates"": [[-79.5672029995274, 43.644480000415]], ""type"": ""MultiPoint""}",2023
18787,18788,3002326104.0,2023-10-06,411,BURNHAMTHORPE RD,THE WEST MALL,,Major Arterial,Etobicoke York,At Intersection,Traffic Signal,,,,Fatal,Pedestrian Collisions,Driver,40 to 44,,,South,"Automobile, Station Wagon",Going Ahead,Driving Properly,Normal,,,,,,,Yes,,Yes,,,,,,,,,,,13,Etobicoke West Mall,13,Etobicoke West Mall (13),D22,"{""coordinates"": [[-79.5672029995274, 43.644480000415]], ""type"": ""MultiPoint""}",2023
18788,18789,3002327760.0,2023-10-06,1000,PHARMACY AV,DENTON AV,,Minor Arterial,Scarborough,Intersection Related,Traffic Signal,Clear,Daylight,Dry,Non-Fatal Injury,Pedestrian Collisions,Driver,55 to 59,,,South,"Automobile, Station Wagon",Turning Left,Failed to Yield Right of Way,Normal,,,,,,,Yes,,Yes,,,,,,,Yes,,,,121,Oakridge,121,Oakridge (121),D41,"{""coordinates"": [[-79.2840450005355, 43.693949000123]], ""type"": ""MultiPoint""}",2023
18789,18790,3002327760.0,2023-10-06,1000,PHARMACY AV,DENTON AV,,Minor Arterial,Scarborough,Intersection Related,Traffic Signal,Clear,Daylight,Dry,Non-Fatal Injury,Pedestrian Collisions,Pedestrian,70 to 74,Major,,,,,,,Vehicle turns left while ped crosses with ROW at inter.,"Crossing, Pedestrian Crossover",Normal,,,,Yes,,Yes,,,,,,,Yes,,,,121,Oakridge,121,Oakridge (121),D41,"{""coordinates"": [[-79.2840450005355, 43.693949000123]], ""type"": ""MultiPoint""}",2023
18790,18791,3002330153.0,2023-10-06,1544,BROWNS LINE,JELLICOE AVE,,Major Arterial ,Etobicoke York,Non Intersection,No Control,Clear,Daylight,Dry,Fatal,Pedestrian Collisions,Pedestrian,20 to 24,Fatal,30.0,West,,,,,Pedestrian hit a PXO/ped. Mid-block signal,"Crossing, Pedestrian Crossover",Other,,,,Yes,,Yes,,,,,,,,,,,20,Alderwood,20,Alderwood (20),D22,"{""coordinates"": [[-79.5428189994664, 43.5963349996899]], ""type"": ""MultiPoint""}",2023
18791,18792,3002330153.0,2023-10-06,1544,BROWNS LINE,JELLICOE AVE,,Major Arterial ,Etobicoke York,Non Intersection,No Control,Clear,Daylight,Dry,Fatal,Pedestrian Collisions,Driver,35 to 39,,,North,"Automobile, Station Wagon",Going Ahead,Driving Properly,Normal,,,,,,,Yes,,Yes,,,,,,,,,,,20,Alderwood,20,Alderwood (20),D22,"{""coordinates"": [[-79.5428189994664, 43.5963349996899]], ""type"": ""MultiPoint""}",2023
18792,18793,3002333586.0,2023-10-07,25,WARDEN AV,METROPOLITAN AV,25 m South o,Major Arterial,Scarborough,Non Intersection,No Control,Clear,"Dark, artificial",Dry,Non-Fatal Injury,Pedestrian Collisions,Driver,40 to 44,,,South,"Automobile, Station Wagon",Going Ahead,Driving Properly,Normal,,,,,,,Yes,,Yes,,,,,,,,,,,119,Wexford/Maryvale,119,Wexford/Maryvale (119),D41,"{""coordinates"": [[-79.3027369996986, 43.7669889997912]], ""type"": ""MultiPoint""}",2023
18793,18794,3002333586.0,2023-10-07,25,WARDEN AV,METROPOLITAN AV,25 m South o,Major Arterial,Scarborough,Non Intersection,No Control,Clear,"Dark, artificial",Dry,Non-Fatal Injury,Pedestrian Collisions,Pedestrian,55 to 59,Major,,,,,,,Pedestrian hit at mid-block,Crossing without right of way,Normal,,,,Yes,,Yes,,,,,,,,,,,119,Wexford/Maryvale,119,Wexford/Maryvale (119),D41,"{""coordinates"": [[-79.3027369996986, 43.7669889997912]], ""type"": ""MultiPoint""}",2023