index,_id,ACCNUM,DATE,TIME,STREET1,STREET2,OFFSET,ROAD_CLASS,DISTRICT,ACCLOC,TRAFFCTL,VISIBILITY,LIGHT,RDSFCOND,ACCLASS,IMPACTYPE,INVTYPE,INVAGE,INJURY,FATAL_NO,INITDIR,VEHTYPE,MANOEUVER,DRIVACT,DRIVCOND,PEDTYPE,PEDACT,PEDCOND,CYCLISTYPE,CYCACT,CYCCOND,PEDESTRIAN,CYCLIST,AUTOMOBILE,MOTORCYCLE,TRUCK,TRSN_CITY_VEH,EMERG_VEH,PASSENGER,SPEEDING,AG_DRIV,REDLIGHT,ALCOHOL,DISABILITY,HOOD_158,NEIGHBOURHOOD_158,HOOD_140,NEIGHBOURHOOD_140,DIVISION,geometry,ACCIDENT_YEAR
18794,18795,3002339324.0,2023-10-07,1930,F  GARDINER XY E,YORK ST,46 m East of,Expressway Ramp,Toronto and East York,Non Intersection,No Control,Clear,"Daylight, artificial",Dry,Non-Fatal Injury,Sideswipe,Motorcycle Driver,25 to 29,Major,,East,Motorcycle,Other,Other,Normal,,,,,,,,,Yes,Yes,,,,,,,,,,166,St Lawrence-East Bayfront-The Islands,77,Waterfront Communities-The Island (77),D52,"{""coordinates"": [[-79.3804199997183, 43.6418180001026]], ""type"": ""MultiPoint""}",2023
18795,18796,3002339324.0,2023-10-07,1930,F  GARDINER XY E,YORK ST,46 m East of,Expressway Ramp,Toronto and East York,Non Intersection,No Control,Clear,"Daylight, artificial",Dry,Non-Fatal Injury,Sideswipe,Driver,25 to 29,,,East,"Automobile, Station Wagon",Going Ahead,Driving Properly,Normal,,,,,,,,,Yes,Yes,,,,,,,,,,166,St Lawrence-East Bayfront-The Islands,77,Waterfront Communities-The Island (77),D52,"{""coordinates"": [[-79.3804199997183, 43.6418180001026]], ""type"": ""MultiPoint""}",2023
18796,18797,3002347245.0,2023-10-08,2250,CONLINS RD,CHALLENGER CRT,25 m South o,Collector,Scarborough,At/Near Private Drive,No Control,Clear,"Dark, artificial",Dry,Non-Fatal Injury,SMV Unattended Vehicle,Driver,65 to 69,Major,,North,"Automobile, Station Wagon",Going Ahead,Lost control,Medical or Physical Disability,,,,,,,,,Yes,,,,,,,,,,Yes,134,Highland Creek,134,Highland Creek (134),D43,"{""coordinates"": [[-79.1846340000152, 43.7915100003543]], ""type"": ""MultiPoint""}",2023
18797,18798,3002360887.0,2023-10-10,2045,KENNEDY RD,BONIS AV,10 m South o,Major Arterial,Scarborough,Non Intersection,,Rain,Dark,Wet,Non-Fatal Injury,Pedestrian Collisions,Driver,45 to 49,,,South,"Automobile, Station Wagon",Going Ahead,Driving Properly,Normal,,,,,,,Yes,,Yes,,,,,,,,,,,128,Agincourt South-Malvern West,128,Agincourt South-Malvern West (128),D42,"{""coordinates"": [[-79.289424000595, 43.7857620002406]], ""type"": ""MultiPoint""}",2023
18798,18799,3002360887.0,2023-10-10,2045,KENNEDY RD,BONIS AV,10 m South o,Major Arterial,Scarborough,Non Intersection,,Rain,Dark,Wet,Non-Fatal Injury,Pedestrian Collisions,Pedestrian,45 to 49,Major,,,,,,,Vehicle is going straight thru inter.while ped cross without ROW,Crossing without right of way,Had Been Drinking,,,,Yes,,Yes,,,,,,,,,,,128,Agincourt South-Malvern West,128,Agincourt South-Malvern West (128),D42,"{""coordinates"": [[-79.289424000595, 43.7857620002406]], ""type"": ""MultiPoint""}",2023
18799,18800,3002365896.0,2023-10-11,1347,JUDSON ST,ISLINGTON AV,,,,Intersection Related,Traffic Signal,Clear,Daylight,Dry,Non-Fatal Injury,Angle,Driver,25 to 29,Major,,East,Unknown,Going Ahead,Disobeyed Traffic Control,Other,,,,,,,,,Yes,,,,,,Yes,Yes,Yes,,,160,Mimico-Queensway,17,Mimico (includes Humber Bay Shores) (17),D22,"{""coordinates"": [[-79.508396000466, 43.6137150001689]], ""type"": ""MultiPoint""}",2023
18800,18801,3002365896.0,2023-10-11,1347,JUDSON ST,ISLINGTON AV,,,,Intersection Related,Traffic Signal,Clear,Daylight,Dry,Non-Fatal Injury,Angle,Driver,40 to 44,Minimal,,South,"Automobile, Station Wagon",Going Ahead,Driving Properly,Normal,,,,,,,,,Yes,,,,,,Yes,Yes,Yes,,,160,Mimico-Queensway,17,Mimico (includes Humber Bay Shores) (17),D22,"{""coordinates"": [[-79.508396000466, 43.6137150001689]], ""type"": ""MultiPoint""}",2023
18801,18802,3002369350.0,2023-10-11,2204,DAVENPORT RD,DARTNELL AV,5 m East of,,,Non Intersection,,Clear,"Dark, artificial",Dry,Non-Fatal Injury,Turning Movement,Motorcycle Driver,25 to 29,Major,,West,Motorcycle,Going Ahead,Speed too Fast For Condition,Normal,,,,,,,,,Yes,Yes,,,,,Yes,Yes,,,,96,Casa Loma,96,Casa Loma (96),D13,"{""coordinates"": [[-79.4122050000103, 43.6768070002977]], ""type"": ""MultiPoint""}",2023
18802,18803,3002369350.0,2023-10-11,2204,DAVENPORT RD,DARTNELL AV,5 m East of,,,Non Intersection,,Clear,"Dark, artificial",Dry,Non-Fatal Injury,Turning Movement,Driver,35 to 39,,,South,"Automobile, Station Wagon",Turning Left,Driving Properly,Normal,,,,,,,,,Yes,Yes,,,,,Yes,Yes,,,,96,Casa Loma,96,Casa Loma (96),D13,"{""coordinates"": [[-79.4122050000103, 43.6768070002977]], ""type"": ""MultiPoint""}",2023
18803,18804,3002371012.0,2023-10-12,647,STEELES AVE E,KELVIN GROVE AVE,,Major Arterial,Scarborough,At Intersection,Traffic Signal,Clear,"Dark, artificial",Dry,Fatal,Pedestrian Collisions,Pedestrian,85 to 89,Fatal,31.0,North,,,,,Pedestrian hit a PXO/ped. Mid-block signal,Crossing marked crosswalk without ROW,Normal,,,,Yes,,Yes,,,,,,,,,,,116,Steeles,116,Steeles (116),D42,"{""coordinates"": [[-79.3122210005788, 43.8224019998793]], ""type"": ""MultiPoint""}",2023
18804,18805,3002371012.0,2023-10-12,647,STEELES AVE E,KELVIN GROVE AVE,,Major Arterial,Scarborough,At Intersection,Traffic Signal,Clear,"Dark, artificial",Dry,Fatal,Pedestrian Collisions,Driver,55 to 59,,,West,"Automobile, Station Wagon",Going Ahead,Driving Properly,Normal,,,,,,,Yes,,Yes,,,,,,,,,,,116,Steeles,116,Steeles (116),D42,"{""coordinates"": [[-79.3122210005788, 43.8224019998793]], ""type"": ""MultiPoint""}",2023
18805,18806,3002381502.0,2023-10-13,1135,MCCOWAN RD,SANDHURST CRCL,40 m South o,Major Arterial,Scarborough,Intersection Related,Traffic Signal,Clear,Daylight,Dry,Non-Fatal Injury,Rear End,Driver,75 to 79,Major,,South,"Automobile, Station Wagon",Going Ahead,Driving Properly,Normal,,,,,,,,,Yes,,Yes,,,Yes,Yes,Yes,,,,129,Agincourt North,129,Agincourt North (129),D42,"{""coordinates"": [[-79.2651699994995, 43.8047820003273]], ""type"": ""MultiPoint""}",2023
18806,18807,3002381502.0,2023-10-13,1135,MCCOWAN RD,SANDHURST CRCL,40 m South o,Major Arterial,Scarborough,Intersection Related,Traffic Signal,Clear,Daylight,Dry,Non-Fatal Injury,Rear End,Driver,70 to 74,Minor,,South,"Automobile, Station Wagon",Slowing or Stopping,Driving Properly,Normal,,,,,,,,,Yes,,Yes,,,Yes,Yes,Yes,,,,129,Agincourt North,129,Agincourt North (129),D42,"{""coordinates"": [[-79.2651699994995, 43.8047820003273]], ""type"": ""MultiPoint""}",2023
18807,18808,3002381502.0,2023-10-13,1135,MCCOWAN RD,SANDHURST CRCL,40 m South o,Major Arterial,Scarborough,Intersection Related,Traffic Signal,Clear,Daylight,Dry,Non-Fatal Injury,Rear End,Truck Driver,70 to 74,Minor,,South,Truck - Dump,Slowing or Stopping,Driving Properly,Normal,,,,,,,,,Yes,,Yes,,,Yes,Yes,Yes,,,,129,Agincourt North,129,Agincourt North (129),D42,"{""coordinates"": [[-79.2651699994995, 43.8047820003273]], ""type"": ""MultiPoint""}",2023
18808,18809,3002381502.0,2023-10-13,1135,MCCOWAN RD,SANDHURST CRCL,40 m South o,Major Arterial,Scarborough,Intersection Related,Traffic Signal,Clear,Daylight,Dry,Non-Fatal Injury,Rear End,Passenger,70 to 74,Minor,,,,,,,,,,,,,,,Yes,,Yes,,,Yes,Yes,Yes,,,,129,Agincourt North,129,Agincourt North (129),D42,"{""coordinates"": [[-79.2651699994995, 43.8047820003273]], ""type"": ""MultiPoint""}",2023
18809,18810,3002391532.0,2023-10-14,1644,ASHTONBEE RD,WARDEN AVE,,Major Arterial,Scarborough,Intersection Related,Traffic Signal,Clear,Daylight,Dry,Non-Fatal Injury,Turning Movement,Driver,20 to 24,,,West,"Automobile, Station Wagon",Turning Left,Disobeyed Traffic Control,Normal,,,,,,,,,Yes,,,,,Yes,,Yes,Yes,,,119,Wexford/Maryvale,119,Wexford/Maryvale (119),D41,"{""coordinates"": [[-79.2887300005573, 43.7307190000384]], ""type"": ""MultiPoint""}",2023
18810,18811,3002391532.0,2023-10-14,1644,ASHTONBEE RD,WARDEN AVE,,Major Arterial,Scarborough,Intersection Related,Traffic Signal,Clear,Daylight,Dry,Non-Fatal Injury,Turning Movement,Driver,55 to 59,,,South,Pick Up Truck,Going Ahead,Driving Properly,Normal,,,,,,,,,Yes,,,,,Yes,,Yes,Yes,,,119,Wexford/Maryvale,119,Wexford/Maryvale (119),D41,"{""coordinates"": [[-79.2887300005573, 43.7307190000384]], ""type"": ""MultiPoint""}",2023
18811,18812,3002391532.0,2023-10-14,1644,ASHTONBEE RD,WARDEN AVE,,Major Arterial,Scarborough,Intersection Related,Traffic Signal,Clear,Daylight,Dry,Non-Fatal Injury,Turning Movement,Passenger,20 to 24,,,,,,,,,,,,,,,,Yes,,,,,Yes,,Yes,Yes,,,119,Wexford/Maryvale,119,Wexford/Maryvale (119),D41,"{""coordinates"": [[-79.2887300005573, 43.7307190000384]], ""type"": ""MultiPoint""}",2023
18812,18813,3002391532.0,2023-10-14,1644,ASHTONBEE RD,WARDEN AVE,,Major Arterial,Scarborough,Intersection Related,Traffic Signal,Clear,Daylight,Dry,Non-Fatal Injury,Turning Movement,Passenger,20 to 24,Major,,,,,,,,,,,,,,,Yes,,,,,Yes,,Yes,Yes,,,119,Wexford/Maryvale,119,Wexford/Maryvale (119),D41,"{""coordinates"": [[-79.2887300005573, 43.7307190000384]], ""type"": ""MultiPoint""}",2023
18813,18814,3002392070.0,2023-10-14,1840,EB FRED GARDINER EXPRESSWAY AND IS,ISLINGTON AVENUE,110 m West o,Expressway,Toronto and East York,Non Intersection,No Control,Clear,Daylight,Dry,Non-Fatal Injury,Rear End,Driver,30 to 34,Major,,East,"Automobile, Station Wagon",Going Ahead,Lost control,Inattentive,,,,,,,,,Yes,,,,,Yes,,,,,,160,Mimico-Queensway,17,Mimico (includes Humber Bay Shores) (17),D22,"{""coordinates"": [[-79.5177489994828, 43.6193990003782]], ""type"": ""MultiPoint""}",2023
18814,18815,3002392070.0,2023-10-14,1840,EB FRED GARDINER EXPRESSWAY AND IS,ISLINGTON AVENUE,110 m West o,Expressway,Toronto and East York,Non Intersection,No Control,Clear,Daylight,Dry,Non-Fatal Injury,Rear End,Driver,55 to 59,Minor,,East,Passenger Van,Going Ahead,Driving Properly,Normal,,,,,,,,,Yes,,,,,Yes,,,,,,160,Mimico-Queensway,17,Mimico (includes Humber Bay Shores) (17),D22,"{""coordinates"": [[-79.5177489994828, 43.6193990003782]], ""type"": ""MultiPoint""}",2023
18815,18816,3002392070.0,2023-10-14,1840,EB FRED GARDINER EXPRESSWAY AND IS,ISLINGTON AVENUE,110 m West o,Expressway,Toronto and East York,Non Intersection,No Control,Clear,Daylight,Dry,Non-Fatal Injury,Rear End,Driver,40 to 44,Minor,,East,Passenger Van,Going Ahead,Driving Properly,Normal,,,,,,,,,Yes,,,,,Yes,,,,,,160,Mimico-Queensway,17,Mimico (includes Humber Bay Shores) (17),D22,"{""coordinates"": [[-79.5177489994828, 43.6193990003782]], ""type"": ""MultiPoint""}",2023
18816,18817,3002392070.0,2023-10-14,1840,EB FRED GARDINER EXPRESSWAY AND IS,ISLINGTON AVENUE,110 m West o,Expressway,Toronto and East York,Non Intersection,No Control,Clear,Daylight,Dry,Non-Fatal Injury,Rear End,Passenger,30 to 34,Minor,,,,,,,,,,,,,,,Yes,,,,,Yes,,,,,,160,Mimico-Queensway,17,Mimico (includes Humber Bay Shores) (17),D22,"{""coordinates"": [[-79.5177489994828, 43.6193990003782]], ""type"": ""MultiPoint""}",2023
18817,18818,3002392070.0,2023-10-14,1840,EB FRED GARDINER EXPRESSWAY AND IS,ISLINGTON AVENUE,110 m West o,Expressway,Toronto and East York,Non Intersection,No Control,Clear,Daylight,Dry,Non-Fatal Injury,Rear End,Passenger,0 to 4,Minimal,,,,,,,,,,,,,,,Yes,,,,,Yes,,,,,,160,Mimico-Queensway,17,Mimico (includes Humber Bay Shores) (17),D22,"{""coordinates"": [[-79.5177489994828, 43.6193990003782]], ""type"": ""MultiPoint""}",2023
18818,18819,3002392070.0,2023-10-14,1840,EB FRED GARDINER EXPRESSWAY AND IS,ISLINGTON AVENUE,110 m West o,Expressway,Toronto and East York,Non Intersection,No Control,Clear,Daylight,Dry,Non-Fatal Injury,Rear End,Passenger,0 to 4,Minimal,,,,,,,,,,,,,,,Yes,,,,,Yes,,,,,,160,Mimico-Queensway,17,Mimico (includes Humber Bay Shores) (17),D22,"{""coordinates"": [[-79.5177489994828, 43.6193990003782]], ""type"": ""MultiPoint""}",2023
18819,18820,3002403703.0,2023-10-16,1040,DAVISVILLE AVE,MOUNT PLEASANT RD,,Major Arterial,Toronto and East York,At Intersection,Traffic Signal,Clear,Daylight,Dry,Fatal,Pedestrian Collisions,Pedestrian,85 to 89,Fatal,32.0,East,,,,,Vehicle turns right while ped crosses with ROW at inter.,Crossing with right of way,,,,,Yes,,,,Yes,,,,,,,,,99,Mount Pleasant East,99,Mount Pleasant East (99),D53,"{""coordinates"": [[-79.3869429995959, 43.7002280003731]], ""type"": ""MultiPoint""}",2023
18820,18821,3002403703.0,2023-10-16,1040,DAVISVILLE AVE,MOUNT PLEASANT RD,,Major Arterial,Toronto and East York,At Intersection,Traffic Signal,Clear,Daylight,Dry,Fatal,Pedestrian Collisions,Truck Driver,25 to 29,,,East,Truck - Dump,Turning Right,,,,,,,,,Yes,,,,Yes,,,,,,,,,99,Mount Pleasant East,99,Mount Pleasant East (99),D53,"{""coordinates"": [[-79.3869429995959, 43.7002280003731]], ""type"": ""MultiPoint""}",2023
18821,18822,3002425032.0,2023-10-18,2315,MIDLAND AVE,KINGSTON RD,,Major Arterial,Scarborough,Intersection Related,Traffic Signal,Clear,"Dark, artificial",Dry,Non-Fatal Injury,Pedestrian Collisions,Driver,35 to 39,,,North,"Automobile, Station Wagon",Going Ahead,Driving Properly,Normal,,,,,,,Yes,,Yes,,,,,,,,,,,123,Cliffcrest,123,Cliffcrest (123),D41,"{""coordinates"": [[-79.2481570001218, 43.7111269999713]], ""type"": ""MultiPoint""}",2023
18822,18823,3002425032.0,2023-10-18,2315,MIDLAND AVE,KINGSTON RD,,Major Arterial,Scarborough,Intersection Related,Traffic Signal,Clear,"Dark, artificial",Dry,Non-Fatal Injury,Pedestrian Collisions,Pedestrian,20 to 24,Major,,West,,Going Ahead,,,Vehicle is going straight thru inter.while ped cross without ROW,Crossing without right of way,Normal,,,,Yes,,Yes,,,,,,,,,,,123,Cliffcrest,123,Cliffcrest (123),D41,"{""coordinates"": [[-79.2481570001218, 43.7111269999713]], ""type"": ""MultiPoint""}",2023
18823,18824,3002428276.0,2023-10-19,1138,KING ST W,JAMESON AV,5 m North of,Major Arterial,Toronto and East York,Intersection Related,Traffic Signal,Clear,Daylight,Dry,Non-Fatal Injury,Pedestrian Collisions,Driver,40 to 44,,,North,Other,Turning Left,Failed to Yield Right of Way,Normal,,,,,,,Yes,,,,,,,,,Yes,,,,85,South Parkdale,85,South Parkdale (85),D14,"{""coordinates"": [[-79.4360079996871, 43.6371829997591]], ""type"": ""MultiPoint""}",2023
18824,18825,3002428276.0,2023-10-19,1138,KING ST W,JAMESON AV,5 m North of,Major Arterial,Toronto and East York,Intersection Related,Traffic Signal,Clear,Daylight,Dry,Non-Fatal Injury,Pedestrian Collisions,Pedestrian,60 to 64,Major,,,,,,,Vehicle turns left while ped crosses with ROW at inter.,Crossing with right of way,Normal,,,,Yes,,,,,,,,,Yes,,,,85,South Parkdale,85,South Parkdale (85),D14,"{""coordinates"": [[-79.4360079996871, 43.6371829997591]], ""type"": ""MultiPoint""}",2023
18825,18826,3002438140.0,2023-10-20,1435,EGLINTON AVE E,RUMSEY RD EY,,,,Intersection Related,Traffic Signal,Rain,Daylight,Wet,Non-Fatal Injury,Pedestrian Collisions,Driver,40 to 44,,,West,Pick Up Truck,Turning Left,Failed to Yield Right of Way,,,,,,,,Yes,,Yes,,,,,,,Yes,,,,56,Leaside-Bennington,56,Leaside-Bennington (56),D53,"{""coordinates"": [[-79.3696249998546, 43.7125809997628]], ""type"": ""MultiPoint""}",2023
18826,18827,3002438140.0,2023-10-20,1435,EGLINTON AVE E,RUMSEY RD EY,,,,Intersection Related,Traffic Signal,Rain,Daylight,Wet,Non-Fatal Injury,Pedestrian Collisions,Pedestrian,45 to 49,Major,,,,,,,,,Unknown,,,,Yes,,Yes,,,,,,,Yes,,,,56,Leaside-Bennington,56,Leaside-Bennington (56),D53,"{""coordinates"": [[-79.3696249998546, 43.7125809997628]], ""type"": ""MultiPoint""}",2023
18827,18828,3002475391.0,2023-10-25,932,ISLINGTON AV,JUTLAND RD,,Major Arterial,Etobicoke York,At Intersection,Traffic Signal,Clear,Daylight,Dry,Non-Fatal Injury,Pedestrian Collisions,Driver,50 to 54,,,East,Pick Up Truck,Turning Left,Failed to Yield Right of Way,Normal,,,,,,,Yes,,Yes,,,,,,,Yes,,,,16,Stonegate-Queensway,16,Stonegate-Queensway (16),D22,"{""coordinates"": [[-79.516955999768, 43.6289510003031]], ""type"": ""MultiPoint""}",2023
18828,18829,3002475391.0,2023-10-25,932,ISLINGTON AV,JUTLAND RD,,Major Arterial,Etobicoke York,At Intersection,Traffic Signal,Clear,Daylight,Dry,Non-Fatal Injury,Pedestrian Collisions,Pedestrian,70 to 74,Major,,,,,,,Vehicle turns left while ped crosses with ROW at inter.,Crossing with right of way,Normal,,,,Yes,,Yes,,,,,,,Yes,,,,16,Stonegate-Queensway,16,Stonegate-Queensway (16),D22,"{""coordinates"": [[-79.516955999768, 43.6289510003031]], ""type"": ""MultiPoint""}",2023
18829,18830,3002496578.0,2023-10-27,1915,WAYSIDE AVE,FINCH AVE E,,Major Arterial,Scarborough,Intersection Related,Traffic Signal,Clear,"Daylight, artificial",Dry,Non-Fatal Injury,Pedestrian Collisions,Driver,25 to 29,,,East,"Automobile, Station Wagon",Turning Left,Failed to Yield Right of Way,Normal,,,,,,,Yes,,Yes,,,,,,,Yes,,,,148,East L'Amoreaux,117,L'Amoreaux (117),D42,"{""coordinates"": [[-79.2996090001946, 43.8005170001723]], ""type"": ""MultiPoint""}",2023
18830,18831,3002496578.0,2023-10-27,1915,WAYSIDE AVE,FINCH AVE E,,Major Arterial,Scarborough,Intersection Related,Traffic Signal,Clear,"Daylight, artificial",Dry,Non-Fatal Injury,Pedestrian Collisions,Pedestrian,20 to 24,Major,,,,,,,Vehicle turns left while ped crosses with ROW at inter.,Crossing with right of way,Normal,,,,Yes,,Yes,,,,,,,Yes,,,,148,East L'Amoreaux,117,L'Amoreaux (117),D42,"{""coordinates"": [[-79.2996090001946, 43.8005170001723]], ""type"": ""MultiPoint""}",2023
18831,18832,3002964045.0,2023-10-27,1944,150 WYNFORD DR,,,Minor Arterial,North York,Intersection Related,Traffic Signal,Rain,"Dark, artificial",Wet,Fatal,Pedestrian Collisions,Driver,25 to 29,,,East,"Automobile, Station Wagon",Going Ahead,Driving Properly,Normal,,,,,,,Yes,,Yes,,,,,,,,,,,42,Banbury-Don Mills,42,Banbury-Don Mills (42),D33,"{""coordinates"": [[-79.3277309995074, 43.7272550002004]], ""type"": ""MultiPoint""}",2023
18832,18833,3002964045.0,2023-10-27,1944,150 WYNFORD DR,,,Minor Arterial,North York,Intersection Related,Traffic Signal,Rain,"Dark, artificial",Wet,Fatal,Pedestrian Collisions,Pedestrian,70 to 74,Fatal,44.0,North,,,,,Vehicle is going straight thru inter.while ped cross without ROW,Crossing without right of way,Fatigue,,,,Yes,,Yes,,,,,,,,,,,42,Banbury-Don Mills,42,Banbury-Don Mills (42),D33,"{""coordinates"": [[-79.3277309995074, 43.7272550002004]], ""type"": ""MultiPoint""}",2023
18833,18834,3002503345.0,2023-10-28,1643,SHEPPARD AV W,ARROW RD,15 m West of,Major Arterial,North York,Intersection Related,Traffic Signal,Clear,Daylight,Dry,Non-Fatal Injury,Pedestrian Collisions,Driver,15 to 19,,,West,"Automobile, Station Wagon",Going Ahead,Lost control,Inattentive,,,,,,,Yes,,Yes,,,,,Yes,,,,,,154,Oakdale-Beverley Heights,22,Humbermede (22),D31,"{""coordinates"": [[-79.5292999998046, 43.7356970001166]], ""type"": ""MultiPoint""}",2023
18834,18835,3002503345.0,2023-10-28,1643,SHEPPARD AV W,ARROW RD,15 m West of,Major Arterial,North York,Intersection Related,Traffic Signal,Clear,Daylight,Dry,Non-Fatal Injury,Pedestrian Collisions,Passenger,35 to 39,Minimal,,,,,,,,,,,,,Yes,,Yes,,,,,Yes,,,,,,154,Oakdale-Beverley Heights,22,Humbermede (22),D31,"{""coordinates"": [[-79.5292999998046, 43.7356970001166]], ""type"": ""MultiPoint""}",2023
18835,18836,3002503345.0,2023-10-28,1643,SHEPPARD AV W,ARROW RD,15 m West of,Major Arterial,North York,Intersection Related,Traffic Signal,Clear,Daylight,Dry,Non-Fatal Injury,Pedestrian Collisions,Pedestrian,15 to 19,Major,,,,,,,Pedestrian hit on sidewalk or shoulder,Other,Normal,,,,Yes,,Yes,,,,,Yes,,,,,,154,Oakdale-Beverley Heights,22,Humbermede (22),D31,"{""coordinates"": [[-79.5292999998046, 43.7356970001166]], ""type"": ""MultiPoint""}",2023
18836,18837,3002515701.0,2023-10-30,1014,DUFFERIN ST,RIDELLE AV,9 m East of,Major Arterial,Toronto and East York,Intersection Related,Stop Sign,Rain,Daylight,Wet,Fatal,Pedestrian Collisions,Pedestrian,85 to 89,Fatal,41.0,,,,,,Vehicle turns left while ped crosses without ROW at inter.,Crossing without right of way,Normal,,,,Yes,,Yes,,,,,,,,,,,108,Briar Hill-Belgravia,108,Briar Hill-Belgravia (108),D13,"{""coordinates"": [[-79.4519000003011, 43.7014800000865]], ""type"": ""MultiPoint""}",2023
18837,18838,3002515701.0,2023-10-30,1014,DUFFERIN ST,RIDELLE AV,9 m East of,Major Arterial,Toronto and East York,Intersection Related,Stop Sign,Rain,Daylight,Wet,Fatal,Pedestrian Collisions,Pedestrian,75 to 79,Minor,,,,,,,Vehicle turns left while ped crosses without ROW at inter.,Crossing without right of way,Normal,,,,Yes,,Yes,,,,,,,,,,,108,Briar Hill-Belgravia,108,Briar Hill-Belgravia (108),D13,"{""coordinates"": [[-79.4519000003011, 43.7014800000865]], ""type"": ""MultiPoint""}",2023
18838,18839,3002515701.0,2023-10-30,1014,DUFFERIN ST,RIDELLE AV,9 m East of,Major Arterial,Toronto and East York,Intersection Related,Stop Sign,Rain,Daylight,Wet,Fatal,Pedestrian Collisions,Driver,65 to 69,,,South,Pick Up Truck,Turning Left,Improper Turn,Normal,,,,,,,Yes,,Yes,,,,,,,,,,,108,Briar Hill-Belgravia,108,Briar Hill-Belgravia (108),D13,"{""coordinates"": [[-79.4519000003011, 43.7014800000865]], ""type"": ""MultiPoint""}",2023
18839,18840,3002525409.0,2023-10-31,1250,ROYAL YORK RD,EDENBRIDGE DR,,Minor Arterial,Etobicoke York,Intersection Related,Traffic Signal,Clear,Daylight,Dry,Non-Fatal Injury,Pedestrian Collisions,Pedestrian,65 to 69,Major,,,,,,,Vehicle is going straight thru inter.while ped cross with ROW,Crossing with right of way,Normal,,,,Yes,,Yes,,,,,,,Yes,Yes,,,9,Edenbridge-Humber Valley,9,Edenbridge-Humber Valley (9),D22,"{""coordinates"": [[-79.5213499995889, 43.6701190003208]], ""type"": ""MultiPoint""}",2023
18840,18841,3002525409.0,2023-10-31,1250,ROYAL YORK RD,EDENBRIDGE DR,,Minor Arterial,Etobicoke York,Intersection Related,Traffic Signal,Clear,Daylight,Dry,Non-Fatal Injury,Pedestrian Collisions,Pedestrian,70 to 74,,,,,,,,Vehicle is going straight thru inter.while ped cross with ROW,Crossing with right of way,Normal,,,,Yes,,Yes,,,,,,,Yes,Yes,,,9,Edenbridge-Humber Valley,9,Edenbridge-Humber Valley (9),D22,"{""coordinates"": [[-79.5213499995889, 43.6701190003208]], ""type"": ""MultiPoint""}",2023
18841,18842,3002525409.0,2023-10-31,1250,ROYAL YORK RD,EDENBRIDGE DR,,Minor Arterial,Etobicoke York,Intersection Related,Traffic Signal,Clear,Daylight,Dry,Non-Fatal Injury,Pedestrian Collisions,Driver,75 to 79,Minor,,South,"Automobile, Station Wagon",Going Ahead,Disobeyed Traffic Control,Normal,,,,,,,Yes,,Yes,,,,,,,Yes,Yes,,,9,Edenbridge-Humber Valley,9,Edenbridge-Humber Valley (9),D22,"{""coordinates"": [[-79.5213499995889, 43.6701190003208]], ""type"": ""MultiPoint""}",2023
18842,18843,3002568792.0,2023-11-05,2025,YORK MILLS RD,BIRCHWOOD AV,,Major Arterial,North York,Intersection Related,Pedestrian Crossover,Clear,"Dark, artificial",Dry,Non-Fatal Injury,Pedestrian Collisions,Driver,55 to 59,,,East,"Automobile, Station Wagon",Going Ahead,Driving Properly,Normal,,,,,,,Yes,,Yes,,,,,,,,,,,41,Bridle Path-Sunnybrook-York Mills,40,St.Andrew-Windfields (40),D32,"{""coordinates"": [[-79.391582000118, 43.7464849998001]], ""type"": ""MultiPoint""}",2023
18843,18844,3002568792.0,2023-11-05,2025,YORK MILLS RD,BIRCHWOOD AV,,Major Arterial,North York,Intersection Related,Pedestrian Crossover,Clear,"Dark, artificial",Dry,Non-Fatal Injury,Pedestrian Collisions,Pedestrian,25 to 29,Major,,,,,,,Vehicle is going straight thru inter.while ped cross without ROW,Other,Normal,,,,Yes,,Yes,,,,,,,,,,,41,Bridle Path-Sunnybrook-York Mills,40,St.Andrew-Windfields (40),D32,"{""coordinates"": [[-79.391582000118, 43.7464849998001]], ""type"": ""MultiPoint""}",2023
18844,18845,3002578946.0,2023-11-07,620,KIPLING AVE,RONSON DR,5 m south of,Major Arterial,Etobicoke York,Intersection Related,Traffic Signal,Clear,Daylight,Dry,Fatal,Pedestrian Collisions,Driver,55 to 59,,,South,"Automobile, Station Wagon",Going Ahead,Driving Properly,Normal,,,,,,,Yes,,Yes,,,,,,,,,,,1,West Humber-Clairville,1,West Humber-Clairville (1),D23,"{""coordinates"": [[-79.562327999979, 43.7025210003157]], ""type"": ""MultiPoint""}",2023
18845,18846,3002578946.0,2023-11-07,620,KIPLING AVE,RONSON DR,5 m south of,Major Arterial,Etobicoke York,Intersection Related,Traffic Signal,Clear,Daylight,Dry,Fatal,Pedestrian Collisions,Pedestrian,30 to 34,Fatal,33.0,West,,,,,Vehicle is going straight thru inter.while ped cross without ROW,Crossing without right of way,Normal,,,,Yes,,Yes,,,,,,,,,,,1,West Humber-Clairville,1,West Humber-Clairville (1),D23,"{""coordinates"": [[-79.562327999979, 43.7025210003157]], ""type"": ""MultiPoint""}",2023
18846,18847,3002585631.0,2023-11-07,2212,BELGRAVIA AV,TIMES RD,34 m East of,Local,Toronto and East York,Non Intersection,Stop Sign,Clear,"Dark, artificial",Dry,Non-Fatal Injury,SMV Unattended Vehicle,Driver,20 to 24,Major,,East,"Automobile, Station Wagon",Going Ahead,Lost control,Had Been Drinking,,,,,,,,,Yes,,,,,,Yes,Yes,,,,108,Briar Hill-Belgravia,108,Briar Hill-Belgravia (108),D13,"{""coordinates"": [[-79.4445679999945, 43.6985920002971]], ""type"": ""MultiPoint""}",2023