index,_id,ACCNUM,DATE,TIME,STREET1,STREET2,OFFSET,ROAD_CLASS,DISTRICT,ACCLOC,TRAFFCTL,VISIBILITY,LIGHT,RDSFCOND,ACCLASS,IMPACTYPE,INVTYPE,INVAGE,INJURY,FATAL_NO,INITDIR,VEHTYPE,MANOEUVER,DRIVACT,DRIVCOND,PEDTYPE,PEDACT,PEDCOND,CYCLISTYPE,CYCACT,CYCCOND,PEDESTRIAN,CYCLIST,AUTOMOBILE,MOTORCYCLE,TRUCK,TRSN_CITY_VEH,EMERG_VEH,PASSENGER,SPEEDING,AG_DRIV,REDLIGHT,ALCOHOL,DISABILITY,HOOD_158,NEIGHBOURHOOD_158,HOOD_140,NEIGHBOURHOOD_140,DIVISION,geometry,ACCIDENT_YEAR
18847,18848,3002585631.0,2023-11-07,2212,BELGRAVIA AV,TIMES RD,34 m East of,Local,Toronto and East York,Non Intersection,Stop Sign,Clear,"Dark, artificial",Dry,Non-Fatal Injury,SMV Unattended Vehicle,Driver,unknown,,,West,"Automobile, Station Wagon",Parked,,Unknown,,,,,,,,,Yes,,,,,,Yes,Yes,,,,108,Briar Hill-Belgravia,108,Briar Hill-Belgravia (108),D13,"{""coordinates"": [[-79.4445679999945, 43.6985920002971]], ""type"": ""MultiPoint""}",2023
18848,18849,3002610286.0,2023-11-08,1,WILSON AVE,Wilson heights Blvd,2 m West of,Minor Arterial,North York,Intersection Related,Traffic Signal,Other,"Dark, artificial",Dry,Non-Fatal Injury,Pedestrian Collisions,Pedestrian,50 to 54,Major,,,,,,,Unknown,Crossing without right of way,Normal,,,,Yes,,,,,,,,,,,,,33,Clanton Park,33,Clanton Park (33),D32,"{""coordinates"": [[-79.4518849997813, 43.7365750003064]], ""type"": ""MultiPoint""}",2023
18849,18850,3002591929.0,2023-11-08,1717,DUNDAS ST E,YONGE ST,30 m South o,,,Non Intersection,No Control,Rain,"Dusk, artificial",Wet,Non-Fatal Injury,Pedestrian Collisions,Driver,65 to 69,,,North,"Automobile, Station Wagon",Going Ahead,Other,Other,,,,,,,Yes,,Yes,,,,,,,,,,,170,Yonge-Bay Corridor,76,Bay Street Corridor (76),D52,"{""coordinates"": [[-79.3808169998609, 43.6560699998704]], ""type"": ""MultiPoint""}",2023
18850,18851,3002591929.0,2023-11-08,1717,DUNDAS ST E,YONGE ST,30 m South o,,,Non Intersection,No Control,Rain,"Dusk, artificial",Wet,Non-Fatal Injury,Pedestrian Collisions,Pedestrian,35 to 39,Major,,,,,,,,,Unknown,,,,Yes,,Yes,,,,,,,,,,,170,Yonge-Bay Corridor,76,Bay Street Corridor (76),D52,"{""coordinates"": [[-79.3808169998609, 43.6560699998704]], ""type"": ""MultiPoint""}",2023
18851,18852,3002607163.0,2023-11-10,1557,55 ST CLAIR AVE W,YONGE ST,11 m North o,Major Arterial,Toronto and East York,Intersection Related,No Control,Clear,Daylight,Dry,Non-Fatal Injury,,Driver,30 to 34,,,East,"Automobile, Station Wagon",Going Ahead,Improper Passing,Normal,,,,,,,,,Yes,Yes,,,,,,Yes,,,,98,Rosedale-Moore Park,98,Rosedale-Moore Park (98),D53,"{""coordinates"": [[-79.3941069997293, 43.6880859995885]], ""type"": ""MultiPoint""}",2023
18852,18853,3002607163.0,2023-11-10,1557,55 ST CLAIR AVE W,YONGE ST,11 m North o,Major Arterial,Toronto and East York,Intersection Related,No Control,Clear,Daylight,Dry,Non-Fatal Injury,,Motorcycle Driver,25 to 29,Major,,East,Motorcycle,Overtaking,Driving Properly,Normal,,,,,,,,,Yes,Yes,,,,,,Yes,,,,98,Rosedale-Moore Park,98,Rosedale-Moore Park (98),D53,"{""coordinates"": [[-79.3941069997293, 43.6880859995885]], ""type"": ""MultiPoint""}",2023
18853,18854,3002611058.0,2023-11-11,303,FGX W,B AMD DUNN AV,100 m West o,Expressway,Etobicoke York,Non Intersection,No Control,Clear,"Dark, artificial",Dry,Fatal,SMV Other,Driver,20 to 24,Minimal,,West,"Automobile, Station Wagon",Going Ahead,Exceeding Speed Limit,"Ability Impaired, Alcohol Over .08",,,,,,,,,Yes,,,,,Yes,Yes,Yes,,Yes,,85,South Parkdale,85,South Parkdale (85),D14,"{""coordinates"": [[-79.4333679995724, 43.6326969999543]], ""type"": ""MultiPoint""}",2023
18854,18855,3002611058.0,2023-11-11,303,FGX W,B AMD DUNN AV,100 m West o,Expressway,Etobicoke York,Non Intersection,No Control,Clear,"Dark, artificial",Dry,Fatal,SMV Other,Passenger,20 to 24,Fatal,,,"Automobile, Station Wagon",,,,,,,,,,,,Yes,,,,,Yes,Yes,Yes,,Yes,,85,South Parkdale,85,South Parkdale (85),D14,"{""coordinates"": [[-79.4333679995724, 43.6326969999543]], ""type"": ""MultiPoint""}",2023
18855,18856,3002611058.0,2023-11-11,303,FGX W,B AMD DUNN AV,100 m West o,Expressway,Etobicoke York,Non Intersection,No Control,Clear,"Dark, artificial",Dry,Fatal,SMV Other,Passenger,20 to 24,,,,"Automobile, Station Wagon",,,,,,,,,,,,Yes,,,,,Yes,Yes,Yes,,Yes,,85,South Parkdale,85,South Parkdale (85),D14,"{""coordinates"": [[-79.4333679995724, 43.6326969999543]], ""type"": ""MultiPoint""}",2023
18856,18857,3002611058.0,2023-11-11,303,FGX W,B AMD DUNN AV,100 m West o,Expressway,Etobicoke York,Non Intersection,No Control,Clear,"Dark, artificial",Dry,Fatal,SMV Other,Passenger,25 to 29,Major,,,"Automobile, Station Wagon",,,,,,,,,,,,Yes,,,,,Yes,Yes,Yes,,Yes,,85,South Parkdale,85,South Parkdale (85),D14,"{""coordinates"": [[-79.4333679995724, 43.6326969999543]], ""type"": ""MultiPoint""}",2023
18857,18858,3002611595.0,2023-11-11,628,F G GARDINER XY E,KIPLING AV,657 m West o,Expressway,Etobicoke York,Non Intersection,No Control,Clear,"Dark, artificial",Dry,Non-Fatal Injury,Sideswipe,Driver,70 to 74,Minor,,East,"Automobile, Station Wagon",Going Ahead,Driving Properly,Normal,,,,,,,,,Yes,,,,,Yes,,,,,,20,Alderwood,20,Alderwood (20),D22,"{""coordinates"": [[-79.5335649998741, 43.6162779998282]], ""type"": ""MultiPoint""}",2023
18858,18859,3002611595.0,2023-11-11,628,F G GARDINER XY E,KIPLING AV,657 m West o,Expressway,Etobicoke York,Non Intersection,No Control,Clear,"Dark, artificial",Dry,Non-Fatal Injury,Sideswipe,Driver,40 to 44,,,East,Pick Up Truck,Going Ahead,Driving Properly,Normal,,,,,,,,,Yes,,,,,Yes,,,,,,20,Alderwood,20,Alderwood (20),D22,"{""coordinates"": [[-79.5335649998741, 43.6162779998282]], ""type"": ""MultiPoint""}",2023
18859,18860,3002611595.0,2023-11-11,628,F G GARDINER XY E,KIPLING AV,657 m West o,Expressway,Etobicoke York,Non Intersection,No Control,Clear,"Dark, artificial",Dry,Non-Fatal Injury,Sideswipe,Driver,55 to 59,,,East,"Automobile, Station Wagon",Going Ahead,Driving Properly,Normal,,,,,,,,,Yes,,,,,Yes,,,,,,20,Alderwood,20,Alderwood (20),D22,"{""coordinates"": [[-79.5335649998741, 43.6162779998282]], ""type"": ""MultiPoint""}",2023
18860,18861,3002611595.0,2023-11-11,628,F G GARDINER XY E,KIPLING AV,657 m West o,Expressway,Etobicoke York,Non Intersection,No Control,Clear,"Dark, artificial",Dry,Non-Fatal Injury,Sideswipe,Driver,50 to 54,Minor,,East,"Automobile, Station Wagon",Going Ahead,Driving Properly,Normal,,,,,,,,,Yes,,,,,Yes,,,,,,20,Alderwood,20,Alderwood (20),D22,"{""coordinates"": [[-79.5335649998741, 43.6162779998282]], ""type"": ""MultiPoint""}",2023
18861,18862,3002611595.0,2023-11-11,628,F G GARDINER XY E,KIPLING AV,657 m West o,Expressway,Etobicoke York,Non Intersection,No Control,Clear,"Dark, artificial",Dry,Non-Fatal Injury,Sideswipe,Passenger,65 to 69,Minor,,,,,,,,,,,,,,,Yes,,,,,Yes,,,,,,20,Alderwood,20,Alderwood (20),D22,"{""coordinates"": [[-79.5335649998741, 43.6162779998282]], ""type"": ""MultiPoint""}",2023
18862,18863,3002611595.0,2023-11-11,628,F G GARDINER XY E,KIPLING AV,657 m West o,Expressway,Etobicoke York,Non Intersection,No Control,Clear,"Dark, artificial",Dry,Non-Fatal Injury,Sideswipe,Passenger,45 to 49,Major,,,,,,,,,,,,,,,Yes,,,,,Yes,,,,,,20,Alderwood,20,Alderwood (20),D22,"{""coordinates"": [[-79.5335649998741, 43.6162779998282]], ""type"": ""MultiPoint""}",2023
18863,18864,3002616293.0,2023-11-11,2020,sandhurst crcl,finch ave e,61 m North o,Major Arterial,Scarborough,Non Intersection,No Control,Clear,"Dark, artificial",Dry,Non-Fatal Injury,SMV Other,Motorcycle Driver,25 to 29,Major,,West,Motorcycle,Turning Left,Driving Properly,Normal,,,,,,,,,,Yes,,,,,,,,,,129,Agincourt North,129,Agincourt North (129),D42,"{""coordinates"": [[-79.2703960003403, 43.8071849999279]], ""type"": ""MultiPoint""}",2023
18864,18865,3002626902.0,2023-11-13,1033,DUFFERIN ST,EGLINTON AVE W,,Major Arterial,North York,Intersection Related,Traffic Signal,,,,Fatal,Pedestrian Collisions,Truck Driver,30 to 34,,,West,Truck - Dump,,Failed to Yield Right of Way,,,,,,,,Yes,,,,Yes,,,,,Yes,,,,107,Oakwood Village,107,Oakwood Village (107),D13,"{""coordinates"": [[-79.4502370000518, 43.6956200001777]], ""type"": ""MultiPoint""}",2023
18865,18866,3002626902.0,2023-11-13,1033,DUFFERIN ST,EGLINTON AVE W,,Major Arterial,North York,Intersection Related,Traffic Signal,,,,Fatal,Pedestrian Collisions,Pedestrian,50 to 54,Fatal,34.0,East,,,,,Vehicle turns left while ped crosses with ROW at inter.,Crossing with right of way,Normal,,,,Yes,,,,Yes,,,,,Yes,,,,107,Oakwood Village,107,Oakwood Village (107),D13,"{""coordinates"": [[-79.4502370000518, 43.6956200001777]], ""type"": ""MultiPoint""}",2023
18866,18867,3002628249.0,2023-11-13,1330,FINCH AVE E,WARDEN AVE,,Major Arterial,Scarborough,,Traffic Signal,Clear,Daylight,Dry,Fatal,Turning Movement,Driver,50 to 54,Fatal,39.0,North,"Automobile, Station Wagon",Making U Turn,Failed to Yield Right of Way,Inattentive,,,,,,,,,Yes,Yes,,,,,,Yes,,,,148,East L'Amoreaux,117,L'Amoreaux (117),D42,"{""coordinates"": [[-79.3157230000729, 43.7967019999872]], ""type"": ""MultiPoint""}",2023
18867,18868,3002628249.0,2023-11-13,1330,FINCH AVE E,WARDEN AVE,,Major Arterial,Scarborough,,Traffic Signal,Clear,Daylight,Dry,Fatal,Turning Movement,Motorcycle Driver,30 to 34,,,North,Motorcycle,Going Ahead,Driving Properly,Normal,,,,,,,,,Yes,Yes,,,,,,Yes,,,,148,East L'Amoreaux,117,L'Amoreaux (117),D42,"{""coordinates"": [[-79.3157230000729, 43.7967019999872]], ""type"": ""MultiPoint""}",2023
18868,18869,3002629156.0,2023-11-13,1542,WOODBINE AVE,MORTIMER AVE,,Major Arterial,Toronto and East York,Intersection Related,Traffic Signal,Clear,Daylight,Dry,Non-Fatal Injury,Turning Movement,Driver,45 to 49,,,North,"Automobile, Station Wagon",Turning Left,Improper Turn,Normal,,,,,,,,,Yes,Yes,,,,,,Yes,,,,60,Woodbine-Lumsden,60,Woodbine-Lumsden (60),D55,"{""coordinates"": [[-79.3158220004715, 43.6928130003402]], ""type"": ""MultiPoint""}",2023
18869,18870,3002629156.0,2023-11-13,1542,WOODBINE AVE,MORTIMER AVE,,Major Arterial,Toronto and East York,Intersection Related,Traffic Signal,Clear,Daylight,Dry,Non-Fatal Injury,Turning Movement,Motorcycle Driver,50 to 54,Major,,South,Motorcycle,Going Ahead,Driving Properly,Normal,,,,,,,,,Yes,Yes,,,,,,Yes,,,,60,Woodbine-Lumsden,60,Woodbine-Lumsden (60),D55,"{""coordinates"": [[-79.3158220004715, 43.6928130003402]], ""type"": ""MultiPoint""}",2023
18870,18871,3002633234.0,2023-11-14,642,WELLINGTON ST E,SCOTT ST,,Minor Arterial,Scarborough,Intersection Related,Traffic Signal,Clear,"Dark, artificial",Dry,Fatal,Pedestrian Collisions,Passenger,30 to 34,,,,,,,,,,,,,,Yes,,Yes,,,,,Yes,,,,,,168,Downtown Yonge East,75,Church-Yonge Corridor (75),D51,"{""coordinates"": [[-79.3760100003954, 43.6480809999023]], ""type"": ""MultiPoint""}",2023
18871,18872,3002633234.0,2023-11-14,642,WELLINGTON ST E,SCOTT ST,,Minor Arterial,Scarborough,Intersection Related,Traffic Signal,Clear,"Dark, artificial",Dry,Fatal,Pedestrian Collisions,Pedestrian,55 to 59,Fatal,35.0,,"Automobile, Station Wagon",,,,,Other,Fatigue,,,,Yes,,Yes,,,,,Yes,,,,,,168,Downtown Yonge East,75,Church-Yonge Corridor (75),D51,"{""coordinates"": [[-79.3760100003954, 43.6480809999023]], ""type"": ""MultiPoint""}",2023
18872,18873,3002633234.0,2023-11-14,642,WELLINGTON ST E,SCOTT ST,,Minor Arterial,Scarborough,Intersection Related,Traffic Signal,Clear,"Dark, artificial",Dry,Fatal,Pedestrian Collisions,Passenger,25 to 29,,,,,,,,,,,,,,Yes,,Yes,,,,,Yes,,,,,,168,Downtown Yonge East,75,Church-Yonge Corridor (75),D51,"{""coordinates"": [[-79.3760100003954, 43.6480809999023]], ""type"": ""MultiPoint""}",2023
18873,18874,3002633234.0,2023-11-14,642,WELLINGTON ST E,SCOTT ST,,Minor Arterial,Scarborough,Intersection Related,Traffic Signal,Clear,"Dark, artificial",Dry,Fatal,Pedestrian Collisions,Passenger,45 to 49,,,,,,,,,,,,,,Yes,,Yes,,,,,Yes,,,,,,168,Downtown Yonge East,75,Church-Yonge Corridor (75),D51,"{""coordinates"": [[-79.3760100003954, 43.6480809999023]], ""type"": ""MultiPoint""}",2023
18874,18875,3002633234.0,2023-11-14,642,WELLINGTON ST E,SCOTT ST,,Minor Arterial,Scarborough,Intersection Related,Traffic Signal,Clear,"Dark, artificial",Dry,Fatal,Pedestrian Collisions,Passenger,30 to 34,,,,,,,,,,,,,,Yes,,Yes,,,,,Yes,,,,,,168,Downtown Yonge East,75,Church-Yonge Corridor (75),D51,"{""coordinates"": [[-79.3760100003954, 43.6480809999023]], ""type"": ""MultiPoint""}",2023
18875,18876,3002633234.0,2023-11-14,642,WELLINGTON ST E,SCOTT ST,,Minor Arterial,Scarborough,Intersection Related,Traffic Signal,Clear,"Dark, artificial",Dry,Fatal,Pedestrian Collisions,Driver,60 to 64,,,North,"Automobile, Station Wagon",Going Ahead,Other,,,,,,,,Yes,,Yes,,,,,Yes,,,,,,168,Downtown Yonge East,75,Church-Yonge Corridor (75),D51,"{""coordinates"": [[-79.3760100003954, 43.6480809999023]], ""type"": ""MultiPoint""}",2023
18876,18877,3002657688.0,2023-11-17,702,DAVENPORT RD,DUPONT ST,1 m North of,,,Intersection Related,Traffic Signal,Clear,"Dark, artificial",Dry,Non-Fatal Injury,Turning Movement,Driver,35 to 39,,,East,"Automobile, Station Wagon",Turning Right,Disobeyed Traffic Control,,,,,,,,,,Yes,,,,,,,Yes,Yes,,,95,Annex,95,Annex (95),D53,"{""coordinates"": [[-79.4025609994935, 43.6758150003329]], ""type"": ""MultiPoint""}",2023
18877,18878,3002657688.0,2023-11-17,702,DAVENPORT RD,DUPONT ST,1 m North of,,,Intersection Related,Traffic Signal,Clear,"Dark, artificial",Dry,Non-Fatal Injury,Turning Movement,Driver,30 to 34,Major,,North,Rickshaw,Going Ahead,Other,,,,,,,,,,Yes,,,,,,,Yes,Yes,,,95,Annex,95,Annex (95),D53,"{""coordinates"": [[-79.4025609994935, 43.6758150003329]], ""type"": ""MultiPoint""}",2023
18878,18879,3002668525.0,2023-11-18,1510,DANFORTH AV,2265 DANFORTH AV,,Major Arterial,Toronto and East York,At/Near Private Drive,No Control,Clear,Daylight,Dry,Non-Fatal Injury,Turning Movement,Driver,unknown,,,East,"Automobile, Station Wagon",Turning Right,Failed to Yield Right of Way,Inattentive,,,,,,,,,Yes,,,,,,,Yes,,,,62,East End-Danforth,62,East End-Danforth (62),D55,"{""coordinates"": [[-79.308176999868, 43.6867360001394]], ""type"": ""MultiPoint""}",2023
18879,18880,3002668525.0,2023-11-18,1510,DANFORTH AV,2265 DANFORTH AV,,Major Arterial,Toronto and East York,At/Near Private Drive,No Control,Clear,Daylight,Dry,Non-Fatal Injury,Turning Movement,Driver,65 to 69,Major,,East,Unknown,Going Ahead,Driving Properly,Normal,,,,,,,,,Yes,,,,,,,Yes,,,,62,East End-Danforth,62,East End-Danforth (62),D55,"{""coordinates"": [[-79.308176999868, 43.6867360001394]], ""type"": ""MultiPoint""}",2023
18880,18881,3002862083.0,2023-11-18,1700,DIXON RD,KIPLING AV,,Major Arterial,Etobicoke York,Intersection Related,Traffic Signal,Clear,Daylight,Dry,Non-Fatal Injury,Cyclist Collisions,Driver,unknown,,,North,"Automobile, Station Wagon",Turning Right,,Unknown,,,,,,,,Yes,Yes,,,,,,,,,,,6,Kingsview Village-The Westway,6,Kingsview Village-The Westway (6),D23,"{""coordinates"": [[-79.5586119999644, 43.6942580000769]], ""type"": ""MultiPoint""}",2023
18881,18882,3002862083.0,2023-11-18,1700,DIXON RD,KIPLING AV,,Major Arterial,Etobicoke York,Intersection Related,Traffic Signal,Clear,Daylight,Dry,Non-Fatal Injury,Cyclist Collisions,Cyclist,30 to 34,Major,,East,Bicycle,Going Ahead,,,,,,Motorist turning right on red at signalized intersection strikes cyclist.,Driving Properly,Normal,,Yes,Yes,,,,,,,,,,,6,Kingsview Village-The Westway,6,Kingsview Village-The Westway (6),D23,"{""coordinates"": [[-79.5586119999644, 43.6942580000769]], ""type"": ""MultiPoint""}",2023
18882,18883,3002671468.0,2023-11-18,2230,DANFORTH AV,PHARMACY AV,2 m West of,,,Intersection Related,Traffic Signal,Clear,"Dusk, artificial",Dry,Non-Fatal Injury,Rear End,Driver,45 to 49,,,East,"Automobile, Station Wagon",Going Ahead,Improper Passing,Normal,,,,,,,,,Yes,,,,,,,Yes,,,,121,Oakridge,121,Oakridge (121),D41,"{""coordinates"": [[-79.2833519999226, 43.692335999882]], ""type"": ""MultiPoint""}",2023
18883,18884,3002671468.0,2023-11-18,2230,DANFORTH AV,PHARMACY AV,2 m West of,,,Intersection Related,Traffic Signal,Clear,"Dusk, artificial",Dry,Non-Fatal Injury,Rear End,Driver,35 to 39,Major,,East,Unknown,Stopped,Driving Properly,Normal,,,,,,,,,Yes,,,,,,,Yes,,,,121,Oakridge,121,Oakridge (121),D41,"{""coordinates"": [[-79.2833519999226, 43.692335999882]], ""type"": ""MultiPoint""}",2023
18884,18885,3002675190.0,2023-11-19,1246,ROTHERHAM AV,KEELE ST,3 m West of,,,Intersection Related,No Control,Clear,Daylight,Dry,Non-Fatal Injury,Turning Movement,Driver,30 to 34,,,North,"Automobile, Station Wagon",Turning Left,Failed to Yield Right of Way,Normal,,,,,,,,,Yes,,,,,Yes,,Yes,,,,110,Keelesdale-Eglinton West,110,Keelesdale-Eglinton West (110),D12,"{""coordinates"": [[-79.4731789997398, 43.6858400000969]], ""type"": ""MultiPoint""}",2023
18885,18886,3002675190.0,2023-11-19,1246,ROTHERHAM AV,KEELE ST,3 m West of,,,Intersection Related,No Control,Clear,Daylight,Dry,Non-Fatal Injury,Turning Movement,Driver,90 to 94,,,South,"Automobile, Station Wagon",Going Ahead,Driving Properly,Normal,,,,,,,,,Yes,,,,,Yes,,Yes,,,,110,Keelesdale-Eglinton West,110,Keelesdale-Eglinton West (110),D12,"{""coordinates"": [[-79.4731789997398, 43.6858400000969]], ""type"": ""MultiPoint""}",2023
18886,18887,3002675190.0,2023-11-19,1246,ROTHERHAM AV,KEELE ST,3 m West of,,,Intersection Related,No Control,Clear,Daylight,Dry,Non-Fatal Injury,Turning Movement,Passenger,80 to 84,Major,,,,,,,,,,,,,,,Yes,,,,,Yes,,Yes,,,,110,Keelesdale-Eglinton West,110,Keelesdale-Eglinton West (110),D12,"{""coordinates"": [[-79.4731789997398, 43.6858400000969]], ""type"": ""MultiPoint""}",2023
18887,18888,3002690239.0,2023-11-21,1248,750 YORK MILLS RD,YORK MILLS RD,10 m South o,,,At/Near Private Drive,No Control,Rain,Daylight,Wet,Non-Fatal Injury,Turning Movement,Driver,65 to 69,,,South,"Automobile, Station Wagon",Turning Left,Failed to Yield Right of Way,Other,,,,,,,,,Yes,,,,,Yes,Yes,Yes,,,,42,Banbury-Don Mills,40,St.Andrew-Windfields (40),D33,"{""coordinates"": [[-79.3608660002026, 43.7528949996226]], ""type"": ""MultiPoint""}",2023
18888,18889,3002690239.0,2023-11-21,1248,750 YORK MILLS RD,YORK MILLS RD,10 m South o,,,At/Near Private Drive,No Control,Rain,Daylight,Wet,Non-Fatal Injury,Turning Movement,Driver,20 to 24,,,West,"Automobile, Station Wagon",Going Ahead,Driving Properly,Normal,,,,,,,,,Yes,,,,,Yes,Yes,Yes,,,,42,Banbury-Don Mills,40,St.Andrew-Windfields (40),D33,"{""coordinates"": [[-79.3608660002026, 43.7528949996226]], ""type"": ""MultiPoint""}",2023
18889,18890,3002690239.0,2023-11-21,1248,750 YORK MILLS RD,YORK MILLS RD,10 m South o,,,At/Near Private Drive,No Control,Rain,Daylight,Wet,Non-Fatal Injury,Turning Movement,Passenger,55 to 59,Major,,,,,,,,,,,,,,,Yes,,,,,Yes,Yes,Yes,,,,42,Banbury-Don Mills,40,St.Andrew-Windfields (40),D33,"{""coordinates"": [[-79.3608660002026, 43.7528949996226]], ""type"": ""MultiPoint""}",2023
18890,18891,3002725067.0,2023-11-25,2033,BLOOR ST W,DUNDAS ST W,90 m East of,Major Arterial,Toronto and East York,Non Intersection,No Control,Clear,"Dark, artificial",Dry,Property Damage O,Pedestrian Collisions,Driver,35 to 39,,,West,"Automobile, Station Wagon",Going Ahead,Driving Properly,Normal,,,,,,,Yes,,Yes,,,,,,,,,,,86,Roncesvalles,88,High Park North (88),D11,"{""coordinates"": [[-79.4513580004595, 43.6565580000137]], ""type"": ""MultiPoint""}",2023
18891,18892,3002725067.0,2023-11-25,2033,BLOOR ST W,DUNDAS ST W,90 m East of,Major Arterial,Toronto and East York,Non Intersection,No Control,Clear,"Dark, artificial",Dry,Property Damage O,Pedestrian Collisions,Pedestrian,45 to 49,Major,,,,,,,Pedestrian hit at mid-block,Crossing without right of way,Unknown,,,,Yes,,Yes,,,,,,,,,,,86,Roncesvalles,88,High Park North (88),D11,"{""coordinates"": [[-79.4513580004595, 43.6565580000137]], ""type"": ""MultiPoint""}",2023
18892,18893,3002731107.0,2023-11-26,1810,EGLINTON AV E,ROSEMOUNT DR,,,,Intersection Related,Traffic Signal,Rain,Dark,Wet,Non-Fatal Injury,Pedestrian Collisions,Driver,15 to 19,,,South,"Automobile, Station Wagon",Turning Left,Failed to Yield Right of Way,,,,,,,,Yes,,Yes,,,,,,,Yes,,,,125,Ionview,125,Ionview (125),D41,"{""coordinates"": [[-79.2738530006129, 43.7308490001407]], ""type"": ""MultiPoint""}",2023
18893,18894,3002731107.0,2023-11-26,1810,EGLINTON AV E,ROSEMOUNT DR,,,,Intersection Related,Traffic Signal,Rain,Dark,Wet,Non-Fatal Injury,Pedestrian Collisions,Pedestrian,20 to 24,Major,,,,,,,,,Unknown,,,,Yes,,Yes,,,,,,,Yes,,,,125,Ionview,125,Ionview (125),D41,"{""coordinates"": [[-79.2738530006129, 43.7308490001407]], ""type"": ""MultiPoint""}",2023
18894,18895,3002742062.0,2023-11-28,655,DON MILLS RD W,ESTERBROOKE AVE,11 m North o,,,Intersection Related,Traffic Signal,Clear,Dark,Dry,Non-Fatal Injury,Pedestrian Collisions,Driver,60 to 64,,,East,"Automobile, Station Wagon",Turning Left,Improper Turn,Normal,,,,,,,Yes,,Yes,,,,,,,,,,,47,Don Valley Village,47,Don Valley Village (47),D33,"{""coordinates"": [[-79.3487049999242, 43.7790900000735]], ""type"": ""MultiPoint""}",2023
18895,18896,3002742062.0,2023-11-28,655,DON MILLS RD W,ESTERBROOKE AVE,11 m North o,,,Intersection Related,Traffic Signal,Clear,Dark,Dry,Non-Fatal Injury,Pedestrian Collisions,Pedestrian,20 to 24,Major,,,,,,,,,Unknown,,,,Yes,,Yes,,,,,,,,,,,47,Don Valley Village,47,Don Valley Village (47),D33,"{""coordinates"": [[-79.3487049999242, 43.7790900000735]], ""type"": ""MultiPoint""}",2023
18896,18897,3002743496.0,2023-11-28,1025,YONGE ST,HILLSDALE AVE E,1 m north,Major Arterial,Etobicoke York,Intersection Related,Stop Sign,Clear,Daylight,Dry,Fatal,Pedestrian Collisions,Pedestrian,75 to 79,Fatal,37.0,North,,,,,Vehicle turns left while ped crosses with ROW at inter.,Crossing with right of way,Normal,,,,Yes,,,,Yes,,,,,,,,,174,South Eglinton-Davisville,104,Mount Pleasant West (104),D53,"{""coordinates"": [[-79.3976470002274, 43.7033260001509]], ""type"": ""MultiPoint""}",2023
18897,18898,3002743496.0,2023-11-28,1025,YONGE ST,HILLSDALE AVE E,1 m north,Major Arterial,Etobicoke York,Intersection Related,Stop Sign,Clear,Daylight,Dry,Fatal,Pedestrian Collisions,Truck Driver,40 to 44,,,South,"Truck - Closed (Blazer, etc)",Turning Left,Improper Turn,Normal,,,,,,,Yes,,,,Yes,,,,,,,,,174,South Eglinton-Davisville,104,Mount Pleasant West (104),D53,"{""coordinates"": [[-79.3976470002274, 43.7033260001509]], ""type"": ""MultiPoint""}",2023
18898,18899,3002755183.0,2023-11-29,1924,113 TORYORK DR,ORMONT DRIVE,,Collector,North York,Non Intersection,,Clear,"Dark, artificial",Dry,Non-Fatal Injury,Pedestrian Collisions,Driver,60 to 64,,,East,"Automobile, Station Wagon",Going Ahead,Driving Properly,Normal,,,,,,,Yes,,Yes,,,,,,,,,,,21,Humber Summit,21,Humber Summit (21),D31,"{""coordinates"": [[-79.551447999846, 43.7566019998202]], ""type"": ""MultiPoint""}",2023
18899,18900,3002755183.0,2023-11-29,1924,113 TORYORK DR,ORMONT DRIVE,,Collector,North York,Non Intersection,,Clear,"Dark, artificial",Dry,Non-Fatal Injury,Pedestrian Collisions,Pedestrian,40 to 44,Major,,,,,,,Pedestrian hit at mid-block,Crossing without right of way,Normal,,,,Yes,,Yes,,,,,,,,,,,21,Humber Summit,21,Humber Summit (21),D31,"{""coordinates"": [[-79.551447999846, 43.7566019998202]], ""type"": ""MultiPoint""}",2023
18900,18901,3002763481.0,2023-11-30,1956,WESTON RD,RAY AVE,20 m East of,Minor Arterial,Toronto and East York,Non Intersection,,Clear,Dark,Dry,Non-Fatal Injury,Pedestrian Collisions,Driver,65 to 69,,,West,"Automobile, Station Wagon",Going Ahead,Driving Properly,Normal,,,,,,,Yes,,Yes,,,,,,,,,,,115,Mount Dennis,115,Mount Dennis (115),D12,"{""coordinates"": [[-79.4941740001508, 43.688666000221]], ""type"": ""MultiPoint""}",2023
18901,18902,3002763481.0,2023-11-30,1956,WESTON RD,RAY AVE,20 m East of,Minor Arterial,Toronto and East York,Non Intersection,,Clear,Dark,Dry,Non-Fatal Injury,Pedestrian Collisions,Pedestrian,45 to 49,Major,,,,,,,Pedestrian hit at mid-block,Crossing without right of way,Had Been Drinking,,,,Yes,,Yes,,,,,,,,,,,115,Mount Dennis,115,Mount Dennis (115),D12,"{""coordinates"": [[-79.4941740001508, 43.688666000221]], ""type"": ""MultiPoint""}",2023