index,_id,ACCNUM,DATE,TIME,STREET1,STREET2,OFFSET,ROAD_CLASS,DISTRICT,ACCLOC,TRAFFCTL,VISIBILITY,LIGHT,RDSFCOND,ACCLASS,IMPACTYPE,INVTYPE,INVAGE,INJURY,FATAL_NO,INITDIR,VEHTYPE,MANOEUVER,DRIVACT,DRIVCOND,PEDTYPE,PEDACT,PEDCOND,CYCLISTYPE,CYCACT,CYCCOND,PEDESTRIAN,CYCLIST,AUTOMOBILE,MOTORCYCLE,TRUCK,TRSN_CITY_VEH,EMERG_VEH,PASSENGER,SPEEDING,AG_DRIV,REDLIGHT,ALCOHOL,DISABILITY,HOOD_158,NEIGHBOURHOOD_158,HOOD_140,NEIGHBOURHOOD_140,DIVISION,geometry,ACCIDENT_YEAR
18902,18903,3002774341.0,2023-12-02,328,176 CHERRY ST,,,Collector,Toronto and East York,Non Intersection,No Control,Rain,"Dark, artificial",Wet,Fatal,SMV Other,Passenger,20 to 24,Fatal,38.0,,"Automobile, Station Wagon",,,,,,,,,,,,Yes,,,,,Yes,,,,,,70,South Riverdale,70,South Riverdale (70),NSA,"{""coordinates"": [[-79.3495510004114, 43.6415849995873]], ""type"": ""MultiPoint""}",2023
18903,18904,3002774341.0,2023-12-02,328,176 CHERRY ST,,,Collector,Toronto and East York,Non Intersection,No Control,Rain,"Dark, artificial",Wet,Fatal,SMV Other,Driver,20 to 24,Minimal,,South,"Automobile, Station Wagon",Other,Lost control,Other,,,,,,,,,Yes,,,,,Yes,,,,,,70,South Riverdale,70,South Riverdale (70),NSA,"{""coordinates"": [[-79.3495510004114, 43.6415849995873]], ""type"": ""MultiPoint""}",2023
18904,18905,3002778824.0,2023-12-02,1735,EMMETT AVE,VERONA AVE,1 m East of,Collector,Toronto and East York,Intersection Related,Stop Sign,Clear,"Dark, artificial",Wet,Non-Fatal Injury,Pedestrian Collisions,Driver,45 to 49,,,West,"Automobile, Station Wagon",Going Ahead,Failed to Yield Right of Way,,,,,,,,Yes,,Yes,,,,,,,Yes,,,,115,Mount Dennis,115,Mount Dennis (115),D12,"{""coordinates"": [[-79.5039699997092, 43.6889029999194]], ""type"": ""MultiPoint""}",2023
18905,18906,3002778824.0,2023-12-02,1735,EMMETT AVE,VERONA AVE,1 m East of,Collector,Toronto and East York,Intersection Related,Stop Sign,Clear,"Dark, artificial",Wet,Non-Fatal Injury,Pedestrian Collisions,Pedestrian,45 to 49,Major,,,,,,,Vehicle is going straight thru inter.while ped cross with ROW,Crossing with right of way,Normal,,,,Yes,,Yes,,,,,,,Yes,,,,115,Mount Dennis,115,Mount Dennis (115),D12,"{""coordinates"": [[-79.5039699997092, 43.6889029999194]], ""type"": ""MultiPoint""}",2023
18906,18907,3002816709.0,2023-12-07,1246,ST CLAIR AVE W,WINONA DR,,Major Arterial,Toronto and East York,Intersection Related,Traffic Signal,Clear,Daylight,Dry,Fatal,Pedestrian Collisions,Pedestrian,70 to 74,Fatal,40.0,West,,,,,Vehicle turns right while ped crosses with ROW at inter.,"Crossing, no Traffic Control",Normal,,,,Yes,,,,Yes,,,,,Yes,,,,94,Wychwood,94,Wychwood (94),D13,"{""coordinates"": [[-79.4324599998585, 43.6802049998165]], ""type"": ""MultiPoint""}",2023
18907,18908,3002816709.0,2023-12-07,1246,ST CLAIR AVE W,WINONA DR,,Major Arterial,Toronto and East York,Intersection Related,Traffic Signal,Clear,Daylight,Dry,Fatal,Pedestrian Collisions,Truck Driver,40 to 44,,,West,Truck - Dump,Turning Right,Failed to Yield Right of Way,Normal,,,,,,,Yes,,,,Yes,,,,,Yes,,,,94,Wychwood,94,Wychwood (94),D13,"{""coordinates"": [[-79.4324599998585, 43.6802049998165]], ""type"": ""MultiPoint""}",2023
18908,18909,3002818319.0,2023-12-07,1612,FRONT ST W,SPADINA AVE,,,,Intersection Related,Traffic Signal,Clear,Daylight,Dry,Non-Fatal Injury,Pedestrian Collisions,Driver,55 to 59,,,West,"Automobile, Station Wagon",Going Ahead,Driving Properly,Normal,,,,,,,Yes,,Yes,,,,,,,,,,,165,Harbourfront-CityPlace,77,Waterfront Communities-The Island (77),D52,"{""coordinates"": [[-79.3938939998348, 43.6427489996257]], ""type"": ""MultiPoint""}",2023
18909,18910,3002818319.0,2023-12-07,1612,FRONT ST W,SPADINA AVE,,,,Intersection Related,Traffic Signal,Clear,Daylight,Dry,Non-Fatal Injury,Pedestrian Collisions,Pedestrian,25 to 29,Major,,,,,,,,,Unknown,,,,Yes,,Yes,,,,,,,,,,,165,Harbourfront-CityPlace,77,Waterfront Communities-The Island (77),D52,"{""coordinates"": [[-79.3938939998348, 43.6427489996257]], ""type"": ""MultiPoint""}",2023
18910,18911,3002820255.0,2023-12-07,2047,DUNDAS ST W,SHORNCLIFFE RD,5 m East of,,,Intersection Related,Traffic Signal,Clear,"Dark, artificial",Dry,Non-Fatal Injury,Pedestrian Collisions,Truck Driver,50 to 54,,,South,"Truck - Closed (Blazer, etc)",Turning Right,Improper Turn,Normal,,,,,,,Yes,,,,Yes,,,,,,,,,159,Etobicoke City Centre,14,Islington-City Centre West (14),D22,"{""coordinates"": [[-79.5446659997525, 43.6321250000429]], ""type"": ""MultiPoint""}",2023
18911,18912,3002820255.0,2023-12-07,2047,DUNDAS ST W,SHORNCLIFFE RD,5 m East of,,,Intersection Related,Traffic Signal,Clear,"Dark, artificial",Dry,Non-Fatal Injury,Pedestrian Collisions,Pedestrian,65 to 69,Major,,,,,,,,,Unknown,,,,Yes,,,,Yes,,,,,,,,,159,Etobicoke City Centre,14,Islington-City Centre West (14),D22,"{""coordinates"": [[-79.5446659997525, 43.6321250000429]], ""type"": ""MultiPoint""}",2023
18912,18913,3002835959.0,2023-12-09,2040,256 EPSOM DOWNS DR,,,Local,North York,Non Intersection,No Control,Rain,"Dark, artificial",Wet,Fatal,Pedestrian Collisions,Pedestrian,50 to 54,Fatal,42.0,East,,,,,Pedestrian hit at mid-block,Walking on Roadway with Traffic,Normal,,,,Yes,,Yes,,,,,,Yes,Yes,,,,154,Oakdale-Beverley Heights,26,Downsview-Roding-CFB (26),D31,"{""coordinates"": [[-79.503848000509, 43.722567000321]], ""type"": ""MultiPoint""}",2023
18913,18914,3002835959.0,2023-12-09,2040,256 EPSOM DOWNS DR,,,Local,North York,Non Intersection,No Control,Rain,"Dark, artificial",Wet,Fatal,Pedestrian Collisions,Driver,40 to 44,,,East,"Automobile, Station Wagon",Going Ahead,Exceeding Speed Limit,Normal,,,,,,,Yes,,Yes,,,,,,Yes,Yes,,,,154,Oakdale-Beverley Heights,26,Downsview-Roding-CFB (26),D31,"{""coordinates"": [[-79.503848000509, 43.722567000321]], ""type"": ""MultiPoint""}",2023
18914,18915,3002836008.0,2023-12-09,2048,318 RUSTIC RD,CULFORD RD,5 m South of,,,Intersection Related,Traffic Signal,Rain,"Dark, artificial",Wet,Non-Fatal Injury,Pedestrian Collisions,Driver,80 to 84,,,West,"Automobile, Station Wagon",Going Ahead,Driving Properly,Normal,,,,,,,Yes,,Yes,,,,,,,,,,,29,Maple Leaf,29,Maple Leaf (29),D12,"{""coordinates"": [[-79.4903219994228, 43.7153200003257]], ""type"": ""MultiPoint""}",2023
18915,18916,3002836008.0,2023-12-09,2048,318 RUSTIC RD,CULFORD RD,5 m South of,,,Intersection Related,Traffic Signal,Rain,"Dark, artificial",Wet,Non-Fatal Injury,Pedestrian Collisions,Pedestrian,75 to 79,Major,,,,,,,,,Unknown,,,,Yes,,Yes,,,,,,,,,,,29,Maple Leaf,29,Maple Leaf (29),D12,"{""coordinates"": [[-79.4903219994228, 43.7153200003257]], ""type"": ""MultiPoint""}",2023
18916,18917,3002850941.0,2023-12-10,1240,BIRCHMOUNT RD,DANFORTH AVE,25 m North o,Minor Arterial,Scarborough,Intersection Related,Traffic Signal,Clear,"Dark, artificial",Dry,Non-Fatal Injury,Pedestrian Collisions,Driver,30 to 34,,,West,"Automobile, Station Wagon",Turning Right,Failed to Yield Right of Way,Inattentive,,,,,,,Yes,,Yes,,,,,,,Yes,,,,122,Birchcliffe-Cliffside,122,Birchcliffe-Cliffside (122),D41,"{""coordinates"": [[-79.2640029999066, 43.6969939996225]], ""type"": ""MultiPoint""}",2023
18917,18918,3002850941.0,2023-12-10,1240,BIRCHMOUNT RD,DANFORTH AVE,25 m North o,Minor Arterial,Scarborough,Intersection Related,Traffic Signal,Clear,"Dark, artificial",Dry,Non-Fatal Injury,Pedestrian Collisions,Pedestrian,25 to 29,Major,,,,,,,Vehicle turns right while ped crosses with ROW at inter.,Crossing with right of way,Normal,,,,Yes,,Yes,,,,,,,Yes,,,,122,Birchcliffe-Cliffside,122,Birchcliffe-Cliffside (122),D41,"{""coordinates"": [[-79.2640029999066, 43.6969939996225]], ""type"": ""MultiPoint""}",2023
18918,18919,3002861573.0,2023-12-13,1019,BRIAR HILL AV,DUFFERIN ST,2 m East of,Major Arterial,North York,Intersection Related,Traffic Signal,Clear,Daylight,Dry,Non-Fatal Injury,Pedestrian Collisions,Driver,25 to 29,,,East,"Automobile, Station Wagon",Turning Left,Improper Turn,Fatigue,,,,,,,Yes,,Yes,,,,,,,,,,,108,Briar Hill-Belgravia,108,Briar Hill-Belgravia (108),D13,"{""coordinates"": [[-79.4520830002537, 43.7023460001678]], ""type"": ""MultiPoint""}",2023
18919,18920,3002861573.0,2023-12-13,1019,BRIAR HILL AV,DUFFERIN ST,2 m East of,Major Arterial,North York,Intersection Related,Traffic Signal,Clear,Daylight,Dry,Non-Fatal Injury,Pedestrian Collisions,Pedestrian,85 to 89,Major,,,,,,,Vehicle turns left while ped crosses with ROW at inter.,Crossing with right of way,Normal,,,,Yes,,Yes,,,,,,,,,,,108,Briar Hill-Belgravia,108,Briar Hill-Belgravia (108),D13,"{""coordinates"": [[-79.4520830002537, 43.7023460001678]], ""type"": ""MultiPoint""}",2023
18920,18921,3002895177.0,2023-12-17,1700,ANNDALE DR,BALES AVE,,Local,North York,Intersection Related,Stop Sign,Rain,Dark,Wet,Non-Fatal Injury,Pedestrian Collisions,Driver,40 to 44,,,West,"Automobile, Station Wagon",Turning Left,Failed to Yield Right of Way,Normal,,,,,,,Yes,,Yes,,,,,Yes,,Yes,,,,153,Avondale,51,Willowdale East (51),D32,"{""coordinates"": [[-79.409350999893, 43.7603399999227]], ""type"": ""MultiPoint""}",2023
18921,18922,3002895177.0,2023-12-17,1700,ANNDALE DR,BALES AVE,,Local,North York,Intersection Related,Stop Sign,Rain,Dark,Wet,Non-Fatal Injury,Pedestrian Collisions,Passenger,70 to 74,,,,,,,,,,,,,,Yes,,Yes,,,,,Yes,,Yes,,,,153,Avondale,51,Willowdale East (51),D32,"{""coordinates"": [[-79.409350999893, 43.7603399999227]], ""type"": ""MultiPoint""}",2023
18922,18923,3002895177.0,2023-12-17,1700,ANNDALE DR,BALES AVE,,Local,North York,Intersection Related,Stop Sign,Rain,Dark,Wet,Non-Fatal Injury,Pedestrian Collisions,Pedestrian,50 to 54,Major,,,,,,,Vehicle turns left while ped crosses with ROW at inter.,Crossing with right of way,Normal,,,,Yes,,Yes,,,,,Yes,,Yes,,,,153,Avondale,51,Willowdale East (51),D32,"{""coordinates"": [[-79.409350999893, 43.7603399999227]], ""type"": ""MultiPoint""}",2023
18923,18924,3002895047.0,2023-12-17,1707,ALBION RD,ELMHURST DR,2 m South of,,,Intersection Related,Traffic Signal,Rain,Dark,Wet,Non-Fatal Injury,Pedestrian Collisions,Driver,70 to 74,,,South,"Automobile, Station Wagon",Going Ahead,Driving Properly,Normal,,,,,,,Yes,,Yes,,,,,,,,,,,5,Elms-Old Rexdale,5,Elms-Old Rexdale (5),D23,"{""coordinates"": [[-79.5505410003388, 43.7251050001721]], ""type"": ""MultiPoint""}",2023
18924,18925,3002895047.0,2023-12-17,1707,ALBION RD,ELMHURST DR,2 m South of,,,Intersection Related,Traffic Signal,Rain,Dark,Wet,Non-Fatal Injury,Pedestrian Collisions,Pedestrian,75 to 79,Major,,,,,,,,,Unknown,,,,Yes,,Yes,,,,,,,,,,,5,Elms-Old Rexdale,5,Elms-Old Rexdale (5),D23,"{""coordinates"": [[-79.5505410003388, 43.7251050001721]], ""type"": ""MultiPoint""}",2023
18925,18926,3002902760.0,2023-12-18,1800,BRIMLEY RD,DALLYN CRES,4 m South of,Major Arterial,Scarborough,Intersection Related,Stop Sign,Rain,Dark,Wet,Non-Fatal Injury,Pedestrian Collisions,Driver,35 to 39,,,North,"Automobile, Station Wagon",Going Ahead,Driving Properly,Normal,,,,,,,Yes,,Yes,,,,,,,,,,,138,Eglinton East,138,Eglinton East (138),D43,"{""coordinates"": [[-79.2501859994528, 43.7411369996598]], ""type"": ""MultiPoint""}",2023
18926,18927,3002902760.0,2023-12-18,1800,BRIMLEY RD,DALLYN CRES,4 m South of,Major Arterial,Scarborough,Intersection Related,Stop Sign,Rain,Dark,Wet,Non-Fatal Injury,Pedestrian Collisions,Pedestrian,65 to 69,Major,,,,,,,Vehicle is going straight thru inter.while ped cross without ROW,Crossing without right of way,Normal,,,,Yes,,Yes,,,,,,,,,,,138,Eglinton East,138,Eglinton East (138),D43,"{""coordinates"": [[-79.2501859994528, 43.7411369996598]], ""type"": ""MultiPoint""}",2023
18927,18928,3002903236.0,2023-12-18,1905,GRANDRAVINE DR,JANE ST,3 m East of,Major Arterial,North York,Intersection Related,Traffic Signal,Snow,"Dark, artificial",Wet,Non-Fatal Injury,Pedestrian Collisions,Driver,80 to 84,,,West,"Automobile, Station Wagon",Turning Left,Driving Properly,Normal,,,,,,,Yes,,Yes,,,,,,,,,,,25,Glenfield-Jane Heights,25,Glenfield-Jane Heights (25),D31,"{""coordinates"": [[-79.5150940004888, 43.7471030000856]], ""type"": ""MultiPoint""}",2023
18928,18929,3002903236.0,2023-12-18,1905,GRANDRAVINE DR,JANE ST,3 m East of,Major Arterial,North York,Intersection Related,Traffic Signal,Snow,"Dark, artificial",Wet,Non-Fatal Injury,Pedestrian Collisions,Pedestrian,80 to 84,Major,,,,,,,Vehicle turns left while ped crosses with ROW at inter.,Crossing with right of way,Normal,,,,Yes,,Yes,,,,,,,,,,,25,Glenfield-Jane Heights,25,Glenfield-Jane Heights (25),D31,"{""coordinates"": [[-79.5150940004888, 43.7471030000856]], ""type"": ""MultiPoint""}",2023
18929,18930,3002906029.0,2023-12-19,711,HAREWOOD AV,KINGSTON RD,35 m North o,,,Non Intersection,No Control,Clear,Daylight,Dry,Non-Fatal Injury,Pedestrian Collisions,Driver,25 to 29,,,South,"Automobile, Station Wagon",Slowing or Stopping,Driving Properly,Normal,,,,,,,Yes,,Yes,,,,,,,,,,,123,Cliffcrest,123,Cliffcrest (123),D43,"{""coordinates"": [[-79.235163999593, 43.7227199995977]], ""type"": ""MultiPoint""}",2023
18930,18931,3002906029.0,2023-12-19,711,HAREWOOD AV,KINGSTON RD,35 m North o,,,Non Intersection,No Control,Clear,Daylight,Dry,Non-Fatal Injury,Pedestrian Collisions,Pedestrian,35 to 39,Major,,,,,,,,,Unknown,,,,Yes,,Yes,,,,,,,,,,,123,Cliffcrest,123,Cliffcrest (123),D43,"{""coordinates"": [[-79.235163999593, 43.7227199995977]], ""type"": ""MultiPoint""}",2023
18931,18932,3002912499.0,2023-12-20,115,KINGSTON RD,ELLESMERE RD,,Minor Arterial,Scarborough,Intersection Related,Traffic Signal,Clear,Dark,Dry,Non-Fatal Injury,,Driver,55 to 59,Major,,West,"Automobile, Station Wagon",Going Ahead,Lost control,Fatigue,,,,,,,,,Yes,,,,,,,,,,,133,Centennial Scarborough,133,Centennial Scarborough (133),D43,"{""coordinates"": [[-79.1545670003119, 43.793585000266]], ""type"": ""MultiPoint""}",2023
18932,18933,3002912499.0,2023-12-20,115,KINGSTON RD,ELLESMERE RD,,Minor Arterial,Scarborough,Intersection Related,Traffic Signal,Clear,Dark,Dry,Non-Fatal Injury,,Driver,25 to 29,,,East,"Automobile, Station Wagon",Stopped,Driving Properly,Normal,,,,,,,,,Yes,,,,,,,,,,,133,Centennial Scarborough,133,Centennial Scarborough (133),D43,"{""coordinates"": [[-79.1545670003119, 43.793585000266]], ""type"": ""MultiPoint""}",2023
18933,18934,3002925553.0,2023-12-21,1842,CUMMER AVE,FLEMING DR,,Collector,North York,Intersection Related,No Control,Clear,"Dark, artificial",Dry,Fatal,SMV Other,Driver,45 to 49,Fatal,43.0,East,"Automobile, Station Wagon",Going Ahead,Lost control,Other,,,,,,,,,Yes,,,,,,,,,,,49,Bayview Woods-Steeles,49,Bayview Woods-Steeles (49),D33,"{""coordinates"": [[-79.3858440002907, 43.7940050002328]], ""type"": ""MultiPoint""}",2023
18934,18935,3002931169.0,2023-12-22,1400,FRONT ST E,MARKET STREET,1 m North of,,,Non Intersection,,Clear,Daylight,Dry,Non-Fatal Injury,Cyclist Collisions,Driver,60 to 64,,,East,Pick Up Truck,Going Ahead,Driving Properly,Normal,,,,,,,,Yes,Yes,,,,,,,,,,,166,St Lawrence-East Bayfront-The Islands,73,Moss Park (73),D51,"{""coordinates"": [[-79.3714329993882, 43.6494550004324]], ""type"": ""MultiPoint""}",2023
18935,18936,3002931169.0,2023-12-22,1400,FRONT ST E,MARKET STREET,1 m North of,,,Non Intersection,,Clear,Daylight,Dry,Non-Fatal Injury,Cyclist Collisions,Cyclist,80 to 84,Major,,North,Bicycle,Going Ahead,,,,,,,Failed to Yield Right of Way,Normal,,Yes,Yes,,,,,,,,,,,166,St Lawrence-East Bayfront-The Islands,73,Moss Park (73),D51,"{""coordinates"": [[-79.3714329993882, 43.6494550004324]], ""type"": ""MultiPoint""}",2023
18936,18937,3002940459.0,2023-12-23,1954,BAYVIEW AVE,TEAGARDEN CRT,,Major Arterial,North York,Non Intersection,No Control,Rain,"Dark, artificial",Wet,Non-Fatal Injury,Turning Movement,Driver,35 to 39,Major,,South,"Automobile, Station Wagon",Making U Turn,,Normal,,,,,,,,,Yes,,,,Yes,Yes,,,,,,52,Bayview Village,52,Bayview Village (52),D33,"{""coordinates"": [[-79.3883769994665, 43.7681949998615]], ""type"": ""MultiPoint""}",2023
18937,18938,3002940459.0,2023-12-23,1954,BAYVIEW AVE,TEAGARDEN CRT,,Major Arterial,North York,Non Intersection,No Control,Rain,"Dark, artificial",Wet,Non-Fatal Injury,Turning Movement,Driver,25 to 29,Minor,,South,Police Vehicle,Going Ahead,,Normal,,,,,,,,,Yes,,,,Yes,Yes,,,,,,52,Bayview Village,52,Bayview Village (52),D33,"{""coordinates"": [[-79.3883769994665, 43.7681949998615]], ""type"": ""MultiPoint""}",2023
18938,18939,3002940459.0,2023-12-23,1954,BAYVIEW AVE,TEAGARDEN CRT,,Major Arterial,North York,Non Intersection,No Control,Rain,"Dark, artificial",Wet,Non-Fatal Injury,Turning Movement,Passenger,35 to 39,Minor,,,,,,,,,,,,,,,Yes,,,,Yes,Yes,,,,,,52,Bayview Village,52,Bayview Village (52),D33,"{""coordinates"": [[-79.3883769994665, 43.7681949998615]], ""type"": ""MultiPoint""}",2023
18939,18940,3002940459.0,2023-12-23,1954,BAYVIEW AVE,TEAGARDEN CRT,,Major Arterial,North York,Non Intersection,No Control,Rain,"Dark, artificial",Wet,Non-Fatal Injury,Turning Movement,Passenger,5 to 9,Minimal,,,,,,,,,,,,,,,Yes,,,,Yes,Yes,,,,,,52,Bayview Village,52,Bayview Village (52),D33,"{""coordinates"": [[-79.3883769994665, 43.7681949998615]], ""type"": ""MultiPoint""}",2023
18940,18941,3002940459.0,2023-12-23,1954,BAYVIEW AVE,TEAGARDEN CRT,,Major Arterial,North York,Non Intersection,No Control,Rain,"Dark, artificial",Wet,Non-Fatal Injury,Turning Movement,Passenger,0 to 4,Minimal,,,,,,,,,,,,,,,Yes,,,,Yes,Yes,,,,,,52,Bayview Village,52,Bayview Village (52),D33,"{""coordinates"": [[-79.3883769994665, 43.7681949998615]], ""type"": ""MultiPoint""}",2023
18941,18942,3002940459.0,2023-12-23,1954,BAYVIEW AVE,TEAGARDEN CRT,,Major Arterial,North York,Non Intersection,No Control,Rain,"Dark, artificial",Wet,Non-Fatal Injury,Turning Movement,Passenger,25 to 29,Minor,,,,,,,,,,,,,,,Yes,,,,Yes,Yes,,,,,,52,Bayview Village,52,Bayview Village (52),D33,"{""coordinates"": [[-79.3883769994665, 43.7681949998615]], ""type"": ""MultiPoint""}",2023
18942,18943,3002943645.0,2023-12-24,957,KEELE ST,LAWRENCE AV WEST,75 m East of,,,At/Near Private Drive,Traffic Signal,Clear,Daylight,Dry,Non-Fatal Injury,Pedestrian Collisions,Driver,60 to 64,,,South,"Automobile, Station Wagon",Turning Right,Improper Turn,Normal,,,,,,,Yes,,Yes,,,,,,,,,,,90,Junction Area,90,Junction Area (90),D11,"{""coordinates"": [[-79.4640390006203, 43.6641759997982]], ""type"": ""MultiPoint""}",2023
18943,18944,3002943645.0,2023-12-24,957,KEELE ST,LAWRENCE AV WEST,75 m East of,,,At/Near Private Drive,Traffic Signal,Clear,Daylight,Dry,Non-Fatal Injury,Pedestrian Collisions,Pedestrian,20 to 24,Major,,,,,,,,,Unknown,,,,Yes,,Yes,,,,,,,,,,,90,Junction Area,90,Junction Area (90),D11,"{""coordinates"": [[-79.4640390006203, 43.6641759997982]], ""type"": ""MultiPoint""}",2023
18944,18945,3002946108.0,2023-12-24,1729,SHEPPARD AVE E,MARKHAM RD,22 m West of,Major Arterial,Scarborough,Intersection Related,Traffic Signal,Clear,"Dark, artificial",Dry,Non-Fatal Injury,Angle,Driver,55 to 59,Major,,West,"Automobile, Station Wagon",Going Ahead,Disobeyed Traffic Control,Inattentive,,,,,,,,,Yes,,,,,Yes,,Yes,Yes,,,128,Agincourt South-Malvern West,128,Agincourt South-Malvern West (128),D42,"{""coordinates"": [[-79.2389789995583, 43.7938220000508]], ""type"": ""MultiPoint""}",2023
18945,18946,3002946108.0,2023-12-24,1729,SHEPPARD AVE E,MARKHAM RD,22 m West of,Major Arterial,Scarborough,Intersection Related,Traffic Signal,Clear,"Dark, artificial",Dry,Non-Fatal Injury,Angle,Driver,50 to 54,,,South,"Automobile, Station Wagon",Going Ahead,Driving Properly,Normal,,,,,,,,,Yes,,,,,Yes,,Yes,Yes,,,128,Agincourt South-Malvern West,128,Agincourt South-Malvern West (128),D42,"{""coordinates"": [[-79.2389789995583, 43.7938220000508]], ""type"": ""MultiPoint""}",2023
18946,18947,3002946108.0,2023-12-24,1729,SHEPPARD AVE E,MARKHAM RD,22 m West of,Major Arterial,Scarborough,Intersection Related,Traffic Signal,Clear,"Dark, artificial",Dry,Non-Fatal Injury,Angle,Passenger,75 to 79,,,,,,,,,,,,,,,,Yes,,,,,Yes,,Yes,Yes,,,128,Agincourt South-Malvern West,128,Agincourt South-Malvern West (128),D42,"{""coordinates"": [[-79.2389789995583, 43.7938220000508]], ""type"": ""MultiPoint""}",2023
18947,18948,3002946108.0,2023-12-24,1729,SHEPPARD AVE E,MARKHAM RD,22 m West of,Major Arterial,Scarborough,Intersection Related,Traffic Signal,Clear,"Dark, artificial",Dry,Non-Fatal Injury,Angle,Passenger,75 to 79,,,,,,,,,,,,,,,,Yes,,,,,Yes,,Yes,Yes,,,128,Agincourt South-Malvern West,128,Agincourt South-Malvern West (128),D42,"{""coordinates"": [[-79.2389789995583, 43.7938220000508]], ""type"": ""MultiPoint""}",2023
18948,18949,3002946108.0,2023-12-24,1729,SHEPPARD AVE E,MARKHAM RD,22 m West of,Major Arterial,Scarborough,Intersection Related,Traffic Signal,Clear,"Dark, artificial",Dry,Non-Fatal Injury,Angle,Passenger,45 to 49,,,,,,,,,,,,,,,,Yes,,,,,Yes,,Yes,Yes,,,128,Agincourt South-Malvern West,128,Agincourt South-Malvern West (128),D42,"{""coordinates"": [[-79.2389789995583, 43.7938220000508]], ""type"": ""MultiPoint""}",2023
18949,18950,3002946108.0,2023-12-24,1729,SHEPPARD AVE E,MARKHAM RD,22 m West of,Major Arterial,Scarborough,Intersection Related,Traffic Signal,Clear,"Dark, artificial",Dry,Non-Fatal Injury,Angle,Passenger,10 to 14,,,,,,,,,,,,,,,,Yes,,,,,Yes,,Yes,Yes,,,128,Agincourt South-Malvern West,128,Agincourt South-Malvern West (128),D42,"{""coordinates"": [[-79.2389789995583, 43.7938220000508]], ""type"": ""MultiPoint""}",2023
18950,18951,3002946108.0,2023-12-24,1729,SHEPPARD AVE E,MARKHAM RD,22 m West of,Major Arterial,Scarborough,Intersection Related,Traffic Signal,Clear,"Dark, artificial",Dry,Non-Fatal Injury,Angle,Passenger,5 to 9,,,,,,,,,,,,,,,,Yes,,,,,Yes,,Yes,Yes,,,128,Agincourt South-Malvern West,128,Agincourt South-Malvern West (128),D42,"{""coordinates"": [[-79.2389789995583, 43.7938220000508]], ""type"": ""MultiPoint""}",2023
18951,18952,3002957349.0,2023-12-26,2008,MCCOWAN RD,ELLESMERE RD,,Major Arterial,,Intersection Related,Traffic Signal,"Fog, Mist, Smoke, Dust","Dark, artificial",Wet,Non-Fatal Injury,Pedestrian Collisions,Driver,60 to 64,,,North,"Automobile, Station Wagon",Turning Left,Failed to Yield Right of Way,Normal,,,,,,,Yes,,Yes,,,,,,,Yes,,,,142,Woburn North,137,Woburn (137),D43,"{""coordinates"": [[-79.2514599999887, 43.7721509996963]], ""type"": ""MultiPoint""}",2023
18952,18953,3002957349.0,2023-12-26,2008,MCCOWAN RD,ELLESMERE RD,,Major Arterial,,Intersection Related,Traffic Signal,"Fog, Mist, Smoke, Dust","Dark, artificial",Wet,Non-Fatal Injury,Pedestrian Collisions,Pedestrian,20 to 24,Major,,,,,,,Vehicle turns left while ped crosses with ROW at inter.,Crossing with right of way,Normal,,,,Yes,,Yes,,,,,,,Yes,,,,142,Woburn North,137,Woburn (137),D43,"{""coordinates"": [[-79.2514599999887, 43.7721509996963]], ""type"": ""MultiPoint""}",2023
18953,18954,3002971030.0,2023-12-28,1911,DUFFERIN ST,FISHER ST,,Minor Arterial,Toronto and East York,Intersection Related,No Control,Rain,Dark,Wet,Fatal,Pedestrian Collisions,Pedestrian,80 to 84,Fatal,45.0,East,,,,,Vehicle is going straight thru inter.while ped cross without ROW,Crossing without right of way,Normal,,,,Yes,,Yes,,,,,,,,,,,84,Little Portugal,84,Little Portugal (84),D14,"{""coordinates"": [[-79.4319029996452, 43.6508470000693]], ""type"": ""MultiPoint""}",2023
18954,18955,3002971030.0,2023-12-28,1911,DUFFERIN ST,FISHER ST,,Minor Arterial,Toronto and East York,Intersection Related,No Control,Rain,Dark,Wet,Fatal,Pedestrian Collisions,Driver,20 to 24,,,North,"Automobile, Station Wagon",Going Ahead,Driving Properly,Normal,,,,,,,Yes,,Yes,,,,,,,,,,,84,Little Portugal,84,Little Portugal (84),D14,"{""coordinates"": [[-79.4319029996452, 43.6508470000693]], ""type"": ""MultiPoint""}",2023
18955,18956,3002978088.0,2023-12-29,1829,DONSIDE DR,MAYBOURNE AV,,Local,Scarborough,Intersection Related,No Control,Rain,Dark,Wet,Non-Fatal Injury,Pedestrian Collisions,Driver,65 to 69,,,West,"Automobile, Station Wagon",Going Ahead,Driving Properly,Normal,,,,,,,Yes,,Yes,,,,,,,,,,,120,Clairlea-Birchmount,120,Clairlea-Birchmount (120),D41,"{""coordinates"": [[-79.2902789998551, 43.7007889999252]], ""type"": ""MultiPoint""}",2023
18956,18957,3002978088.0,2023-12-29,1829,DONSIDE DR,MAYBOURNE AV,,Local,Scarborough,Intersection Related,No Control,Rain,Dark,Wet,Non-Fatal Injury,Pedestrian Collisions,Pedestrian,15 to 19,Major,,,,,,,Vehicle is going straight thru inter.while ped cross with ROW,"Crossing, no Traffic Control",Normal,,,,Yes,,Yes,,,,,,,,,,,120,Clairlea-Birchmount,120,Clairlea-Birchmount (120),D41,"{""coordinates"": [[-79.2902789998551, 43.7007889999252]], ""type"": ""MultiPoint""}",2023